carrier,customer_id,location,type,is_liveunload,waiting_time,00,01,02,03,04,05,06,07,08,09,10,11,12,13,14,15,16,17,18,19,20,21,22,23
5f58f604f7be2c07e8d727c9,6839af932bba99d40743ed21,"127 N Railroad St, Norman Park, GA 31771, USA",DELIVERLOAD,True,82,82,82,82,82,82,82,82,82,82,82,82,82,82,82,82,82,82,82,82,82,82,82,82,82
5f58f604f7be2c07e8d727c9,67fd32575f99fdeec9c40f35,"140 SOMERSET CHURCH RD, ROXBORO, NC 27573",DROPCONTAINER,False,25,25,25,25,25,25,25,25,25,25,25,25,25,25,25,25,25,25,25,25,25,25,25,25,25
5f58f604f7be2c07e8d727c9,689501deb7a4d0b7e7d834d6,"1669 Longwood Rd, Columbia, SC",DELIVERLOAD,True,82,82,82,82,82,82,82,82,82,82,82,82,82,82,82,82,82,82,82,82,82,82,82,82,82
5f58f604f7be2c07e8d727c9,68b88e57aabb9800866814de,1Vision - Millsview,DELIVERLOAD,True,68,68,68,68,68,68,68,68,68,68,68,68,68,68,68,68,68,68,68,68,68,68,68,68,68
5f58f604f7be2c07e8d727c9,658c4bd304bc33164dac6d67,3560 Richmond - Ferguson Waterworks,DELIVERLOAD,False,23,23,23,23,23,23,23,23,23,23,23,23,23,23,23,23,23,23,23,23,23,23,23,23,23
5f58f604f7be2c07e8d727c9,658c4bd304bc33164dac6d67,3560 Richmond - Ferguson Waterworks,DELIVERLOAD,True,165,165,165,165,165,165,165,165,165,165,165,165,165,165,165,165,165,165,165,165,165,165,165,165,165
5f58f604f7be2c07e8d727c9,68713cca09356495e564fe50,4980 Millennium Dr,DELIVERLOAD,False,22,22,22,22,22,22,22,22,22,22,22,22,22,22,22,22,22,22,22,22,22,22,22,22,22
5f58f604f7be2c07e8d727c9,68713cca09356495e564fe50,4980 Millennium Dr,DELIVERLOAD,True,82,82,82,82,82,82,82,82,82,82,82,82,82,82,82,82,82,82,82,82,82,82,82,82,82
5f58f604f7be2c07e8d727c9,610d58c440f12961f1fd365f,5149 THE HOME DEPOT,DELIVERLOAD,False,22,22,22,22,22,22,22,22,22,22,22,22,22,22,22,22,22,22,22,22,22,22,22,22,22
5f58f604f7be2c07e8d727c9,65ca72eddb01a33ca2d31a24,531 Northridge,DELIVERLOAD,False,25,25,25,25,25,25,25,25,25,25,25,25,25,25,25,25,25,25,25,25,25,25,25,25,25
5f58f604f7be2c07e8d727c9,65788b6723c690163f0b9f96,"635 King St, Reidsville NC 27320",DELIVERLOAD,False,21,21,21,21,21,21,21,21,21,21,21,21,21,21,21,21,21,21,21,21,21,21,21,21,21
5f58f604f7be2c07e8d727c9,5f58fb37d8f69308549b9f50,635 Secure Yard,HOOKCONTAINER,False,49,16,49,49,36,49,191,30,14,61,56,8,49,51,47,45,153,79,17,104,26,49,58,48,40
5f58f604f7be2c07e8d727c9,68acbb9719cdf6ac1e14674c,84 Lumber Cypress,DELIVERLOAD,True,142,142,142,142,142,142,142,142,142,142,142,142,142,142,142,142,142,142,142,142,142,142,142,142,142
5f58f604f7be2c07e8d727c9,681a57819cfee0e289dfbd55,A&A TRANSFER,DELIVERLOAD,False,18,18,18,18,18,18,18,18,18,18,18,18,18,18,18,18,18,18,18,18,18,18,18,18,18
5f58f604f7be2c07e8d727c9,681a57819cfee0e289dfbd55,A&A TRANSFER,DELIVERLOAD,True,36,36,36,36,36,36,36,36,36,36,36,36,36,36,36,36,36,36,36,36,36,36,36,36,36
5f58f604f7be2c07e8d727c9,67d9adc844955dd2840cccd9,ADAMS AND OLDCASTLE COMPANY,DELIVERLOAD,False,58,58,58,58,58,58,58,58,58,58,58,58,58,58,58,58,58,58,58,58,58,58,58,58,58
5f58f604f7be2c07e8d727c9,67b68c83894f74a7da544400,adams warehouse,DELIVERLOAD,True,76,76,76,76,76,76,76,76,76,76,76,76,76,76,76,76,76,76,76,76,76,76,76,76,76
5f58f604f7be2c07e8d727c9,68b04318040fc6e9002a8ada,ADS- Ennis,DELIVERLOAD,False,77,77,77,77,77,77,77,77,77,77,77,77,77,77,77,77,77,77,77,77,77,77,77,77,77
5f58f604f7be2c07e8d727c9,683cda14505906188fbbd2e1,Advanced modal soultions,DELIVERLOAD,False,17,17,17,17,17,17,17,17,17,17,17,17,17,17,17,17,17,17,17,17,17,17,17,17,17
5f58f604f7be2c07e8d727c9,6667e075793755ca01c13163,"AdvanSix,",DELIVERLOAD,True,32,32,32,32,32,32,32,32,32,32,32,32,32,32,32,32,32,32,32,32,32,32,32,32,32
5f58f604f7be2c07e8d727c9,6824b7959d86595a05d357c3,ADVANSIX HOPWELL PLANT,DELIVERLOAD,True,82,82,82,82,82,82,82,82,82,82,82,82,82,82,82,82,82,82,82,82,82,82,82,82,82
5f58f604f7be2c07e8d727c9,68346d8aae4bb61357631631,ADVANSIX HOPWELL PLANT,DELIVERLOAD,True,82,82,82,82,82,82,82,82,82,82,82,82,82,82,82,82,82,82,82,82,82,82,82,82,82
5f58f604f7be2c07e8d727c9,67911c99b9962f38b9f8b782,Affordable Luxery Group,DELIVERLOAD,False,16,16,16,16,16,16,16,16,16,16,16,16,16,16,16,16,16,16,16,16,16,16,16,16,16
5f58f604f7be2c07e8d727c9,67911c99b9962f38b9f8b782,Affordable Luxery Group,DELIVERLOAD,True,128,128,128,128,128,128,128,128,128,128,128,128,128,128,128,128,128,128,128,128,128,128,128,128,128
5f58f604f7be2c07e8d727c9,67911c99b9962f38b9f8b782,Affordable Luxery Group,HOOKCONTAINER,False,17,17,17,17,17,17,17,17,17,17,17,17,17,17,17,17,17,17,17,17,17,17,17,17,17
5f58f604f7be2c07e8d727c9,6807147bd1c6788428d5fab8,AG COLD - 190,DELIVERLOAD,True,43,43,43,43,43,43,43,43,43,43,43,43,43,43,43,43,43,43,43,43,43,43,43,43,43
5f58f604f7be2c07e8d727c9,669fe0c0f724ea96b4f438dc,AG Cold LLC - VCS East,DELIVERLOAD,False,11,11,11,11,11,11,11,11,11,11,11,11,11,11,11,11,11,11,11,11,11,11,11,11,11
5f58f604f7be2c07e8d727c9,669fe0c0f724ea96b4f438dc,AG Cold LLC - VCS East,HOOKCONTAINER,False,6,6,6,6,6,6,6,6,6,6,6,6,6,6,6,6,6,6,6,6,6,6,6,6,6
5f58f604f7be2c07e8d727c9,681e1f87581022e8976e2425,AGS Transport Inc,DELIVERLOAD,False,12,12,12,12,12,12,12,12,12,12,12,12,12,12,12,12,12,12,12,12,12,12,12,12,12
5f58f604f7be2c07e8d727c9,681e1f87581022e8976e2425,AGS Transport Inc,HOOKCONTAINER,False,23,23,23,23,23,23,23,23,23,23,23,23,23,23,23,23,23,23,23,23,23,23,23,23,23
5f58f604f7be2c07e8d727c9,6707fc5d5c681bcd5631f7d5,AKRON RUBBER & TIRE,DELIVERLOAD,False,17,17,17,17,17,17,17,17,17,17,17,17,17,17,17,17,17,17,17,17,17,17,17,17,17
5f58f604f7be2c07e8d727c9,67dd618bdda1ce061efe8e8a,Albemarle Cotton Grower,DELIVERLOAD,True,82,82,82,82,82,82,82,82,82,82,82,82,82,82,82,82,82,82,82,82,82,82,82,82,82
5f58f604f7be2c07e8d727c9,6578b7e93262a0161e87ae52,ALFA LAVAL INC,DELIVERLOAD,False,22,22,22,22,22,22,22,22,22,22,22,22,22,22,22,22,22,22,22,22,22,22,22,22,22
5f58f604f7be2c07e8d727c9,636a839197b3e815d2962a6c,ALLIED BOLT C/O EFW WAREHOUSING C/O EFW WAREHOUSING,DELIVERLOAD,False,25,25,25,25,25,25,25,25,25,25,25,25,25,25,25,25,25,25,25,25,25,25,25,25,25
5f58f604f7be2c07e8d727c9,67e012063121f46b0b1d138a,ALLIED FITTING,DELIVERLOAD,True,48,48,48,48,48,48,48,48,48,48,48,48,48,48,48,48,48,48,48,48,48,48,48,48,48
5f58f604f7be2c07e8d727c9,67e162f69e1a11d10b2f96d8,ALLIED FITTING LP,DELIVERLOAD,False,22,22,22,22,22,22,22,22,22,22,22,22,22,22,22,22,22,22,22,22,22,22,22,22,22
5f58f604f7be2c07e8d727c9,67e162f69e1a11d10b2f96d8,ALLIED FITTING LP,DELIVERLOAD,True,54,54,54,54,54,54,54,54,54,54,54,54,54,54,54,54,54,54,54,54,54,54,54,54,54
5f58f604f7be2c07e8d727c9,67e161568e34d3da73073be1,ALLIED STAINLESS GROUP,DELIVERLOAD,False,22,22,22,22,22,22,22,22,22,22,22,22,22,22,22,22,22,22,22,22,22,22,22,22,22
5f58f604f7be2c07e8d727c9,67e161568e34d3da73073be1,ALLIED STAINLESS GROUP,DELIVERLOAD,True,96,96,96,96,96,96,96,96,96,96,96,96,96,96,96,96,96,96,96,96,96,96,96,96,96
5f58f604f7be2c07e8d727c9,6893975338f2e5a6eb25577f,ALL STORAGE,DELIVERLOAD,False,22,22,22,22,22,22,22,22,22,22,22,22,22,22,22,22,22,22,22,22,22,22,22,22,22
5f58f604f7be2c07e8d727c9,669fd25c6efd91fe8400a803,AL- North Garden Yard,DELIVERLOAD,False,12,12,12,12,12,12,12,12,12,12,12,12,12,12,12,12,12,12,12,12,12,12,12,12,12
5f58f604f7be2c07e8d727c9,669fd25c6efd91fe8400a803,AL- North Garden Yard,DELIVERLOAD,True,39,39,39,39,39,39,39,39,39,39,39,39,39,39,39,39,39,39,39,39,39,39,39,39,39
5f58f604f7be2c07e8d727c9,6882aca0a64d2e8f1c895432,altea ceramics,DELIVERLOAD,False,76,76,76,76,76,76,76,76,76,76,76,76,76,76,76,76,76,76,76,76,76,76,76,76,76
5f58f604f7be2c07e8d727c9,66982b1b25a1bf321eee73c0,AL-Waynesboro,DELIVERLOAD,True,45,45,45,45,45,45,45,45,54,36,45,45,45,45,45,45,45,45,45,45,45,45,45,45,45
5f58f604f7be2c07e8d727c9,67b9026d65c27340e7a4b986,AL-West Point Yard,DELIVERLOAD,True,119,119,119,119,119,119,119,119,119,119,119,119,119,119,119,119,119,119,119,119,119,119,119,119,119
5f58f604f7be2c07e8d727c9,68bb00b18e9d30e129713ba4,Amada America,DELIVERLOAD,True,82,82,82,82,82,82,82,82,82,82,82,82,82,82,82,82,82,82,82,82,82,82,82,82,82
5f58f604f7be2c07e8d727c9,655e6881f54005160be0ad8a,AMADA AMERICA,DELIVERLOAD,True,64,64,64,64,64,64,64,64,64,64,64,64,64,64,64,64,64,64,64,64,64,64,64,64,64
5f58f604f7be2c07e8d727c9,6877c376845b62f48399e1e4,Amazon HEA2,DELIVERLOAD,False,22,22,22,22,22,22,22,22,22,22,22,22,22,22,22,22,22,22,22,22,22,22,22,22,22
5f58f604f7be2c07e8d727c9,68b2154d04ffbe3767d52341,Amazon HGR6,DELIVERLOAD,False,14,14,14,14,14,14,14,14,14,14,14,14,14,14,14,14,14,14,14,14,14,14,14,14,14
5f58f604f7be2c07e8d727c9,68b216323003851307e4c699,Amazon HIA1,DELIVERLOAD,False,5,5,5,5,5,5,5,5,5,5,5,5,5,5,5,5,5,5,5,5,5,5,5,5,5
5f58f604f7be2c07e8d727c9,687a3dc6d4babe4f5a99d8de,Amazon WBW2,DELIVERLOAD,False,28,28,28,28,28,28,28,28,28,28,28,28,28,28,28,28,28,28,28,28,28,28,28,28,28
5f58f604f7be2c07e8d727c9,687a3dc6d4babe4f5a99d8de,Amazon WBW2,DELIVERLOAD,True,122,122,122,122,122,122,122,122,122,122,122,122,122,122,122,122,122,122,122,122,122,122,122,122,122
5f58f604f7be2c07e8d727c9,687a3dc6d4babe4f5a99d8de,Amazon WBW2,HOOKCONTAINER,False,17,17,17,17,17,17,17,17,17,17,17,17,17,17,17,17,17,17,17,17,17,17,17,17,17
5f58f604f7be2c07e8d727c9,68053d0b6cdcd1bad4382b4d,AMAZON XCH1,DELIVERLOAD,True,82,82,82,82,82,82,82,82,82,82,82,82,82,82,82,82,82,82,82,82,82,82,82,82,82
5f58f604f7be2c07e8d727c9,6849842e9acd15f4c2380ac9,American recycling,DELIVERLOAD,True,82,82,82,82,82,82,82,82,82,82,82,82,82,82,82,82,82,82,82,82,82,82,82,82,82
5f58f604f7be2c07e8d727c9,684b8f1f2cd2a59b5f2e8727,American Recycling,DELIVERLOAD,True,82,82,82,82,82,82,82,82,82,82,82,82,82,82,82,82,82,82,82,82,82,82,82,82,82
5f58f604f7be2c07e8d727c9,6823aa28073d856ce579511f,americold amarillo,DELIVERLOAD,False,22,22,22,22,22,22,22,22,22,22,22,22,22,22,22,22,22,22,22,22,22,22,22,22,22
5f58f604f7be2c07e8d727c9,66991b43ff57b910c50e30d4,Americold Logistics LLC,DELIVERLOAD,False,39,39,39,39,39,39,39,39,39,39,39,39,39,39,39,39,39,39,39,39,39,39,39,39,39
5f58f604f7be2c07e8d727c9,66991b43ff57b910c50e30d4,Americold Logistics LLC,DELIVERLOAD,True,82,82,82,82,82,82,82,82,82,82,82,82,82,82,82,82,82,82,82,82,82,82,82,82,82
5f58f604f7be2c07e8d727c9,66991b43ff57b910c50e30d4,Americold Logistics LLC,HOOKCONTAINER,False,10,10,10,10,10,10,10,10,10,10,10,10,10,10,10,10,10,10,10,10,10,10,10,10,10
5f58f604f7be2c07e8d727c9,68c51c98100e30154cd59e71,andriod VAA,DELIVERLOAD,True,82,82,82,82,82,82,82,82,82,82,82,82,82,82,82,82,82,82,82,82,82,82,82,82,82
5f58f604f7be2c07e8d727c9,5f58faeb750d2e420c6fc6be,APM,PULLCONTAINER,False,49,49,49,49,49,49,49,35,39,47,46,61,80,45,58,39,21,82,47,49,49,49,49,49,49
5f58f604f7be2c07e8d727c9,5f58faeb750d2e420c6fc6be,APM,RETURNCONTAINER,False,20,20,20,20,20,20,20,20,20,20,20,20,20,20,28,32,20,20,20,20,20,20,20,20,20
5f58f604f7be2c07e8d727c9,679a2dea8990efcff8994b75,APM Terminal,RETURNCONTAINER,False,39,39,39,39,39,39,39,39,39,39,39,39,39,39,39,39,39,39,39,39,39,39,39,39,39
5f58f604f7be2c07e8d727c9,62e7c8bc2a7ede15e05168a9,APM TERMINALS VIRGINIA,PULLCONTAINER,False,51,51,51,51,51,51,51,51,51,51,51,51,51,51,51,51,51,51,51,51,51,51,51,51,51
5f58f604f7be2c07e8d727c9,62e7c8bc2a7ede15e05168a9,APM TERMINALS VIRGINIA,RETURNCONTAINER,False,35,35,35,35,35,35,35,35,35,35,35,35,35,35,35,35,35,35,35,35,35,35,35,35,35
5f58f604f7be2c07e8d727c9,6796632a2b08bb89e164c5d6,Architectural Graphics Inc,DELIVERLOAD,True,82,82,82,82,82,82,82,82,82,82,82,82,82,82,82,82,82,82,82,82,82,82,82,82,82
5f58f604f7be2c07e8d727c9,685014fcb5867e74074915a0,Article Richmond Warehouse (ORF),DELIVERLOAD,True,155,155,155,155,155,155,155,155,155,155,155,155,155,155,155,155,155,155,155,155,155,155,155,155,155
5f58f604f7be2c07e8d727c9,689cbd997c2e305589d40a18,ASAP DESIGN & LOGISTICS,DELIVERLOAD,True,121,121,121,121,121,121,121,121,121,121,121,121,121,121,121,121,121,121,121,121,121,121,121,121,121
5f58f604f7be2c07e8d727c9,686edf84bf1938eca1a29388,ASCEND WAREHOUSE,DELIVERLOAD,False,13,13,13,13,13,13,13,13,13,13,13,13,13,13,13,13,13,13,13,13,13,13,13,13,13
5f58f604f7be2c07e8d727c9,6851f54a2bef6b2dd5e550db,Ashley Furniture,DELIVERLOAD,False,22,22,22,22,22,22,22,22,22,22,22,22,22,22,22,22,22,22,22,22,22,22,22,22,22
5f58f604f7be2c07e8d727c9,678087839d4de4187c2aeb10,ATD,DROPCONTAINER,False,25,25,25,25,25,25,25,25,25,25,25,25,25,25,25,25,25,25,25,25,25,25,25,25,25
5f58f604f7be2c07e8d727c9,678087839d4de4187c2aeb10,ATD,HOOKCONTAINER,False,17,17,17,17,17,17,17,17,17,17,17,17,17,17,17,17,17,17,17,17,17,17,17,17,17
5f58f604f7be2c07e8d727c9,686eb717f6f91d0b8baead35,ATLANTIX,DELIVERLOAD,False,9,9,9,9,9,9,9,9,9,9,9,9,9,9,9,9,9,9,9,9,9,9,9,9,9
5f58f604f7be2c07e8d727c9,677f517d57d2949310f671bb,ATMI YARD (Mid Atlantic),HOOKCONTAINER,False,17,17,17,17,17,17,17,17,17,17,17,17,17,17,17,17,17,17,17,17,17,17,17,17,17
5f58f604f7be2c07e8d727c9,687692d319fff24133d670c6,AUSTIN WAREHOUSE,DELIVERLOAD,True,158,158,158,158,158,158,158,158,158,158,158,158,158,158,158,158,158,158,158,158,158,158,158,158,158
5f58f604f7be2c07e8d727c9,686d38933851c496bcd92728,AZTEC GLASS AND MIRROR INC.,DELIVERLOAD,True,124,124,124,124,124,124,124,124,124,124,124,124,124,124,124,124,124,124,124,124,124,124,124,124,124
5f58f604f7be2c07e8d727c9,686edbf35cc4b7ade9eca5c3,BABA Trucking Company,DELIVERLOAD,False,22,22,22,22,22,22,22,22,22,22,22,22,22,22,22,22,22,22,22,22,22,22,22,22,22
5f58f604f7be2c07e8d727c9,686edbf35cc4b7ade9eca5c3,BABA Trucking Company,DELIVERLOAD,True,120,120,120,120,120,120,120,120,120,120,120,120,120,120,120,120,120,120,120,120,120,120,120,120,120
5f58f604f7be2c07e8d727c9,688141b8591f7880704e6203,Baltimore - Kresson St,HOOKCONTAINER,False,17,17,17,17,17,17,17,17,17,17,17,17,17,17,17,17,17,17,17,17,17,17,17,17,17
5f58f604f7be2c07e8d727c9,688141b8591f7880704e6203,Baltimore - Kresson St,RETURNCONTAINER,False,35,35,35,35,35,35,35,35,35,35,35,35,35,35,35,35,35,35,35,35,35,35,35,35,35
5f58f604f7be2c07e8d727c9,66609ccaccb4804de8069712,Barbours Cut Container Terminal,PULLCONTAINER,False,55,55,55,55,55,55,55,55,77,54,60,57,57,55,49,59,50,37,35,55,55,55,55,55,55
5f58f604f7be2c07e8d727c9,66609ccaccb4804de8069712,Barbours Cut Container Terminal,RETURNCONTAINER,False,30,30,30,30,30,30,30,30,30,30,30,30,30,30,30,30,30,30,30,30,30,30,30,30,30
5f58f604f7be2c07e8d727c9,687ea7f85e00efd6094ea441,Barbours Cut - Port of Houston,PULLCONTAINER,False,51,51,51,51,51,51,51,51,51,51,51,51,51,51,51,51,51,51,51,51,51,51,51,51,51
5f58f604f7be2c07e8d727c9,6647a14e9b3e1bd045fd9b66,BARBOURS CUT TERMINAL,PULLCONTAINER,False,64,64,64,64,64,64,64,64,64,64,64,64,64,64,64,64,64,64,64,64,64,64,64,64,64
5f58f604f7be2c07e8d727c9,6647a14e9b3e1bd045fd9b66,BARBOURS CUT TERMINAL,RETURNCONTAINER,False,37,37,37,37,37,37,37,37,37,37,37,37,37,37,37,37,37,37,37,37,37,37,37,37,37
5f58f604f7be2c07e8d727c9,67ec2539a393e609bbd49c02,BASF,DELIVERLOAD,False,22,22,22,22,22,22,22,22,22,22,22,22,22,22,22,22,22,22,22,22,22,22,22,22,22
5f58f604f7be2c07e8d727c9,67ec2539a393e609bbd49c02,BASF,DELIVERLOAD,True,53,53,53,53,53,53,53,53,53,53,53,53,53,53,53,53,53,53,53,53,53,53,53,53,53
5f58f604f7be2c07e8d727c9,67ec2539a393e609bbd49c02,BASF,HOOKCONTAINER,False,19,19,19,19,19,19,19,19,19,19,19,19,19,19,19,19,19,19,19,19,19,19,19,19,19
5f58f604f7be2c07e8d727c9,67c52db8a2cee9a4da31b64f,bath authority,DELIVERLOAD,False,85,85,85,85,85,85,85,85,85,85,85,85,85,85,85,85,85,85,85,85,85,85,85,85,85
5f58f604f7be2c07e8d727c9,6761792dc7842f02a80eab24,Bay Container Services,PULLCONTAINER,False,51,51,51,51,51,51,51,51,51,51,51,51,51,51,51,51,51,51,51,51,51,51,51,51,51
5f58f604f7be2c07e8d727c9,678a8011f176b6198516952d,Bayport,PULLCONTAINER,False,69,69,69,69,69,69,69,69,69,71,20,92,69,139,69,69,69,69,69,69,69,69,69,69,69
5f58f604f7be2c07e8d727c9,678a8011f176b6198516952d,Bayport,RETURNCONTAINER,False,39,39,39,39,39,39,39,39,39,39,39,39,40,39,28,39,35,39,39,39,39,39,39,39,39
5f58f604f7be2c07e8d727c9,67781e08b54ea5aa9f352f72,Bayport Container Terminal,PULLCONTAINER,False,59,59,59,59,59,59,59,59,47,65,107,78,43,49,86,88,54,33,43,75,59,59,59,59,59
5f58f604f7be2c07e8d727c9,67781e08b54ea5aa9f352f72,Bayport Container Terminal,RETURNCONTAINER,False,20,20,20,20,20,20,20,20,20,20,17,20,15,47,16,28,9,30,10,20,20,20,20,20,20
5f58f604f7be2c07e8d727c9,671f8d2eee6f40492918a19d,BAYPORT TERMINAL,DELIVERLOAD,False,46,46,46,46,46,46,46,46,46,46,46,46,46,46,46,46,46,46,46,46,46,46,46,46,46
5f58f604f7be2c07e8d727c9,67bde791bd2ab54a2911e3fb,BCI Yard,HOOKCONTAINER,False,38,38,38,38,38,38,38,38,38,38,38,38,38,38,38,38,38,38,38,38,38,38,38,38,38
5f58f604f7be2c07e8d727c9,68c9e561ca300362931ecd3b,BEAUMONT SADDLE TACK,DELIVERLOAD,False,19,19,19,19,19,19,19,19,19,19,19,19,19,19,19,19,19,19,19,19,19,19,19,19,19
5f58f604f7be2c07e8d727c9,68b745378b817f89deeb0750,Bentoli,DELIVERLOAD,True,130,130,130,130,130,130,130,130,130,130,130,130,130,130,130,130,130,130,130,130,130,130,130,130,130
5f58f604f7be2c07e8d727c9,6812816ec067a88f149dbd58,BENTOLI INC.,DELIVERLOAD,False,56,56,56,56,56,56,56,56,56,56,56,56,56,56,56,56,56,56,56,56,56,56,56,56,56
5f58f604f7be2c07e8d727c9,683f3716a7541dc1e9c34624,Berg Steel Pipe,DELIVERLOAD,True,128,128,128,128,128,128,128,128,128,128,128,128,128,128,128,128,128,128,128,128,128,128,128,128,128
5f58f604f7be2c07e8d727c9,6734985f1bb5afa99eac9061,Biosphere Plastic c/o Spectra,DELIVERLOAD,True,137,137,137,137,137,137,137,137,137,137,137,137,137,137,137,137,137,137,137,137,137,137,137,137,137
5f58f604f7be2c07e8d727c9,62b629d89058816625b06ca8,Blue Dolphin Main  Duke St yard 4,HOOKCONTAINER,False,18,18,18,18,18,18,18,18,18,18,18,18,18,18,18,18,18,18,18,18,18,18,18,18,18
5f58f604f7be2c07e8d727c9,6312709aad8f5915c372830d,Blue dolphin yard County ST,HOOKCONTAINER,False,22,22,22,22,22,22,22,22,22,22,22,22,22,22,22,22,22,22,22,22,22,22,22,22,22
5f58f604f7be2c07e8d727c9,6849efcfeffc9f7592898975,Bluescope coated products,DELIVERLOAD,False,22,22,22,22,22,22,22,22,22,22,22,22,22,22,22,22,22,22,22,22,22,22,22,22,22
5f58f604f7be2c07e8d727c9,689bba603aa35a08ed66abbd,BLUESKY (175 LEHIGH),DELIVERLOAD,False,22,22,22,22,22,22,22,22,22,22,22,22,22,22,22,22,22,22,22,22,22,22,22,22,22
5f58f604f7be2c07e8d727c9,686ece8bf840a751f298845a,BLUE SKY (FARMINGDALE),DELIVERLOAD,False,22,22,22,22,22,22,22,22,22,22,22,22,22,22,22,22,22,22,22,22,22,22,22,22,22
5f58f604f7be2c07e8d727c9,686e9c5dba6be17fe3615237,BLUE SKY (Salem),DELIVERLOAD,False,17,17,17,17,17,17,17,17,17,17,17,17,17,17,17,17,17,17,17,17,17,17,17,17,17
5f58f604f7be2c07e8d727c9,686e9c5dba6be17fe3615237,BLUE SKY (Salem),HOOKCONTAINER,False,17,17,17,17,17,17,17,17,17,17,17,17,17,17,17,17,17,17,17,17,17,17,17,17,17
5f58f604f7be2c07e8d727c9,6859a48feb24294efdf390fe,BLUE SKY SOLUTIONS NEW  ADDRESS*,DELIVERLOAD,True,70,70,70,70,70,70,70,70,70,70,70,70,70,70,70,70,70,70,70,70,70,70,70,70,70
5f58f604f7be2c07e8d727c9,67b370744d906c78cbb990a8,BNSF,PULLCONTAINER,False,42,42,42,42,42,42,42,42,42,42,42,42,42,42,42,42,42,42,42,42,42,42,42,42,42
5f58f604f7be2c07e8d727c9,682737eea5a9bd7ddb131574,BNSF Railway,PULLCONTAINER,False,51,51,51,51,51,51,51,51,51,51,51,51,51,51,51,51,51,51,51,51,51,51,51,51,51
5f58f604f7be2c07e8d727c9,66c4a370fe2325ab60d0632a,Boise Cascade,DELIVERLOAD,True,82,82,82,82,82,82,82,82,82,82,82,82,82,82,82,82,82,82,82,82,82,82,82,82,82
5f58f604f7be2c07e8d727c9,686c4d2e15bb718fe2d24908,Boomer OUtreach BUilding,DELIVERLOAD,True,117,117,117,117,117,117,117,117,117,117,117,117,117,117,117,117,117,117,117,117,117,117,117,117,117
5f58f604f7be2c07e8d727c9,685974023f8484aea1deab90,Boston Scientific,DELIVERLOAD,True,3,3,3,3,3,3,3,3,3,3,3,3,3,3,3,3,3,3,3,3,3,3,3,3,3
5f58f604f7be2c07e8d727c9,68ae2e0e2c5dcfd765260805,BQE STUCCO SUPPLY,DELIVERLOAD,True,82,82,82,82,82,82,82,82,82,82,82,82,82,82,82,82,82,82,82,82,82,82,82,82,82
5f58f604f7be2c07e8d727c9,6878f5caf50c00e971b15d92,BRADY	INDUSTRIES	OF TEXAS,DELIVERLOAD,False,22,22,22,22,22,22,22,22,22,22,22,22,22,22,22,22,22,22,22,22,22,22,22,22,22
5f58f604f7be2c07e8d727c9,6878f5caf50c00e971b15d92,BRADY	INDUSTRIES	OF TEXAS,HOOKCONTAINER,False,15,15,15,15,15,15,15,15,15,15,15,15,15,15,15,15,15,15,15,15,15,15,15,15,15
5f58f604f7be2c07e8d727c9,68714fbf04a3019cd3237a18,Brooklyn Lollipop,DELIVERLOAD,False,18,18,18,18,18,18,18,18,18,18,18,18,18,18,18,18,18,18,18,18,18,18,18,18,18
5f58f604f7be2c07e8d727c9,68714fbf04a3019cd3237a18,Brooklyn Lollipop,HOOKCONTAINER,False,12,12,12,12,12,12,12,12,12,12,12,12,12,12,12,12,12,12,12,12,12,12,12,12,12
5f58f604f7be2c07e8d727c9,6845a44f0335dcb2839bd585,Brookshire,DELIVERLOAD,False,4,4,4,4,4,4,4,4,4,4,4,4,4,4,4,4,4,4,4,4,4,4,4,4,4
5f58f604f7be2c07e8d727c9,6845a44f0335dcb2839bd585,Brookshire,DELIVERLOAD,True,82,82,82,82,82,82,82,82,82,82,82,82,82,82,82,82,82,82,82,82,82,82,82,82,82
5f58f604f7be2c07e8d727c9,6890bebbffd5c84b11dc9a12,Brook Valley Textiles,DELIVERLOAD,False,22,22,22,22,22,22,22,22,22,22,22,22,22,22,22,22,22,22,22,22,22,22,22,22,22
5f58f604f7be2c07e8d727c9,68491f501703b38ce22566d5,BUILDRITE LLC,DELIVERLOAD,False,22,22,22,22,22,22,22,22,22,22,22,22,22,22,22,22,22,22,22,22,22,22,22,22,22
5f58f604f7be2c07e8d727c9,62b45fb07f6dc21382f5b23f,Burrow,DELIVERLOAD,False,22,22,22,22,22,22,22,22,22,22,22,22,22,22,22,22,22,22,22,22,22,22,22,22,22
5f58f604f7be2c07e8d727c9,62b45fb07f6dc21382f5b23f,Burrow,DELIVERLOAD,True,82,82,82,82,82,82,82,82,82,82,82,82,82,82,82,82,82,82,82,82,82,82,82,82,82
5f58f604f7be2c07e8d727c9,67c1c8bec572fb4ca5fca99a,Caltric inc,DELIVERLOAD,True,124,124,124,124,124,124,124,124,124,124,124,124,124,124,124,124,124,124,124,124,124,124,124,124,124
5f58f604f7be2c07e8d727c9,6693666ae66db4cdf7848a58,"CALUMET REFINING, LLC.",DELIVERLOAD,False,22,22,22,22,22,22,22,22,22,22,22,22,22,22,22,22,22,22,22,22,22,22,22,22,22
5f58f604f7be2c07e8d727c9,681051a30f9464db40029009,"Camrett Logistics,",DELIVERLOAD,False,22,22,22,22,22,22,22,22,22,22,22,22,22,22,22,22,22,22,22,22,22,22,22,22,22
5f58f604f7be2c07e8d727c9,681051a30f9464db40029009,"Camrett Logistics,",DELIVERLOAD,True,164,164,164,164,164,164,164,164,164,164,164,164,164,164,164,164,164,164,164,164,164,164,164,164,164
5f58f604f7be2c07e8d727c9,67b38e34387469f6fa1c698c,canal cartage,PULLCONTAINER,False,56,56,56,56,56,56,56,56,56,56,56,56,56,56,56,56,56,56,56,56,56,56,56,56,56
5f58f604f7be2c07e8d727c9,67c758bebb3c27e0b4860ea6,canal cartage,DELIVERLOAD,False,7,7,7,7,7,7,7,7,7,7,7,7,7,7,7,7,7,7,7,7,7,7,7,7,7
5f58f604f7be2c07e8d727c9,5feb8d2f08594b6533639481,CARDINAL 3PL AC MICRO LABS LIMITED,DELIVERLOAD,True,82,82,82,82,82,82,82,82,82,82,82,82,82,82,82,82,82,82,82,82,82,82,82,82,82
5f58f604f7be2c07e8d727c9,689e0d123dd2c0128f37657a,CARDINAL DELIVERY LLC,DELIVERLOAD,False,22,22,22,22,22,22,22,22,22,22,22,22,22,22,22,22,22,22,22,22,22,22,22,22,22
5f58f604f7be2c07e8d727c9,6877c4f3d9e72340a34518f8,Cargomatic Yard,HOOKCONTAINER,False,3,3,3,3,3,3,3,3,3,3,3,3,3,3,3,3,3,3,3,3,3,3,3,3,3
5f58f604f7be2c07e8d727c9,68138e4fb7eed2688a25e4f6,Carpenter Company,DELIVERLOAD,True,44,44,44,44,44,44,44,44,44,44,44,44,44,44,44,44,44,44,44,44,44,44,44,44,44
5f58f604f7be2c07e8d727c9,67f536c3e402749936a269d1,CATALYST RECOVERY OF LOUISIANA,DELIVERLOAD,True,82,82,82,82,82,82,82,82,82,82,82,82,82,82,82,82,82,82,82,82,82,82,82,82,82
5f58f604f7be2c07e8d727c9,5fd248e7b27615311e1029a7,C&C,PULLCONTAINER,False,51,51,51,51,51,51,51,51,51,51,51,51,51,51,51,51,51,51,51,51,51,51,51,51,51
5f58f604f7be2c07e8d727c9,5fd248e7b27615311e1029a7,C&C,RETURNCONTAINER,False,35,35,35,35,35,35,35,35,35,35,35,35,35,35,35,35,35,35,35,35,35,35,35,35,35
5f58f604f7be2c07e8d727c9,66609cf4f2cfa0fed5681d8b,C&C MAINTENANCE,PULLCONTAINER,False,17,17,17,17,17,17,17,17,17,17,17,17,17,17,17,17,17,17,17,17,17,17,17,17,17
5f58f604f7be2c07e8d727c9,66609cf4f2cfa0fed5681d8b,C&C MAINTENANCE,RETURNCONTAINER,False,15,15,15,15,15,15,15,15,15,15,15,15,15,15,15,15,15,15,15,15,15,15,15,15,15
5f58f604f7be2c07e8d727c9,5fd25758aed6b65249a4cc25,Ccs Depot,RETURNCONTAINER,False,55,55,55,55,55,55,55,55,55,55,55,55,55,55,55,55,55,55,55,55,55,55,55,55,55
5f58f604f7be2c07e8d727c9,686dd6f6ca021e37178ef581,CENTERPOINT COMMERCE & TRADE PARK,DELIVERLOAD,True,159,159,159,159,159,159,159,159,159,159,159,159,159,159,159,159,159,159,159,159,159,159,159,159,159
5f58f604f7be2c07e8d727c9,668ffe9bd066681fac69b37c,C&F Bluecrab,DELIVERLOAD,False,10,10,10,10,10,10,10,10,10,10,10,10,10,10,10,10,10,10,10,10,10,10,10,10,10
5f58f604f7be2c07e8d727c9,66902c0ccd736549f1563835,C&F Chapman,DELIVERLOAD,False,13,13,13,13,13,13,13,13,22,13,13,14,13,13,13,13,13,13,13,13,13,13,13,13,13
5f58f604f7be2c07e8d727c9,66902c0ccd736549f1563835,C&F Chapman,DROPCONTAINER,False,25,25,25,25,25,25,25,25,25,25,25,25,25,25,25,25,25,25,25,25,25,25,25,25,25
5f58f604f7be2c07e8d727c9,66902c0ccd736549f1563835,C&F Chapman,HOOKCONTAINER,False,9,9,9,9,9,9,9,9,9,9,9,9,9,9,9,9,9,9,9,9,9,9,9,9,9
5f58f604f7be2c07e8d727c9,68addd30dec68074b91398d8,CIMC Beaumont Depot,DELIVERLOAD,True,82,82,82,82,82,82,82,82,82,82,82,82,82,82,82,82,82,82,82,82,82,82,82,82,82
5f58f604f7be2c07e8d727c9,67a0fcaba90a8f9f37511f55,CLEMINS,DELIVERLOAD,False,22,22,22,22,22,22,22,22,22,22,22,22,22,22,22,22,22,22,22,22,22,22,22,22,22
5f58f604f7be2c07e8d727c9,637bd7a0da970e16432c57a3,CLT2 - AMAZON,DELIVERLOAD,False,7,7,7,7,7,7,7,7,7,7,7,27,7,5,7,7,7,7,7,7,7,7,7,7,7
5f58f604f7be2c07e8d727c9,637bd7a0da970e16432c57a3,CLT2 - AMAZON,DELIVERLOAD,True,10,10,10,10,10,10,10,10,10,10,10,10,10,10,10,10,10,10,10,10,10,10,10,10,10
5f58f604f7be2c07e8d727c9,637bd7a0da970e16432c57a3,CLT2 - AMAZON,DROPCONTAINER,False,8,8,8,8,8,8,8,8,8,8,8,8,8,8,8,8,8,8,8,8,8,8,8,8,8
5f58f604f7be2c07e8d727c9,637bd7a0da970e16432c57a3,CLT2 - AMAZON,HOOKCONTAINER,False,73,73,73,73,73,73,73,73,73,73,73,73,73,73,73,73,73,73,73,73,73,73,73,73,73
5f58f604f7be2c07e8d727c9,636e7003822daa14580ca4bb,CLT3 AMAZON,DELIVERLOAD,False,7,7,7,7,7,7,7,7,7,7,7,7,7,7,7,7,7,7,7,7,7,7,7,7,7
5f58f604f7be2c07e8d727c9,636e7003822daa14580ca4bb,CLT3 AMAZON,DELIVERLOAD,True,50,50,50,50,50,50,50,50,50,50,50,50,50,50,50,50,50,50,50,50,50,50,50,50,50
5f58f604f7be2c07e8d727c9,636e7003822daa14580ca4bb,CLT3 AMAZON,DROPCONTAINER,False,10,10,10,10,10,10,10,10,10,10,10,10,10,10,10,10,10,10,10,10,10,10,10,10,10
5f58f604f7be2c07e8d727c9,636e7003822daa14580ca4bb,CLT3 AMAZON,HOOKCONTAINER,False,29,29,29,29,29,29,29,29,29,29,29,29,29,29,29,29,29,29,29,29,29,29,29,29,29
5f58f604f7be2c07e8d727c9,6831ce895e2311a23843ecd8,Club Car,DELIVERLOAD,True,128,128,128,128,128,128,128,128,128,128,128,128,128,128,128,128,128,128,128,128,128,128,128,128,128
5f58f604f7be2c07e8d727c9,62ed0c46e9e73e15e4b52cfa,CMC RINCON,RETURNCONTAINER,False,35,35,35,35,35,35,35,35,35,35,35,35,35,35,35,35,35,35,35,35,35,35,35,35,35
5f58f604f7be2c07e8d727c9,6827258e9f6e136faa3db98d,COFFEE PROCESS TECH INC.,DELIVERLOAD,True,115,115,115,115,115,115,115,115,115,115,115,115,115,115,115,115,115,115,115,115,115,115,115,115,115
5f58f604f7be2c07e8d727c9,5f58fff34a288a07f372d582,COLUMBIA,RETURNCONTAINER,False,35,35,35,35,35,35,35,35,35,35,35,35,35,4,35,35,35,35,35,35,35,35,35,35,35
5f58f604f7be2c07e8d727c9,6740d94fe404c65d7d02cf0c,Con Global,RETURNCONTAINER,False,35,35,35,35,35,35,35,35,35,35,35,35,35,35,35,35,35,35,35,35,35,35,35,35,35
5f58f604f7be2c07e8d727c9,67c902e69fcd6daa851975bd,CONGLOBAL,RETURNCONTAINER,False,12,12,12,12,12,12,12,12,12,12,12,12,12,12,12,12,12,12,12,12,12,12,12,12,12
5f58f604f7be2c07e8d727c9,6182b60c7b0db415b8bf26eb,Con Global Industries,RETURNCONTAINER,False,7,7,7,7,7,7,7,7,7,7,7,7,7,7,7,7,7,7,7,7,7,7,7,7,7
5f58f604f7be2c07e8d727c9,679adba04cff7f1990940eb7,continental automotive systems,DELIVERLOAD,True,82,82,82,82,82,82,82,82,82,82,82,82,82,82,82,82,82,82,82,82,82,82,82,82,82
5f58f604f7be2c07e8d727c9,6851f92f71d09e368ce08f6c,Continental Autonomous,DELIVERLOAD,True,82,82,82,82,82,82,82,82,82,82,82,82,82,82,82,82,82,82,82,82,82,82,82,82,82
5f58f604f7be2c07e8d727c9,6795762de81e204a970020f8,Continental Tires North America,DELIVERLOAD,False,20,20,20,20,20,20,20,20,20,20,20,20,20,20,20,20,20,20,20,20,20,20,20,20,20
5f58f604f7be2c07e8d727c9,67c6038fd62d6d66a12f7cdd,Cooper/Ports America - Integrated Marine Services,PULLCONTAINER,False,67,67,67,67,67,67,67,67,67,67,67,67,67,67,67,67,67,67,67,67,67,67,67,67,67
5f58f604f7be2c07e8d727c9,67336ad21637742eae2a13c7,cooper/ports of america,PULLCONTAINER,False,15,15,15,15,15,15,15,15,15,15,15,15,15,15,15,15,15,15,15,15,15,15,15,15,15
5f58f604f7be2c07e8d727c9,67336ad21637742eae2a13c7,cooper/ports of america,RETURNCONTAINER,False,22,22,22,22,22,22,22,22,22,22,22,22,22,22,22,22,22,22,22,22,22,22,22,22,22
5f58f604f7be2c07e8d727c9,6740b98f99b760b7672c5825,COUNTRY FRESH,DELIVERLOAD,True,40,40,40,40,40,40,40,40,40,40,40,40,40,40,40,40,40,40,40,40,40,40,40,40,40
5f58f604f7be2c07e8d727c9,6840626ee2172f03807ebe9f,DENSO MANUFACTURING MICHIGAN INC,DELIVERLOAD,False,22,22,22,22,22,22,22,22,22,22,22,22,22,22,22,22,22,22,22,22,22,22,22,22,22
5f58f604f7be2c07e8d727c9,6789a59d63bff9695c6b389c,"Derstines, Inc",DELIVERLOAD,True,82,82,82,82,82,82,82,82,82,82,82,82,82,82,82,82,82,82,82,82,82,82,82,82,82
5f58f604f7be2c07e8d727c9,6789a59d63bff9695c6b389c,"Derstines, Inc",HOOKCONTAINER,False,17,17,17,17,17,17,17,17,17,17,17,17,17,17,17,17,17,17,17,17,17,17,17,17,17
5f58f604f7be2c07e8d727c9,68925ea1e1521418684733a6,Deseret Industries,DELIVERLOAD,True,74,74,74,74,74,74,74,74,74,74,74,74,74,74,74,74,74,74,74,74,74,74,74,74,74
5f58f604f7be2c07e8d727c9,67c7071a7443552df597a3b9,DESOTO 1001,DELIVERLOAD,True,82,82,82,82,82,82,82,82,82,82,82,82,82,82,82,82,82,82,82,82,82,82,82,82,82
5f58f604f7be2c07e8d727c9,686eb35c75f0d372bedea83b,DE WELL,DELIVERLOAD,False,12,12,12,12,12,12,12,12,12,12,12,12,12,12,12,12,12,12,12,12,12,12,12,12,12
5f58f604f7be2c07e8d727c9,686eb35c75f0d372bedea83b,DE WELL,HOOKCONTAINER,False,14,14,14,14,14,14,14,14,14,14,14,14,14,14,14,14,14,14,14,14,14,14,14,14,14
5f58f604f7be2c07e8d727c9,6876d02ff36a5b32999390c6,D Gala Recycling LLC,DELIVERLOAD,False,64,64,64,64,64,64,64,64,64,64,64,64,64,64,64,64,64,64,64,64,64,64,64,64,64
5f58f604f7be2c07e8d727c9,68a632272f5c497edc5a7c58,Diboll,DELIVERLOAD,False,22,22,22,22,22,22,22,22,22,22,22,22,22,22,22,22,22,22,22,22,22,22,22,22,22
5f58f604f7be2c07e8d727c9,681a5ae2f22987a28e6a4eb9,dickies,DELIVERLOAD,False,39,39,39,39,39,39,39,39,39,39,39,39,39,39,39,39,39,39,39,39,39,39,39,39,39
5f58f604f7be2c07e8d727c9,64f8e5fa14034516081131a1,Distributor's Terminal Corp,DELIVERLOAD,False,11,11,11,11,11,11,11,11,11,11,11,11,11,11,11,11,11,11,11,11,11,11,11,11,11
5f58f604f7be2c07e8d727c9,64f8e5fa14034516081131a1,Distributor's Terminal Corp,DELIVERLOAD,True,82,82,82,82,82,82,82,82,82,82,82,82,82,82,82,82,82,82,82,82,82,82,82,82,82
5f58f604f7be2c07e8d727c9,66e98cd77f9aea8f3162f344,Diversity Enterprise E EFW Warehouse,DELIVERLOAD,False,22,22,22,22,22,22,22,22,22,22,22,22,22,22,22,22,22,22,22,22,22,22,22,22,22
5f58f604f7be2c07e8d727c9,6877c83b8ed1cdb192f19092,D&M LUMBER,DELIVERLOAD,True,82,82,82,82,82,82,82,82,82,82,82,82,82,82,82,82,82,82,82,82,82,82,82,82,82
5f58f604f7be2c07e8d727c9,6797cef3b7d3f0dbe6eab0a1,DODSON VALCO,DELIVERLOAD,True,50,50,50,50,50,50,50,50,50,50,50,50,50,50,50,50,50,50,50,50,50,50,50,50,50
5f58f604f7be2c07e8d727c9,5f85c3590a75200829a53286,"DOLLAR TREE WINDSOR,CT",DELIVERLOAD,False,27,11,27,27,27,27,41,36,25,27,34,27,35,20,24,12,27,27,27,27,27,27,27,27,27
5f58f604f7be2c07e8d727c9,5f85c3590a75200829a53286,"DOLLAR TREE WINDSOR,CT",HOOKCONTAINER,False,17,17,17,17,17,17,17,17,17,17,17,17,17,17,17,17,17,17,17,17,17,17,17,17,17
5f58f604f7be2c07e8d727c9,67c6722042a9aefc5ad5bbd9,dreamline houston,DELIVERLOAD,True,132,132,132,132,132,132,132,132,132,132,132,132,132,132,132,132,132,132,132,132,132,132,132,132,132
5f58f604f7be2c07e8d727c9,6871502c3f2f93aa24ea37b0,Dress Up America,DELIVERLOAD,False,22,22,22,22,22,22,22,22,22,22,22,22,22,22,22,22,22,22,22,22,22,22,22,22,22
5f58f604f7be2c07e8d727c9,6778162928411ed2683fcbf7,Drill Bit exchange,DELIVERLOAD,True,55,55,55,55,55,55,55,55,55,55,55,55,55,55,55,55,55,55,55,55,55,55,55,55,55
5f58f604f7be2c07e8d727c9,688b8fbbe8d1b47959a0176a,D&S,DELIVERLOAD,False,22,22,22,22,22,22,22,22,22,22,22,22,22,22,22,22,22,22,22,22,22,22,22,22,22
5f58f604f7be2c07e8d727c9,688b8fbbe8d1b47959a0176a,D&S,DELIVERLOAD,True,83,83,83,83,83,83,83,83,83,83,83,83,83,83,83,83,83,83,83,83,83,83,83,83,83
5f58f604f7be2c07e8d727c9,67c7147a2dc2874fcf1af59e,DUO FAST OF KNOXVILLE,DELIVERLOAD,True,29,29,29,29,29,29,29,29,29,29,29,29,29,29,29,29,29,29,29,29,29,29,29,29,29
5f58f604f7be2c07e8d727c9,67b57ed3f93e00596cc5044d,dupuy storage houston llc,DELIVERLOAD,False,6,6,6,6,6,6,6,6,6,6,6,6,6,6,6,6,6,6,6,6,6,6,6,6,6
5f58f604f7be2c07e8d727c9,67b57ed3f93e00596cc5044d,dupuy storage houston llc,DELIVERLOAD,True,82,82,82,82,82,82,82,82,82,82,82,82,82,82,82,82,82,82,82,82,82,82,82,82,82
5f58f604f7be2c07e8d727c9,68376e86f16d4aa23dbf06df,East Coast Appliance,DELIVERLOAD,True,124,124,124,124,124,124,124,124,124,124,124,124,124,124,124,124,124,124,124,124,124,124,124,124,124
5f58f604f7be2c07e8d727c9,62cdd9081fb87e1396583f16,Eastcoast CES,PULLCONTAINER,False,84,84,84,84,84,84,84,84,84,84,84,84,84,84,84,84,84,84,84,84,84,84,84,84,84
5f58f604f7be2c07e8d727c9,67d9ca8fed65794a31473e02,EAST COAST WAREHOUSE,DELIVERLOAD,False,22,22,22,22,22,22,22,22,22,22,22,22,22,22,22,22,22,22,22,22,22,22,22,22,22
5f58f604f7be2c07e8d727c9,67d9ca8fed65794a31473e02,EAST COAST WAREHOUSE,DELIVERLOAD,True,11,11,11,11,11,11,11,11,11,11,11,11,11,11,11,11,11,11,11,11,11,11,11,11,11
5f58f604f7be2c07e8d727c9,67d9ca8fed65794a31473e02,EAST COAST WAREHOUSE,HOOKCONTAINER,False,8,8,8,8,8,8,8,8,8,8,8,8,8,8,8,8,8,8,8,8,8,8,8,8,8
5f58f604f7be2c07e8d727c9,683d96af9a6d4df64b30c34d,EASTLAND IRON AND METAL RECYCLING LLC,DELIVERLOAD,False,22,22,22,22,22,22,22,22,22,22,22,22,22,22,22,22,22,22,22,22,22,22,22,22,22
5f58f604f7be2c07e8d727c9,683d96af9a6d4df64b30c34d,EASTLAND IRON AND METAL RECYCLING LLC,DELIVERLOAD,True,82,82,82,82,82,82,82,82,82,82,82,82,82,82,82,82,82,82,82,82,82,82,82,82,82
5f58f604f7be2c07e8d727c9,667095656348d7205dace54a,Eco Fabriks LLC,DELIVERLOAD,False,22,22,22,22,22,22,22,22,22,22,22,22,22,22,22,22,22,22,22,22,22,22,22,22,22
5f58f604f7be2c07e8d727c9,67c0b5e573b6fe8d8b2c6518,Econo Lodge North,HOOKCONTAINER,False,8,8,8,8,8,8,8,8,8,8,8,8,8,8,8,8,8,8,8,8,8,8,8,8,8
5f58f604f7be2c07e8d727c9,6577a9ccc0b438166017a826,Emerald Paper,DELIVERLOAD,True,82,82,82,82,82,82,82,82,82,82,82,82,82,82,82,82,82,82,82,82,82,82,82,82,82
5f58f604f7be2c07e8d727c9,6703f58d909aba60b45d1a03,Emporia- Lot,HOOKCONTAINER,False,17,17,17,17,17,17,17,17,17,17,17,17,17,17,17,17,17,17,17,17,17,17,17,17,17
5f58f604f7be2c07e8d727c9,6698394dff4397e76ebac4ca,Emser Tile Distribution,DELIVERLOAD,True,54,54,54,54,54,54,54,54,54,54,54,54,54,54,54,54,54,54,54,54,54,54,54,54,54
5f58f604f7be2c07e8d727c9,6859b428dc1bc27b89da8168,"EPICORE NETWORKS USA INC (EASTAMPTON, NJ)",DELIVERLOAD,True,29,29,29,29,29,29,29,29,29,29,29,29,29,29,29,29,29,29,29,29,29,29,29,29,29
5f58f604f7be2c07e8d727c9,667dc82a2629032bf392a050,EROSION CONTROL,DELIVERLOAD,True,165,165,165,165,165,165,165,165,165,165,165,165,165,165,165,165,165,165,165,165,165,165,165,165,165
5f58f604f7be2c07e8d727c9,689a085fe68b29b2ebe48314,ETERNITY TECHNOLOGIES INC,DELIVERLOAD,False,38,38,38,38,38,38,38,38,38,38,38,38,38,38,38,38,38,38,38,38,38,38,38,38,38
5f58f604f7be2c07e8d727c9,686d492746c478a5d2cc5aaa,EVEREST ONLINE LLC,DELIVERLOAD,False,7,7,7,7,7,7,7,7,7,7,7,7,7,7,7,7,7,7,7,7,7,7,7,7,7
5f58f604f7be2c07e8d727c9,6878170d54e97a10f0d7d24f,Facade Distribution Group LLC,DELIVERLOAD,True,105,105,105,105,105,105,105,105,105,105,105,105,105,105,105,105,105,105,105,105,105,105,105,105,105
5f58f604f7be2c07e8d727c9,64e3ccd3b719ed7a421a704c,Family Dollar,DELIVERLOAD,False,47,47,47,47,47,47,47,47,47,47,47,47,47,47,47,47,47,47,47,47,47,47,47,47,47
5f58f604f7be2c07e8d727c9,64e3ccd3b719ed7a421a704c,Family Dollar,DELIVERLOAD,True,111,111,111,111,111,111,111,111,111,111,111,111,111,111,111,111,111,111,111,111,111,111,111,111,111
5f58f604f7be2c07e8d727c9,66b28c76edbb0f3ad11f9878,Ferguson,DELIVERLOAD,True,60,60,60,60,60,60,60,60,60,60,60,60,60,60,60,60,60,60,60,60,60,60,60,60,60
5f58f604f7be2c07e8d727c9,68927233c8d149e585187a0d,FERRARO FOODS,DELIVERLOAD,True,82,82,82,82,82,82,82,82,82,82,82,82,82,82,82,82,82,82,82,82,82,82,82,82,82
5f58f604f7be2c07e8d727c9,67886c5a92073827e16cf1c5,Fiber glass Representative,DELIVERLOAD,False,8,8,8,8,8,8,8,8,8,8,8,8,8,8,8,8,8,8,8,8,8,8,8,8,8
5f58f604f7be2c07e8d727c9,67886c5a92073827e16cf1c5,Fiber glass Representative,HOOKCONTAINER,False,83,83,83,83,83,83,83,83,83,83,83,83,83,83,83,83,83,83,83,83,83,83,83,83,83
5f58f604f7be2c07e8d727c9,6792a9fe61efd4d59c8013d9,FIRESTONE,DELIVERLOAD,True,26,26,26,26,26,26,26,26,26,26,26,26,26,26,26,26,26,26,26,26,26,26,26,26,26
5f58f604f7be2c07e8d727c9,64d687e4aae54615f033d3d9,First Coast,DELIVERLOAD,False,22,22,22,22,22,22,22,22,22,22,22,22,22,22,22,22,22,22,22,22,22,22,22,22,22
5f58f604f7be2c07e8d727c9,67ffdfab34a9e8b7c1d45de9,FORMOSA PLASTICS,DELIVERLOAD,False,22,22,22,22,22,22,22,22,22,22,22,22,22,22,22,22,22,22,22,22,22,22,22,22,22
5f58f604f7be2c07e8d727c9,67ffdfab34a9e8b7c1d45de9,FORMOSA PLASTICS,DELIVERLOAD,True,127,127,127,127,127,127,127,127,127,127,127,127,127,127,127,127,127,127,127,127,127,127,127,127,127
5f58f604f7be2c07e8d727c9,67ffdfab34a9e8b7c1d45de9,FORMOSA PLASTICS,HOOKCONTAINER,False,13,13,13,13,13,13,13,13,13,13,13,13,13,13,13,13,13,13,13,13,13,13,13,13,13
5f58f604f7be2c07e8d727c9,680a4b6a076abca721e8ad42,FORMOSA PLASTICS,DELIVERLOAD,False,22,22,22,22,22,22,22,22,22,22,22,22,22,22,22,22,22,22,22,22,22,22,22,22,22
5f58f604f7be2c07e8d727c9,680a4b6a076abca721e8ad42,FORMOSA PLASTICS,DELIVERLOAD,True,119,119,119,119,119,119,119,119,119,119,119,119,119,119,119,119,119,119,119,119,119,119,119,119,119
5f58f604f7be2c07e8d727c9,67697ee317647cfc3f055f7a,FreezePak,DELIVERLOAD,False,8,8,8,8,8,8,8,8,8,10,15,6,4,11,8,7,8,4,9,8,8,8,8,8,8
5f58f604f7be2c07e8d727c9,67697ee317647cfc3f055f7a,FreezePak,HOOKCONTAINER,False,13,13,13,13,13,13,13,13,13,13,12,13,33,13,13,13,8,13,13,13,13,13,13,13,13
5f58f604f7be2c07e8d727c9,661ef7ed1fdce812dc9f9a02,Freezpak Logistics,DELIVERLOAD,False,22,22,22,22,22,22,22,22,22,22,22,22,22,22,22,22,22,22,22,22,22,22,22,22,22
5f58f604f7be2c07e8d727c9,67c62b18d62d6d66a1342762,Freight Haulers Yard,HOOKCONTAINER,False,50,50,50,200,50,50,15,50,40,50,15,16,109,16,100,50,50,50,50,50,50,50,50,50,16
5f58f604f7be2c07e8d727c9,67cf4d1e73a9f8ffc0bef7e1,Freight Source Marietta,DELIVERLOAD,True,114,114,114,114,114,114,114,114,114,114,114,114,114,114,114,114,114,114,114,114,114,114,114,114,114
5f58f604f7be2c07e8d727c9,6778c035669d0a3533a6b427,F & S PRODUCE CO. IN.,DELIVERLOAD,True,119,119,119,119,119,119,119,119,119,119,119,119,119,119,119,119,119,119,119,119,119,119,119,119,119
5f58f604f7be2c07e8d727c9,6835d44c17b599a2a4ea9e41,GARRISON WAREHOUSE,DELIVERLOAD,True,139,139,139,139,139,139,139,139,139,139,139,139,139,139,139,139,139,139,139,139,139,139,139,139,139
5f58f604f7be2c07e8d727c9,6042381c47177973166fcd16,GCT BAYONNE,PULLCONTAINER,False,51,51,51,51,51,51,51,51,51,51,51,51,51,51,51,51,51,51,51,51,51,51,51,51,51
5f58f604f7be2c07e8d727c9,6042381c47177973166fcd16,GCT BAYONNE,RETURNCONTAINER,False,13,13,13,13,13,13,13,13,13,13,13,13,13,13,13,13,13,13,13,13,13,13,13,13,13
5f58f604f7be2c07e8d727c9,687e5e1cf777b76be26724f3,GENERAL RECYCLING LLC,DELIVERLOAD,True,82,82,82,82,82,82,82,82,82,82,82,82,82,82,82,82,82,82,82,82,82,82,82,82,82
5f58f604f7be2c07e8d727c9,666332f14baf9b87282a8ac9,Geodis,DELIVERLOAD,True,82,82,82,82,82,82,82,82,82,82,82,82,82,82,82,82,82,82,82,82,82,82,82,82,82
5f58f604f7be2c07e8d727c9,6841ceebe3d7bb18904fafbd,German Flooring,DELIVERLOAD,True,82,82,82,82,82,82,82,82,82,82,82,82,82,82,82,82,82,82,82,82,82,82,82,82,82
5f58f604f7be2c07e8d727c9,67bc8cd95ae9e629fe1c8f0a,GFS LOGISTICS,DELIVERLOAD,False,78,78,78,78,78,78,78,78,78,78,78,78,78,78,78,78,78,78,78,78,78,78,78,78,78
5f58f604f7be2c07e8d727c9,67bc8cd95ae9e629fe1c8f0a,GFS LOGISTICS,DELIVERLOAD,True,17,17,17,17,17,17,17,17,17,17,17,17,17,17,17,17,17,17,17,17,17,17,17,17,17
5f58f604f7be2c07e8d727c9,67b8a3ff2b4e3f67e0c9f896,Giesecke Devrient Currency Tech,DELIVERLOAD,True,37,37,37,37,37,37,37,37,37,37,37,37,37,37,37,37,37,37,37,37,37,37,37,37,37
5f58f604f7be2c07e8d727c9,5f58ffbd4a288a07f372d4d9,GLOBAL,PULLCONTAINER,False,47,47,47,47,47,47,47,47,29,43,47,79,14,118,62,17,54,47,47,47,47,47,47,47,47
5f58f604f7be2c07e8d727c9,5f58ffbd4a288a07f372d4d9,GLOBAL,RETURNCONTAINER,False,42,42,42,42,42,42,42,58,42,42,42,42,42,72,42,42,42,42,42,42,42,42,42,42,42
5f58f604f7be2c07e8d727c9,6883d67b3fc9d7c32bcfe1dd,GLOBAL SEAMLESS TUBE AND PIPES,DELIVERLOAD,False,22,22,22,22,22,22,22,22,22,22,22,22,22,22,22,22,22,22,22,22,22,22,22,22,22
5f58f604f7be2c07e8d727c9,66b6af069ddee489fa11595d,GLT  Gloucester Terminal,DELIVERLOAD,True,82,82,82,82,82,82,82,82,82,82,82,82,82,82,82,82,82,82,82,82,82,82,82,82,82
5f58f604f7be2c07e8d727c9,639cb1100c1b87162eb736f8,GNN YARD,HOOKCONTAINER,False,5,5,5,5,5,5,5,5,5,5,5,5,5,5,5,5,5,5,5,5,5,5,5,5,5
5f58f604f7be2c07e8d727c9,68a4b5a1b7d9b3a878a6429b,"GOODPACK IOWA, LA",DELIVERLOAD,False,55,55,55,55,55,55,55,55,55,55,55,55,55,55,55,55,55,55,55,55,55,55,55,55,55
5f58f604f7be2c07e8d727c9,68a4b5a1b7d9b3a878a6429b,"GOODPACK IOWA, LA",DELIVERLOAD,True,82,82,82,82,82,82,82,82,82,82,82,82,82,82,82,82,82,82,82,82,82,82,82,82,82
5f58f604f7be2c07e8d727c9,66c4abc9bb68954768cfa41f,Gordon Paper,DELIVERLOAD,True,85,85,85,85,85,85,85,85,85,85,85,85,85,85,85,85,85,85,85,85,85,85,85,85,85
5f58f604f7be2c07e8d727c9,6075cf7a0da2051d1a0cf4a4,GPA,DELIVERLOAD,True,82,82,82,82,82,82,82,82,82,82,82,82,82,82,82,82,82,82,82,82,82,82,82,82,82
5f58f604f7be2c07e8d727c9,6075cf7a0da2051d1a0cf4a4,GPA,PULLCONTAINER,False,63,63,63,63,63,63,68,37,105,67,75,64,63,63,50,63,63,63,63,63,63,63,63,63,63
5f58f604f7be2c07e8d727c9,6075cf7a0da2051d1a0cf4a4,GPA,RETURNCONTAINER,False,14,14,14,14,14,14,66,47,74,24,4,31,3,8,6,3,14,14,5,14,14,7,14,14,14
5f58f604f7be2c07e8d727c9,67c605db1fa300af0cdd83fc,GPC Land and Timber,DELIVERLOAD,True,48,48,48,48,48,48,48,48,48,48,48,48,48,48,48,48,48,48,48,48,48,48,48,48,48
5f58f604f7be2c07e8d727c9,6740cff725676025c0e9ab2d,GREAT WALL SEAFOOD VA LLC,DELIVERLOAD,True,82,82,82,82,82,82,82,82,82,82,82,82,82,82,82,82,82,82,82,82,82,82,82,82,82
5f58f604f7be2c07e8d727c9,683f4a4f4e84ba76cb5898ea,GREEN METAL RECYCLING,DELIVERLOAD,True,82,82,82,82,82,82,82,82,82,82,82,82,82,82,82,82,82,82,82,82,82,82,82,82,82
5f58f604f7be2c07e8d727c9,5fd110e6015c774bb29ef88b,GTG Linden,DELIVERLOAD,True,84,84,84,84,84,84,84,84,84,84,84,84,84,84,84,84,84,84,84,84,84,84,84,84,84
5f58f604f7be2c07e8d727c9,682b8eeedec637901850b259,GTG LOGISTICS,DELIVERLOAD,True,63,63,63,63,63,63,63,63,63,63,63,63,63,63,63,63,63,63,63,63,63,63,63,63,63
5f58f604f7be2c07e8d727c9,6807d46619427e1af307774f,GULF WINDS,HOOKCONTAINER,False,30,30,30,30,30,30,30,30,30,30,30,30,30,30,30,30,30,30,30,30,30,30,30,30,30
5f58f604f7be2c07e8d727c9,67b3888bc948b83b2fcbdcda,Gulf winds Broadway,PULLCONTAINER,False,29,29,29,29,29,29,29,29,29,29,29,29,29,29,29,29,29,29,29,29,29,29,29,29,29
5f58f604f7be2c07e8d727c9,685b342654c45fcf54fcb7b4,HAAS Group,DELIVERLOAD,True,82,82,82,82,82,82,82,82,82,82,82,82,82,82,82,82,82,82,82,82,82,82,82,82,82
5f58f604f7be2c07e8d727c9,687a6ca4687a1cb14a736d59,HABSMIDTOWNATL LLC,DELIVERLOAD,True,102,102,102,102,102,102,102,102,102,102,102,102,102,102,102,102,102,102,102,102,102,102,102,102,102
5f58f604f7be2c07e8d727c9,68b8790b57065a8c895efb38,HAWK STEEL,DELIVERLOAD,False,45,45,45,45,45,45,45,45,45,45,45,45,45,45,45,45,45,45,45,45,45,45,45,45,45
5f58f604f7be2c07e8d727c9,6772f57570b43b3a28574ca1,HCC Trading Inc,HOOKCONTAINER,False,11,11,11,11,11,11,11,11,11,11,11,11,11,11,11,11,11,11,11,11,11,11,11,11,11
5f58f604f7be2c07e8d727c9,67b8ae2a78a81b9dfc497f2a,HCC Trading Inc Warehouse,DELIVERLOAD,False,14,14,14,14,14,14,14,14,13,14,14,14,14,14,14,14,14,14,14,14,14,14,14,14,14
5f58f604f7be2c07e8d727c9,67b8ae2a78a81b9dfc497f2a,HCC Trading Inc Warehouse,HOOKCONTAINER,False,8,8,8,8,8,8,8,8,8,8,8,8,8,8,8,8,8,8,8,8,8,8,8,8,8
5f58f604f7be2c07e8d727c9,67815aaa9474afdcf88d4110,HCC Trading warehouse del,DELIVERLOAD,False,67,67,67,67,67,67,67,67,67,67,67,67,67,67,67,67,67,67,67,67,67,67,67,67,67
5f58f604f7be2c07e8d727c9,684c4358a377451a30171f5f,HENRIK KRUEGER,DELIVERLOAD,True,82,82,82,82,82,82,82,82,82,82,82,82,82,82,82,82,82,82,82,82,82,82,82,82,82
5f58f604f7be2c07e8d727c9,677c35e5eb9401391d93ef37,"HGR6-IXD,",DELIVERLOAD,False,34,34,34,34,34,34,34,34,34,34,34,34,34,34,34,34,34,34,34,34,34,34,34,34,34
5f58f604f7be2c07e8d727c9,67857cec2ff0dd7a99251287,HGR6-IXD - Amazon,DELIVERLOAD,False,8,8,8,8,8,8,8,8,8,8,8,8,8,8,8,8,8,8,8,8,8,8,8,8,8
5f58f604f7be2c07e8d727c9,67857cec2ff0dd7a99251287,HGR6-IXD - Amazon,DROPCONTAINER,False,85,85,85,85,85,85,85,85,85,85,85,85,85,85,85,85,85,85,85,85,85,85,85,85,85
5f58f604f7be2c07e8d727c9,66fc2788b0b51165d8e22c4f,High Point Facility,DELIVERLOAD,True,82,82,82,82,82,82,82,82,82,82,82,82,82,82,82,82,82,82,82,82,82,82,82,82,82
5f58f604f7be2c07e8d727c9,6889379548892adaf571217d,HILTI INC,DELIVERLOAD,True,82,82,82,82,82,82,82,82,82,82,82,82,82,82,82,82,82,82,82,82,82,82,82,82,82
5f58f604f7be2c07e8d727c9,5fbe5f4c581715745bc94e72,H&M Container Station,PULLCONTAINER,False,49,49,49,49,49,49,49,49,49,49,49,49,49,49,49,49,49,49,49,49,49,49,49,49,49
5f58f604f7be2c07e8d727c9,688a9f17edf76790b4645667,Holiday INN resort,DELIVERLOAD,False,5,5,5,5,5,5,5,5,5,5,5,5,5,5,5,5,5,5,5,5,5,5,5,5,5
5f58f604f7be2c07e8d727c9,679ad966e208ffc030f6d836,home depot,DELIVERLOAD,True,82,82,82,82,82,82,82,82,82,82,82,82,82,82,82,82,82,82,82,82,82,82,82,82,82
5f58f604f7be2c07e8d727c9,688a76d80ef8cc4228dbbaa9,HONDU SGIPPING,DELIVERLOAD,True,82,82,82,82,82,82,82,82,82,82,82,82,82,82,82,82,82,82,82,82,82,82,82,82,82
5f58f604f7be2c07e8d727c9,669920b00db6abe630067584,Hormel Foods Corp,DELIVERLOAD,False,22,22,22,22,22,22,22,22,22,22,22,22,22,22,22,22,22,22,22,22,22,22,22,22,22
5f58f604f7be2c07e8d727c9,669920b00db6abe630067584,Hormel Foods Corp,DELIVERLOAD,True,82,82,82,82,82,82,82,82,82,82,82,82,82,82,82,82,82,82,82,82,82,82,82,82,82
5f58f604f7be2c07e8d727c9,67b5766e082094ca3deffff8,Houston Commodity,DELIVERLOAD,True,82,82,82,82,82,82,82,82,82,82,82,82,82,82,82,82,82,82,82,82,82,82,82,82,82
5f58f604f7be2c07e8d727c9,686bd0e11e75b6dd0a98dba2,HOUSTON FOAM,DELIVERLOAD,True,98,98,98,98,98,98,98,98,98,98,98,98,98,98,98,98,98,98,98,98,98,98,98,98,98
5f58f604f7be2c07e8d727c9,673f8622b00400a0b41821e2,HOUSTON GNN,HOOKCONTAINER,False,7,7,7,3,7,7,4,9,15,7,7,7,7,7,7,7,7,7,7,7,7,7,7,7,7
5f58f604f7be2c07e8d727c9,688232def690e98ce57c401f,HOUSTON WAREHOUSE,DELIVERLOAD,False,22,22,22,22,22,22,22,22,22,22,22,22,22,22,22,22,22,22,22,22,22,22,22,22,22
5f58f604f7be2c07e8d727c9,688232def690e98ce57c401f,HOUSTON WAREHOUSE,HOOKCONTAINER,False,17,17,17,17,17,17,17,17,17,17,17,17,17,17,17,17,17,17,17,17,17,17,17,17,17
5f58f604f7be2c07e8d727c9,68c08198a7f17841cbb8687f,H. SCHRIER & CO INC,DELIVERLOAD,True,69,69,69,69,69,69,69,69,69,69,69,69,69,69,69,69,69,69,69,69,69,69,69,69,69
5f58f604f7be2c07e8d727c9,67c7288f107990a186223fb3,Huntsman Petrochemical,DELIVERLOAD,False,16,16,16,16,16,16,16,16,16,16,16,16,16,16,16,16,16,16,16,16,16,16,16,16,16
5f58f604f7be2c07e8d727c9,67c7288f107990a186223fb3,Huntsman Petrochemical,HOOKCONTAINER,False,49,49,49,49,49,49,49,49,49,49,49,49,49,49,49,49,49,49,49,49,49,49,49,49,49
5f58f604f7be2c07e8d727c9,686ecfd12f88db8b19a00802,HYC,DELIVERLOAD,False,59,59,59,59,59,59,59,59,59,59,59,59,59,59,59,59,59,59,59,59,59,59,59,59,59
5f58f604f7be2c07e8d727c9,68a646e9d1f5be9596e0aa83,HYC (170 LEHIGH),DELIVERLOAD,False,86,86,86,86,86,86,86,86,86,86,86,86,86,86,86,86,86,86,86,86,86,86,86,86,86
5f58f604f7be2c07e8d727c9,687ed3873f4c0a41b806e1ce,HYC (LND NEWARK(,DELIVERLOAD,True,171,171,171,171,171,171,171,171,171,171,171,171,171,171,171,171,171,171,171,171,171,171,171,171,171
5f58f604f7be2c07e8d727c9,689281976fe5e0261941ecfc,HYC (RUTGERS),DELIVERLOAD,True,82,82,82,82,82,82,82,82,82,82,82,82,82,82,82,82,82,82,82,82,82,82,82,82,82
5f58f604f7be2c07e8d727c9,686febe6bd1d406f41e12f0f,HYC (SHIP FLOW),DELIVERLOAD,False,25,25,25,25,25,25,25,25,25,25,25,25,25,25,25,25,25,25,25,25,25,25,25,25,25
5f58f604f7be2c07e8d727c9,686febe6bd1d406f41e12f0f,HYC (SHIP FLOW),DELIVERLOAD,True,105,105,105,105,105,105,105,105,105,105,105,105,105,105,105,105,105,105,105,105,105,105,105,105,105
5f58f604f7be2c07e8d727c9,684c905400db8ee76c1ae661,ICON AT AUSTIN,DELIVERLOAD,False,22,22,22,22,22,22,22,22,22,22,22,22,22,22,22,22,22,22,22,22,22,22,22,22,22
5f58f604f7be2c07e8d727c9,684c905400db8ee76c1ae661,ICON AT AUSTIN,DELIVERLOAD,True,99,99,99,99,99,99,99,99,99,99,99,99,99,99,99,99,99,99,99,99,99,99,99,99,99
5f58f604f7be2c07e8d727c9,68894d525463fd767f628a7e,IDC warehouse,DELIVERLOAD,True,82,82,82,82,82,82,82,82,82,82,82,82,82,82,82,82,82,82,82,82,82,82,82,82,82
5f58f604f7be2c07e8d727c9,6851f4f9e60398225dc80801,IMC Houston,RETURNCONTAINER,False,21,21,21,21,21,21,21,21,21,21,21,21,21,21,21,21,21,21,21,21,21,21,21,21,21
5f58f604f7be2c07e8d727c9,6787c8d2b5dee0b86d6750d7,Industrial Power Inc,DELIVERLOAD,True,77,77,77,77,77,77,77,77,77,77,77,77,77,77,77,77,77,77,77,77,77,77,77,77,77
5f58f604f7be2c07e8d727c9,67bfe7d9584aca350c70234d,Ingram Micro Mobility,HOOKCONTAINER,False,41,41,41,41,41,41,41,41,41,41,41,41,41,41,41,41,41,41,41,41,41,41,41,41,41
5f58f604f7be2c07e8d727c9,65e2b48c33107690241fa74e,International Gourmet Foods,DELIVERLOAD,True,82,82,82,82,82,82,82,82,82,82,82,82,82,82,82,82,82,82,82,82,82,82,82,82,82
5f58f604f7be2c07e8d727c9,686d494a698b506a2dc8065a,International Wholesale Inc. (KPD),DELIVERLOAD,True,110,110,110,110,110,110,110,110,110,110,110,110,110,110,110,110,110,110,110,110,110,110,110,110,110
5f58f604f7be2c07e8d727c9,5fd2490cb27615311e1029b4,Interport,RETURNCONTAINER,False,54,54,54,54,54,54,54,54,54,54,54,54,54,54,54,54,54,54,54,54,54,54,54,54,54
5f58f604f7be2c07e8d727c9,6495b0f0de537b163587fd24,INTERPORT - STG Yard,PULLCONTAINER,False,51,51,51,51,51,51,51,51,51,51,51,51,51,51,51,51,51,51,51,51,51,51,51,51,51
5f58f604f7be2c07e8d727c9,67898dbc21d63c71da6bc24b,Interport Yard Savannah,PULLCONTAINER,False,51,51,51,51,51,51,51,51,51,51,51,51,51,51,51,51,51,51,51,51,51,51,51,51,51
5f58f604f7be2c07e8d727c9,67bbde6bfd214fb1d2aa16d7,Irving,DELIVERLOAD,False,31,31,31,31,31,31,31,31,31,31,31,31,31,31,31,31,31,31,31,31,31,31,31,31,31
5f58f604f7be2c07e8d727c9,68bf1d053d0408ac43e26866,IUSF-S,DELIVERLOAD,False,23,23,23,23,23,23,23,23,23,23,23,23,23,23,23,23,23,23,23,23,23,23,23,23,23
5f58f604f7be2c07e8d727c9,68bf1d053d0408ac43e26866,IUSF-S,HOOKCONTAINER,False,17,17,17,17,17,17,17,17,17,17,17,17,17,17,17,17,17,17,17,17,17,17,17,17,17
5f58f604f7be2c07e8d727c9,689cf808d0349bb0cb2337b6,"IUSR, Amazon Cowpens",DELIVERLOAD,False,17,17,17,17,17,17,17,17,17,17,17,17,17,17,17,17,17,17,17,17,17,17,17,17,17
5f58f604f7be2c07e8d727c9,689cf808d0349bb0cb2337b6,"IUSR, Amazon Cowpens",DELIVERLOAD,True,14,14,14,14,14,14,14,14,14,14,14,14,14,14,14,14,14,14,14,14,14,14,14,14,14
5f58f604f7be2c07e8d727c9,689cf808d0349bb0cb2337b6,"IUSR, Amazon Cowpens",DROPCONTAINER,False,48,48,48,48,48,48,48,48,48,48,48,48,48,48,48,48,48,48,48,48,48,48,48,48,48
5f58f604f7be2c07e8d727c9,67e5bbb0d8e722d09703e867,IWCO DIRECT,DELIVERLOAD,True,79,79,79,79,79,79,79,79,79,79,79,79,79,79,79,79,79,79,79,79,79,79,79,79,79
5f58f604f7be2c07e8d727c9,679ff29161049c3a492b590a,Jacinto Port,PULLCONTAINER,False,53,53,53,53,53,53,53,53,53,53,53,53,53,53,53,53,53,53,53,53,53,53,53,53,53
5f58f604f7be2c07e8d727c9,682cc6200ab07ef3f401d43f,Jaz Forwarding,RETURNCONTAINER,False,35,35,35,35,35,35,35,35,35,35,35,35,35,35,35,35,35,35,35,35,35,35,35,35,35
5f58f604f7be2c07e8d727c9,614b464fdedc79159fcdc92f,JAZ INDUSTRIES LLC,RETURNCONTAINER,False,35,35,35,35,35,35,35,35,35,35,35,35,35,35,35,35,35,35,35,35,35,35,35,35,35
5f58f604f7be2c07e8d727c9,66eb27bcf6e3396024c4b16f,JB MARTIN,DELIVERLOAD,True,34,34,34,34,34,34,34,34,34,34,34,34,34,34,34,34,34,34,34,34,34,34,34,34,34
5f58f604f7be2c07e8d727c9,67689695122ab7a36cdfefad,JEFF MARTIN AUCTIONEERS,DELIVERLOAD,True,82,82,82,82,82,82,82,82,82,82,82,82,82,82,82,82,82,82,82,82,82,82,82,82,82
5f58f604f7be2c07e8d727c9,67910de7b4ad96d6f68746ef,JEFF MARTIN AUCTIONEERS INC,DELIVERLOAD,True,82,82,82,82,82,82,82,82,82,82,82,82,82,82,82,82,82,82,82,82,82,82,82,82,82
5f58f604f7be2c07e8d727c9,68248ee2d292d8ef7bb8002e,"JJOSEPHSON,INC",DELIVERLOAD,False,71,71,71,71,71,71,71,71,71,71,71,71,71,71,71,71,71,71,71,71,71,71,71,71,71
5f58f604f7be2c07e8d727c9,68248ee2d292d8ef7bb8002e,"JJOSEPHSON,INC",DELIVERLOAD,True,98,98,98,98,98,98,98,98,98,98,98,98,98,98,98,98,98,98,98,98,98,98,98,98,98
5f58f604f7be2c07e8d727c9,64b546e071b74c163c26d7f7,J.KNIPPER & COMPANY,DELIVERLOAD,False,60,60,60,60,60,60,60,60,60,60,60,60,60,60,60,60,60,60,60,60,60,60,60,60,60
5f58f604f7be2c07e8d727c9,64b546e071b74c163c26d7f7,J.KNIPPER & COMPANY,DELIVERLOAD,True,97,97,97,97,97,97,97,97,97,97,97,97,97,97,97,97,97,97,97,97,97,97,97,97,97
5f58f604f7be2c07e8d727c9,67b370ec387469f6fa1925e5,Johnson Health Tech,DELIVERLOAD,False,75,75,75,75,75,75,75,139,51,101,66,75,75,75,75,75,75,75,75,75,75,75,75,75,75
5f58f604f7be2c07e8d727c9,67b370ec387469f6fa1925e5,Johnson Health Tech,DELIVERLOAD,True,47,47,47,47,47,47,47,47,47,47,47,47,47,47,47,47,47,47,47,47,47,47,47,47,47
5f58f604f7be2c07e8d727c9,67bf9497e6cc2f1a62de5dcf,JSL Partners,DELIVERLOAD,True,64,64,64,64,64,64,64,64,64,64,64,64,64,64,64,64,64,64,64,64,64,64,64,64,64
5f58f604f7be2c07e8d727c9,678898169cb657086d152a7c,KALAHARI C/O NEUMAN POOLS INC,DELIVERLOAD,False,6,6,6,6,6,6,6,6,6,6,6,6,6,6,6,6,6,6,6,6,6,6,6,6,6
5f58f604f7be2c07e8d727c9,684376769b339fc955a0badf,K AMP TIRE m TIRE c/OF cITY lIMIT TIRE,DELIVERLOAD,True,57,57,57,57,57,57,57,57,57,57,57,57,57,57,57,57,57,57,57,57,57,57,57,57,57
5f58f604f7be2c07e8d727c9,684375cf767d18f296b360bf,k AND AMP tIRE c/C cITY LIMIT TIRE,DELIVERLOAD,True,110,110,110,110,110,110,110,110,110,110,110,110,110,110,110,110,110,110,110,110,110,110,110,110,110
5f58f604f7be2c07e8d727c9,679ff32c0ef95775380c9a07,Katoen Natie,DELIVERLOAD,False,80,80,80,80,80,80,80,80,80,80,80,80,80,80,80,80,80,80,80,80,80,80,80,80,80
5f58f604f7be2c07e8d727c9,679ff32c0ef95775380c9a07,Katoen Natie,HOOKCONTAINER,False,64,64,64,64,64,64,64,64,64,64,64,64,64,64,64,64,64,64,64,64,64,64,64,64,64
5f58f604f7be2c07e8d727c9,67998b08952950df25922fe5,Kayco,DELIVERLOAD,True,82,82,82,82,82,82,82,82,82,82,82,82,82,82,82,82,82,82,82,82,82,82,82,82,82
5f58f604f7be2c07e8d727c9,682cc7ef1ac539b2e4df2dc3,KGL AMERICA,DELIVERLOAD,False,22,22,22,22,22,22,22,22,22,22,22,22,22,22,22,22,22,22,22,22,22,22,22,22,22
5f58f604f7be2c07e8d727c9,6812727fdab523d822428835,KNOWN GROUP INC.,DELIVERLOAD,True,82,82,82,82,82,82,82,82,82,82,82,82,82,82,82,82,82,82,82,82,82,82,82,82,82
5f58f604f7be2c07e8d727c9,68a491ddc9097adabba68b07,KOCH-GLITSCH,DELIVERLOAD,False,50,50,50,50,50,50,50,50,50,50,50,50,50,50,50,50,50,50,50,50,50,50,50,50,50
5f58f604f7be2c07e8d727c9,68a491ddc9097adabba68b07,KOCH-GLITSCH,DELIVERLOAD,True,65,65,65,65,65,65,65,65,65,65,65,65,65,65,65,65,65,65,65,65,65,65,65,65,65
5f58f604f7be2c07e8d727c9,686c499b43fbc5ad7bd614e8,kohls,DELIVERLOAD,True,25,25,25,25,25,25,25,25,25,25,25,25,25,25,25,25,25,25,25,25,25,25,25,25,25
5f58f604f7be2c07e8d727c9,668cf1bfd59a39287eba3139,KUMON PUBLISHING NORTH AMERICA,DELIVERLOAD,False,12,12,12,12,12,12,12,12,12,12,12,12,12,12,12,12,12,12,12,12,12,12,12,12,12
5f58f604f7be2c07e8d727c9,6882adf7e80aaa20c4c14e74,la central inc,DELIVERLOAD,False,22,22,22,22,22,22,22,22,22,22,22,22,22,22,22,22,22,22,22,22,22,22,22,22,22
5f58f604f7be2c07e8d727c9,6786b695ec017201c083dc55,Lancaster Leaf Tabacco Company,DELIVERLOAD,True,82,82,82,82,82,82,82,82,82,82,82,82,82,82,82,82,82,82,82,82,82,82,82,82,82
5f58f604f7be2c07e8d727c9,68a4c924a91a8d8aed149041,LANDIS EXPRESS INC,DELIVERLOAD,True,82,82,82,82,82,82,82,82,82,82,82,82,82,82,82,82,82,82,82,82,82,82,82,82,82
5f58f604f7be2c07e8d727c9,67a250879434ef84a6369cec,LBK Dallas Warehouse,DELIVERLOAD,False,58,58,58,58,58,58,58,58,58,58,58,58,58,58,58,58,58,58,58,58,58,58,58,58,58
5f58f604f7be2c07e8d727c9,67a250879434ef84a6369cec,LBK Dallas Warehouse,DELIVERLOAD,True,33,33,33,33,33,33,33,33,33,33,33,33,33,33,33,33,33,33,33,33,33,33,33,33,33
5f58f604f7be2c07e8d727c9,6818be09a71590cbf81afbc8,Leticia Corporation Sub Berry Global inc,DELIVERLOAD,True,82,82,82,82,82,82,82,82,82,82,82,82,82,82,82,82,82,82,82,82,82,82,82,82,82
5f58f604f7be2c07e8d727c9,679c499479c27b309e9738df,Liebers Food Products,DELIVERLOAD,True,82,82,82,82,82,82,82,82,82,82,82,82,82,82,82,82,82,82,82,82,82,82,82,82,82
5f58f604f7be2c07e8d727c9,68926d8052cbbafa06c8256c,Lincoln Highway,DELIVERLOAD,True,82,82,82,82,82,82,82,82,82,82,82,82,82,82,82,82,82,82,82,82,82,82,82,82,82
5f58f604f7be2c07e8d727c9,689e578a8fa90179528cde61,Lineage Express,DELIVERLOAD,False,7,7,7,7,7,7,7,7,7,7,7,7,7,7,7,7,7,7,7,7,7,7,7,7,7
5f58f604f7be2c07e8d727c9,66a26785d5814ccff1a36064,Lineage Smithfield,DELIVERLOAD,True,82,82,82,82,82,82,82,82,82,82,82,82,82,82,82,82,82,82,82,82,82,82,82,82,82
5f58f604f7be2c07e8d727c9,67f6a2ceba0ad5ca53a5fb0c,lion elastomers,DELIVERLOAD,False,22,22,22,22,22,22,22,22,22,22,22,22,22,22,22,22,22,22,22,22,22,22,22,22,22
5f58f604f7be2c07e8d727c9,67f6a2ceba0ad5ca53a5fb0c,lion elastomers,DELIVERLOAD,True,126,126,126,126,126,126,126,126,126,126,126,126,126,126,126,126,126,126,126,126,126,126,126,126,126
5f58f604f7be2c07e8d727c9,67edde6cfaf87f206ddf0a65,Lion elastomers,DELIVERLOAD,False,55,55,55,55,55,55,55,55,55,55,55,55,55,55,55,55,55,55,55,55,55,55,55,55,55
5f58f604f7be2c07e8d727c9,67edde6cfaf87f206ddf0a65,Lion elastomers,DELIVERLOAD,True,91,91,91,91,91,91,91,91,91,91,91,91,91,91,91,91,91,91,91,91,91,91,91,91,91
5f58f604f7be2c07e8d727c9,672bf68854ba5079abc06814,Lion Elastomers,DELIVERLOAD,False,71,71,71,71,71,71,71,71,71,71,71,71,71,71,71,71,71,71,71,71,71,71,71,71,71
5f58f604f7be2c07e8d727c9,672bf68854ba5079abc06814,Lion Elastomers,DELIVERLOAD,True,46,46,46,46,46,46,46,46,46,47,79,46,46,46,46,46,46,46,46,46,46,46,46,46,46
5f58f604f7be2c07e8d727c9,68a332109f5e2d638ada4343,"Lion	elastomers	orange,	llc c/o wilson warehouse",DELIVERLOAD,True,125,125,125,125,125,125,125,125,125,125,125,125,125,125,125,125,125,125,125,125,125,125,125,125,125
5f58f604f7be2c07e8d727c9,67fd858c04abc82e0926961e,Lion Trans &amp; Whse LLC,DELIVERLOAD,True,82,82,82,82,82,82,82,82,82,82,82,82,82,82,82,82,82,82,82,82,82,82,82,82,82
5f58f604f7be2c07e8d727c9,6823ce95f2986fbc78f6cdf1,Lowe Rental,DELIVERLOAD,False,69,69,69,69,69,69,69,69,69,69,69,69,69,69,69,69,69,69,69,69,69,69,69,69,69
5f58f604f7be2c07e8d727c9,6753009e79406dd21e773ef8,Lowes DC 3469,DELIVERLOAD,False,4,4,4,4,4,4,4,4,4,4,4,4,4,4,4,4,4,4,4,4,4,4,4,4,4
5f58f604f7be2c07e8d727c9,61cf2973818b4035e2965d88,Lowes - Greensboro,DELIVERLOAD,False,35,35,35,35,35,35,35,35,35,35,35,35,35,35,35,35,35,35,35,35,35,35,35,35,35
5f58f604f7be2c07e8d727c9,61cf2973818b4035e2965d88,Lowes - Greensboro,DELIVERLOAD,True,3,3,3,3,3,3,3,3,3,3,3,3,3,3,3,3,3,3,3,3,3,3,3,3,3
5f58f604f7be2c07e8d727c9,61cf2973818b4035e2965d88,Lowes - Greensboro,HOOKCONTAINER,False,36,36,36,36,36,36,36,36,36,36,36,36,36,36,36,36,36,36,36,36,36,36,36,36,36
5f58f604f7be2c07e8d727c9,6266aa5d4fdaa7564c6e345c,Lowes JT,DELIVERLOAD,False,21,21,38,33,21,21,21,21,21,21,21,21,21,6,21,21,21,21,21,21,21,84,21,21,40
5f58f604f7be2c07e8d727c9,6266aa5d4fdaa7564c6e345c,Lowes JT,HOOKCONTAINER,False,17,17,17,17,17,17,17,17,17,17,17,17,17,17,17,17,17,17,17,17,17,17,17,17,17
5f58f604f7be2c07e8d727c9,64e66e7ddcd90f16231a6e7e,Lowe's warehouse,DELIVERLOAD,False,34,34,34,34,34,34,34,34,34,34,34,34,34,34,34,34,34,34,34,34,34,34,34,34,34
5f58f604f7be2c07e8d727c9,68012223d13803ec7ecbda5b,LS ELECTRIC AMERICA,DELIVERLOAD,False,31,31,31,31,31,31,31,31,31,31,31,31,31,31,31,31,31,31,31,31,31,31,31,31,31
5f58f604f7be2c07e8d727c9,68012223d13803ec7ecbda5b,LS ELECTRIC AMERICA,DELIVERLOAD,True,82,82,82,82,82,82,82,82,82,82,82,82,82,82,82,82,82,82,82,82,82,82,82,82,82
5f58f604f7be2c07e8d727c9,6799db4538186484b49d46d9,LUUL HOME INC,DELIVERLOAD,False,11,11,11,11,11,11,11,11,11,11,11,9,11,11,11,26,11,11,11,11,11,11,11,11,11
5f58f604f7be2c07e8d727c9,6799db4538186484b49d46d9,LUUL HOME INC,HOOKCONTAINER,False,68,68,68,68,68,68,68,68,68,68,68,68,68,68,68,68,68,68,68,68,68,68,68,68,68
5f58f604f7be2c07e8d727c9,68adfa51f3da5b874315f959,Luxor Factory,DELIVERLOAD,False,22,22,22,22,22,22,22,22,22,22,22,22,22,22,22,22,22,22,22,22,22,22,22,22,22
5f58f604f7be2c07e8d727c9,686eb522bae754cc54d4e494,LUXURY GOODS,DELIVERLOAD,False,5,5,5,5,5,5,5,5,5,5,5,5,5,5,5,5,5,5,5,5,5,5,5,5,5
5f58f604f7be2c07e8d727c9,68c8771d60caf9d215708de4,Mackenzie-Childs,DELIVERLOAD,False,22,22,22,22,22,22,22,22,22,22,22,22,22,22,22,22,22,22,22,22,22,22,22,22,22
5f58f604f7be2c07e8d727c9,68c8771d60caf9d215708de4,Mackenzie-Childs,DELIVERLOAD,True,140,140,140,140,140,140,140,140,140,140,140,140,140,140,140,140,140,140,140,140,140,140,140,140,140
5f58f604f7be2c07e8d727c9,67c72b0b63d5cea5f117d065,Mackeys Ferry Sawmill,DELIVERLOAD,True,10,10,10,10,10,10,10,10,10,10,10,10,10,10,10,10,10,10,10,10,10,10,10,10,10
5f58f604f7be2c07e8d727c9,5f58ff96f444b54933565d39,MAHER,PULLCONTAINER,False,47,47,47,47,47,47,77,49,34,54,66,53,57,53,35,58,44,34,39,43,47,47,47,47,47
5f58f604f7be2c07e8d727c9,5f58ff96f444b54933565d39,MAHER,RETURNCONTAINER,False,27,27,27,27,27,27,4,27,15,27,29,37,69,22,27,27,39,39,22,27,27,27,27,27,27
5f58f604f7be2c07e8d727c9,6025538e2ca3a608f7559141,MAHER TERMINAL,PULLCONTAINER,False,53,53,53,53,53,53,53,53,78,161,53,41,53,53,53,53,31,53,53,53,53,53,53,53,53
5f58f604f7be2c07e8d727c9,6025538e2ca3a608f7559141,MAHER TERMINAL,RETURNCONTAINER,False,6,6,6,6,6,6,6,6,6,6,6,6,6,6,6,6,6,6,6,6,6,6,6,6,6
5f58f604f7be2c07e8d727c9,65c6838ebc1260d5869a0dcb,Manfredi Cold storage,DELIVERLOAD,True,100,100,100,100,100,100,100,100,100,100,100,100,100,100,100,100,100,100,100,100,100,100,100,100,100
5f58f604f7be2c07e8d727c9,682270b28139635473011930,MARBLE BOTTLES LLC,DELIVERLOAD,True,82,82,82,82,82,82,82,82,82,82,82,82,82,82,82,82,82,82,82,82,82,82,82,82,82
5f58f604f7be2c07e8d727c9,614b47729d74091573783e2e,MARINE REPAIR SERVICRS,RETURNCONTAINER,False,35,35,35,35,35,35,35,35,35,35,35,35,35,35,35,35,35,35,35,35,35,35,35,35,35
5f58f604f7be2c07e8d727c9,67b3435112668da74a526f8f,MARINER LLC,DELIVERLOAD,False,22,22,22,22,22,22,22,22,22,22,22,22,22,22,22,22,22,22,22,22,22,22,22,22,22
5f58f604f7be2c07e8d727c9,67b3435112668da74a526f8f,MARINER LLC,DELIVERLOAD,True,147,147,147,147,147,147,147,147,147,147,147,147,147,147,147,147,147,147,147,147,147,147,147,147,147
5f58f604f7be2c07e8d727c9,68910aef50990769fd3750f9,MAS-LOGISTICS C/O UNOMEDICAL,DELIVERLOAD,False,22,22,22,22,22,22,22,22,22,22,22,22,22,22,22,22,22,22,22,22,22,22,22,22,22
5f58f604f7be2c07e8d727c9,67a625f0d378508cbe240a36,MasterBrand,DELIVERLOAD,True,114,114,114,114,114,114,114,114,114,114,114,114,114,114,114,114,114,114,114,114,114,114,114,114,114
5f58f604f7be2c07e8d727c9,67d2fa00eb72328a16343183,Master Carlisle,DELIVERLOAD,False,38,38,38,38,38,38,38,38,38,38,38,38,38,38,38,38,38,38,38,38,38,38,38,38,38
5f58f604f7be2c07e8d727c9,67f48a31e580e22f8a9c3dd3,Mastronardi Produce,DELIVERLOAD,True,82,82,82,82,82,82,82,82,82,82,82,82,82,82,82,82,82,82,82,82,82,82,82,82,82
5f58f604f7be2c07e8d727c9,6839cc72d1e2c1c5c5136222,"MCDONOUGH, GA ( ATD 732)",DELIVERLOAD,False,22,22,22,22,22,22,22,22,22,22,22,22,22,22,22,22,22,22,22,22,22,22,22,22,22
5f58f604f7be2c07e8d727c9,6839cc72d1e2c1c5c5136222,"MCDONOUGH, GA ( ATD 732)",HOOKCONTAINER,False,5,5,5,5,5,5,5,5,5,5,5,5,5,5,5,5,5,5,5,5,5,5,5,5,5
5f58f604f7be2c07e8d727c9,6760486b6c606726a6660f89,MDC - Standard Textile,DELIVERLOAD,False,13,13,13,13,13,13,13,13,13,13,13,13,13,13,13,13,13,13,13,13,13,13,13,13,13
5f58f604f7be2c07e8d727c9,6818d613aaa40383a88abce7,M. FELLINGER CO. C/O FANELLI WAREHOUSE,DELIVERLOAD,False,22,22,22,22,22,22,22,22,22,22,22,22,22,22,22,22,22,22,22,22,22,22,22,22,22
5f58f604f7be2c07e8d727c9,6818d613aaa40383a88abce7,M. FELLINGER CO. C/O FANELLI WAREHOUSE,DELIVERLOAD,True,82,82,82,82,82,82,82,82,82,82,82,82,82,82,82,82,82,82,82,82,82,82,82,82,82
5f58f604f7be2c07e8d727c9,6245626a4f90cd643e675a60,MID ATLANTIC LEASING,RETURNCONTAINER,False,35,35,35,35,35,35,35,35,35,35,35,35,35,35,35,35,35,35,35,35,35,35,35,35,35
5f58f604f7be2c07e8d727c9,61a6a2d064fa8d610865a4dc,Mid- Atlantic Leasing Corp,RETURNCONTAINER,False,35,35,35,35,35,35,35,35,35,35,35,35,35,35,35,35,35,35,35,35,35,35,35,35,35
5f58f604f7be2c07e8d727c9,67dd868bc14c7e38bbcef327,Military Distribu on of VA,RETURNCONTAINER,False,24,24,24,24,24,24,24,24,24,24,24,24,24,24,24,24,24,24,24,24,24,24,24,24,24
5f58f604f7be2c07e8d727c9,688261b4bab0f72fa4ece404,Milton1,DELIVERLOAD,False,29,29,29,29,29,29,29,29,29,29,29,29,29,29,29,29,29,29,29,29,29,29,29,29,29
5f58f604f7be2c07e8d727c9,6892631766a00440282682fb,Mitsubishi Electric Trane HVAC LLc,DELIVERLOAD,True,159,159,159,159,159,159,159,159,159,159,159,159,159,159,159,159,159,159,159,159,159,159,159,159,159
5f58f604f7be2c07e8d727c9,686558e277db08217576a47c,M&O FREEZER & COLD STORAGE,DELIVERLOAD,True,62,62,62,62,62,62,62,62,62,62,62,62,62,62,62,62,62,62,62,62,62,62,62,62,62
5f58f604f7be2c07e8d727c9,672f0af6d8aeaa25f324a8ac,MRS,HOOKCONTAINER,False,17,17,17,17,17,17,17,17,17,17,17,17,17,17,17,17,17,17,17,17,17,17,17,17,17
5f58f604f7be2c07e8d727c9,67b7e4e8618425fde618d6af,mrs Marine Service repair,RETURNCONTAINER,False,35,35,35,35,35,35,35,35,35,35,35,35,35,35,35,35,35,35,35,35,35,35,35,35,35
5f58f604f7be2c07e8d727c9,60803867c4f9f21fe3cab2f1,MRS NORFOLK DEPOT II,RETURNCONTAINER,False,50,50,50,50,50,50,50,50,50,50,50,50,50,50,50,50,50,50,50,50,50,50,50,50,50
5f58f604f7be2c07e8d727c9,68236f1f434c7718afe4b8db,MULTIVAC C/O NPL ROMARK LOGIST,DELIVERLOAD,False,54,54,54,54,54,54,54,54,54,54,54,54,54,54,54,54,54,54,54,54,54,54,54,54,54
5f58f604f7be2c07e8d727c9,68236f1f434c7718afe4b8db,MULTIVAC C/O NPL ROMARK LOGIST,DELIVERLOAD,True,40,40,40,40,40,40,40,40,40,40,40,40,40,40,40,40,40,40,40,40,40,40,40,40,40
5f58f604f7be2c07e8d727c9,67e6b12adb2e427ea8ee7d85,Nefco - Durham,DELIVERLOAD,True,54,54,54,54,54,54,54,54,54,54,54,54,54,54,54,54,54,54,54,54,54,54,54,54,54
5f58f604f7be2c07e8d727c9,677817a2159580d72368359f,Nefco Greensboro,DELIVERLOAD,True,80,80,80,80,80,80,80,80,80,80,80,80,80,80,80,80,80,80,80,80,80,80,80,80,80
5f58f604f7be2c07e8d727c9,674c9dae2cdf6a9a9e69a000,Nefco Mid-South Richmond,DELIVERLOAD,True,82,82,82,82,82,82,82,82,82,82,82,82,82,82,82,82,82,82,82,82,82,82,82,82,82
5f58f604f7be2c07e8d727c9,686edd95d1281f63de4169f9,Nestl Health Science,DELIVERLOAD,True,82,82,82,82,82,82,82,82,82,82,82,82,82,82,82,82,82,82,82,82,82,82,82,82,82
5f58f604f7be2c07e8d727c9,682ce0ce7706f30aa93f0635,Newport Distribution Services,DELIVERLOAD,True,41,41,41,41,41,41,41,41,41,41,41,41,41,41,41,41,41,41,41,41,41,41,41,41,41
5f58f604f7be2c07e8d727c9,688d28dec7e5cae648ef3616,"Nike NALC, 3699 Swoosh Wy, Memphis, TNUSA",DELIVERLOAD,False,6,6,6,6,6,6,6,6,6,6,6,6,6,6,6,6,6,6,6,6,6,6,6,6,6
5f58f604f7be2c07e8d727c9,688d28dec7e5cae648ef3616,"Nike NALC, 3699 Swoosh Wy, Memphis, TNUSA",DROPCONTAINER,False,7,7,7,7,7,7,7,7,7,7,7,7,7,7,7,7,7,7,7,7,7,7,7,7,7
5f58f604f7be2c07e8d727c9,5f71de7789918007ff087358,NIT,PULLCONTAINER,False,66,66,66,66,66,66,102,66,105,61,128,66,26,23,66,66,66,66,66,66,66,66,66,66,66
5f58f604f7be2c07e8d727c9,5f71de7789918007ff087358,NIT,RETURNCONTAINER,False,39,39,39,39,39,39,39,39,39,39,39,15,104,101,39,11,33,39,39,39,39,39,39,39,39
5f58f604f7be2c07e8d727c9,62fabc41e5f4cf1615e49dcc,NIT,RETURNCONTAINER,False,35,35,35,35,35,35,35,35,35,35,35,35,35,35,35,35,35,35,35,35,35,35,35,35,35
5f58f604f7be2c07e8d727c9,67e07cf71db56439ebb50a46,NITA WAY,DELIVERLOAD,True,87,87,87,87,87,87,87,87,87,87,87,87,87,87,87,87,87,87,87,87,87,87,87,87,87
5f58f604f7be2c07e8d727c9,6242feec86b1335bf3c90e2c,NJ KARZ,RETURNCONTAINER,False,35,35,35,35,35,35,35,35,35,35,35,35,35,35,35,35,35,35,35,35,35,35,35,35,35
5f58f604f7be2c07e8d727c9,686cbd4a686d4ff0953edd3a,NORTH POINT GREENSBORO WAREHOUSE,DELIVERLOAD,False,22,22,22,22,22,22,22,22,22,22,22,22,22,22,22,22,22,22,22,22,22,22,22,22,22
5f58f604f7be2c07e8d727c9,686cbd4a686d4ff0953edd3a,NORTH POINT GREENSBORO WAREHOUSE,DELIVERLOAD,True,106,106,106,106,106,106,106,106,106,106,106,106,106,106,106,106,106,106,106,106,106,106,106,106,106
5f58f604f7be2c07e8d727c9,675dab5fb48f735002c53827,Nova Stone,DELIVERLOAD,False,34,34,34,34,34,34,34,34,34,34,34,34,34,34,34,34,34,34,34,34,34,34,34,34,34
5f58f604f7be2c07e8d727c9,675dab5fb48f735002c53827,Nova Stone,DELIVERLOAD,True,42,42,42,42,42,42,42,42,42,42,42,42,42,42,42,42,42,42,42,42,42,42,42,42,42
5f58f604f7be2c07e8d727c9,63a30c720a4d2b167eac62f1,NPA Coatings,DELIVERLOAD,False,86,86,86,86,86,86,86,86,86,86,86,86,86,86,86,86,86,86,86,86,86,86,86,86,86
5f58f604f7be2c07e8d727c9,63a30c720a4d2b167eac62f1,NPA Coatings,DELIVERLOAD,True,152,152,152,152,152,152,152,152,152,152,152,152,152,152,152,152,152,152,152,152,152,152,152,152,152
5f58f604f7be2c07e8d727c9,68c09f89e0c4c5cbe9dff1b1,NT - Mc Lane North Texas,DELIVERLOAD,True,82,82,82,82,82,82,82,82,82,82,82,82,82,82,82,82,82,82,82,82,82,82,82,82,82
5f58f604f7be2c07e8d727c9,687f9aa9181c650036e49069,NY04,DELIVERLOAD,True,90,90,90,90,90,90,90,90,90,90,90,90,90,90,90,90,90,90,90,90,90,90,90,90,90
5f58f604f7be2c07e8d727c9,5f58ffe19963e1486db232d3,NYCT,PULLCONTAINER,False,51,51,51,51,51,51,51,51,51,51,51,51,51,51,51,51,51,51,51,51,51,51,51,51,51
5f58f604f7be2c07e8d727c9,5f58ffe19963e1486db232d3,NYCT,RETURNCONTAINER,False,86,86,86,86,86,86,86,86,86,86,86,86,86,86,86,86,86,86,86,86,86,86,86,86,86
5f58f604f7be2c07e8d727c9,67fbdd55eeb4c0bf4c45c459,Old Dominion,DELIVERLOAD,True,173,173,173,173,173,173,173,173,173,173,173,173,173,173,173,173,173,173,173,173,173,173,173,173,173
5f58f604f7be2c07e8d727c9,68b7ba2c8180bf331b624d9e,omni packaging,DELIVERLOAD,True,82,82,82,82,82,82,82,82,82,82,82,82,82,82,82,82,82,82,82,82,82,82,82,82,82
5f58f604f7be2c07e8d727c9,66d1667b17435fe0895d3efd,ONE JEANSWEAR GROUP,DELIVERLOAD,False,22,22,22,22,22,22,22,22,22,22,22,22,22,22,22,22,22,22,22,22,22,22,22,22,22
5f58f604f7be2c07e8d727c9,689e08811336b725880e7fcd,One Jeanswear Group (0615),DELIVERLOAD,True,82,82,82,82,82,82,82,82,82,82,82,82,82,82,82,82,82,82,82,82,82,82,82,82,82
5f58f604f7be2c07e8d727c9,686bc0ca5cb747baa3f92d1d,OPTIMSIAS CORP,DELIVERLOAD,False,6,6,6,6,6,6,6,6,6,6,6,6,6,6,6,6,6,6,6,6,6,6,6,6,6
5f58f604f7be2c07e8d727c9,683614955a8fc3e62ba1ae8c,OZARK VINYLS,DELIVERLOAD,True,131,131,131,131,131,131,131,131,131,131,131,131,131,131,131,131,131,131,131,131,131,131,131,131,131
5f58f604f7be2c07e8d727c9,6324844506a41e162330a66f,Packer Avenue Marine Terminal,PULLCONTAINER,False,3,3,3,3,3,3,3,3,3,3,3,3,3,3,3,3,3,3,3,3,3,3,3,3,3
5f58f604f7be2c07e8d727c9,6324844506a41e162330a66f,Packer Avenue Marine Terminal,RETURNCONTAINER,False,59,59,59,59,59,59,59,59,59,59,59,59,59,59,59,59,59,59,59,59,59,59,59,59,59
5f58f604f7be2c07e8d727c9,67b57bac5d11bd1f0a329a89,Palmer 2nd WHSE,RETURNCONTAINER,False,35,35,35,35,35,35,35,35,35,35,35,35,35,35,35,35,35,35,35,35,35,35,35,35,35
5f58f604f7be2c07e8d727c9,67c7d17c62b756bec79b78ee,palmer baytown,DELIVERLOAD,True,82,82,82,82,82,82,82,82,82,82,82,82,82,82,82,82,82,82,82,82,82,82,82,82,82
5f58f604f7be2c07e8d727c9,6797e0f99e41ea6787fd6cf1,Palmer Logistics,DELIVERLOAD,False,75,75,75,75,75,75,75,75,75,75,75,75,75,75,75,75,75,75,75,75,75,75,75,75,75
5f58f604f7be2c07e8d727c9,6797e0f99e41ea6787fd6cf1,Palmer Logistics,DELIVERLOAD,True,82,82,82,82,82,82,82,82,82,82,82,82,82,82,82,82,82,82,82,82,82,82,82,82,82
5f58f604f7be2c07e8d727c9,6797e0f99e41ea6787fd6cf1,Palmer Logistics,HOOKCONTAINER,False,73,73,73,73,73,73,73,73,73,73,73,73,73,73,73,73,73,73,73,73,73,73,73,73,73
5f58f604f7be2c07e8d727c9,67c5bb3ed0e9583f26b86090,PALMER WAREHOUSE,DELIVERLOAD,False,47,47,47,47,47,47,47,47,47,47,47,47,47,47,47,47,47,47,47,47,47,47,47,47,47
5f58f604f7be2c07e8d727c9,67c5bb3ed0e9583f26b86090,PALMER WAREHOUSE,DELIVERLOAD,True,23,23,23,23,23,23,23,23,23,23,23,23,23,23,23,23,23,23,23,23,23,23,23,23,23
5f58f604f7be2c07e8d727c9,67c5bb3ed0e9583f26b86090,PALMER WAREHOUSE,HOOKCONTAINER,False,29,29,29,29,29,29,29,29,29,29,29,29,29,55,29,29,29,29,29,29,29,29,29,29,29
5f58f604f7be2c07e8d727c9,67eac31fe91b2780ae8a7a44,PALS DISTRIBUTORS LLC,DELIVERLOAD,True,119,119,119,119,119,119,119,119,119,119,119,119,119,119,119,119,119,119,119,119,119,119,119,119,119
5f58f604f7be2c07e8d727c9,6793fe680dd6f2a18b47fed0,Parla Drop yard North Chas,HOOKCONTAINER,False,17,17,17,17,17,17,17,17,17,17,17,17,17,17,17,17,17,17,17,17,17,17,17,17,17
5f58f604f7be2c07e8d727c9,67c60c1c9f31f23aa777aebb,PBP BAytown,DELIVERLOAD,False,17,17,17,17,17,17,17,17,17,17,17,17,17,17,17,17,17,17,17,17,17,17,17,17,17
5f58f604f7be2c07e8d727c9,68095fa80b61537dd249bf2a,PBP WAREHOUSE INC,DELIVERLOAD,True,105,105,105,105,105,105,105,105,105,105,105,105,105,105,105,105,105,105,105,105,105,105,105,105,105
5f58f604f7be2c07e8d727c9,68095fa80b61537dd249bf2a,PBP WAREHOUSE INC,HOOKCONTAINER,False,17,17,17,17,17,17,17,17,17,17,17,17,17,17,17,17,17,17,17,17,17,17,17,17,17
5f58f604f7be2c07e8d727c9,66699bb78ed185a823ce13de,PEERLES CLOTHING INTERNATIONAL,DELIVERLOAD,False,22,22,22,22,22,22,22,22,22,22,22,22,22,22,22,22,22,22,22,22,22,22,22,22,22
5f58f604f7be2c07e8d727c9,66699bb78ed185a823ce13de,PEERLES CLOTHING INTERNATIONAL,DELIVERLOAD,True,144,144,144,144,144,144,144,144,144,144,144,144,144,144,144,144,144,144,144,144,144,144,144,144,144
5f58f604f7be2c07e8d727c9,6824fe3429470a4003aea3bb,Peloton,DELIVERLOAD,False,22,22,22,22,22,22,22,22,22,22,22,22,22,22,22,22,22,22,22,22,22,22,22,22,22
5f58f604f7be2c07e8d727c9,67510d8fd68788dbd3dd4570,Penn Terminal,DELIVERLOAD,True,82,82,82,82,82,82,82,82,82,82,82,82,82,82,82,82,82,82,82,82,82,82,82,82,82
5f58f604f7be2c07e8d727c9,689cac5b834bafe106118b33,PERFORMANCE PACKING,DELIVERLOAD,True,74,74,74,74,74,74,74,74,74,74,74,74,74,74,74,74,74,74,74,74,74,74,74,74,74
5f58f604f7be2c07e8d727c9,6682bdb3b0c395c9b594bd4a,Philly Yard - 3Gi,HOOKCONTAINER,False,15,15,15,15,15,15,15,15,15,15,15,15,15,15,15,15,15,15,15,15,15,15,15,15,15
5f58f604f7be2c07e8d727c9,68031465456385151d6b1ba2,PIER 5,DROPCONTAINER,False,25,25,25,25,25,25,25,25,25,25,25,25,25,25,25,25,25,25,25,25,25,25,25,25,25
5f58f604f7be2c07e8d727c9,68031465456385151d6b1ba2,PIER 5,HOOKCONTAINER,False,3,3,3,3,3,3,3,3,3,3,3,3,3,3,3,3,3,3,3,3,3,3,3,3,3
5f58f604f7be2c07e8d727c9,681a00ddabfacfa18a1a2f47,PIER 5,PULLCONTAINER,False,6,6,6,6,6,6,6,6,6,6,6,6,6,6,6,6,6,6,6,6,6,6,6,6,6
5f58f604f7be2c07e8d727c9,67ceded89dd6af055082f4eb,PLASTIC EXPRESS WAREHOUSE,DELIVERLOAD,False,22,22,22,22,22,22,22,22,22,22,22,22,22,22,22,22,22,22,22,22,22,22,22,22,22
5f58f604f7be2c07e8d727c9,5f58ffaa55e0183397b6872b,PNCT,PULLCONTAINER,False,51,51,51,51,51,51,51,51,51,51,51,51,51,51,51,51,51,51,51,51,51,51,51,51,51
5f58f604f7be2c07e8d727c9,5f58ffaa55e0183397b6872b,PNCT,RETURNCONTAINER,False,72,72,72,72,72,72,72,72,72,72,72,72,72,83,106,72,72,50,72,72,72,72,72,72,72
5f58f604f7be2c07e8d727c9,5fd8e49728528d41b2c9cb07,PNCT,PULLCONTAINER,False,84,84,84,84,84,84,84,84,84,84,40,84,84,84,84,84,84,84,84,84,84,84,84,84,84
5f58f604f7be2c07e8d727c9,5fd8e49728528d41b2c9cb07,PNCT,RETURNCONTAINER,False,35,35,35,35,35,35,35,35,35,35,35,35,35,35,35,35,35,35,35,35,35,35,35,35,35
5f58f604f7be2c07e8d727c9,686ea25a9020225fe7a3428a,Portside Yard,HOOKCONTAINER,False,17,17,17,17,17,17,17,17,17,17,17,17,17,17,17,17,17,17,17,17,17,17,17,17,17
5f58f604f7be2c07e8d727c9,5f71e7e800028b084af701ad,PPCY,RETURNCONTAINER,False,24,24,24,24,24,24,24,17,4,29,24,28,21,28,38,15,35,24,24,24,24,24,24,24,24
5f58f604f7be2c07e8d727c9,6807ef80d437b8910ebd0001,PRATT RECYCLING,DELIVERLOAD,True,82,82,82,82,82,82,82,82,82,82,82,82,82,82,82,82,82,82,82,82,82,82,82,82,82
5f58f604f7be2c07e8d727c9,687ea898d97f92832d5b7907,Prefco,DELIVERLOAD,False,17,17,17,17,17,17,17,17,17,17,17,17,17,17,17,17,17,17,17,17,17,17,17,17,17
5f58f604f7be2c07e8d727c9,68b06eefdaccae6bccddce69,Prestige,DELIVERLOAD,True,82,82,82,82,82,82,82,82,82,82,82,82,82,82,82,82,82,82,82,82,82,82,82,82,82
5f58f604f7be2c07e8d727c9,68714a367166484fe0c64bb9,PRIMAVIEW LLC,DELIVERLOAD,False,22,22,22,22,22,22,22,22,22,22,22,22,22,22,22,22,22,22,22,22,22,22,22,22,22
5f58f604f7be2c07e8d727c9,68714a367166484fe0c64bb9,PRIMAVIEW LLC,DELIVERLOAD,True,82,82,82,82,82,82,82,82,82,82,82,82,82,82,82,82,82,82,82,82,82,82,82,82,82
5f58f604f7be2c07e8d727c9,668bf5d9367191224e6a23a8,PRINCESS PEDICURE SPAS INC,DELIVERLOAD,False,22,22,22,22,22,22,22,22,22,22,22,22,22,22,22,22,22,22,22,22,22,22,22,22,22
5f58f604f7be2c07e8d727c9,686d94376f9bb20ff0cc1294,ProTrans Del RIo,DELIVERLOAD,True,82,82,82,82,82,82,82,82,82,82,82,82,82,82,82,82,82,82,82,82,82,82,82,82,82
5f58f604f7be2c07e8d727c9,688be39147855462c4f89a2e,Providence products,DELIVERLOAD,True,31,31,31,31,31,31,31,31,31,31,31,31,31,31,31,31,31,31,31,31,31,31,31,31,31
5f58f604f7be2c07e8d727c9,68713840e077a24adc9b431a,PSS DISTRIBUTION SERVICES,DELIVERLOAD,False,22,22,22,22,22,22,22,22,22,22,22,22,22,22,22,22,22,22,22,22,22,22,22,22,22
5f58f604f7be2c07e8d727c9,684997bd79ba7a65fb12148f,PTP metal recyclers,DELIVERLOAD,False,40,40,40,40,40,40,40,40,9,142,40,40,40,40,40,40,40,40,40,40,40,40,40,40,40
5f58f604f7be2c07e8d727c9,684997bd79ba7a65fb12148f,PTP metal recyclers,DELIVERLOAD,True,36,36,36,36,36,36,36,36,36,36,36,36,36,36,36,36,36,36,36,36,36,36,36,36,36
5f58f604f7be2c07e8d727c9,6887f4486358af5d90c2d777,Pulse supply Chain Solutions,DELIVERLOAD,True,126,126,126,126,126,126,126,126,126,126,126,126,126,126,126,126,126,126,126,126,126,126,126,126,126
5f58f604f7be2c07e8d727c9,5faad6d5814891664ddfde8e,QVC,DELIVERLOAD,False,11,11,11,11,11,11,11,11,11,11,11,11,11,11,11,11,11,11,11,11,11,11,11,11,11
5f58f604f7be2c07e8d727c9,64fa1aedb686c615fc459e14,QVC - Bethlehem PA,DELIVERLOAD,False,22,22,22,22,22,22,22,22,22,22,22,22,22,22,22,22,22,22,22,22,22,22,22,22,22
5f58f604f7be2c07e8d727c9,6781adf82038c23190581b4b,QVC Suffolk,DELIVERLOAD,False,22,22,22,22,22,22,22,22,22,22,22,22,22,22,22,22,22,22,22,22,22,22,22,22,22
5f58f604f7be2c07e8d727c9,6781adf82038c23190581b4b,QVC Suffolk,HOOKCONTAINER,False,12,12,12,12,12,12,12,12,12,12,12,12,12,12,12,12,12,12,12,12,12,12,12,12,12
5f58f604f7be2c07e8d727c9,6514831b71e09f16249ce6f6,"QVC WHS-QUS-150 (FLORENCE, SC)",DELIVERLOAD,False,22,22,22,22,22,22,22,22,22,22,22,22,22,22,22,22,22,22,22,22,22,22,22,22,22
5f58f604f7be2c07e8d727c9,6442ba36f06ff115fd48617d,QVC WHS-QUS-330,DROPCONTAINER,False,25,25,25,25,25,25,25,25,25,25,25,25,25,25,25,25,25,25,25,25,25,25,25,25,25
5f58f604f7be2c07e8d727c9,679153ee84bb65924e14ffc2,R1 International,DELIVERLOAD,True,145,145,145,145,145,145,145,145,145,145,145,145,145,145,145,145,145,145,145,145,145,145,145,145,145
5f58f604f7be2c07e8d727c9,669fc6d28d7c5ebc02a3a931,Ramayan Supply Inc,DELIVERLOAD,False,17,17,17,17,17,17,17,17,17,17,17,17,17,17,17,17,17,17,17,17,17,17,17,17,17
5f58f604f7be2c07e8d727c9,669fc6d28d7c5ebc02a3a931,Ramayan Supply Inc,HOOKCONTAINER,False,25,25,25,25,25,25,25,25,25,25,25,25,25,25,25,25,25,25,25,25,25,25,25,25,25
5f58f604f7be2c07e8d727c9,64b6d98d9f112b16224e4fc0,Raymour And Flanagin Stratford,DELIVERLOAD,False,22,22,22,22,22,22,22,22,22,22,22,22,22,22,22,22,22,22,22,22,22,22,22,22,22
5f58f604f7be2c07e8d727c9,642c1dcd923c53160c3aec6a,Raymour & Flanigan,DELIVERLOAD,False,5,5,5,5,5,5,5,5,5,5,5,5,5,5,5,5,5,5,5,5,5,5,5,5,5
5f58f604f7be2c07e8d727c9,64c2a1026ba3d7409cfe7e12,Raymour & Flanigan Central Islip,DELIVERLOAD,False,22,22,22,22,22,22,22,22,22,22,22,22,22,22,22,22,22,22,22,22,22,22,22,22,22
5f58f604f7be2c07e8d727c9,64c2a1026ba3d7409cfe7e12,Raymour & Flanigan Central Islip,DELIVERLOAD,True,82,82,82,82,82,82,82,82,82,82,82,82,82,82,82,82,82,82,82,82,82,82,82,82,82
5f58f604f7be2c07e8d727c9,6435a849b6d6ba1619386e11,Raymour & Flanigan Gibbstown,DELIVERLOAD,False,22,22,22,22,22,22,22,22,22,22,22,22,22,22,22,22,22,22,22,22,22,22,22,22,22
5f58f604f7be2c07e8d727c9,6435a849b6d6ba1619386e11,Raymour & Flanigan Gibbstown,DELIVERLOAD,True,82,82,82,82,82,82,82,82,82,82,82,82,82,82,82,82,82,82,82,82,82,82,82,82,82
5f58f604f7be2c07e8d727c9,644fd635d2040016305bbf0a,Raymour & Flanigan Hartford,DELIVERLOAD,False,22,22,22,22,22,22,22,22,22,22,22,22,22,22,22,22,22,22,22,22,22,22,22,22,22
5f58f604f7be2c07e8d727c9,640b6542935ddd1628946474,Raymour & Flanigan livepool,DELIVERLOAD,False,8,8,8,8,8,8,8,8,8,8,7,8,8,8,8,8,8,8,8,8,8,8,8,8,8
5f58f604f7be2c07e8d727c9,640b6542935ddd1628946474,Raymour & Flanigan livepool,DELIVERLOAD,True,82,82,82,82,82,82,82,82,82,82,82,82,82,82,82,82,82,82,82,82,82,82,82,82,82
5f58f604f7be2c07e8d727c9,6439a575a128141640ebdb09,raymour & flanigan Manchester,DELIVERLOAD,False,79,79,79,79,79,79,79,79,79,79,79,79,79,79,79,79,79,79,79,79,79,79,79,79,79
5f58f604f7be2c07e8d727c9,6439a575a128141640ebdb09,raymour & flanigan Manchester,DELIVERLOAD,True,82,82,82,82,82,82,82,82,82,82,82,82,82,82,82,82,82,82,82,82,82,82,82,82,82
5f58f604f7be2c07e8d727c9,649af1fb1af5e014e5bd5cd9,Raymour & Flanigan Monmouth Junction,DELIVERLOAD,True,82,82,82,82,82,82,82,82,82,82,82,82,82,82,82,82,82,82,82,82,82,82,82,82,82
5f58f604f7be2c07e8d727c9,64a3035883fcc8166b915cc4,Raymour & Flanigan Morrisville,DELIVERLOAD,False,22,22,22,22,22,22,22,22,22,22,22,22,22,22,22,22,22,22,22,22,22,22,22,22,22
5f58f604f7be2c07e8d727c9,64835d2b2c8aa3169f94dabf,Raymour & Flanigan Poughkeepsie,DELIVERLOAD,False,79,79,79,79,79,79,79,79,79,79,79,79,79,79,79,79,79,79,79,79,79,79,79,79,79
5f58f604f7be2c07e8d727c9,644bfea5439c741632092292,Raymour & Flanigan Quakertown,DELIVERLOAD,True,124,124,124,124,124,124,124,124,124,124,124,124,124,124,124,124,124,124,124,124,124,124,124,124,124
5f58f604f7be2c07e8d727c9,644c1387fce8911665bf45bb,Raymour & Flanigan Suffern,DELIVERLOAD,False,22,22,22,22,22,22,22,22,22,22,22,22,22,22,22,22,22,22,22,22,22,22,22,22,22
5f58f604f7be2c07e8d727c9,644c1387fce8911665bf45bb,Raymour & Flanigan Suffern,DELIVERLOAD,True,107,107,107,107,107,107,107,107,107,107,107,107,107,107,107,107,107,107,107,107,107,107,107,107,107
5f58f604f7be2c07e8d727c9,644c1387fce8911665bf45bb,Raymour & Flanigan Suffern,HOOKCONTAINER,False,69,69,69,69,69,69,69,69,69,69,69,69,69,69,69,69,69,69,69,69,69,69,69,69,69
5f58f604f7be2c07e8d727c9,67e1ae837745387923654d23,Raymour & Flanigin Albany,DELIVERLOAD,False,69,69,69,69,69,69,69,69,69,69,69,69,69,69,69,69,69,69,69,69,69,69,69,69,69
5f58f604f7be2c07e8d727c9,67e1ae837745387923654d23,Raymour & Flanigin Albany,DELIVERLOAD,True,82,82,82,82,82,82,82,82,82,82,82,82,82,82,82,82,82,82,82,82,82,82,82,82,82
5f58f604f7be2c07e8d727c9,68b0ea8fb146294a78997859,recycle to support,DELIVERLOAD,True,143,143,143,143,143,143,143,143,143,143,143,143,143,143,143,143,143,143,143,143,143,143,143,143,143
5f58f604f7be2c07e8d727c9,68ac55453f0c3f2646ba2d45,REDDY BARLA,DELIVERLOAD,True,161,161,161,161,161,161,161,161,161,161,161,161,161,161,161,161,161,161,161,161,161,161,161,161,161
5f58f604f7be2c07e8d727c9,68128a7afdfce3545fdcdf59,REFORESTATION SOLUTIONS,DELIVERLOAD,True,150,150,150,150,150,150,150,150,150,150,150,150,150,150,150,150,150,150,150,150,150,150,150,150,150
5f58f604f7be2c07e8d727c9,689a05ebe172e3ce4ec54855,Regal Rexnord,DELIVERLOAD,False,74,74,74,74,74,74,74,74,74,74,74,74,74,74,74,74,74,74,74,74,74,74,74,74,74
5f58f604f7be2c07e8d727c9,689a05ebe172e3ce4ec54855,Regal Rexnord,DELIVERLOAD,True,82,82,82,82,82,82,82,82,82,82,82,82,82,82,82,82,82,82,82,82,82,82,82,82,82
5f58f604f7be2c07e8d727c9,689a32e2d7e34d4f5674158d,RIC1,DELIVERLOAD,True,170,170,170,170,170,170,170,170,170,170,170,170,170,170,170,170,170,170,170,170,170,170,170,170,170
5f58f604f7be2c07e8d727c9,67d0813f0b2027123f0c3fcb,Richmond Inn,DELIVERLOAD,False,21,21,21,21,21,21,21,21,21,21,21,21,21,21,21,21,21,21,21,21,21,21,21,21,21
5f58f604f7be2c07e8d727c9,6751e2f31eb02e1ebd0ee9ab,Richmond Marine Terminal (N865),RETURNCONTAINER,False,35,35,35,35,35,35,35,35,35,35,35,35,35,35,35,35,35,35,35,35,35,35,35,35,35
5f58f604f7be2c07e8d727c9,67362b3be386535723764c60,Ritchie bros,DELIVERLOAD,True,82,82,82,82,82,82,82,82,82,82,82,82,82,82,82,82,82,82,82,82,82,82,82,82,82
5f58f604f7be2c07e8d727c9,66bd72a9ea5e11afbfe00059,RLS COLD STORAGE,DELIVERLOAD,True,82,82,82,82,82,82,82,82,82,82,82,82,82,82,82,82,82,82,82,82,82,82,82,82,82
5f58f604f7be2c07e8d727c9,66b62d142cbe1d148104a39f,RMR-Richmond,DELIVERLOAD,False,42,42,42,42,42,42,42,42,42,42,42,42,42,42,42,42,42,42,42,42,42,42,42,42,42
5f58f604f7be2c07e8d727c9,66b62d142cbe1d148104a39f,RMR-Richmond,DELIVERLOAD,True,27,27,27,27,27,27,27,27,27,27,27,27,27,27,27,27,27,27,27,27,27,27,27,27,27
5f58f604f7be2c07e8d727c9,679153cc7ab3e98dbd9eeed7,RMT Richmond Marine Terminal,RETURNCONTAINER,False,35,35,35,35,35,35,35,35,35,35,35,35,35,35,35,35,35,35,35,35,35,35,35,35,35
5f58f604f7be2c07e8d727c9,67ec0b74181e02b8b40a1448,Rock Hardwoods,DELIVERLOAD,True,45,45,45,45,45,45,45,45,45,45,45,45,45,45,45,45,45,45,45,45,45,45,45,45,45
5f58f604f7be2c07e8d727c9,6852b847df6300e8f99ad607,Rodeco,DELIVERLOAD,True,109,109,109,109,109,109,109,109,109,109,109,109,109,109,109,109,109,109,109,109,109,109,109,109,109
5f58f604f7be2c07e8d727c9,6679d878464b2bc697ab9579,ROSSCAPES,DELIVERLOAD,True,82,82,82,82,82,82,82,82,82,82,82,82,82,82,82,82,82,82,82,82,82,82,82,82,82
5f58f604f7be2c07e8d727c9,6887f114589d0270ec3f7e48,Rudolph's Tire,DELIVERLOAD,True,166,166,166,166,166,166,166,166,166,166,166,166,166,166,166,166,166,166,166,166,166,166,166,166,166
5f58f604f7be2c07e8d727c9,664e2670bfed34d2c14f008d,RUHOF CORPORATION,DELIVERLOAD,True,82,82,82,82,82,82,82,82,82,82,82,82,82,82,82,82,82,82,82,82,82,82,82,82,82
5f58f604f7be2c07e8d727c9,683f0bf2f054bf97dffcd236,Saint Gobain,DELIVERLOAD,True,82,82,82,82,82,82,82,82,82,82,82,82,82,82,82,82,82,82,82,82,82,82,82,82,82
5f58f604f7be2c07e8d727c9,68a63278bf2915fd6d97812b,Samsung LOWE'S ADC #3462,DELIVERLOAD,True,82,82,82,82,82,82,82,82,82,82,82,82,82,82,82,82,82,82,82,82,82,82,82,82,82
5f58f604f7be2c07e8d727c9,66bbb165726ba85c530fde7f,Samsung LOWES BDC #3512,DELIVERLOAD,False,4,4,4,4,4,4,4,4,4,4,4,4,4,4,4,4,4,4,4,4,4,4,4,4,4
5f58f604f7be2c07e8d727c9,66bbb165726ba85c530fde7f,Samsung LOWES BDC #3512,HOOKCONTAINER,False,17,17,17,17,17,17,17,17,17,17,17,17,17,17,17,17,17,17,17,17,17,17,17,17,17
5f58f604f7be2c07e8d727c9,68a32aeec2d121ea5bd2f51f,"Samsung ORVILLE'S APPLIANCE, INC",DELIVERLOAD,True,82,82,82,82,82,82,82,82,82,82,82,82,82,82,82,82,82,82,82,82,82,82,82,82,82
5f58f604f7be2c07e8d727c9,63c1892c8739bf15df762e9c,SAMSUNG SEA,DELIVERLOAD,False,34,34,34,34,34,34,34,34,34,34,34,34,23,43,34,34,34,34,34,34,34,34,34,34,34
5f58f604f7be2c07e8d727c9,63c1892c8739bf15df762e9c,SAMSUNG SEA,HOOKCONTAINER,False,22,22,22,22,22,22,22,22,22,22,22,22,22,22,22,22,22,22,22,22,22,22,22,22,22
5f58f604f7be2c07e8d727c9,67d43492e7405db850764690,S and S Tire,DELIVERLOAD,True,82,82,82,82,82,82,82,82,82,82,82,82,82,82,82,82,82,82,82,82,82,82,82,82,82
5f58f604f7be2c07e8d727c9,67a52bc2c957c191893bda27,Sanritsu Logistics,DELIVERLOAD,True,46,46,46,46,46,46,46,46,46,46,46,46,46,46,46,46,46,46,46,46,46,46,46,46,46
5f58f604f7be2c07e8d727c9,62db3918f2ce0315aede28d3,SAV CMC,PULLCONTAINER,False,19,19,19,19,19,19,19,19,6,13,19,19,27,19,19,19,19,19,19,19,19,19,19,19,19
5f58f604f7be2c07e8d727c9,67af294ac7d6b36a978ec5b9,Screen TEC,DELIVERLOAD,True,31,31,31,31,31,31,31,31,31,31,31,31,31,31,31,31,31,31,31,31,31,31,31,31,31
5f58f604f7be2c07e8d727c9,685182646edf2944ca932b9c,SEAGIRT TERMINAL,PULLCONTAINER,False,6,6,6,6,6,6,6,6,6,6,6,6,6,6,6,6,6,6,6,6,6,6,6,6,6
5f58f604f7be2c07e8d727c9,685182646edf2944ca932b9c,SEAGIRT TERMINAL,RETURNCONTAINER,False,35,35,35,35,35,35,35,35,35,35,35,35,35,35,35,35,35,35,35,35,35,35,35,35,35
5f58f604f7be2c07e8d727c9,67c0918447972206db3be8b1,seatex warehouse,DELIVERLOAD,True,82,82,82,82,82,82,82,82,82,82,82,82,82,82,82,82,82,82,82,82,82,82,82,82,82
5f58f604f7be2c07e8d727c9,67b48917ebefc09302a2dd26,SETANTA MACHINERY OFFLORIDA INC,DELIVERLOAD,True,25,25,25,25,25,25,25,25,25,25,25,25,25,25,25,25,25,25,25,25,25,25,25,25,25
5f58f604f7be2c07e8d727c9,663e55d5427f2171a4ba2166,SEVEN APPAREL GROUP,DELIVERLOAD,False,22,22,22,22,22,22,22,22,22,22,22,22,22,22,22,22,22,22,22,22,22,22,22,22,22
5f58f604f7be2c07e8d727c9,67e2cdd9ae91509ad9c7e300,Shaans Lot - County St,HOOKCONTAINER,False,22,22,22,22,22,22,22,22,22,22,22,22,22,22,22,22,22,22,22,22,22,22,22,190,22
5f58f604f7be2c07e8d727c9,67e2cdd9ae91509ad9c7e300,Shaans Lot - County St,RETURNCONTAINER,False,35,35,35,35,35,35,35,35,35,35,35,35,35,35,35,35,35,35,35,35,35,35,35,35,35
5f58f604f7be2c07e8d727c9,686eb187a69b0bc639bef56d,SHADY LANE CURTAINS LLC,DELIVERLOAD,False,60,60,60,60,60,60,60,60,60,60,60,60,60,60,60,60,60,60,60,60,60,60,60,60,60
5f58f604f7be2c07e8d727c9,68900f0161d7ebce839108eb,Shinetech Inc,DELIVERLOAD,True,82,82,82,82,82,82,82,82,82,82,82,82,82,82,82,82,82,82,82,82,82,82,82,82,82
5f58f604f7be2c07e8d727c9,6827348901926778ae858e19,Shooters Technology,DELIVERLOAD,False,22,22,22,22,22,22,22,22,22,22,22,22,22,22,22,22,22,22,22,22,22,22,22,22,22
5f58f604f7be2c07e8d727c9,67bcbbfe6ae93c369f8b15f2,Sims Equipment Sales and Service,DELIVERLOAD,True,90,90,90,90,90,90,90,90,90,90,90,90,90,90,90,90,90,90,90,90,90,90,90,90,90
5f58f604f7be2c07e8d727c9,6855d00222f83de941382af5,SKY PARK,DELIVERLOAD,True,82,82,82,82,82,82,82,82,82,82,82,82,82,82,82,82,82,82,82,82,82,82,82,82,82
5f58f604f7be2c07e8d727c9,686c4522f9b36a8fa99e57df,smith sawmill service,DELIVERLOAD,True,82,82,82,82,82,82,82,82,82,82,82,82,82,82,82,82,82,82,82,82,82,82,82,82,82
5f58f604f7be2c07e8d727c9,680affd91afad2ace373b670,SORBELLO,DROPCONTAINER,False,90,90,90,90,90,90,90,90,90,90,90,90,90,90,90,90,90,90,90,90,90,90,90,90,90
5f58f604f7be2c07e8d727c9,66dc9057738c5d2c220bef3a,Sorbello Houston,DELIVERLOAD,False,9,9,9,9,9,9,9,9,9,9,9,9,9,9,9,9,9,9,9,9,9,9,9,9,9
5f58f604f7be2c07e8d727c9,66dc9057738c5d2c220bef3a,Sorbello Houston,HOOKCONTAINER,False,8,8,8,8,8,8,8,8,8,8,8,8,8,8,8,8,8,8,8,8,8,8,8,8,8
5f58f604f7be2c07e8d727c9,67eea24a392b89c13c1c292d,Sorbello Warehouse Facility,DELIVERLOAD,False,22,22,22,22,22,22,22,22,22,22,22,22,22,22,22,22,22,22,22,22,22,22,22,22,22
5f58f604f7be2c07e8d727c9,67eea24a392b89c13c1c292d,Sorbello Warehouse Facility,DELIVERLOAD,True,82,82,82,82,82,82,82,82,82,82,82,82,82,82,82,82,82,82,82,82,82,82,82,82,82
5f58f604f7be2c07e8d727c9,67f543fd075a6873b2512197,Southern Carlson,DELIVERLOAD,True,36,36,36,36,36,36,36,36,36,36,36,36,36,36,36,36,36,36,36,36,36,36,36,36,36
5f58f604f7be2c07e8d727c9,65f1c44db1ece0a7afcbdc47,Southern Carlson - Winston-Salem,DELIVERLOAD,False,41,41,41,41,41,41,41,41,41,41,41,41,41,41,41,41,41,41,41,41,41,41,41,41,41
5f58f604f7be2c07e8d727c9,67a1c71bf3213c10c3d18531,southern star distribution,DELIVERLOAD,True,81,81,81,81,81,81,81,81,81,81,81,81,81,81,81,81,81,81,81,81,81,81,81,81,81
5f58f604f7be2c07e8d727c9,6847c36eab2e7c332f3af752,SouthHampton,DELIVERLOAD,True,82,82,82,82,82,82,82,82,82,82,82,82,82,82,82,82,82,82,82,82,82,82,82,82,82
5f58f604f7be2c07e8d727c9,678142c898e4940d47b5ac22,Spring Forest,DELIVERLOAD,True,145,145,145,145,145,145,145,145,145,145,145,145,145,145,145,145,145,145,145,145,145,145,145,145,145
5f58f604f7be2c07e8d727c9,67bf367d19cd2d1168bdad98,SPRINT DISTRIBUTION SERVICES,HOOKCONTAINER,False,7,7,7,7,7,7,7,7,7,7,7,7,7,7,7,7,7,7,7,7,7,7,7,7,7
5f58f604f7be2c07e8d727c9,683a956430d5ea44bb8e013f,Standard Motors 7023-7035,DELIVERLOAD,False,22,22,22,22,22,22,22,22,22,22,22,22,22,22,22,22,22,22,22,22,22,22,22,22,22
5f58f604f7be2c07e8d727c9,67fd10a41e2f8372881b8d32,STARBUCKS,DELIVERLOAD,True,82,82,82,82,82,82,82,82,82,82,82,82,82,82,82,82,82,82,82,82,82,82,82,82,82
5f58f604f7be2c07e8d727c9,66bf979de7fbf86103571ebf,Starplast,DELIVERLOAD,False,16,16,16,16,16,16,16,16,15,13,23,16,20,11,15,25,16,16,16,16,16,16,16,16,16
5f58f604f7be2c07e8d727c9,66bf979de7fbf86103571ebf,Starplast,HOOKCONTAINER,False,17,17,17,17,17,17,17,17,17,17,34,22,17,17,17,17,17,17,17,17,17,17,17,17,17
5f58f604f7be2c07e8d727c9,680bbb87ae2823d74a42293e,Starplast Texas DC,HOOKCONTAINER,False,86,86,86,86,86,86,86,86,86,86,86,86,86,86,86,86,86,86,86,86,86,86,86,86,86
5f58f604f7be2c07e8d727c9,68bf466fb60f93f626f42c10,STAR SNACKS CO. LLC,DELIVERLOAD,True,116,116,116,116,116,116,116,116,116,116,116,116,116,116,116,116,116,116,116,116,116,116,116,116,116
5f58f604f7be2c07e8d727c9,686539f7a669aeb453def5b0,STC,DELIVERLOAD,True,82,82,82,82,82,82,82,82,82,82,82,82,82,82,82,82,82,82,82,82,82,82,82,82,82
5f58f604f7be2c07e8d727c9,689a6ecbcda626aa2581daa4,Steve and Sons,DELIVERLOAD,False,15,15,15,15,15,15,15,15,15,15,15,15,15,15,15,15,15,15,15,15,15,15,15,15,15
5f58f604f7be2c07e8d727c9,681903a1621d4813a5678d77,STRIDES PHARMA INC C/O - UPS SCS,DELIVERLOAD,False,6,6,6,6,6,6,6,6,6,6,6,6,6,6,6,6,6,6,6,6,6,6,6,6,6
5f58f604f7be2c07e8d727c9,67f7dfca41b88e15fd3bcbaf,Strucktol,DELIVERLOAD,True,82,82,82,82,82,82,82,82,82,82,82,82,82,82,82,82,82,82,82,82,82,82,82,82,82
5f58f604f7be2c07e8d727c9,68b1c7e41b35dd5b54c7a2b8,SUMMIT AV GROUP,DELIVERLOAD,True,119,119,119,119,119,119,119,119,119,119,119,119,119,119,119,119,119,119,119,119,119,119,119,119,119
5f58f604f7be2c07e8d727c9,68a713885135161551ca9696,Summit Stairs and Millwork,DELIVERLOAD,False,69,69,69,69,69,69,69,69,69,69,69,69,69,69,69,69,69,69,69,69,69,69,69,69,69
5f58f604f7be2c07e8d727c9,6807e8342771edbb546a9827,"SWS Warehouse,",DELIVERLOAD,False,22,22,22,22,22,22,22,22,22,22,22,22,22,22,22,22,22,22,22,22,22,22,22,22,22
5f58f604f7be2c07e8d727c9,6807e8342771edbb546a9827,"SWS Warehouse,",DELIVERLOAD,True,112,112,112,112,112,112,112,112,112,112,112,112,112,112,112,112,112,112,112,112,112,112,112,112,112
5f58f604f7be2c07e8d727c9,68126ac3ec913895ee6d57bf,TA CHEN INTERNATIONAL,DELIVERLOAD,True,61,61,61,61,61,61,61,61,61,61,61,61,61,61,61,61,61,61,61,61,61,61,61,61,61
5f58f604f7be2c07e8d727c9,685a4d31f86de53e42bcbf10,Tailgating Sports LLC,DELIVERLOAD,False,64,64,64,64,64,64,64,64,64,64,64,64,64,64,64,64,64,64,64,64,64,64,64,64,64
5f58f604f7be2c07e8d727c9,68be5f7a0898f194964eaf81,TAIT TOWERS,DELIVERLOAD,True,82,82,82,82,82,82,82,82,82,82,82,82,82,82,82,82,82,82,82,82,82,82,82,82,82
5f58f604f7be2c07e8d727c9,67294784511e595ed836e713,TAKEUCHI MGFHG SC01,DELIVERLOAD,True,27,27,27,27,27,27,27,27,27,27,27,27,27,27,27,27,27,27,27,27,27,27,27,27,27
5f58f604f7be2c07e8d727c9,67cf98be86407987108be9b5,tech seal international,DELIVERLOAD,True,102,102,102,102,102,102,102,102,102,102,102,102,102,102,102,102,102,102,102,102,102,102,102,102,102
5f58f604f7be2c07e8d727c9,6788707e36fa99f77698db51,Tesla Motors,DELIVERLOAD,True,82,82,82,82,82,82,82,82,82,82,82,82,82,82,82,82,82,82,82,82,82,82,82,82,82
5f58f604f7be2c07e8d727c9,68080ee677923164c4882d4d,tesla vista ridge,DELIVERLOAD,False,22,22,22,22,22,22,22,22,22,22,22,22,22,22,22,22,22,22,22,22,22,22,22,22,22
5f58f604f7be2c07e8d727c9,67ed850f76e1ae4b7393bd44,Tetra Pak Tubex,DELIVERLOAD,True,82,82,82,82,82,82,82,82,82,82,82,82,82,82,82,82,82,82,82,82,82,82,82,82,82
5f58f604f7be2c07e8d727c9,681537dfdb5f432faf17f8b4,TEXAS PIPE & SUPPLY CO.,DELIVERLOAD,False,22,22,22,22,22,22,22,22,22,22,22,22,22,22,22,22,22,22,22,22,22,22,22,22,22
5f58f604f7be2c07e8d727c9,681537dfdb5f432faf17f8b4,TEXAS PIPE & SUPPLY CO.,DELIVERLOAD,True,49,49,49,49,49,49,49,49,49,49,49,49,49,49,49,49,49,49,49,49,49,49,49,49,49
5f58f604f7be2c07e8d727c9,67dd6bfa8c094cd81c1aab5c,Textile Services International,DELIVERLOAD,True,111,111,111,111,111,111,111,111,111,111,111,111,111,111,111,111,111,111,111,111,111,111,111,111,111
5f58f604f7be2c07e8d727c9,6859770e9e2109864bfa6ee5,THE AVENUE AT SAN MARCOS,DELIVERLOAD,False,22,22,22,22,22,22,22,22,22,22,22,22,22,22,22,22,22,22,22,22,22,22,22,22,22
5f58f604f7be2c07e8d727c9,681a6d6cb1aea208f8c2b584,thermal pipe shields inc,DELIVERLOAD,False,22,22,22,22,22,22,22,22,22,22,22,22,22,22,22,22,22,22,22,22,22,22,22,22,22
5f58f604f7be2c07e8d727c9,681a6d6cb1aea208f8c2b584,thermal pipe shields inc,DELIVERLOAD,True,119,119,119,119,119,119,119,119,119,119,119,119,119,119,119,119,119,119,119,119,119,119,119,119,119
5f58f604f7be2c07e8d727c9,685182cecbc33e122380c826,Titusville,DELIVERLOAD,False,28,28,28,28,28,28,28,28,28,28,28,28,28,28,28,28,28,28,28,28,28,28,28,28,28
5f58f604f7be2c07e8d727c9,685182cecbc33e122380c826,Titusville,DELIVERLOAD,True,21,21,21,21,21,21,21,21,21,21,19,21,21,21,21,21,21,21,21,21,21,21,21,21,21
5f58f604f7be2c07e8d727c9,689157ef0561e320a1b7999c,TOMBALL WAREHOUSE,DELIVERLOAD,False,22,22,22,22,22,22,22,22,22,22,22,22,22,22,22,22,22,22,22,22,22,22,22,22,22
5f58f604f7be2c07e8d727c9,689157ef0561e320a1b7999c,TOMBALL WAREHOUSE,DELIVERLOAD,True,38,38,38,38,38,38,38,38,38,38,38,38,38,38,38,38,38,38,38,38,38,38,38,38,38
5f58f604f7be2c07e8d727c9,682c65c6893c28478eafc1da,Total Logistics Services Inc,DELIVERLOAD,False,50,50,50,50,50,50,50,50,50,50,50,50,50,50,50,50,50,50,50,50,50,50,50,50,50
5f58f604f7be2c07e8d727c9,682c65c6893c28478eafc1da,Total Logistics Services Inc,DELIVERLOAD,True,96,96,96,96,96,96,96,96,96,96,96,96,96,96,96,96,96,96,96,96,96,96,96,96,96
5f58f604f7be2c07e8d727c9,68275c854042237a6c911852,TRANSCENDIA INC,DELIVERLOAD,False,22,22,22,22,22,22,22,22,22,22,22,22,22,22,22,22,22,22,22,22,22,22,22,22,22
5f58f604f7be2c07e8d727c9,689e538d0ce240cb0eed4dab,TRINITY	XRAY	LLC,DELIVERLOAD,True,50,50,50,50,50,50,50,50,50,50,50,50,50,50,50,50,50,50,50,50,50,50,50,50,50
5f58f604f7be2c07e8d727c9,68197dd8927c9be5831904e7,TTI OUTDOOR POWER-EQUIPMENT,DELIVERLOAD,False,9,9,9,9,9,9,9,9,9,9,9,9,9,9,9,9,9,9,9,9,9,9,9,9,9
5f58f604f7be2c07e8d727c9,6891188a7adfeb5a92661be5,TTI Warehouse,DELIVERLOAD,False,9,9,9,9,9,9,9,9,9,9,9,9,9,9,9,9,9,9,9,9,9,9,9,9,9
5f58f604f7be2c07e8d727c9,65e0b45dbd7ecee292954caa,UNIGEL INC,DELIVERLOAD,True,65,65,65,65,65,65,65,65,65,65,65,65,65,65,65,65,65,65,65,65,65,65,65,65,65
5f58f604f7be2c07e8d727c9,674484d50082fa69307827a6,"UNILEVER - HAZLETON, PA",DELIVERLOAD,True,82,82,82,82,82,82,82,82,82,82,82,82,82,82,82,82,82,82,82,82,82,82,82,82,82
5f58f604f7be2c07e8d727c9,640b2f7d10284816347eee08,UNILEVER NEWVILLE,DELIVERLOAD,False,22,22,22,22,22,22,22,22,22,22,22,22,22,22,22,22,22,22,22,22,22,22,22,22,22
5f58f604f7be2c07e8d727c9,640b2f7d10284816347eee08,UNILEVER NEWVILLE,DELIVERLOAD,True,53,53,53,53,53,53,53,53,53,140,103,53,18,53,53,53,53,53,53,53,53,53,53,53,53
5f58f604f7be2c07e8d727c9,67db05bde3644107a9f7e568,Union Pacific Houston,PULLCONTAINER,False,51,51,51,51,51,51,51,51,51,51,51,51,51,51,51,51,51,51,51,51,51,51,51,51,51
5f58f604f7be2c07e8d727c9,65cbc1eb9249dd2ad8b2bc27,UNITAPE,DELIVERLOAD,False,45,45,45,45,45,45,45,45,45,45,45,45,45,45,45,45,45,45,45,45,45,45,45,45,45
5f58f604f7be2c07e8d727c9,65cbc1eb9249dd2ad8b2bc27,UNITAPE,DELIVERLOAD,True,50,50,50,50,50,50,50,85,41,50,50,50,61,50,50,50,50,50,50,50,50,50,50,50,50
5f58f604f7be2c07e8d727c9,6888075c1667350ef571ba87,UNLIMITED TRUCKING,RETURNCONTAINER,False,39,39,39,39,39,39,39,39,39,39,39,39,39,39,39,39,39,39,39,39,39,39,39,39,39
5f58f604f7be2c07e8d727c9,651d633c4b221e16580325de,UPS SCS A/C STRIDES,DELIVERLOAD,False,22,22,22,22,22,22,22,22,22,22,22,22,22,22,22,22,22,22,22,22,22,22,22,22,22
5f58f604f7be2c07e8d727c9,651d633c4b221e16580325de,UPS SCS A/C STRIDES,DELIVERLOAD,True,82,82,82,82,82,82,82,82,82,82,82,82,82,82,82,82,82,82,82,82,82,82,82,82,82
5f58f604f7be2c07e8d727c9,687f9cdb4ef1057aef94114f,URANIUM ENERGY CORP,DELIVERLOAD,True,82,82,82,82,82,82,82,82,82,82,82,82,82,82,82,82,82,82,82,82,82,82,82,82,82
5f58f604f7be2c07e8d727c9,6810dac163ace6ed3ade099f,USA Big Mountain Paper,DELIVERLOAD,True,82,82,82,82,82,82,82,82,82,82,82,82,82,82,82,82,82,82,82,82,82,82,82,82,82
5f58f604f7be2c07e8d727c9,688f6b9718f0e3d53e72a97a,US Port Services,DELIVERLOAD,True,39,39,39,39,39,39,39,39,39,39,39,39,39,39,39,39,39,39,39,39,39,39,39,39,39
5f58f604f7be2c07e8d727c9,6469169a57ebda162c731709,"VALDOSTA, GA 1550 Commerce Dr Valdosta GA 31601",DELIVERLOAD,False,7,7,7,7,7,7,7,7,7,7,7,7,7,7,7,7,7,7,7,7,7,7,7,7,7
5f58f604f7be2c07e8d727c9,68af1d9082cabc5c4be01ec0,VERANO HOLDINGS LLC,DELIVERLOAD,True,82,82,82,82,82,82,82,82,82,82,82,82,82,82,82,82,82,82,82,82,82,82,82,82,82
5f58f604f7be2c07e8d727c9,6852f278c74bafdb29ba5ec8,Vesta-American Wind Technology Inc,DELIVERLOAD,True,82,82,82,82,82,82,82,82,82,82,82,82,82,82,82,82,82,82,82,82,82,82,82,82,82
5f58f604f7be2c07e8d727c9,5f5f9e92ec591572bc0b59a9,VIG,PULLCONTAINER,False,51,51,51,51,51,51,51,51,51,51,51,51,51,51,51,51,51,51,51,51,51,51,51,51,51
5f58f604f7be2c07e8d727c9,5f5f9e92ec591572bc0b59a9,VIG,RETURNCONTAINER,False,65,65,65,65,65,65,105,65,59,40,29,67,104,93,75,20,65,65,65,65,65,65,65,65,65
5f58f604f7be2c07e8d727c9,66990a23f4fbd41fa1ffbd06,Virginia Cold Storage West,DELIVERLOAD,False,12,12,12,12,12,12,12,12,12,12,12,12,12,12,12,12,12,12,12,12,12,12,12,12,12
5f58f604f7be2c07e8d727c9,66ead8385e96f5033a169551,Virginia Stone,DELIVERLOAD,True,40,40,40,40,40,40,40,40,40,40,40,40,40,40,40,40,40,40,40,40,40,40,40,40,40
5f58f604f7be2c07e8d727c9,6876c886d6e4205839d25048,VS-Williams Middle School,DELIVERLOAD,True,63,63,63,63,63,63,63,63,63,63,63,63,63,63,63,63,63,63,63,63,63,63,63,63,63
5f58f604f7be2c07e8d727c9,630e9fbe41182d15f4612ca2,WALMART RIDGEVILLE FLO,DELIVERLOAD,False,15,15,15,15,15,15,15,15,15,15,15,15,15,15,15,15,15,15,15,15,15,15,15,15,15
5f58f604f7be2c07e8d727c9,630e9fbe41182d15f4612ca2,WALMART RIDGEVILLE FLO,HOOKCONTAINER,False,12,12,12,12,12,12,12,12,12,12,12,12,12,12,12,12,12,12,12,12,12,12,12,12,12
5f58f604f7be2c07e8d727c9,630e9f2541182d15f4612c35,WANDO TERMINAL,PULLCONTAINER,False,51,51,51,51,51,51,51,51,51,51,51,51,51,51,51,51,51,51,51,51,51,51,51,51,51
5f58f604f7be2c07e8d727c9,630e9f2541182d15f4612c35,WANDO TERMINAL,RETURNCONTAINER,False,46,46,46,46,46,46,46,46,46,46,46,46,46,46,46,46,46,46,46,46,46,46,46,46,46
5f58f604f7be2c07e8d727c9,66e1a3b1a3e269703a80793d,Warehouse Farmville,DELIVERLOAD,True,159,159,159,159,159,159,159,159,159,159,159,159,159,159,159,159,159,159,159,159,159,159,159,159,159
5f58f604f7be2c07e8d727c9,682e5fc2de0a345f40f55546,wayfair caroltton,DELIVERLOAD,False,49,49,49,49,49,49,49,49,49,49,49,49,49,49,49,49,49,49,49,49,49,49,49,49,49
5f58f604f7be2c07e8d727c9,687651be0ddd08b730ae4cdc,Wayfair Comfort Pointe NC,DELIVERLOAD,True,33,33,33,33,33,33,33,33,33,33,33,33,33,33,33,33,33,33,33,33,33,33,33,33,33
5f58f604f7be2c07e8d727c9,67d0b00d4e6b18116d45e0b9,Wayfair Highpoint,DELIVERLOAD,False,22,22,22,22,22,22,22,22,22,22,22,22,22,22,22,22,22,22,22,22,22,22,22,22,22
5f58f604f7be2c07e8d727c9,67d0b00d4e6b18116d45e0b9,Wayfair Highpoint,DELIVERLOAD,True,68,68,68,68,68,68,68,68,68,68,68,68,68,68,68,68,68,68,68,68,68,68,68,68,68
5f58f604f7be2c07e8d727c9,685c98aebfcf16b9b7a3361b,wayfair pasadena,DELIVERLOAD,False,5,5,5,5,5,5,5,5,5,5,5,5,5,5,5,5,5,5,5,5,5,5,5,5,5
5f58f604f7be2c07e8d727c9,685c98aebfcf16b9b7a3361b,wayfair pasadena,HOOKCONTAINER,False,30,30,30,30,30,30,30,30,30,30,30,30,30,30,30,30,30,30,30,30,30,30,30,30,30
5f58f604f7be2c07e8d727c9,67eb312f30e2c69d69bff940,WAYFAIR SUGARLAND,DELIVERLOAD,True,29,29,29,29,29,29,29,29,29,29,29,29,29,29,29,29,29,29,29,29,29,29,29,29,29
5f58f604f7be2c07e8d727c9,65a059e76538f7164f669d92,W&B Transload,DELIVERLOAD,True,82,82,82,82,82,82,82,82,82,82,82,82,82,82,82,82,82,82,82,82,82,82,82,82,82
5f58f604f7be2c07e8d727c9,65a059e76538f7164f669d92,W&B Transload,HOOKCONTAINER,False,9,9,9,9,9,9,9,9,9,9,9,9,9,9,9,9,9,9,9,9,9,9,9,9,9
5f58f604f7be2c07e8d727c9,68af73382e54f4183463ab2a,WESTTRAFO AMERICA LLC,DELIVERLOAD,True,173,173,173,173,173,173,173,173,173,173,173,173,173,173,173,173,173,173,173,173,173,173,173,173,173
5f58f604f7be2c07e8d727c9,68126501874865016ed89650,WILSONART LLC.,DELIVERLOAD,True,33,33,33,33,33,33,33,33,33,33,33,33,33,33,33,33,33,33,33,33,33,33,33,33,33
5f58f604f7be2c07e8d727c9,687943c17f9488e1b1aaeab2,"WIND RIVER TABACCO COMPANY,LL",DELIVERLOAD,False,52,52,52,52,52,52,52,52,52,52,52,52,52,52,52,52,52,52,52,52,52,52,52,52,52
5f58f604f7be2c07e8d727c9,6876737d61786445fbda3827,WoodGrain Houston,DELIVERLOAD,False,27,27,27,27,27,27,27,27,27,27,27,27,27,27,27,27,27,27,27,27,27,27,27,27,27
5f58f604f7be2c07e8d727c9,6876737d61786445fbda3827,WoodGrain Houston,DELIVERLOAD,True,37,37,37,37,37,37,37,37,37,37,37,37,37,37,37,37,37,37,37,37,37,37,37,37,37
5f58f604f7be2c07e8d727c9,684714c94ad3589462924e28,WOODS DISTRIBUTION,DELIVERLOAD,False,6,6,6,6,6,6,6,6,6,6,6,6,6,6,6,6,6,6,6,6,6,6,6,6,6
5f58f604f7be2c07e8d727c9,67c603fa9ea4e3f99dc5d1f8,World Wood,DELIVERLOAD,True,41,41,41,41,41,41,41,41,36,41,41,41,41,41,41,41,41,41,41,41,41,41,41,41,41
5f58f604f7be2c07e8d727c9,67793fad876fa169ae3850d6,XR13-Amazon,DELIVERLOAD,False,22,22,22,22,22,22,22,22,22,22,22,22,22,22,22,22,22,22,22,22,22,22,22,22,22
5f58f604f7be2c07e8d727c9,6764550340906c7d9f055df7,"XRI3-Heavy Bulky,",DELIVERLOAD,True,159,159,159,159,159,159,159,159,159,159,159,159,159,159,159,159,159,159,159,159,159,159,159,159,159
5f58f604f7be2c07e8d727c9,67c9083211eab74960563679,Yell-O-Glow Corporation,DELIVERLOAD,True,26,26,26,26,26,26,26,26,26,26,26,26,26,26,26,26,26,26,26,26,26,26,26,26,26
5f58f604f7be2c07e8d727c9,67bf8efc3ea9a7be98f2b2a8,Zebra products,DELIVERLOAD,True,71,71,71,71,71,71,71,71,71,71,71,71,71,71,71,71,71,71,71,71,71,71,71,71,71
5f58f604f7be2c07e8d727c9,68795a0709e653239a3a373c,zyka foods southwest inc,DELIVERLOAD,False,22,22,22,22,22,22,22,22,22,22,22,22,22,22,22,22,22,22,22,22,22,22,22,22,22
