carrier,customer_id,location,type,is_liveunload,waiting_time,00,01,02,03,04,05,06,07,08,09,10,11,12,13,14,15,16,17,18,19,20,21,22,23
60196e05993170084efd0f4d,6724e91833ff32f44a6d4bb9,1000340604 ONTARIO INC,DELIVERLOAD,False,50,50,50,50,50,50,50,50,50,50,50,50,50,50,50,50,50,50,50,50,50,50,50,50,50
60196e05993170084efd0f4d,6724e91833ff32f44a6d4bb9,1000340604 ONTARIO INC,HOOKCONTAINER,False,30,30,30,30,30,30,30,30,30,30,30,30,30,30,30,30,30,30,30,30,30,30,30,30,30
60196e05993170084efd0f4d,64f732ff69c90816509edd3e,1000507850 ONTARIO INC,DELIVERLOAD,False,22,22,22,22,22,22,22,22,22,22,22,22,22,22,22,22,22,22,22,22,22,22,22,22,22
60196e05993170084efd0f4d,64f732ff69c90816509edd3e,1000507850 ONTARIO INC,HOOKCONTAINER,False,48,48,48,48,48,48,48,48,48,48,48,48,48,48,48,48,48,48,48,48,48,48,48,48,48
60196e05993170084efd0f4d,67d1ecd2f96bbe27c6882196,1263591 ONTARIO LIMITED,DELIVERLOAD,False,14,14,14,14,14,14,14,14,14,14,14,14,14,14,14,14,14,14,14,14,14,14,14,14,14
60196e05993170084efd0f4d,67d1ecd2f96bbe27c6882196,1263591 ONTARIO LIMITED,HOOKCONTAINER,False,8,8,8,8,8,8,8,8,8,8,8,8,8,8,8,8,8,8,8,8,8,8,8,8,8
60196e05993170084efd0f4d,626a6bd60be23a1e182f1c09,1469985 Ontario Inc unit 2-3,DELIVERLOAD,False,18,18,18,18,18,18,18,18,18,18,18,18,18,18,18,18,18,18,18,18,18,18,18,18,18
60196e05993170084efd0f4d,626a6bd60be23a1e182f1c09,1469985 Ontario Inc unit 2-3,HOOKCONTAINER,False,21,21,21,21,21,21,21,21,21,21,21,21,21,21,21,21,21,21,21,21,21,21,21,21,21
60196e05993170084efd0f4d,66bcb474a8db6610a326a519,15848181 CANADA INC,DELIVERLOAD,False,12,12,12,12,12,12,12,12,12,12,12,12,12,12,12,12,12,12,12,12,12,12,12,12,12
60196e05993170084efd0f4d,66bcb474a8db6610a326a519,15848181 CANADA INC,HOOKCONTAINER,False,22,22,22,22,22,22,22,22,22,22,22,22,22,22,22,22,22,22,22,22,22,22,22,22,22
60196e05993170084efd0f4d,681bbae38221265f2152f953,18WHEELS,DELIVERLOAD,False,8,8,8,8,8,8,8,8,8,8,8,8,8,8,8,8,8,8,8,8,8,8,8,8,8
60196e05993170084efd0f4d,681bbae38221265f2152f953,18WHEELS,HOOKCONTAINER,False,34,34,34,34,34,34,34,34,34,34,34,34,34,34,34,34,34,34,34,34,34,34,34,34,34
60196e05993170084efd0f4d,67f6bfb0a2de3f5144f4b03d,18 WHEELS,DELIVERLOAD,False,12,12,12,12,12,12,12,12,12,12,12,12,12,12,12,12,12,12,12,12,12,12,12,12,12
60196e05993170084efd0f4d,67f6bfb0a2de3f5144f4b03d,18 WHEELS,HOOKCONTAINER,False,26,26,26,26,26,26,26,26,26,26,26,26,26,26,26,26,34,26,26,26,26,26,26,26,26
60196e05993170084efd0f4d,67fea6c9243da926058d9252,18 WHEELS,DELIVERLOAD,False,10,10,10,10,10,10,10,10,10,10,11,10,10,13,6,10,10,5,25,10,10,10,10,10,10
60196e05993170084efd0f4d,67fea6c9243da926058d9252,18 WHEELS,DELIVERLOAD,True,71,71,71,71,71,71,71,71,71,71,71,71,71,71,71,71,71,71,71,71,71,71,71,71,71
60196e05993170084efd0f4d,67fea6c9243da926058d9252,18 WHEELS,HOOKCONTAINER,False,9,9,9,9,9,9,9,9,9,9,20,8,3,9,9,9,9,9,35,9,9,9,9,9,9
60196e05993170084efd0f4d,682370e3e37f75f557a58c3d,18 WHEELS (BRAMTREE),HOOKCONTAINER,False,14,14,14,14,14,14,14,14,14,14,14,14,14,14,14,14,14,14,14,14,14,14,14,14,14
60196e05993170084efd0f4d,63978310b7c23d1621bf3961,2350320 ONTARIO LIMITED C/O HIGH PERFORMANCE GLAZING INC.,DELIVERLOAD,False,68,68,68,68,68,68,68,68,68,68,68,68,68,68,68,68,68,68,68,68,68,68,68,68,68
60196e05993170084efd0f4d,63978310b7c23d1621bf3961,2350320 ONTARIO LIMITED C/O HIGH PERFORMANCE GLAZING INC.,HOOKCONTAINER,False,21,21,21,21,21,21,21,21,21,21,21,21,21,21,21,21,21,21,21,21,21,21,21,21,21
60196e05993170084efd0f4d,6878f78211e84ecba099ee83,247 FULFILLMENT,DELIVERLOAD,False,14,14,14,14,14,14,14,14,14,14,14,14,14,14,14,14,14,14,14,14,14,14,14,14,14
60196e05993170084efd0f4d,61decf82ba0e4e19dae9efdf,2774809 Ontario Inc   DOCK 3,DELIVERLOAD,False,18,18,18,18,18,18,18,18,18,18,18,18,18,18,18,18,18,18,18,18,18,18,18,18,18
60196e05993170084efd0f4d,61decf82ba0e4e19dae9efdf,2774809 Ontario Inc   DOCK 3,HOOKCONTAINER,False,12,12,12,12,12,12,12,12,12,12,12,12,12,12,12,12,12,12,12,12,12,12,12,12,12
60196e05993170084efd0f4d,688ce83143c3bb1c217a9acc,295449,DELIVERLOAD,False,29,29,29,29,29,29,29,29,29,29,29,29,29,29,29,29,29,29,29,29,29,29,29,29,29
60196e05993170084efd0f4d,60bcd997ea601c19d6a75090,3M CANADA COMPANY,DELIVERLOAD,False,18,18,18,18,18,18,18,18,18,18,18,18,18,18,18,18,18,18,18,18,18,18,18,18,18
60196e05993170084efd0f4d,60bcd997ea601c19d6a75090,3M CANADA COMPANY,DELIVERLOAD,True,71,71,71,71,71,71,71,71,71,71,71,71,71,71,71,71,71,71,71,71,71,71,71,71,71
60196e05993170084efd0f4d,60bcd997ea601c19d6a75090,3M CANADA COMPANY,HOOKCONTAINER,False,22,22,22,22,22,22,22,22,22,22,22,22,22,22,22,22,22,22,22,22,22,22,22,22,22
60196e05993170084efd0f4d,605f800760beba17f9156b89,3M CANADA- MILTON,DELIVERLOAD,False,32,32,32,32,32,32,32,32,32,32,32,32,32,32,32,32,32,32,32,32,32,32,32,32,32
60196e05993170084efd0f4d,6818ff40337d93235f3dcb8d,41500 END OF THE ROLL THUNDER BAY,DELIVERLOAD,False,29,29,29,29,29,29,29,29,29,29,29,29,29,29,29,29,29,29,29,29,29,29,29,29,29
60196e05993170084efd0f4d,6746024f09404f62d35a93f8,8332282 CANADA INC.,DELIVERLOAD,False,26,26,26,26,26,26,26,26,26,26,26,26,26,26,26,26,26,26,26,26,26,26,26,26,26
60196e05993170084efd0f4d,6746024f09404f62d35a93f8,8332282 CANADA INC.,HOOKCONTAINER,False,33,33,33,33,33,33,33,33,33,33,33,33,33,33,33,33,33,33,33,33,33,33,33,33,33
60196e05993170084efd0f4d,606330332ad8f971cbac67ec,AAA -entrance from cold creek side,PULLCONTAINER,False,42,42,42,42,42,42,42,42,42,42,42,42,42,42,42,42,42,42,42,42,42,42,42,42,42
60196e05993170084efd0f4d,606330332ad8f971cbac67ec,AAA -entrance from cold creek side,RETURNCONTAINER,False,14,14,14,14,14,14,14,14,4,26,7,8,10,25,14,51,15,25,4,14,14,14,14,14,14
60196e05993170084efd0f4d,675b0000a47984ad7f5d4de4,ABE FEHR,DELIVERLOAD,False,54,54,54,54,54,54,54,54,54,54,54,54,54,54,54,54,54,54,54,54,54,54,54,54,54
60196e05993170084efd0f4d,675b0000a47984ad7f5d4de4,ABE FEHR,HOOKCONTAINER,False,22,22,22,22,22,22,22,22,22,22,22,22,22,22,22,22,22,22,22,22,22,22,22,22,22
60196e05993170084efd0f4d,683775bd737e067e814095d3,AB ENERGY CANADA C/O DLS EUSI,HOOKCONTAINER,False,22,22,22,22,22,22,22,22,22,22,22,22,22,22,22,22,22,22,22,22,22,22,22,22,22
60196e05993170084efd0f4d,6894d049468e8987059376bb,ABSA RESIN TECHNOLOGIES INC,DELIVERLOAD,False,36,36,36,36,36,36,36,36,36,36,36,36,36,36,36,36,36,36,36,36,36,36,36,36,36
60196e05993170084efd0f4d,61d5caeb448aae6703923514,access distribution,HOOKCONTAINER,False,8,8,8,8,8,8,8,8,8,8,8,8,8,8,8,8,8,8,8,8,8,8,8,8,8
60196e05993170084efd0f4d,6169e51547d2c21587e0bee0,ACCESS STORAGE,DELIVERLOAD,False,29,29,29,29,29,29,29,29,29,29,29,29,29,29,29,29,29,29,29,29,29,29,29,29,29
60196e05993170084efd0f4d,6169e51547d2c21587e0bee0,ACCESS STORAGE,HOOKCONTAINER,False,22,22,22,22,22,22,22,22,22,22,22,22,22,22,22,22,22,22,22,22,22,22,22,22,22
60196e05993170084efd0f4d,67c9b266cd94b65250515b5b,ACCU PACK,DELIVERLOAD,False,52,52,52,52,52,52,52,52,52,52,52,52,52,52,52,52,52,52,52,52,52,52,52,52,52
60196e05993170084efd0f4d,67c9b266cd94b65250515b5b,ACCU PACK,HOOKCONTAINER,False,6,6,6,6,6,6,6,6,6,6,6,6,6,6,6,6,6,6,6,6,6,6,6,6,6
60196e05993170084efd0f4d,61b905e225a3543f3e6dc021,ACE DEPOT,DELIVERLOAD,False,8,8,8,8,8,8,8,8,8,8,8,8,8,8,8,8,8,8,8,8,8,8,8,8,8
60196e05993170084efd0f4d,680fe8db4a98a6398ba6ecbd,ACE GIFTS,DELIVERLOAD,False,51,51,51,51,51,51,51,51,51,51,51,51,51,51,51,51,51,51,51,51,51,51,51,51,51
60196e05993170084efd0f4d,680fe8db4a98a6398ba6ecbd,ACE GIFTS,DELIVERLOAD,True,71,71,71,71,71,71,71,71,71,71,71,71,71,71,71,71,71,71,71,71,71,71,71,71,71
60196e05993170084efd0f4d,664248075dab25aa2794d14b,ACRO - MISSISSAUGA,DELIVERLOAD,False,26,26,26,26,26,26,26,26,40,20,28,18,16,14,29,23,34,26,16,26,26,26,26,26,26
60196e05993170084efd0f4d,664248075dab25aa2794d14b,ACRO - MISSISSAUGA,HOOKCONTAINER,False,14,14,14,14,14,14,14,30,18,20,13,10,10,10,5,16,15,14,14,14,14,14,14,14,7
60196e05993170084efd0f4d,67e2b982ded1c22ebcad1d2c,ACTIVE DYNAMICS GROUP,DELIVERLOAD,True,52,52,52,52,52,52,52,52,52,52,52,52,52,52,52,52,52,52,52,52,52,52,52,52,52
60196e05993170084efd0f4d,67a4bb3b7c1e651a09703648,ACTIVE PLAYGROUND EQUIPMENT INC.,DELIVERLOAD,False,17,17,17,17,17,17,17,17,17,17,17,17,17,17,17,17,17,17,17,17,17,17,17,17,17
60196e05993170084efd0f4d,67a4bb3b7c1e651a09703648,ACTIVE PLAYGROUND EQUIPMENT INC.,HOOKCONTAINER,False,22,22,22,22,22,22,22,22,22,22,22,22,22,22,22,22,22,22,22,22,22,22,22,22,22
60196e05993170084efd0f4d,688cebf352a629316bb15452,ADK WAREHOUSE,DELIVERLOAD,False,13,13,13,13,13,13,13,13,13,13,13,13,13,13,13,13,13,13,13,13,13,13,13,13,13
60196e05993170084efd0f4d,688cebf352a629316bb15452,ADK WAREHOUSE,HOOKCONTAINER,False,6,6,6,6,6,6,6,6,6,6,6,6,6,6,6,6,6,6,6,6,6,6,6,6,6
60196e05993170084efd0f4d,63247b2b3397eb15e6125484,ADLI,DELIVERLOAD,False,78,78,78,78,78,78,78,78,78,78,78,78,78,78,78,78,78,78,78,78,78,78,78,78,78
60196e05993170084efd0f4d,63247b2b3397eb15e6125484,ADLI,HOOKCONTAINER,False,65,65,65,65,65,65,65,65,65,65,65,65,65,65,65,65,65,65,65,65,65,65,65,65,65
60196e05993170084efd0f4d,6060dc570ea75217e4ab6d65,ADLI LOGISTICS,DELIVERLOAD,False,64,64,64,64,64,64,64,78,64,64,64,75,64,64,48,64,64,64,64,64,64,64,64,64,64
60196e05993170084efd0f4d,6060dc570ea75217e4ab6d65,ADLI LOGISTICS,HOOKCONTAINER,False,10,10,10,10,10,10,10,10,10,10,10,10,10,10,10,10,10,10,10,10,10,10,10,10,10
60196e05993170084efd0f4d,627ad0b0fbc3f81665fa7237,Advantage Warehouse Inc.,DELIVERLOAD,False,52,52,52,52,52,52,52,52,52,52,52,52,52,52,52,52,52,52,52,52,52,52,52,52,52
60196e05993170084efd0f4d,627ad0b0fbc3f81665fa7237,Advantage Warehouse Inc.,DELIVERLOAD,True,68,68,68,68,68,68,68,68,68,68,68,68,68,68,68,68,68,68,68,68,68,68,68,68,68
60196e05993170084efd0f4d,627ad0b0fbc3f81665fa7237,Advantage Warehouse Inc.,HOOKCONTAINER,False,22,22,22,22,22,22,22,22,22,22,22,22,22,22,22,22,22,22,22,22,22,22,22,22,22
60196e05993170084efd0f4d,687113e7d190433970539ee6,AEJ GRANITE,HOOKCONTAINER,False,19,19,19,19,19,19,19,19,19,19,19,19,19,19,19,19,19,19,19,19,19,19,19,19,19
60196e05993170084efd0f4d,685170c45450bfd79ce8f632,AFM,DELIVERLOAD,False,29,29,29,29,29,29,29,29,29,29,29,29,29,29,29,29,29,29,29,29,29,29,29,29,29
60196e05993170084efd0f4d,624dda5f0a99bb6b4ee69768,Agrocrop Exports Ltd,DELIVERLOAD,False,17,17,17,17,17,17,17,17,17,17,17,17,17,17,17,17,17,17,17,17,17,17,17,17,17
60196e05993170084efd0f4d,624dda5f0a99bb6b4ee69768,Agrocrop Exports Ltd,HOOKCONTAINER,False,44,44,44,44,44,44,44,44,44,44,44,44,44,44,44,44,44,44,44,44,44,44,44,44,44
60196e05993170084efd0f4d,67a2142713cdd2169e5c42c4,AIM RECYCLING HAMILTON,DELIVERLOAD,True,145,145,145,145,145,145,145,145,145,145,145,145,145,145,145,145,145,145,145,145,145,145,145,145,145
60196e05993170084efd0f4d,605e601af6745c1c03647564,AIR CANADA/SIMARD TRANSP,DELIVERLOAD,False,29,29,29,29,29,29,29,29,29,29,29,29,29,29,29,29,29,29,29,29,29,29,29,29,29
60196e05993170084efd0f4d,605e601af6745c1c03647564,AIR CANADA/SIMARD TRANSP,HOOKCONTAINER,False,16,16,16,16,16,16,16,16,16,16,16,16,16,16,16,16,16,16,16,16,16,16,16,16,16
60196e05993170084efd0f4d,63d44e0f24a8df15e08e13a4,AIR & OCEANLAND INC,PULLCONTAINER,False,37,37,37,37,37,37,37,37,37,37,37,37,37,37,37,37,37,37,37,37,37,37,37,37,37
60196e05993170084efd0f4d,682cbcc4d49583bb2b461d34,AIR POWER PRODUCTS LTD,DELIVERLOAD,False,8,8,8,8,8,8,8,8,8,8,8,8,8,8,8,8,8,8,8,8,8,8,8,8,8
60196e05993170084efd0f4d,67eea7312c125f483ef9de7a,AJ INTERNATIONAL TRADING,HOOKCONTAINER,False,22,22,22,22,22,22,22,22,22,22,22,22,22,22,22,22,22,22,22,22,22,22,22,22,22
60196e05993170084efd0f4d,660c47ce40fa5060ee052171,ALBEA CANADA INC,DELIVERLOAD,True,62,62,62,62,62,62,62,62,62,62,62,62,62,62,62,62,62,62,62,62,62,62,62,62,62
60196e05993170084efd0f4d,66cdf88f90d102b2b6417ea5,ALIN CARGO,HOOKCONTAINER,False,22,22,22,22,22,22,22,22,22,22,22,22,22,22,22,22,22,22,22,22,22,22,22,22,22
60196e05993170084efd0f4d,68a4d567b7d9b3a878adc755,ALLEGRO ACRES,DELIVERLOAD,False,31,31,31,31,31,31,31,31,31,31,31,31,31,31,31,31,31,31,31,31,31,31,31,31,31
60196e05993170084efd0f4d,67d980f8276faf5ce4b274d9,ALL FREIGHT WAREHOUSE,DELIVERLOAD,False,29,29,29,29,29,29,29,29,29,29,29,29,29,29,29,29,29,29,29,29,29,29,29,29,29
60196e05993170084efd0f4d,67d980f8276faf5ce4b274d9,ALL FREIGHT WAREHOUSE,DELIVERLOAD,True,144,144,144,144,144,144,144,144,144,144,144,144,144,144,144,144,144,144,144,144,144,144,144,144,144
60196e05993170084efd0f4d,67d980f8276faf5ce4b274d9,ALL FREIGHT WAREHOUSE,HOOKCONTAINER,False,27,27,27,27,27,27,27,27,27,27,27,27,27,27,27,27,27,27,27,27,27,27,27,27,27
60196e05993170084efd0f4d,65a0173b79a51416587d988a,ALL GLOBE,HOOKCONTAINER,False,10,10,10,10,10,10,10,10,10,10,10,10,10,10,10,10,10,10,10,10,10,10,10,10,10
60196e05993170084efd0f4d,6789171361121393f704bc73,ALLSEATING CORP,DELIVERLOAD,False,19,19,19,19,19,19,19,19,19,19,19,19,19,19,19,19,19,19,19,19,19,19,19,19,19
60196e05993170084efd0f4d,6789171361121393f704bc73,ALLSEATING CORP,HOOKCONTAINER,False,14,14,14,14,14,14,14,14,14,14,14,14,14,14,14,14,14,14,14,14,14,14,14,14,14
60196e05993170084efd0f4d,685034bbb1ac2eb0b877d380,ALLTRADE (N),HOOKCONTAINER,False,22,22,22,22,22,22,22,22,22,22,22,22,22,22,22,22,22,22,22,22,22,22,22,22,22
60196e05993170084efd0f4d,61c5d12be55eb619dea5fe7e,ALPHA EXPRESS,DELIVERLOAD,False,85,85,85,85,85,85,85,85,85,85,56,31,122,94,99,78,85,85,85,85,85,85,85,85,85
60196e05993170084efd0f4d,61c5d12be55eb619dea5fe7e,ALPHA EXPRESS,DELIVERLOAD,True,60,60,60,60,60,60,60,60,60,60,60,60,60,60,60,60,60,60,60,60,60,60,60,60,60
60196e05993170084efd0f4d,61c5d12be55eb619dea5fe7e,ALPHA EXPRESS,HOOKCONTAINER,False,9,9,9,9,9,9,9,9,9,9,9,9,9,3,9,9,9,9,9,9,9,9,9,9,9
60196e05993170084efd0f4d,60be552e0ecaa5199148b730,ALUMA SYSTEM,DELIVERLOAD,True,39,39,39,39,39,39,39,39,39,39,39,39,39,39,39,39,39,39,39,39,39,39,39,39,39
60196e05993170084efd0f4d,626c44e0b61cbf16481ae609,"Alumni Classroom Furniture, Inc.",DELIVERLOAD,False,68,68,68,68,68,68,68,72,92,76,39,71,68,68,68,68,68,68,68,68,68,68,68,68,68
60196e05993170084efd0f4d,626c44e0b61cbf16481ae609,"Alumni Classroom Furniture, Inc.",HOOKCONTAINER,False,58,58,58,58,58,58,58,58,58,58,58,58,44,58,58,58,58,58,58,58,58,58,58,58,58
60196e05993170084efd0f4d,60759a577da2461bf5e0be4d,AMAR TRANSPORT,PULLCONTAINER,False,38,38,38,38,38,38,38,38,38,37,38,38,38,38,40,38,38,38,38,38,38,38,38,38,38
60196e05993170084efd0f4d,60759a577da2461bf5e0be4d,AMAR TRANSPORT,RETURNCONTAINER,False,21,21,21,21,21,21,21,21,21,21,43,21,21,21,21,21,21,21,21,21,21,21,21,21,21
60196e05993170084efd0f4d,636d33cab89ff91607a14e2a,AMAR TRANSPORT YARD,RETURNCONTAINER,False,11,11,11,11,11,11,11,11,11,11,11,11,11,11,11,11,11,11,11,11,11,11,11,11,11
60196e05993170084efd0f4d,636ec13ee8b61f15df3957aa,AMAR YARD,RETURNCONTAINER,False,12,12,12,12,12,12,12,12,12,12,12,12,12,12,12,12,12,12,12,12,12,12,12,12,12
60196e05993170084efd0f4d,647e4ac1cc8cde16955cf586,AMAZING KOBOTIC INDUSTRIES INC.,DELIVERLOAD,False,49,49,49,49,49,49,49,49,49,49,49,49,49,49,49,49,49,49,49,49,49,49,49,49,49
60196e05993170084efd0f4d,647e4ac1cc8cde16955cf586,AMAZING KOBOTIC INDUSTRIES INC.,HOOKCONTAINER,False,38,38,38,38,38,38,38,38,38,38,38,38,38,38,38,38,38,38,38,38,38,38,38,38,38
60196e05993170084efd0f4d,60be7daa1a593743799993ef,AMAZON YYZ,DELIVERLOAD,True,64,64,64,64,64,64,64,64,64,64,64,64,64,64,64,64,64,64,64,64,64,64,64,64,64
60196e05993170084efd0f4d,61a8a8d5a8b8c951cc4b4dbf,Amazon YYZ3,DELIVERLOAD,True,58,58,58,58,58,58,58,58,58,58,58,58,58,58,58,58,58,58,58,58,58,58,58,58,58
60196e05993170084efd0f4d,6172e6736c0b4a1568936711,Amico Corporation,DELIVERLOAD,False,34,34,34,34,34,34,34,34,34,34,34,34,34,34,34,34,34,34,34,34,34,34,34,34,34
60196e05993170084efd0f4d,6172e6736c0b4a1568936711,Amico Corporation,HOOKCONTAINER,False,6,6,6,6,6,6,6,6,6,6,6,6,6,6,6,6,6,6,6,6,6,6,6,6,6
60196e05993170084efd0f4d,680106d99a4fc3f8fee1ce71,AMICO CORPORATION,DELIVERLOAD,True,174,174,174,174,174,174,174,174,174,174,174,174,174,174,174,174,174,174,174,174,174,174,174,174,174
60196e05993170084efd0f4d,65fda5078a54ee0029d3a7b7,AMICO LIGHTS CORPORATION,DELIVERLOAD,False,63,63,63,63,63,63,63,63,63,63,63,63,63,63,63,63,63,63,63,63,63,63,63,63,63
60196e05993170084efd0f4d,614b5c596085a51575a8ff7d,AMICO MOBILITY SOLUTIONS,DELIVERLOAD,False,36,36,36,36,36,36,36,36,36,36,36,36,36,36,36,36,36,36,36,36,36,36,36,36,36
60196e05993170084efd0f4d,614b5c596085a51575a8ff7d,AMICO MOBILITY SOLUTIONS,HOOKCONTAINER,False,9,9,9,9,9,9,9,9,9,9,9,9,9,9,9,9,9,9,9,9,9,9,9,9,9
60196e05993170084efd0f4d,67ead6a1507d7b6a7961aa8c,AMICO PATIENT CARE,HOOKCONTAINER,False,59,59,59,59,59,59,59,59,59,59,59,59,59,59,59,59,59,59,59,59,59,59,59,59,59
60196e05993170084efd0f4d,663240dff76990af2bd42017,AMPACET CANADA,DELIVERLOAD,False,57,57,57,57,57,57,57,57,57,57,57,64,57,57,57,57,57,57,57,57,57,57,57,57,57
60196e05993170084efd0f4d,663240dff76990af2bd42017,AMPACET CANADA,HOOKCONTAINER,False,31,31,31,31,31,31,31,31,31,31,31,31,31,31,31,31,31,31,31,31,31,31,31,31,31
60196e05993170084efd0f4d,643d68f7888a8c1659baa957,ANATOLI PLOTKINE(PREPAY CUSTOMER),DELIVERLOAD,False,29,29,29,29,29,29,29,29,29,29,29,29,29,29,29,29,29,29,29,29,29,29,29,29,29
60196e05993170084efd0f4d,63b88b0de58d0a161ce51606,ANDREW PELLER LIMITED,DELIVERLOAD,False,29,29,29,29,29,29,29,29,29,29,29,29,29,29,29,29,29,29,29,29,29,29,29,29,29
60196e05993170084efd0f4d,63b88b0de58d0a161ce51606,ANDREW PELLER LIMITED,DELIVERLOAD,True,69,69,69,69,69,69,69,69,168,93,145,10,48,23,2,69,69,69,69,69,69,69,69,69,69
60196e05993170084efd0f4d,63b88b0de58d0a161ce51606,ANDREW PELLER LIMITED,HOOKCONTAINER,False,8,8,8,8,8,8,8,8,8,8,8,8,6,8,8,8,8,8,8,8,8,8,8,8,8
60196e05993170084efd0f4d,651c513c64858f162daa4fe6,ANGELO NICOSIA,DELIVERLOAD,False,23,23,23,23,23,23,23,23,23,23,23,23,23,23,23,23,23,23,23,23,23,23,23,23,23
60196e05993170084efd0f4d,651c513c64858f162daa4fe6,ANGELO NICOSIA,HOOKCONTAINER,False,15,15,15,15,15,15,15,15,15,15,15,15,15,15,15,15,15,15,15,15,15,15,15,15,15
60196e05993170084efd0f4d,6114e52c0a2b0f6329a9404a,AOSOM OSHAWA,DELIVERLOAD,False,27,27,27,27,27,27,27,27,27,22,27,30,27,10,41,30,40,6,65,44,27,27,27,27,27
60196e05993170084efd0f4d,6114e52c0a2b0f6329a9404a,AOSOM OSHAWA,HOOKCONTAINER,False,90,90,90,90,90,90,90,84,17,80,83,129,87,93,87,90,89,119,87,50,90,90,90,90,90
60196e05993170084efd0f4d,68c9a1aa99846f5440e4bec3,APEX INSULATION INC,HOOKCONTAINER,False,22,22,22,22,22,22,22,22,22,22,22,22,22,22,22,22,22,22,22,22,22,22,22,22,22
60196e05993170084efd0f4d,68545c56e93a379d27f4ad80,APEX INSULATION INC YARD,DELIVERLOAD,False,24,24,24,24,24,24,24,24,24,24,24,24,24,24,24,24,24,24,24,24,24,24,24,24,24
60196e05993170084efd0f4d,68545c56e93a379d27f4ad80,APEX INSULATION INC YARD,HOOKCONTAINER,False,22,22,22,22,22,22,22,22,22,22,22,22,22,22,22,22,22,22,22,22,22,22,22,22,22
60196e05993170084efd0f4d,65e1f4114f84608a14c77081,AP LAZER CANADA MFG,DELIVERLOAD,False,29,29,29,29,29,29,29,29,29,29,29,29,29,29,29,29,29,29,29,29,29,29,29,29,29
60196e05993170084efd0f4d,65e1f4114f84608a14c77081,AP LAZER CANADA MFG,HOOKCONTAINER,False,22,22,22,22,22,22,22,22,22,22,22,22,22,22,22,22,22,22,22,22,22,22,22,22,22
60196e05993170084efd0f4d,68127c115a67987c11058040,APONY INC,DELIVERLOAD,False,43,43,43,43,43,43,43,43,43,43,43,43,43,43,43,43,43,43,43,43,43,43,43,43,43
60196e05993170084efd0f4d,68127c115a67987c11058040,APONY INC,HOOKCONTAINER,False,79,79,79,79,79,79,79,79,79,79,79,79,79,79,79,79,79,79,79,79,79,79,79,79,79
60196e05993170084efd0f4d,68a4d62afa7328bdfae1b909,APPROPRIATE CHEMICAL INTERNATIONAL LTD DBA ANCHEM SALES,DELIVERLOAD,False,78,78,78,78,78,78,78,78,78,78,78,78,78,78,78,78,78,78,78,78,78,78,78,78,78
60196e05993170084efd0f4d,645a5485371d5d1657ecd4a9,AQUATECHNIK NA/2444593 ONT INC.,DELIVERLOAD,False,15,15,15,15,15,15,15,15,15,15,15,15,15,15,15,15,15,15,15,15,15,15,15,15,15
60196e05993170084efd0f4d,645a5485371d5d1657ecd4a9,AQUATECHNIK NA/2444593 ONT INC.,HOOKCONTAINER,False,4,4,4,4,4,4,4,4,4,4,4,4,4,4,4,4,4,4,4,4,4,4,4,4,4
60196e05993170084efd0f4d,6841e43d8db49e1722758567,AQUA TECH SOLUTIONS,DELIVERLOAD,False,29,29,29,29,29,29,29,29,29,29,29,29,29,29,29,29,29,29,29,29,29,29,29,29,29
60196e05993170084efd0f4d,66b231205f71882e845a4435,ARCONAS CORPORATION,HOOKCONTAINER,False,42,42,42,42,42,42,42,42,42,42,42,42,42,42,42,42,42,42,42,42,42,42,42,42,42
60196e05993170084efd0f4d,680945a13828fcc7d0944fbc,ARMTEC INC,HOOKCONTAINER,False,9,9,9,9,9,9,9,9,9,9,9,9,9,9,9,9,9,9,9,9,9,9,9,9,9
60196e05993170084efd0f4d,663e336eb79246aee87b1243,ARRAY CANADA INC,DELIVERLOAD,False,2,2,2,2,2,2,2,2,2,2,2,2,2,2,2,2,2,2,2,2,2,2,2,2,2
60196e05993170084efd0f4d,663e336eb79246aee87b1243,ARRAY CANADA INC,HOOKCONTAINER,False,22,22,22,22,22,22,22,22,22,22,22,22,22,22,22,22,22,22,22,22,22,22,22,22,22
60196e05993170084efd0f4d,68236ef5e4c3235032037661,ARRAY CANADA INC,DELIVERLOAD,False,71,71,71,71,71,71,71,71,71,71,71,71,71,71,71,71,71,71,71,71,71,71,71,71,71
60196e05993170084efd0f4d,614f70de37eb987aad8d74e2,ARRISCRAFT INTERNATIONAL INC,DELIVERLOAD,False,29,29,29,29,29,29,29,29,29,29,29,29,29,29,29,29,29,29,29,29,29,29,29,29,29
60196e05993170084efd0f4d,61522f871f79e015739f8521,ARRISCRAFT INTERNATIONAL INC,HOOKCONTAINER,False,22,22,22,22,22,22,22,22,22,22,22,22,22,22,22,22,22,22,22,22,22,22,22,22,22
60196e05993170084efd0f4d,6060b1adc785201862a5366e,ASL DISTRIBUTION SERVICE,DELIVERLOAD,False,26,26,26,26,26,26,26,26,26,26,26,26,22,26,26,26,26,26,26,26,26,26,26,26,26
60196e05993170084efd0f4d,6060b1adc785201862a5366e,ASL DISTRIBUTION SERVICE,HOOKCONTAINER,False,29,29,29,29,29,29,29,29,29,29,29,29,32,29,29,29,29,29,29,29,29,29,29,29,29
60196e05993170084efd0f4d,62bb5ab7928d8d13d6771b55,ATIN ITO,DELIVERLOAD,False,27,27,27,27,27,27,27,27,27,27,27,34,27,27,32,29,27,35,27,27,27,27,27,27,27
60196e05993170084efd0f4d,62bb5ab7928d8d13d6771b55,ATIN ITO,HOOKCONTAINER,False,22,22,22,22,22,22,22,22,22,18,25,17,16,22,22,22,22,22,22,22,22,22,22,22,22
60196e05993170084efd0f4d,657b6890b70510166c1fb8af,ATLAS WORKWEAR,DELIVERLOAD,False,43,43,43,43,43,43,43,43,43,43,43,43,43,43,43,43,43,43,43,43,43,43,43,43,43
60196e05993170084efd0f4d,657b6890b70510166c1fb8af,ATLAS WORKWEAR,HOOKCONTAINER,False,42,42,42,42,42,42,42,42,42,42,42,42,42,42,42,42,42,42,42,42,42,42,42,42,42
60196e05993170084efd0f4d,67b4a929cc77f1f8549ce0b5,ATOSA CANADA INC-MILTON,DELIVERLOAD,False,6,6,6,6,6,6,6,6,6,6,6,6,6,6,6,6,6,6,6,6,6,6,6,6,6
60196e05993170084efd0f4d,67b4a929cc77f1f8549ce0b5,ATOSA CANADA INC-MILTON,HOOKCONTAINER,False,22,22,22,22,22,22,22,22,22,22,22,22,22,22,22,22,22,22,22,22,22,22,22,22,22
60196e05993170084efd0f4d,606330282ad8f971cbac67e5,ATS,RETURNCONTAINER,False,8,8,8,8,8,8,8,8,8,8,8,8,8,8,8,8,8,8,8,8,8,8,8,8,8
60196e05993170084efd0f4d,67c9b70d1f3392fca94350c3,AURIC WORLDWIDE CARGO,DELIVERLOAD,False,12,12,12,12,12,12,12,12,12,12,12,12,12,12,12,12,12,12,12,12,12,12,12,12,12
60196e05993170084efd0f4d,67c9b70d1f3392fca94350c3,AURIC WORLDWIDE CARGO,HOOKCONTAINER,False,22,22,22,22,22,22,22,22,22,22,22,22,22,22,22,22,22,22,22,22,22,22,22,22,22
60196e05993170084efd0f4d,68879a562e144d289fa3319e,AURORA WAREHOUSING,DELIVERLOAD,True,107,107,107,107,107,107,107,107,107,107,107,107,107,107,107,107,107,107,107,107,107,107,107,107,107
60196e05993170084efd0f4d,6060dd17c785201862a53830,AUTOMANN HEAVE DUTY CANADA INC,DELIVERLOAD,False,64,64,64,64,64,64,64,64,64,64,64,64,64,64,64,64,64,64,64,64,64,64,64,64,64
60196e05993170084efd0f4d,6060dd17c785201862a53830,AUTOMANN HEAVE DUTY CANADA INC,HOOKCONTAINER,False,6,6,6,6,6,6,6,6,6,6,6,6,6,6,6,6,6,6,6,6,6,6,6,6,6
60196e05993170084efd0f4d,6751e6667c0baeb784dc9fae,AUTO REALM INC.,DELIVERLOAD,False,29,29,29,29,29,29,29,29,29,29,29,29,29,29,29,29,29,29,29,29,29,29,29,29,29
60196e05993170084efd0f4d,6751e6667c0baeb784dc9fae,AUTO REALM INC.,HOOKCONTAINER,False,19,19,19,19,19,19,19,19,19,19,19,19,19,19,19,19,19,19,19,19,19,19,19,19,19
60196e05993170084efd0f4d,6627b1caebf3edd54083727f,AVSEL WAREHOUSE,DELIVERLOAD,False,20,20,20,20,20,20,20,20,20,20,20,20,20,20,20,20,20,20,20,20,20,20,20,20,20
60196e05993170084efd0f4d,6627b1caebf3edd54083727f,AVSEL WAREHOUSE,HOOKCONTAINER,False,24,24,24,24,24,24,24,24,24,24,24,24,24,24,24,24,24,24,24,24,24,24,24,24,24
60196e05993170084efd0f4d,62616b34b924c51b2a39d05e,AXGLO INC UNIT #5,DELIVERLOAD,False,29,29,29,29,29,29,29,29,29,29,29,29,29,29,29,29,29,29,29,29,29,29,29,29,29
60196e05993170084efd0f4d,6769c7b4499265303c2948bc,Axium Plastics C/O Piovan,DELIVERLOAD,False,40,40,40,40,40,40,40,40,40,40,40,40,40,40,40,40,40,40,40,40,40,40,40,40,40
60196e05993170084efd0f4d,6769c7b4499265303c2948bc,Axium Plastics C/O Piovan,HOOKCONTAINER,False,18,18,18,18,18,18,18,18,18,18,18,18,18,18,18,18,18,18,18,18,18,18,18,18,18
60196e05993170084efd0f4d,649f29191eb2dd164e03efb7,BABYLON,DELIVERLOAD,False,25,25,25,25,25,25,25,25,25,25,25,25,25,25,25,25,25,25,25,25,25,25,25,25,25
60196e05993170084efd0f4d,649f29191eb2dd164e03efb7,BABYLON,HOOKCONTAINER,False,23,23,23,23,23,23,23,23,23,23,23,23,23,23,23,23,23,23,23,23,23,23,23,23,23
60196e05993170084efd0f4d,680fea8c0a5fd7712473826d,BABY TREND C/O TOYSRUS CANADA (3501 CONCORD),HOOKCONTAINER,False,64,64,64,64,64,64,64,64,64,64,64,64,64,64,64,64,64,64,64,64,64,64,64,64,64
60196e05993170084efd0f4d,659c6a0a9273500b6d752628,BABY TREND C/O UMBRELLA LOGISTICS,HOOKCONTAINER,False,5,5,5,5,5,5,5,5,5,5,5,5,5,5,5,5,5,5,5,5,5,5,5,5,5
60196e05993170084efd0f4d,6780144c125236f249fa4fbb,Backerhaus Veit Ltd,DELIVERLOAD,False,90,90,90,90,90,90,90,90,90,134,90,90,90,90,90,90,90,90,90,90,90,90,90,90,90
60196e05993170084efd0f4d,6780144c125236f249fa4fbb,Backerhaus Veit Ltd,HOOKCONTAINER,False,3,3,3,3,3,3,3,3,3,3,3,3,3,3,3,3,3,3,3,3,3,3,3,3,3
60196e05993170084efd0f4d,66743bd96a6dd763f7f481a4,BALE FORCE RECYCLING EQUIPMENT,DELIVERLOAD,False,84,84,84,84,84,84,84,84,84,84,84,84,84,84,84,84,84,84,84,84,84,84,84,84,84
60196e05993170084efd0f4d,66743bd96a6dd763f7f481a4,BALE FORCE RECYCLING EQUIPMENT,HOOKCONTAINER,False,22,22,22,22,22,22,22,22,22,22,22,22,22,22,22,22,22,22,22,22,22,22,22,22,22
60196e05993170084efd0f4d,68c9a6190b7a648f9715a47b,BALE FORCE RECYCLING EQUIPMENT,DELIVERLOAD,False,46,46,46,46,46,46,46,46,46,46,46,46,46,46,46,46,46,46,46,46,46,46,46,46,46
60196e05993170084efd0f4d,68c9a6190b7a648f9715a47b,BALE FORCE RECYCLING EQUIPMENT,HOOKCONTAINER,False,53,53,53,53,53,53,53,53,53,53,53,53,53,53,53,53,53,53,53,53,53,53,53,53,53
60196e05993170084efd0f4d,68bedf765bc8ea751eb92bc1,BALSAM PROMOTIONS,DELIVERLOAD,False,20,20,20,20,20,20,20,20,20,20,20,20,20,20,20,20,20,20,20,20,20,20,20,20,20
60196e05993170084efd0f4d,68bedf765bc8ea751eb92bc1,BALSAM PROMOTIONS,HOOKCONTAINER,False,22,22,22,22,22,22,22,22,22,22,22,22,22,22,22,22,22,22,22,22,22,22,22,22,22
60196e05993170084efd0f4d,688ceec1c43c7b185c867e2d,BARDON SUPPLIES LTD,HOOKCONTAINER,False,22,22,22,22,22,22,22,22,22,22,22,22,22,22,22,22,22,22,22,22,22,22,22,22,22
60196e05993170084efd0f4d,66703a1997ff4a755652a57e,BARENTZ INGREDIENTS CANADA INC,HOOKCONTAINER,False,22,22,22,22,22,22,22,22,22,22,22,22,22,22,22,22,22,22,22,22,22,22,22,22,22
60196e05993170084efd0f4d,6841e5ba5334f6b517f4da25,BARKET SALAH INC,DELIVERLOAD,False,14,14,14,14,14,14,14,14,14,14,14,14,14,14,14,14,14,14,14,14,14,14,14,14,14
60196e05993170084efd0f4d,68545e36a094805ea2439720,BARKET SALAH INC,HOOKCONTAINER,False,2,2,2,2,2,2,2,2,2,2,2,2,2,2,2,2,2,2,2,2,2,2,2,2,2
60196e05993170084efd0f4d,60e36275b15bf95e3fbd4322,BARWOOD FLOORING,DELIVERLOAD,False,22,22,22,22,22,22,22,22,22,22,22,22,22,22,22,22,22,22,22,22,22,22,22,22,22
60196e05993170084efd0f4d,60e36275b15bf95e3fbd4322,BARWOOD FLOORING,HOOKCONTAINER,False,20,20,20,20,20,20,20,20,20,20,20,20,20,20,20,20,20,20,20,20,20,20,20,20,20
60196e05993170084efd0f4d,6751eadbbbd030f68063c9ad,BARWOOD FLOORING,DELIVERLOAD,False,35,35,35,35,35,35,35,35,35,35,40,35,35,35,35,35,35,35,35,35,35,35,35,35,35
60196e05993170084efd0f4d,6751eadbbbd030f68063c9ad,BARWOOD FLOORING,DELIVERLOAD,True,50,50,50,50,50,50,50,50,50,50,50,50,50,50,50,50,50,50,50,50,50,50,50,50,50
60196e05993170084efd0f4d,6751eadbbbd030f68063c9ad,BARWOOD FLOORING,HOOKCONTAINER,False,29,29,29,29,29,29,29,29,29,29,29,29,29,29,29,29,29,29,29,29,29,29,29,29,29
60196e05993170084efd0f4d,67acb5bc6845621eac4573f1,BATHIFY INC,DELIVERLOAD,True,69,69,69,69,69,69,69,69,69,69,69,69,69,69,69,69,69,69,69,69,69,69,69,69,69
60196e05993170084efd0f4d,605f3a2d0fc12f32d84ef8dd,BENA FASTENING,DELIVERLOAD,False,33,33,33,33,33,33,33,33,27,63,33,33,33,33,33,33,33,33,33,33,33,33,33,33,33
60196e05993170084efd0f4d,605f3a2d0fc12f32d84ef8dd,BENA FASTENING,HOOKCONTAINER,False,37,37,37,37,37,37,37,37,37,37,37,37,37,37,37,37,37,37,37,37,37,37,37,37,37
60196e05993170084efd0f4d,605b65d5889d263e96893f8f,BENSON'S WHSE,DELIVERLOAD,False,29,29,29,29,29,29,29,29,29,29,29,29,29,29,29,29,29,29,29,29,29,29,29,29,29
60196e05993170084efd0f4d,605b65d5889d263e96893f8f,BENSON'S WHSE,DELIVERLOAD,True,54,54,54,54,54,54,54,54,54,54,69,54,54,44,62,48,62,51,38,54,54,54,54,54,54
60196e05993170084efd0f4d,605b65d5889d263e96893f8f,BENSON'S WHSE,HOOKCONTAINER,False,34,34,34,34,34,34,34,34,34,34,34,34,34,34,34,34,34,34,34,34,34,34,34,34,34
60196e05993170084efd0f4d,627517406838b7166b9b26e8,berza studio,DELIVERLOAD,False,29,29,29,29,29,29,29,29,29,29,29,29,29,29,29,29,29,29,29,29,29,29,29,29,29
60196e05993170084efd0f4d,6060e9c30ea75217e4ab6fbb,BEST BUY (CODE 1006),DELIVERLOAD,False,11,11,11,11,11,11,11,11,11,11,11,11,11,11,11,11,11,11,11,11,11,11,11,11,11
60196e05993170084efd0f4d,6060e9c30ea75217e4ab6fbb,BEST BUY (CODE 1006),HOOKCONTAINER,False,78,78,78,78,78,78,78,78,78,78,78,78,78,78,78,78,78,78,78,78,78,78,78,78,78
60196e05993170084efd0f4d,60633046f73b0135438ee4c5,BEST CHOICE,PULLCONTAINER,False,71,71,71,71,71,71,71,71,71,71,71,71,71,71,71,71,71,71,71,71,71,71,71,71,71
60196e05993170084efd0f4d,60633046f73b0135438ee4c5,BEST CHOICE,RETURNCONTAINER,False,31,31,31,31,31,31,31,15,23,27,24,25,18,23,47,59,53,40,6,18,31,31,31,31,31
60196e05993170084efd0f4d,687ff65cbf4c163479d1d733,BEST OFFICE INC,DELIVERLOAD,False,14,14,14,14,14,14,14,14,14,14,14,14,14,14,14,11,14,14,14,14,14,14,14,14,14
60196e05993170084efd0f4d,687ff65cbf4c163479d1d733,BEST OFFICE INC,HOOKCONTAINER,False,15,15,15,15,15,15,15,15,15,15,15,15,15,15,15,15,15,15,15,15,15,15,15,15,15
60196e05993170084efd0f4d,67d9803e0dc88a792d0beba7,BHJ CANADA,DELIVERLOAD,False,62,62,62,62,62,62,62,62,62,62,62,62,62,62,62,62,62,62,62,62,62,62,62,62,62
60196e05993170084efd0f4d,628fed6a8d3a1b268fbebdf6,BigSteelBox Mississauga,RETURNCONTAINER,False,15,15,15,15,15,15,15,15,15,15,15,15,15,15,15,15,15,15,15,15,15,15,15,15,15
60196e05993170084efd0f4d,605f3a660fc12f32d84ef8e0,BIZERBA,DELIVERLOAD,False,11,11,11,11,11,11,11,11,11,11,11,11,11,11,11,11,11,11,11,11,11,11,11,11,11
60196e05993170084efd0f4d,605f3a660fc12f32d84ef8e0,BIZERBA,DELIVERLOAD,True,66,66,66,66,66,66,66,66,66,66,66,66,66,66,66,66,66,66,66,66,66,66,66,66,66
60196e05993170084efd0f4d,605f3a660fc12f32d84ef8e0,BIZERBA,HOOKCONTAINER,False,8,8,8,8,8,8,8,8,8,9,8,8,8,8,8,8,8,8,8,8,8,8,8,8,8
60196e05993170084efd0f4d,61a6292de57bc36b0d70323e,blendtek fine ingredients inc,DELIVERLOAD,False,17,17,17,17,17,17,17,91,14,21,11,17,46,17,10,17,17,17,17,17,17,17,17,17,17
60196e05993170084efd0f4d,61a6292de57bc36b0d70323e,blendtek fine ingredients inc,HOOKCONTAINER,False,46,46,46,46,46,46,46,46,9,46,156,46,30,46,50,84,46,79,23,46,46,46,46,46,46
60196e05993170084efd0f4d,646697167fb9bf168dd00bc8,BLESSED TRADING,HOOKCONTAINER,False,26,26,26,26,26,26,26,26,26,26,26,26,26,26,26,26,26,26,26,26,26,26,26,26,26
60196e05993170084efd0f4d,67fd5d780263fadcab33e009,B&L FARM SERVICES,HOOKCONTAINER,False,5,5,5,5,5,5,5,5,5,5,5,5,5,5,5,5,5,5,5,5,5,5,5,5,5
60196e05993170084efd0f4d,68545d883897e7758e0865b1,BLUEAIR / GXO,HOOKCONTAINER,False,22,22,22,22,22,22,22,22,22,22,22,22,22,22,22,22,22,22,22,22,22,22,22,22,22
60196e05993170084efd0f4d,62c3054c5f057b54f51d5898,Blue Giant Equipment Corporation,DELIVERLOAD,False,33,33,33,33,33,33,33,33,33,33,33,33,33,33,33,33,33,33,33,33,33,33,33,33,33
60196e05993170084efd0f4d,62c3054c5f057b54f51d5898,Blue Giant Equipment Corporation,HOOKCONTAINER,False,19,19,19,19,19,19,19,19,19,19,19,19,19,19,19,19,19,19,19,19,19,19,19,19,19
60196e05993170084efd0f4d,67eae8b28c9105ffd76bd15c,BLUE MOUNTAIN FRUIT COMPANY,DELIVERLOAD,False,29,29,29,29,29,29,29,29,29,29,29,29,29,29,29,29,29,29,29,29,29,29,29,29,29
60196e05993170084efd0f4d,688ce98dc8061ded8a1e8be3,BOLANLE DEJI JEMIYO,DELIVERLOAD,False,29,29,29,29,29,29,29,29,29,29,29,29,29,29,29,29,29,29,29,29,29,29,29,29,29
60196e05993170084efd0f4d,688ce98dc8061ded8a1e8be3,BOLANLE DEJI JEMIYO,HOOKCONTAINER,False,69,69,69,69,69,69,69,69,69,69,69,69,69,69,69,69,69,69,69,69,69,69,69,69,69
60196e05993170084efd0f4d,685d6d04393d2ca16ceda1f5,BOLT LOGISTICS YYZ5,DELIVERLOAD,False,85,85,85,85,85,85,85,85,85,85,85,85,85,85,85,85,85,85,85,85,85,85,85,85,85
60196e05993170084efd0f4d,685d6d04393d2ca16ceda1f5,BOLT LOGISTICS YYZ5,HOOKCONTAINER,False,36,36,36,36,36,36,36,36,36,36,36,36,36,36,36,36,36,36,36,36,36,36,36,36,36
60196e05993170084efd0f4d,62742a3ae923984c07a62274,BOLTS PLUS,DELIVERLOAD,False,29,29,29,29,29,29,29,29,29,29,29,29,29,29,29,29,29,29,29,29,29,29,29,29,29
60196e05993170084efd0f4d,62742a3ae923984c07a62274,BOLTS PLUS,HOOKCONTAINER,False,22,22,22,22,22,22,22,22,22,22,22,22,22,22,22,22,22,22,22,22,22,22,22,22,22
60196e05993170084efd0f4d,675afddbf12163984922ed36,BRANDON FOLDESI,DELIVERLOAD,False,13,13,13,13,13,13,13,13,13,13,13,13,13,13,13,13,13,13,13,13,13,13,13,13,13
60196e05993170084efd0f4d,675afddbf12163984922ed36,BRANDON FOLDESI,HOOKCONTAINER,False,22,22,22,22,22,22,22,22,22,22,22,22,22,22,22,22,22,22,22,22,22,22,22,22,22
60196e05993170084efd0f4d,605b653da3a9e67b614849a7,BRILLIANT ROYAL,DELIVERLOAD,True,71,71,71,71,71,71,71,71,71,71,71,71,71,71,71,71,71,71,71,71,71,71,71,71,71
60196e05993170084efd0f4d,631bb738a0f99616134ddea7,BRITGROCER INC,DELIVERLOAD,False,30,30,30,30,30,30,30,30,30,30,30,30,30,30,30,30,30,30,30,30,30,30,30,30,30
60196e05993170084efd0f4d,631bb738a0f99616134ddea7,BRITGROCER INC,HOOKCONTAINER,False,21,21,21,21,21,21,21,21,21,21,21,21,21,21,21,21,21,21,21,21,21,21,21,21,21
60196e05993170084efd0f4d,6545312f4fed491565063835,BRONDELL INTERFULLFILLMENT,DELIVERLOAD,False,33,33,33,33,33,33,33,33,33,33,33,33,33,33,33,33,33,33,33,33,33,33,33,33,33
60196e05993170084efd0f4d,670fcf2691cd2436ad87224a,BROTHERS EQUIPMENT AND SUPPLY,HOOKCONTAINER,False,22,22,22,22,22,22,22,22,22,22,22,22,22,22,22,22,22,22,22,22,22,22,22,22,22
60196e05993170084efd0f4d,61d301aaf92f761aa6967490,Brunswick bierworks,DELIVERLOAD,False,44,44,44,44,44,44,44,44,44,44,44,44,44,44,44,44,44,44,44,44,44,44,44,44,44
60196e05993170084efd0f4d,641b6dd344b87715ef4a9d1a,BSI DISTRIBUTOR SOURCE INC.,DELIVERLOAD,False,67,67,67,67,67,67,67,67,67,67,67,67,67,67,67,67,67,67,67,67,67,67,67,67,67
60196e05993170084efd0f4d,641b6dd344b87715ef4a9d1a,BSI DISTRIBUTOR SOURCE INC.,HOOKCONTAINER,False,59,59,59,59,59,59,59,59,59,59,59,59,59,59,59,59,59,59,59,59,59,59,59,59,59
60196e05993170084efd0f4d,67a4e599725d9ce4795c52a5,BUILDER SUPPLY HOUSE,DELIVERLOAD,False,29,29,29,29,29,29,29,29,29,29,29,29,29,29,29,29,29,29,29,29,29,29,29,29,29
60196e05993170084efd0f4d,67a4e599725d9ce4795c52a5,BUILDER SUPPLY HOUSE,HOOKCONTAINER,False,22,22,22,22,22,22,22,22,22,22,22,22,22,22,22,22,22,22,22,22,22,22,22,22,22
60196e05993170084efd0f4d,605f8b1560beba17f9156bd4,BUSKE LINES CANADA,DELIVERLOAD,False,70,70,70,70,70,70,70,70,70,70,70,70,70,70,70,70,70,70,70,70,70,70,70,70,70
60196e05993170084efd0f4d,605f8b1560beba17f9156bd4,BUSKE LINES CANADA,HOOKCONTAINER,False,22,22,22,22,22,22,22,22,22,22,22,22,22,22,22,22,22,22,22,22,22,22,22,22,22
60196e05993170084efd0f4d,628fead7f20e1026fdb10fd8,CAESARSTONE LTD,DELIVERLOAD,False,18,18,18,18,18,18,20,15,19,28,36,15,32,16,18,18,18,18,18,18,18,18,18,18,18
60196e05993170084efd0f4d,628fead7f20e1026fdb10fd8,CAESARSTONE LTD,HOOKCONTAINER,False,16,16,16,16,16,16,16,54,15,18,13,16,11,21,31,16,16,16,16,16,16,16,16,16,16
60196e05993170084efd0f4d,6850155aba5a9b9c5947d55e,CAFE TEAPIOCA INC.,DELIVERLOAD,False,36,36,36,36,36,36,36,36,36,36,36,36,36,36,36,36,36,36,36,36,36,36,36,36,36
60196e05993170084efd0f4d,6850155aba5a9b9c5947d55e,CAFE TEAPIOCA INC.,HOOKCONTAINER,False,42,42,42,42,42,42,42,42,42,42,42,42,42,42,42,42,42,42,42,42,42,42,42,42,42
60196e05993170084efd0f4d,60e32a8af4d2e949f90b5c47,CAMCOR MFG,DELIVERLOAD,False,36,36,36,36,36,36,36,36,36,36,36,36,36,36,36,36,36,36,36,36,36,36,36,36,36
60196e05993170084efd0f4d,60e32a8af4d2e949f90b5c47,CAMCOR MFG,HOOKCONTAINER,False,5,5,5,5,5,5,5,5,5,5,5,5,5,5,5,5,5,5,5,5,5,5,5,5,5
60196e05993170084efd0f4d,682cbf28550e08d418402a4e,CAMDEN DOOR,HOOKCONTAINER,False,22,22,22,22,22,22,22,22,22,22,22,22,22,22,22,22,22,22,22,22,22,22,22,22,22
60196e05993170084efd0f4d,6050942dd07caf2f14cf5890,"Canada Drayage, Inc",RETURNCONTAINER,False,44,44,44,44,44,44,44,44,44,44,44,44,44,44,44,44,44,44,44,44,44,44,44,44,44
60196e05993170084efd0f4d,66db02b994b39f8a8559f457,CANADA QIUMING AUTO PARTS LTD,HOOKCONTAINER,False,22,22,22,22,22,22,22,22,22,22,22,22,22,22,22,22,22,22,22,22,22,22,22,22,22
60196e05993170084efd0f4d,677e91d009774c74da61e147,CANADA TEX,DELIVERLOAD,False,29,29,29,29,29,29,29,29,29,29,29,29,29,29,29,29,29,29,29,29,29,29,29,29,29
60196e05993170084efd0f4d,67a4e86660843656b4e7472d,CANADA TEX,HOOKCONTAINER,False,22,22,22,22,22,22,22,22,22,22,22,22,22,22,22,22,22,22,22,22,22,22,22,22,22
60196e05993170084efd0f4d,678fd37805551a6e5f0e5e7f,Canadian Ferro Refractories Inc,DELIVERLOAD,True,46,46,46,46,46,46,46,46,46,46,46,46,46,46,46,46,46,46,46,46,46,46,46,46,46
60196e05993170084efd0f4d,67812ce373a9731106923a15,Canadian Hospital Specialties Ltd,HOOKCONTAINER,False,18,18,18,18,18,18,18,18,18,18,18,18,18,18,18,18,18,18,18,18,18,18,18,18,18
60196e05993170084efd0f4d,612ff44378d2cf43fddba811,CANADIAN PIPE SUPPLY LIMITED,DELIVERLOAD,False,29,29,29,29,29,29,29,29,29,29,29,29,29,29,29,29,29,29,29,29,29,29,29,29,29
60196e05993170084efd0f4d,612ff44378d2cf43fddba811,CANADIAN PIPE SUPPLY LIMITED,HOOKCONTAINER,False,28,28,28,28,28,28,28,28,28,28,28,28,28,28,28,28,28,28,28,28,28,28,28,28,28
60196e05993170084efd0f4d,63f7bb8c38e6bd161d7d1f13,CANADIAN SADDLERY AND CANADIAN CENTURION SUPPLY,DELIVERLOAD,False,14,14,14,14,14,14,14,14,14,14,14,14,14,14,14,14,14,14,14,14,14,14,14,14,14
60196e05993170084efd0f4d,67f55c9b2d0fdf0d87239ec5,CANADIAN SOFA SOLUTIONS,HOOKCONTAINER,False,22,22,22,22,22,22,22,22,22,22,22,22,22,22,22,22,22,22,22,22,22,22,22,22,22
60196e05993170084efd0f4d,685033cb967071bdbf9c4a60,CANATURE WATER GROUP,DELIVERLOAD,False,29,29,29,29,29,29,29,29,29,29,29,29,29,29,29,29,29,29,29,29,29,29,29,29,29
60196e05993170084efd0f4d,685033cb967071bdbf9c4a60,CANATURE WATER GROUP,HOOKCONTAINER,False,7,7,7,7,7,7,7,7,7,7,7,7,7,7,7,7,7,7,7,7,7,7,7,7,7
60196e05993170084efd0f4d,6798ea24f6d341c80f234bfb,CANLOB INTERNATIONAL CO.,DELIVERLOAD,False,15,15,15,15,15,15,15,15,15,15,15,15,15,15,15,15,15,15,15,15,15,15,15,15,15
60196e05993170084efd0f4d,616ed57102ce06378a8ac1da,CANON,DELIVERLOAD,False,5,5,5,5,5,5,5,5,5,5,5,5,5,5,5,5,5,5,5,5,5,5,5,5,5
60196e05993170084efd0f4d,616ed57102ce06378a8ac1da,CANON,HOOKCONTAINER,False,16,16,16,16,16,16,16,16,16,16,16,16,16,16,16,16,16,16,16,16,16,16,16,16,16
60196e05993170084efd0f4d,61489a60527ad6154eb540ae,Cantrina freezer warehouse,DELIVERLOAD,False,10,10,10,10,10,10,10,10,10,10,10,10,10,10,10,10,10,10,10,10,10,10,10,10,10
60196e05993170084efd0f4d,61489a60527ad6154eb540ae,Cantrina freezer warehouse,HOOKCONTAINER,False,20,20,20,20,20,20,20,20,20,20,20,20,20,20,20,20,20,20,20,20,20,20,20,20,20
60196e05993170084efd0f4d,66630b6f10912019f22ef3a3,CAONT01,DELIVERLOAD,False,18,18,18,18,18,18,18,18,18,18,18,18,18,18,18,18,18,18,18,18,18,18,18,18,18
60196e05993170084efd0f4d,66630b6f10912019f22ef3a3,CAONT01,HOOKCONTAINER,False,22,22,22,22,22,22,22,22,22,22,22,22,22,22,22,22,22,22,22,22,22,22,22,22,22
60196e05993170084efd0f4d,644192b8abd815161b4d41db,CAP.,DELIVERLOAD,False,22,22,22,22,22,22,22,22,17,22,28,25,19,22,22,22,22,22,30,22,22,22,22,22,22
60196e05993170084efd0f4d,644192b8abd815161b4d41db,CAP.,HOOKCONTAINER,False,38,38,38,38,38,38,38,36,16,43,33,31,38,38,38,42,38,38,38,38,38,58,38,38,38
60196e05993170084efd0f4d,683776ed118f9ac8e4fdc33f,CAPSULE FACTORY NUTRACEUTICALS LTD,DELIVERLOAD,False,29,29,29,29,29,29,29,29,29,29,29,29,29,29,29,29,29,29,29,29,29,29,29,29,29
60196e05993170084efd0f4d,683776ed118f9ac8e4fdc33f,CAPSULE FACTORY NUTRACEUTICALS LTD,HOOKCONTAINER,False,8,8,8,8,8,8,8,8,8,8,8,8,8,8,8,8,8,8,8,8,8,8,8,8,8
60196e05993170084efd0f4d,6720e478101b9a3e3f7e4b0e,CARRIFF CANADA,DELIVERLOAD,False,38,38,38,38,38,38,38,38,38,38,38,38,38,38,38,38,38,38,38,38,38,38,38,38,38
60196e05993170084efd0f4d,6720e478101b9a3e3f7e4b0e,CARRIFF CANADA,HOOKCONTAINER,False,89,89,89,89,89,89,89,89,89,89,89,89,89,89,89,89,89,89,89,89,89,89,89,89,89
60196e05993170084efd0f4d,60bd9348ea601c19d6a77022,CAST TERMINAL,PULLCONTAINER,False,6,6,6,6,6,6,6,6,6,6,6,6,6,6,6,6,6,6,6,6,6,6,6,6,6
60196e05993170084efd0f4d,60bd9348ea601c19d6a77022,CAST TERMINAL,RETURNCONTAINER,False,25,25,25,25,25,25,25,25,25,25,25,25,25,25,25,25,25,25,25,25,25,25,25,25,25
60196e05993170084efd0f4d,63e2ac6908637c163110740d,CATALENT ONTARIO LIMITED,HOOKCONTAINER,False,5,5,5,5,5,5,5,5,5,5,5,5,5,5,5,5,5,5,5,5,5,5,5,5,5
60196e05993170084efd0f4d,61705a57ed1adc1593a39bc5,CBK INTERNATIONAL INC.,DELIVERLOAD,False,30,30,30,30,30,30,30,30,30,30,30,30,30,30,30,30,30,30,30,30,30,30,30,30,30
60196e05993170084efd0f4d,606099d27eb4ea661a4335e6,CEMTOL,DELIVERLOAD,False,44,44,44,44,44,44,44,44,44,16,52,44,44,44,44,44,44,44,44,44,44,44,44,44,44
60196e05993170084efd0f4d,606099d27eb4ea661a4335e6,CEMTOL,DELIVERLOAD,True,54,54,54,54,54,54,54,54,54,54,54,54,54,54,54,54,54,54,54,54,54,54,54,54,54
60196e05993170084efd0f4d,606099d27eb4ea661a4335e6,CEMTOL,HOOKCONTAINER,False,13,13,13,13,13,13,13,13,13,13,13,13,13,13,13,13,13,13,13,13,13,13,13,13,13
60196e05993170084efd0f4d,65d8ac625d299ef95d271387,CEVA LOGISTICS - HALTON HILLS,DELIVERLOAD,False,34,34,34,34,34,34,34,34,34,34,34,34,34,34,34,34,34,34,34,34,34,34,34,34,34
60196e05993170084efd0f4d,65d8ac625d299ef95d271387,CEVA LOGISTICS - HALTON HILLS,HOOKCONTAINER,False,65,65,65,65,65,65,65,65,65,65,65,65,65,65,65,65,65,65,65,65,65,65,65,65,65
60196e05993170084efd0f4d,64064a33fbd4b4161c981336,CHARGO/NIMBLE WAREHOUSING,DELIVERLOAD,False,15,15,15,15,15,15,15,15,15,15,15,15,15,15,15,15,15,15,15,15,15,15,15,15,15
60196e05993170084efd0f4d,64064a33fbd4b4161c981336,CHARGO/NIMBLE WAREHOUSING,HOOKCONTAINER,False,7,7,7,7,7,7,7,7,7,7,7,7,7,7,7,7,7,7,7,7,7,7,7,7,7
60196e05993170084efd0f4d,62c3069f5f057b54f51d59bb,CHEMLINE PLASTICS LTD.,DELIVERLOAD,False,29,29,29,29,29,29,29,29,29,29,29,29,29,29,29,29,29,29,29,29,29,29,29,29,29
60196e05993170084efd0f4d,62c3069f5f057b54f51d59bb,CHEMLINE PLASTICS LTD.,HOOKCONTAINER,False,20,20,20,20,20,20,20,20,20,20,20,20,20,20,20,20,20,20,20,20,20,20,20,20,20
60196e05993170084efd0f4d,62e3e2d1f76a0c15f6ff679e,Chennai Caters Inc,DELIVERLOAD,False,60,60,60,60,60,60,60,60,60,60,60,60,60,60,60,60,60,60,60,60,60,60,60,60,60
60196e05993170084efd0f4d,62e3e2d1f76a0c15f6ff679e,Chennai Caters Inc,HOOKCONTAINER,False,18,18,18,18,18,18,18,18,18,18,18,18,18,18,18,18,18,18,18,18,18,18,18,18,18
60196e05993170084efd0f4d,67eae9824d9feee9f7a75666,CHENNAI CATERS INC (FOOD FIRST INC),DELIVERLOAD,False,4,4,4,4,4,4,4,4,4,4,4,4,4,4,4,4,4,4,4,4,4,4,4,4,4
60196e05993170084efd0f4d,67eae9824d9feee9f7a75666,CHENNAI CATERS INC (FOOD FIRST INC),HOOKCONTAINER,False,34,34,34,34,34,34,34,34,34,34,34,34,34,34,34,34,34,34,34,34,34,34,34,34,34
60196e05993170084efd0f4d,6060d161c785201862a53739,CHEONG HING,DELIVERLOAD,False,21,21,21,21,21,21,21,21,21,21,21,21,21,21,21,21,21,21,21,21,21,21,21,21,21
60196e05993170084efd0f4d,6060d161c785201862a53739,CHEONG HING,HOOKCONTAINER,False,18,18,18,18,18,18,18,18,18,18,18,18,18,18,18,18,18,18,18,18,18,18,18,18,18
60196e05993170084efd0f4d,60bcd997ea601c19d6a750b1,C&H GLASS AND MIRROR LTD,DELIVERLOAD,False,24,24,24,24,24,24,24,24,24,24,24,24,24,24,24,24,24,24,24,24,24,24,24,24,24
60196e05993170084efd0f4d,60bcd997ea601c19d6a750b1,C&H GLASS AND MIRROR LTD,HOOKCONTAINER,False,20,20,20,20,20,20,20,20,20,20,20,20,20,20,20,20,20,20,20,20,20,20,20,20,20
60196e05993170084efd0f4d,677e943a1bcef2e759a5530b,CHING WAN FURNITURE,HOOKCONTAINER,False,14,14,14,14,14,14,14,14,14,14,14,14,14,14,14,14,14,14,14,14,14,14,14,14,14
60196e05993170084efd0f4d,6148f52407c18b608440a219,CIRCLEPACK WAREHOUSE,DELIVERLOAD,True,71,71,71,71,71,71,71,71,71,71,71,71,71,71,71,71,71,71,71,71,71,71,71,71,71
60196e05993170084efd0f4d,6751e60ee27ac8e3d541d27b,CJ LOGISTICS,DELIVERLOAD,False,26,26,26,26,26,26,26,26,7,39,21,26,25,24,26,28,26,26,26,26,26,26,26,26,26
60196e05993170084efd0f4d,6751e60ee27ac8e3d541d27b,CJ LOGISTICS,HOOKCONTAINER,False,33,33,33,33,33,33,33,33,33,33,33,33,33,33,33,33,33,33,33,33,33,33,33,33,33
60196e05993170084efd0f4d,6849bcc8ee18c5051e1968c2,CJ LOGISTICS CANADA,HOOKCONTAINER,False,8,8,8,8,8,8,8,8,8,8,8,8,8,8,8,8,8,8,8,8,8,8,8,8,8
60196e05993170084efd0f4d,67e2bff74fe7a2127972fd6d,C.J. MARKETING LTD,HOOKCONTAINER,False,8,8,8,8,8,8,8,8,8,8,8,8,8,8,8,8,8,8,8,8,8,8,8,8,8
60196e05993170084efd0f4d,66e9a036db05993c5d77c47a,CK SOLUTION,DELIVERLOAD,False,47,47,47,47,47,47,47,47,47,47,47,47,47,47,47,47,47,47,47,47,47,47,47,47,47
60196e05993170084efd0f4d,66e9a036db05993c5d77c47a,CK SOLUTION,HOOKCONTAINER,False,22,22,22,22,22,22,22,22,22,22,22,22,22,22,22,22,22,22,22,22,22,22,22,22,22
60196e05993170084efd0f4d,605f93db7eb4ea661a43337e,CLA-VAL CANADA CORP,DELIVERLOAD,False,30,30,30,30,30,30,30,30,30,30,30,30,30,30,30,30,30,30,30,30,30,30,30,30,30
60196e05993170084efd0f4d,605f93db7eb4ea661a43337e,CLA-VAL CANADA CORP,DELIVERLOAD,True,47,47,47,47,47,47,47,47,47,47,47,47,47,47,47,47,47,47,47,47,47,47,47,47,47
60196e05993170084efd0f4d,605f93db7eb4ea661a43337e,CLA-VAL CANADA CORP,HOOKCONTAINER,False,7,7,7,7,7,7,7,7,7,7,7,7,7,7,7,7,7,7,7,7,7,7,7,7,7
60196e05993170084efd0f4d,61c9e4b575ee49550337ce2c,"C-Mech, Division of Multimatic Inc",DELIVERLOAD,False,25,25,25,25,25,25,25,25,25,25,25,25,25,25,25,25,25,25,25,25,25,25,25,25,25
60196e05993170084efd0f4d,61c9e4b575ee49550337ce2c,"C-Mech, Division of Multimatic Inc",HOOKCONTAINER,False,87,87,87,87,87,87,87,87,87,87,87,87,87,87,87,87,87,87,87,87,87,87,87,87,87
60196e05993170084efd0f4d,67e2c28ab1ffa2556512bb49,CMP GROUP,DELIVERLOAD,False,90,90,90,90,90,90,90,90,90,90,90,90,90,90,90,90,90,90,90,90,90,90,90,90,90
60196e05993170084efd0f4d,67e2c28ab1ffa2556512bb49,CMP GROUP,HOOKCONTAINER,False,21,21,21,21,21,21,21,21,21,21,21,21,21,21,21,21,21,21,21,21,21,21,21,21,21
60196e05993170084efd0f4d,65f853d3729d3408df86dad8,CN BRAMPTON,RETURNCONTAINER,False,45,45,45,45,45,45,45,45,45,45,45,45,45,45,45,79,45,45,45,45,45,45,45,45,45
60196e05993170084efd0f4d,65f853d3729d3408df86dad1,CN MALPORT,RETURNCONTAINER,False,17,17,17,17,17,17,17,17,17,17,17,17,17,17,17,17,17,17,17,17,17,17,17,17,17
60196e05993170084efd0f4d,6063305ef73b0135438ee4d9,CN MISC,PULLCONTAINER,False,5,5,5,5,5,5,5,5,5,5,5,5,5,5,5,5,5,5,5,5,5,5,5,5,5
60196e05993170084efd0f4d,6063305ef73b0135438ee4d9,CN MISC,RETURNCONTAINER,False,27,18,34,16,27,27,34,18,18,14,18,22,39,36,43,48,38,30,27,24,49,24,17,19,35
60196e05993170084efd0f4d,6050ddb035e45316070cd353,CN TERMINAL,PULLCONTAINER,False,46,25,24,35,38,43,44,51,52,50,47,53,52,52,48,45,51,51,49,48,48,47,46,30,30
60196e05993170084efd0f4d,6050ddb035e45316070cd353,CN TERMINAL,RETURNCONTAINER,False,52,41,63,22,55,52,52,83,47,57,50,44,65,48,35,50,86,95,59,116,121,52,52,37,63
60196e05993170084efd0f4d,62bacf0f928d8d13d675d4ca,COLUMNS PLUS UNIT#1,DELIVERLOAD,False,62,62,62,62,62,62,62,62,62,62,62,62,62,62,62,62,62,62,62,62,62,62,62,62,62
60196e05993170084efd0f4d,62bacf0f928d8d13d675d4ca,COLUMNS PLUS UNIT#1,HOOKCONTAINER,False,73,73,73,73,73,73,73,73,73,73,73,73,73,73,73,73,73,73,73,73,73,73,73,73,73
60196e05993170084efd0f4d,62d07e185c1e9b2bc04f16fc,COMMONWEALTH PLYWOOD SUBLIME,DELIVERLOAD,False,74,74,74,74,74,74,74,74,74,74,74,74,74,74,74,74,74,74,74,74,74,74,74,74,74
60196e05993170084efd0f4d,62d07e185c1e9b2bc04f16fc,COMMONWEALTH PLYWOOD SUBLIME,HOOKCONTAINER,False,22,22,22,22,22,22,22,22,22,22,22,22,22,22,22,22,22,22,22,22,22,22,22,22,22
60196e05993170084efd0f4d,605f94edc112fa3273f48c6d,COMTECH MANUFACTURING,DELIVERLOAD,False,70,70,70,70,70,70,70,70,70,70,70,70,70,70,70,70,70,70,70,70,70,70,70,70,70
60196e05993170084efd0f4d,605f94edc112fa3273f48c6d,COMTECH MANUFACTURING,HOOKCONTAINER,False,73,73,73,73,73,73,73,73,73,73,73,73,73,73,73,73,73,73,73,73,73,73,73,73,73
60196e05993170084efd0f4d,62878a72c813041775c5bfcd,CONESTOGA COLD STORAGE,DELIVERLOAD,False,29,29,29,29,29,29,29,29,29,29,29,29,29,29,29,29,29,29,29,29,29,29,29,29,29
60196e05993170084efd0f4d,62878a72c813041775c5bfcd,CONESTOGA COLD STORAGE,HOOKCONTAINER,False,20,20,20,20,20,20,20,20,20,20,20,20,20,20,20,20,20,20,20,20,20,20,20,20,20
60196e05993170084efd0f4d,60d0edde87cb485189951b95,CONEX FREIGHT WAREHOUSE C/O TENNECO CANADA,DELIVERLOAD,False,50,50,50,50,50,50,50,50,57,50,45,39,50,50,50,50,50,50,50,50,50,50,50,50,50
60196e05993170084efd0f4d,60d0edde87cb485189951b95,CONEX FREIGHT WAREHOUSE C/O TENNECO CANADA,HOOKCONTAINER,False,6,6,6,6,6,6,6,6,6,6,6,6,6,6,6,6,6,6,6,6,6,6,6,6,6
60196e05993170084efd0f4d,63b8896de58d0a161ce515e7,CONTAINER RESALE INC,RETURNCONTAINER,False,6,6,6,6,6,6,6,6,6,6,6,6,6,6,6,6,6,6,6,6,6,6,6,6,6
60196e05993170084efd0f4d,6203aa748df30f20aaf79579,COOL KING REFRIGERATION LTD,DELIVERLOAD,False,69,69,69,69,69,69,69,69,69,69,69,69,69,69,69,69,69,69,69,69,69,69,69,69,69
60196e05993170084efd0f4d,6203aa748df30f20aaf79579,COOL KING REFRIGERATION LTD,HOOKCONTAINER,False,10,10,10,10,10,10,10,10,10,10,10,10,10,10,10,10,10,10,10,10,10,10,10,10,10
60196e05993170084efd0f4d,647774ccc9b0c316a4f6f746,COOPER PLATING INC.,DELIVERLOAD,False,35,35,35,35,35,35,35,35,35,35,35,35,35,35,35,35,35,35,35,35,35,35,35,35,35
60196e05993170084efd0f4d,647774ccc9b0c316a4f6f746,COOPER PLATING INC.,HOOKCONTAINER,False,5,5,5,5,5,5,5,5,5,5,5,5,5,5,5,5,5,5,5,5,5,5,5,5,5
60196e05993170084efd0f4d,65971cc073f81e1630af1812,CORNER STONE,DELIVERLOAD,False,29,29,29,29,29,29,29,29,29,29,29,29,29,29,29,29,29,29,29,29,29,29,29,29,29
60196e05993170084efd0f4d,65971cc073f81e1630af1812,CORNER STONE,DELIVERLOAD,True,71,71,71,71,71,71,71,71,71,71,71,71,71,71,71,71,71,71,71,71,71,71,71,71,71
60196e05993170084efd0f4d,65971cc073f81e1630af1812,CORNER STONE,HOOKCONTAINER,False,11,11,11,11,11,11,11,11,11,11,11,11,11,11,11,11,11,11,11,11,11,11,11,11,11
60196e05993170084efd0f4d,67f913843002941b328d3286,CORVEX MFG,DELIVERLOAD,False,47,47,47,47,47,47,47,47,47,47,47,47,47,47,47,47,47,47,47,47,47,47,47,47,47
60196e05993170084efd0f4d,678fd41d3be56cfceff1cbc2,CPC Pumps C/O New Co,DELIVERLOAD,True,98,98,98,98,98,98,98,98,98,98,98,98,98,98,98,98,98,98,98,98,98,98,98,98,98
60196e05993170084efd0f4d,626832d354f4015c39b7e6d9,CP FLEXIBLE PACKAGING - AURORA,DELIVERLOAD,True,71,71,71,71,71,71,71,71,71,71,71,71,71,71,71,71,71,71,71,71,71,71,71,71,71
60196e05993170084efd0f4d,605f989bc112fa3273f48c78,CPM INC,DELIVERLOAD,False,36,36,36,36,36,36,36,36,36,36,36,36,36,36,36,36,36,36,36,36,36,36,36,36,36
60196e05993170084efd0f4d,605f989bc112fa3273f48c78,CPM INC,HOOKCONTAINER,False,83,83,83,83,83,83,83,83,83,83,83,83,83,83,83,83,83,83,83,83,83,83,83,83,83
60196e05993170084efd0f4d,60da42f7dbedcd2ede785bae,CP VAUGHAN,PULLCONTAINER,False,69,32,16,46,43,72,87,79,60,87,74,58,101,78,81,60,75,35,61,71,45,80,52,30,46
60196e05993170084efd0f4d,60da42f7dbedcd2ede785bae,CP VAUGHAN,RETURNCONTAINER,False,40,36,40,49,19,40,80,36,20,21,31,31,55,46,41,57,39,41,42,41,42,16,37,40,20
60196e05993170084efd0f4d,6050942dd07caf2f14cf5885,CRANE WORLDWIDE LOGISTICS CANADA INC,DELIVERLOAD,False,16,16,16,16,16,16,16,16,16,16,16,16,16,16,16,16,16,16,16,16,16,16,16,16,16
60196e05993170084efd0f4d,6050942dd07caf2f14cf5885,CRANE WORLDWIDE LOGISTICS CANADA INC,DELIVERLOAD,True,71,71,71,71,71,71,71,71,71,71,71,71,71,71,71,71,71,71,71,71,71,71,71,71,71
60196e05993170084efd0f4d,6050942dd07caf2f14cf5885,CRANE WORLDWIDE LOGISTICS CANADA INC,HOOKCONTAINER,False,48,48,48,48,48,48,48,48,48,48,48,48,48,48,48,48,48,48,48,48,48,48,48,48,48
60196e05993170084efd0f4d,61a8b04aa8b8c951cc4b4e6e,CRAWFORD PACKAGING,DELIVERLOAD,False,42,42,42,42,42,42,42,42,42,42,42,42,42,42,42,42,42,42,42,42,42,42,42,42,42
60196e05993170084efd0f4d,6685724889bcdd5766eb74d6,CROPAC EQUIPMENT INC.,DELIVERLOAD,False,56,56,56,56,56,56,56,56,56,56,56,56,56,56,56,56,56,56,56,56,56,56,56,56,56
60196e05993170084efd0f4d,6685724889bcdd5766eb74d6,CROPAC EQUIPMENT INC.,HOOKCONTAINER,False,22,22,22,22,22,22,22,22,22,22,22,22,22,22,22,22,22,22,22,22,22,22,22,22,22
60196e05993170084efd0f4d,675b05a8e7d3381f07342e4e,CROP DEFENDERS LTD,DELIVERLOAD,False,18,18,18,18,18,18,18,18,18,18,18,18,18,18,18,18,18,18,18,18,18,18,18,18,18
60196e05993170084efd0f4d,64da69659ae334160000c4f3,CROSSROADS C&I,DELIVERLOAD,False,19,19,19,19,19,19,19,19,19,19,19,19,19,19,19,19,19,19,19,19,19,19,19,19,19
60196e05993170084efd0f4d,64da69659ae334160000c4f3,CROSSROADS C&I,HOOKCONTAINER,False,22,22,22,22,22,22,22,22,22,22,22,22,22,22,22,22,22,22,22,22,22,22,22,22,22
60196e05993170084efd0f4d,67d97d46df963708469f13dc,C.R. PLASTIC PRODUCTS INC,DELIVERLOAD,True,135,135,135,135,135,135,135,135,135,135,135,135,135,135,135,135,135,135,135,135,135,135,135,135,135
60196e05993170084efd0f4d,643fee2c52e3b315dc84219c,CSL SILICONES INC,DELIVERLOAD,False,55,55,55,55,55,55,55,55,55,55,55,55,55,55,55,55,55,55,55,55,55,55,55,55,55
60196e05993170084efd0f4d,6878f88c902b4c746c7c93eb,CUSTOMER OF SUNBRIDGE GLOBAL,HOOKCONTAINER,False,22,22,22,22,22,22,22,22,22,22,22,22,22,22,22,22,22,22,22,22,22,22,22,22,22
60196e05993170084efd0f4d,6787c31d23e19bcd8253d7b5,Custom Quality Manufacturing,HOOKCONTAINER,False,22,22,22,22,22,22,22,22,22,22,22,22,22,22,22,22,22,22,22,22,22,22,22,22,22
60196e05993170084efd0f4d,67115aa80f61a262dab5fe77,D'ADDARIO CANADA,DELIVERLOAD,False,46,46,46,46,46,46,46,46,46,46,46,46,46,46,46,46,46,46,46,46,46,46,46,46,46
60196e05993170084efd0f4d,67115aa80f61a262dab5fe77,D'ADDARIO CANADA,HOOKCONTAINER,False,19,19,19,19,19,19,19,19,19,19,19,19,19,19,19,19,19,19,19,19,19,19,19,19,19
60196e05993170084efd0f4d,663d23a4ca71037ecc7afd58,DAEDONG-KIOTI TRACTOR,DELIVERLOAD,False,25,25,25,25,25,57,21,29,28,27,13,8,25,25,25,25,25,25,25,25,25,25,25,25,25
60196e05993170084efd0f4d,663d23a4ca71037ecc7afd58,DAEDONG-KIOTI TRACTOR,DELIVERLOAD,True,126,126,126,126,126,126,126,126,126,126,126,126,126,126,126,126,126,126,126,126,126,126,126,126,126
60196e05993170084efd0f4d,663d23a4ca71037ecc7afd58,DAEDONG-KIOTI TRACTOR,HOOKCONTAINER,False,40,40,40,40,40,40,69,44,22,24,39,100,40,40,40,40,40,40,40,40,40,40,40,40,40
60196e05993170084efd0f4d,605f9799c112fa3273f48c75,DAIRY LANE SYSTEMS INC,DELIVERLOAD,False,29,29,29,29,29,29,29,29,29,29,29,29,29,29,29,29,29,29,29,29,29,29,29,29,29
60196e05993170084efd0f4d,605f9799c112fa3273f48c75,DAIRY LANE SYSTEMS INC,DELIVERLOAD,True,42,42,42,42,42,42,42,42,42,42,42,42,42,42,42,42,42,42,42,42,42,42,42,42,42
60196e05993170084efd0f4d,605f9799c112fa3273f48c75,DAIRY LANE SYSTEMS INC,HOOKCONTAINER,False,5,5,5,5,5,5,5,5,5,5,5,5,5,5,5,5,5,5,5,5,5,5,5,5,5
60196e05993170084efd0f4d,6060b9560ea75217e4ab6af0,DARE FOODS LTD,DELIVERLOAD,True,134,134,134,134,134,134,134,134,134,134,134,134,134,134,134,134,134,134,134,134,134,134,134,134,134
60196e05993170084efd0f4d,6744a94b75df57f599c20e18,DARWYNN,DELIVERLOAD,False,5,5,5,5,5,5,5,5,5,5,5,5,5,5,5,5,5,5,5,5,5,5,5,5,5
60196e05993170084efd0f4d,6744a94b75df57f599c20e18,DARWYNN,HOOKCONTAINER,False,7,7,7,7,7,7,7,7,7,7,7,7,7,7,7,7,7,7,7,7,7,7,7,7,7
60196e05993170084efd0f4d,630fc1b0c5d45415e79f36c8,Daves Diesel,HOOKCONTAINER,False,70,70,70,70,70,70,70,70,70,70,70,70,70,70,70,70,70,70,70,70,70,70,70,70,70
60196e05993170084efd0f4d,670e797f62820e372495df23,DCI GRAPHICS,HOOKCONTAINER,False,14,14,14,14,14,14,14,14,14,14,14,14,14,14,14,14,14,14,14,14,14,14,14,14,14
60196e05993170084efd0f4d,62daa9f54074c27c8314d37a,DECOR-REST FURNITURE LTD,DELIVERLOAD,False,6,6,6,6,6,6,6,6,6,6,6,6,6,6,6,6,6,6,6,6,6,6,6,6,6
60196e05993170084efd0f4d,62daa9f54074c27c8314d37a,DECOR-REST FURNITURE LTD,HOOKCONTAINER,False,17,17,17,17,17,17,17,17,17,17,17,17,17,17,17,17,17,17,17,17,17,17,17,17,17
60196e05993170084efd0f4d,67000779388524245ac0091c,DECOR-REST FURNITURE LTD,HOOKCONTAINER,False,46,46,46,46,46,46,46,46,46,46,46,46,46,46,46,46,46,46,46,46,46,46,46,46,46
60196e05993170084efd0f4d,6849bea2207a3196b8a70ac6,DEKLA CORP,HOOKCONTAINER,False,22,22,22,22,22,22,22,22,22,22,22,22,22,22,22,22,22,22,22,22,22,22,22,22,22
60196e05993170084efd0f4d,64ca6cb2b32bd615cd504d1d,DEPENDABLE CONTAINER SERVICES,RETURNCONTAINER,False,18,18,18,18,18,18,18,18,18,18,18,18,18,18,18,18,18,18,18,18,18,18,18,18,18
60196e05993170084efd0f4d,60ca45b61dc8c0746d773b4a,Dependable Mobile Repairs,RETURNCONTAINER,False,15,15,15,15,15,15,15,15,15,15,15,15,15,15,15,15,15,15,15,15,15,15,15,15,15
60196e05993170084efd0f4d,6894d1deebf26b0413e39442,DEPOTMEISTER/ECO INTERMODAL,RETURNCONTAINER,False,15,15,15,15,15,15,15,15,15,15,15,15,15,15,15,15,15,15,15,15,15,15,15,15,15
60196e05993170084efd0f4d,625eeb3ebf44fb78740df631,DESCH CANADA LTD,DELIVERLOAD,False,40,40,40,40,40,40,40,40,40,40,40,40,40,40,40,40,40,40,40,40,40,40,40,40,40
60196e05993170084efd0f4d,625eeb3ebf44fb78740df631,DESCH CANADA LTD,HOOKCONTAINER,False,74,74,74,74,74,74,74,74,74,74,74,74,74,74,74,74,74,74,74,74,74,74,74,74,74
60196e05993170084efd0f4d,6798e81ed3bbafa17f064614,DESIGN ME,DELIVERLOAD,False,29,29,29,29,29,29,29,29,29,29,29,29,29,29,29,29,29,29,29,29,29,29,29,29,29
60196e05993170084efd0f4d,656a06cc7150771679f02c49,D&H CANADA ULC,HOOKCONTAINER,False,12,12,12,12,12,12,12,12,12,12,12,12,12,12,12,12,12,12,12,12,12,12,12,12,12
60196e05993170084efd0f4d,64ff3ff367503e15b6dc821c,DHL SUPPLY CHAIN,DELIVERLOAD,False,29,29,29,29,29,29,29,29,29,29,29,29,29,29,29,29,29,29,29,29,29,29,29,29,29
60196e05993170084efd0f4d,64ff3ff367503e15b6dc821c,DHL SUPPLY CHAIN,HOOKCONTAINER,False,22,22,22,22,22,22,22,22,22,22,22,22,22,22,22,22,22,22,22,22,22,22,22,22,22
60196e05993170084efd0f4d,67a4ed8efe082d51d77842d0,DHL SUPPLY CHAIN (EXCEL BRAMPTON),DELIVERLOAD,True,80,80,80,80,80,80,80,80,80,80,80,80,80,80,80,80,80,80,80,80,80,80,80,80,80
60196e05993170084efd0f4d,67a4ed8efe082d51d77842d0,DHL SUPPLY CHAIN (EXCEL BRAMPTON),HOOKCONTAINER,False,9,9,9,9,9,9,9,9,9,9,9,9,9,9,9,9,9,9,9,9,9,9,9,9,9
60196e05993170084efd0f4d,672b671f3476af7d4729166b,DIMACHEM INC WAREHOUSE,DELIVERLOAD,False,6,6,6,6,6,6,6,6,6,6,6,6,6,6,6,6,6,6,6,6,6,6,6,6,6
60196e05993170084efd0f4d,686824b25169b92470cda70b,DIMEX INDUSTRIAL SUPPLIES LTD,DELIVERLOAD,False,19,19,19,19,19,19,19,19,19,19,19,19,19,19,19,19,19,19,19,19,19,19,19,19,19
60196e05993170084efd0f4d,60bcd997ea601c19d6a750cd,DIRECT DISTRIBUTION,HOOKCONTAINER,False,22,22,22,22,22,22,22,22,22,22,22,22,22,22,22,22,22,22,22,22,22,22,22,22,22
60196e05993170084efd0f4d,62bb5ed30338d4139c04a312,DISTRIBUTION TECHNOLOGIES,HOOKCONTAINER,False,22,22,22,22,22,22,22,22,22,22,22,22,22,22,22,22,22,22,22,22,22,22,22,22,22
60196e05993170084efd0f4d,68a4d8b9e794326aaf8a41b7,DIWIN,DELIVERLOAD,False,29,29,29,29,29,29,29,29,29,29,29,29,29,29,29,29,29,29,29,29,29,29,29,29,29
60196e05993170084efd0f4d,66f2c9bcb17d86e69ec162cf,DOMIR BLINDS,HOOKCONTAINER,False,12,12,12,12,12,12,12,12,12,12,12,12,12,12,12,12,12,12,12,12,12,12,12,12,12
60196e05993170084efd0f4d,6852e232921892e91006d6e8,DONGSHUN WAREHOUSE,DELIVERLOAD,False,29,29,29,29,29,29,29,29,29,29,29,29,29,29,29,29,29,29,29,29,29,29,29,29,29
60196e05993170084efd0f4d,60e88bb5121df43dab75385e,DOORWAY CANADA,DELIVERLOAD,True,71,71,71,71,71,71,71,71,71,71,71,71,71,71,71,71,71,71,71,71,71,71,71,71,71
60196e05993170084efd0f4d,6849bde28413bea5fd760c19,DOUBLE DIAMOND,DELIVERLOAD,True,71,71,71,71,71,71,71,71,71,71,71,71,71,71,71,71,71,71,71,71,71,71,71,71,71
60196e05993170084efd0f4d,6060de43c785201862a53842,DREXEL INDUSTRIES,DELIVERLOAD,False,29,29,29,29,29,29,29,29,29,29,29,29,29,29,29,29,29,29,29,29,29,29,29,29,29
60196e05993170084efd0f4d,6060de43c785201862a53842,DREXEL INDUSTRIES,HOOKCONTAINER,False,22,22,22,22,22,22,22,22,22,22,22,22,22,22,22,22,22,22,22,22,22,22,22,22,22
60196e05993170084efd0f4d,645ab7767bc15915f97d2aeb,DSV SOLUTIONS INC,DELIVERLOAD,False,23,23,23,23,23,23,23,23,23,23,23,23,23,23,23,23,23,23,23,23,23,23,23,23,23
60196e05993170084efd0f4d,645ab7767bc15915f97d2aeb,DSV SOLUTIONS INC,HOOKCONTAINER,False,7,7,7,7,7,7,7,7,7,7,7,7,7,7,7,7,7,7,7,7,7,7,7,7,7
60196e05993170084efd0f4d,6564acf9d54eeb166dcc1105,DSV SOLUTIONS INC CAN DSV 3PL,DELIVERLOAD,False,29,29,29,29,29,29,29,29,29,29,29,29,29,29,29,29,29,29,29,29,29,29,29,29,29
60196e05993170084efd0f4d,6283ad1f502226163230bc67,DWS LOGISTICS,DELIVERLOAD,False,25,25,25,25,25,25,25,25,25,25,25,25,25,25,25,25,25,25,25,25,25,25,25,25,25
60196e05993170084efd0f4d,6283ad1f502226163230bc67,DWS LOGISTICS,HOOKCONTAINER,False,26,26,26,26,26,26,26,26,26,26,26,26,26,26,26,26,26,26,26,26,26,26,26,26,26
60196e05993170084efd0f4d,628f7463319f5a26d9d78703,DWS Logistics Inc.,DELIVERLOAD,False,66,66,66,66,66,66,66,66,66,66,66,66,66,66,66,66,66,66,66,66,66,66,66,66,66
60196e05993170084efd0f4d,67a4efda3b17e7d28d11a439,DYNA ADVANCED SYSTEMS,DELIVERLOAD,True,71,71,71,71,71,71,71,71,71,71,71,71,71,71,71,71,71,71,71,71,71,71,71,71,71
60196e05993170084efd0f4d,6818fe9d96e459550e8fded0,EAM-MOSCA WAREHOUSE,DELIVERLOAD,False,29,29,29,29,29,29,29,29,29,29,29,29,29,29,29,29,29,29,29,29,29,29,29,29,29
60196e05993170084efd0f4d,6818fe9d96e459550e8fded0,EAM-MOSCA WAREHOUSE,DELIVERLOAD,True,147,147,147,147,147,147,147,147,147,147,147,147,147,147,147,147,147,147,147,147,147,147,147,147,147
60196e05993170084efd0f4d,6818fe9d96e459550e8fded0,EAM-MOSCA WAREHOUSE,HOOKCONTAINER,False,81,81,81,81,81,81,81,81,81,81,81,81,81,81,81,81,81,81,81,81,81,81,81,81,81
60196e05993170084efd0f4d,67a4e8a6725d9ce4795cc145,ECO INTERMODAL,RETURNCONTAINER,False,14,14,14,14,14,14,14,14,14,14,14,14,14,14,14,14,14,14,14,14,14,14,14,14,14
60196e05993170084efd0f4d,670fcea29a3231d13bbf2945,(ECOM UNITS) EAST COAST DC,DELIVERLOAD,False,15,15,15,15,15,15,15,15,15,15,15,15,15,15,15,15,15,15,15,15,15,15,15,15,15
60196e05993170084efd0f4d,670fcea29a3231d13bbf2945,(ECOM UNITS) EAST COAST DC,HOOKCONTAINER,False,28,28,28,28,28,28,28,28,28,28,28,28,28,28,28,28,28,28,28,28,28,28,28,28,28
60196e05993170084efd0f4d,67ead7f3e91b2780ae8da031,ECO TERMINAL,RETURNCONTAINER,False,20,20,20,20,20,20,20,20,20,20,20,20,20,20,20,20,20,20,20,20,20,20,20,20,20
60196e05993170084efd0f4d,6304dba7411a0f15f671858f,EDA Canada Inc,DELIVERLOAD,False,14,14,14,14,14,14,14,14,14,14,14,14,14,14,14,14,14,14,14,14,14,14,14,14,14
60196e05993170084efd0f4d,6304dba7411a0f15f671858f,EDA Canada Inc,HOOKCONTAINER,False,18,18,18,18,18,18,18,18,18,18,18,18,18,18,18,18,18,18,18,18,18,18,18,18,18
60196e05993170084efd0f4d,62c3071f245fa332ec87c300,Edgewater,DELIVERLOAD,False,29,29,29,29,29,29,29,29,29,29,29,29,29,29,29,29,29,29,29,29,29,29,29,29,29
60196e05993170084efd0f4d,62c3071f245fa332ec87c300,Edgewater,HOOKCONTAINER,False,8,8,8,8,8,8,8,8,8,8,8,8,8,8,8,8,8,8,8,8,8,8,8,8,8
60196e05993170084efd0f4d,681e50ea52eafa878d230042,EDISON'S HOME STAGING & DECORATING INC,DELIVERLOAD,False,11,11,11,11,11,11,11,11,11,11,11,11,11,11,11,11,11,11,11,11,11,11,11,11,11
60196e05993170084efd0f4d,681e50ea52eafa878d230042,EDISON'S HOME STAGING & DECORATING INC,HOOKCONTAINER,False,25,25,25,25,25,25,25,25,25,25,25,25,25,25,25,25,25,25,25,25,25,25,25,25,25
60196e05993170084efd0f4d,678012f5bb3f7b80111eeab1,EDNA WINDSOR INC,DELIVERLOAD,False,17,17,17,17,17,17,17,17,17,17,17,17,17,17,17,17,17,17,17,17,17,17,17,17,17
60196e05993170084efd0f4d,68a4d2cc78e6045213a42b20,E&E MCLAUGHLIN LTD,DELIVERLOAD,False,35,35,35,35,35,35,35,35,35,35,35,35,35,35,35,35,35,35,35,35,35,35,35,35,35
60196e05993170084efd0f4d,61536045f34e4e15544e1937,EFI,DELIVERLOAD,False,29,29,29,29,29,29,29,29,29,29,29,29,29,29,29,29,29,29,29,29,29,29,29,29,29
60196e05993170084efd0f4d,61536045f34e4e15544e1937,EFI,HOOKCONTAINER,False,11,11,11,11,11,11,11,11,11,11,11,11,11,11,11,11,11,11,11,11,11,11,11,11,11
60196e05993170084efd0f4d,6723d73435218835c9851ae7,EFI,DELIVERLOAD,False,29,29,29,29,29,29,29,29,29,29,29,29,29,29,29,29,29,29,29,29,29,29,29,29,29
60196e05993170084efd0f4d,6723d73435218835c9851ae7,EFI,HOOKCONTAINER,False,22,22,22,22,22,22,22,22,22,22,22,22,22,22,22,22,22,22,22,22,22,22,22,22,22
60196e05993170084efd0f4d,633d8243c2dd7b15cf6fd570,EIKON DEVICE INC,DELIVERLOAD,False,29,29,29,29,29,29,29,29,29,29,29,29,29,29,29,29,29,29,29,29,29,29,29,29,29
60196e05993170084efd0f4d,633d8243c2dd7b15cf6fd570,EIKON DEVICE INC,HOOKCONTAINER,False,22,22,22,22,22,22,22,22,22,22,22,22,22,22,22,22,22,22,22,22,22,22,22,22,22
60196e05993170084efd0f4d,6814cc30f4acb28dc34154f3,EJ INDUSTRIES C/O SAWLUTIONS,DELIVERLOAD,False,29,29,29,29,29,29,29,29,29,29,29,29,29,29,29,29,29,29,29,29,29,29,29,29,29
60196e05993170084efd0f4d,6410de4a35d5aa1468745579,ELASTOCHEM SPECIALTY CHEMICALS INC,DELIVERLOAD,False,84,84,84,84,84,84,84,84,84,84,84,84,84,84,84,84,84,84,84,84,84,84,84,84,84
60196e05993170084efd0f4d,6410de4a35d5aa1468745579,ELASTOCHEM SPECIALTY CHEMICALS INC,DELIVERLOAD,True,108,108,108,108,108,108,108,108,108,108,108,108,108,108,108,108,108,108,108,108,108,108,108,108,108
60196e05993170084efd0f4d,6410de4a35d5aa1468745579,ELASTOCHEM SPECIALTY CHEMICALS INC,HOOKCONTAINER,False,70,70,70,70,70,70,70,70,70,70,70,70,70,70,70,70,70,70,70,70,70,70,70,70,70
60196e05993170084efd0f4d,680fe6782664d19cf8b5ca17,ELDORADO PLYWOOD SPECIALITIES,DELIVERLOAD,False,41,41,41,41,41,41,41,41,41,41,41,41,41,41,41,41,41,41,41,41,41,41,41,41,41
60196e05993170084efd0f4d,636d34708046c415a9288451,ELECTRO-WIND SUPPLY INC,DELIVERLOAD,False,40,40,40,40,40,40,40,40,40,40,40,40,40,40,40,40,40,40,40,40,40,40,40,40,40
60196e05993170084efd0f4d,60c06ebe0659ab0bf5d379d5,ELITE CONTAINER TERMINAL,RETURNCONTAINER,False,31,31,31,31,31,31,31,31,31,31,31,31,31,31,31,31,31,31,31,31,31,31,31,31,31
60196e05993170084efd0f4d,673cd45a913b3c4b9683a3cc,ELL-ROD HOLDINGS INC,DELIVERLOAD,False,9,9,9,9,9,9,9,9,9,9,9,9,9,9,9,9,9,9,9,9,9,9,9,9,9
60196e05993170084efd0f4d,6553d2d24b25fa165a917f1b,ELMIRA PET PRODUCTS LTD,DELIVERLOAD,True,60,60,60,60,60,60,60,74,70,56,68,58,60,60,60,60,60,60,60,60,60,60,60,60,60
60196e05993170084efd0f4d,656662f706b3ed163e47d860,ELMIRA PET PRODUCTS LTD.,DELIVERLOAD,True,63,63,63,63,63,63,63,63,63,63,63,63,63,63,63,63,63,63,63,63,63,63,63,63,63
60196e05993170084efd0f4d,67f557dfc4a16916bc817399,ELTON MANUFACTURING,DELIVERLOAD,False,31,31,31,31,31,31,31,31,31,31,31,31,31,31,31,31,31,31,31,31,31,31,31,31,31
60196e05993170084efd0f4d,67f557dfc4a16916bc817399,ELTON MANUFACTURING,HOOKCONTAINER,False,24,24,24,24,24,24,24,24,24,24,24,24,24,24,24,24,24,24,24,24,24,24,24,24,24
60196e05993170084efd0f4d,67a4e6619fca85353e6e41c4,ELYSIUM FURNITURE INC,HOOKCONTAINER,False,22,22,22,22,22,22,22,22,22,22,22,22,22,22,22,22,22,22,22,22,22,22,22,22,22
60196e05993170084efd0f4d,645002b519304116365de920,EMBROSS NORTH AMERICA LTD,DELIVERLOAD,True,41,41,41,41,41,41,41,41,41,41,41,41,41,41,41,41,41,41,41,41,41,41,41,41,41
60196e05993170084efd0f4d,6060c7ddc785201862a536a8,ENNOVA FACADES,HOOKCONTAINER,False,22,22,22,22,22,22,22,22,22,22,22,22,22,22,22,22,22,22,22,22,22,22,22,22,22
60196e05993170084efd0f4d,606f60dbbea62c01a423cffc,Ennova Facades Inc.,DELIVERLOAD,True,45,45,45,45,45,45,45,45,45,45,45,45,45,45,45,45,45,45,45,45,45,45,45,45,45
60196e05993170084efd0f4d,605fdbdd7eb4ea661a4334f7,ENVIRO EZE,DELIVERLOAD,False,67,67,67,67,67,67,67,67,67,67,67,67,67,67,67,67,67,67,67,67,67,67,67,67,67
60196e05993170084efd0f4d,605fdbdd7eb4ea661a4334f7,ENVIRO EZE,DELIVERLOAD,True,169,169,169,169,169,169,169,169,169,169,169,169,169,169,169,169,169,169,169,169,169,169,169,169,169
60196e05993170084efd0f4d,605fdbdd7eb4ea661a4334f7,ENVIRO EZE,HOOKCONTAINER,False,27,27,27,27,27,27,27,27,27,27,27,27,27,27,27,27,27,27,27,27,27,27,27,27,27
60196e05993170084efd0f4d,617be1083c24621575e7832d,ESTON MFG.,DELIVERLOAD,False,51,51,51,51,51,51,51,51,51,51,51,51,51,73,51,51,51,51,51,51,51,51,51,51,51
60196e05993170084efd0f4d,617be1083c24621575e7832d,ESTON MFG.,HOOKCONTAINER,False,2,2,2,2,2,2,2,2,2,2,2,2,2,2,2,2,2,2,2,2,2,2,2,2,2
60196e05993170084efd0f4d,67acb6e036dc9288e3442eb7,EUROSPEC,DELIVERLOAD,False,31,31,31,31,31,31,31,31,31,31,31,31,31,31,31,31,31,31,31,31,31,31,31,31,31
60196e05993170084efd0f4d,67acb6e036dc9288e3442eb7,EUROSPEC,DELIVERLOAD,True,71,71,71,71,71,71,71,71,71,71,71,71,71,71,71,71,71,71,71,71,71,71,71,71,71
60196e05993170084efd0f4d,67acb6e036dc9288e3442eb7,EUROSPEC,HOOKCONTAINER,False,68,68,68,68,68,68,68,68,68,68,68,68,68,68,68,68,68,68,68,68,68,68,68,68,68
60196e05993170084efd0f4d,66f2cc493e37f31e5fe203b8,EV MOVING AND STORAGE,DELIVERLOAD,False,29,29,29,29,29,29,29,29,29,29,29,29,29,29,29,29,29,29,29,29,29,29,29,29,29
60196e05993170084efd0f4d,60f9b6094a152c19078f3fd4,EXOTIC REEF WAREHOUSE,DELIVERLOAD,False,58,58,58,58,58,58,58,58,58,58,58,58,58,58,58,58,58,58,58,58,58,58,58,58,58
60196e05993170084efd0f4d,60f9b6094a152c19078f3fd4,EXOTIC REEF WAREHOUSE,HOOKCONTAINER,False,22,22,22,22,22,22,22,22,22,22,22,22,22,22,22,22,22,22,22,22,22,22,22,22,22
60196e05993170084efd0f4d,605e8fa10fc12f32d84ef71f,EXPEDITORS WHSE,DELIVERLOAD,False,47,47,47,47,47,47,47,47,47,47,47,47,47,47,47,47,47,47,47,47,47,47,47,47,47
60196e05993170084efd0f4d,605e8fa10fc12f32d84ef71f,EXPEDITORS WHSE,HOOKCONTAINER,False,25,25,25,25,25,25,25,25,25,25,25,25,25,25,25,25,25,25,25,25,25,25,25,25,25
60196e05993170084efd0f4d,681280bd18fcc81844864fbb,E Z GROW FARMS LIMITED,DELIVERLOAD,False,29,29,29,29,29,29,29,29,29,29,29,29,29,29,29,29,29,29,29,29,29,29,29,29,29
60196e05993170084efd0f4d,682cbeb5a60e9f0da2ac1b48,E Z GROW FARMS LIMITED,DELIVERLOAD,False,12,12,12,12,12,12,12,12,12,12,12,12,12,12,12,12,12,12,12,12,12,12,12,12,12
60196e05993170084efd0f4d,655e73d7a73bb015cd493b73,EZ INTERNATIONAL INC.,DELIVERLOAD,False,29,29,29,29,29,29,29,29,29,29,29,29,29,29,29,29,29,29,29,29,29,29,29,29,29
60196e05993170084efd0f4d,655e73d7a73bb015cd493b73,EZ INTERNATIONAL INC.,HOOKCONTAINER,False,10,10,10,10,10,10,10,10,10,10,10,10,10,10,10,10,10,10,10,10,10,10,10,10,10
60196e05993170084efd0f4d,612fb19f3a834a1554ee29e5,FARM FLEET INC,HOOKCONTAINER,False,22,22,22,22,22,22,22,22,22,22,22,22,22,22,22,22,22,22,22,22,22,22,22,22,22
60196e05993170084efd0f4d,6825e8264a65a27b07d3d0bc,FARMING WITH YOU,DELIVERLOAD,False,29,29,29,29,29,29,29,29,29,29,29,29,29,29,29,29,29,29,29,29,29,29,29,29,29
60196e05993170084efd0f4d,6868242da7d47fa138663915,FASTING MOVING,DELIVERLOAD,False,18,18,18,18,18,18,18,18,18,18,18,18,18,18,18,18,18,18,18,18,18,18,18,18,18
60196e05993170084efd0f4d,6868242da7d47fa138663915,FASTING MOVING,HOOKCONTAINER,False,16,16,16,16,16,16,16,16,16,16,16,12,16,16,16,16,16,16,16,16,16,16,16,16,16
60196e05993170084efd0f4d,67f911f830511e7bb6d14cef,FBM WAREHOUSE,DELIVERLOAD,False,39,39,39,39,39,39,39,39,39,39,39,39,39,39,39,39,39,39,39,39,39,39,39,39,39
60196e05993170084efd0f4d,622b65e24be9d01aba5f1348,FERRERO CANADA,HOOKCONTAINER,False,7,7,7,7,7,7,7,7,7,7,7,7,7,7,7,7,7,7,7,7,7,7,7,7,7
60196e05993170084efd0f4d,669fae3fa03e5d305c6acef4,FERRERO C/O BRIMICH LOGISTICS,DELIVERLOAD,False,6,6,6,6,6,6,6,6,6,6,6,6,6,6,6,6,6,6,6,6,6,6,6,6,6
60196e05993170084efd0f4d,6182b9b3a8e0e46dc51f98d4,fiore and greco,HOOKCONTAINER,False,18,18,18,18,18,18,18,18,18,18,18,18,18,18,18,18,18,18,18,18,18,18,18,18,18
60196e05993170084efd0f4d,6878f9be09e653239a229138,FISCHER CANADA STAINLESS STEEL,HOOKCONTAINER,False,13,13,13,13,13,13,13,13,13,13,13,13,13,13,13,13,13,13,13,13,13,13,13,13,13
60196e05993170084efd0f4d,605fdf41e8852c5a9e5d754b,FLASH FREIGHT SYSTEMS,DELIVERLOAD,False,52,52,52,52,52,52,52,52,52,52,52,52,52,52,52,52,52,52,52,52,52,52,52,52,52
60196e05993170084efd0f4d,688799e58b2cec5fa819f4d7,FMF HARDWARE,HOOKCONTAINER,False,8,8,8,8,8,8,8,8,8,8,8,8,8,8,8,8,8,8,8,8,8,8,8,8,8
60196e05993170084efd0f4d,68a4d3cbaa092a1e638ba3f2,FOAMITE INDUSTRIES INC,HOOKCONTAINER,False,31,31,31,31,31,31,31,31,31,31,31,31,31,31,31,31,31,31,31,31,31,31,31,31,31
60196e05993170084efd0f4d,635bb74497e4b715e51d3144,FOOD SERVICE SOLUTIONS INC,DELIVERLOAD,False,90,90,90,90,90,90,90,90,90,90,90,90,90,90,90,90,90,90,90,90,90,90,90,90,90
60196e05993170084efd0f4d,635bb74497e4b715e51d3144,FOOD SERVICE SOLUTIONS INC,HOOKCONTAINER,False,8,8,8,8,8,8,8,8,8,8,8,8,8,8,8,8,8,8,8,8,8,8,8,8,8
60196e05993170084efd0f4d,675af854b8fc3134e917b6f0,FOODS UP RESTAURANT SUPPLY,HOOKCONTAINER,False,46,46,46,46,46,46,46,46,46,46,46,46,46,46,46,46,46,46,46,46,46,46,46,46,46
60196e05993170084efd0f4d,64d4e6798ee1c6160c13b5bf,FORT GARRY INDUSTRIES LTD,DELIVERLOAD,False,65,65,65,65,65,65,65,65,65,65,65,65,65,65,65,65,65,65,65,65,65,65,65,65,65
60196e05993170084efd0f4d,64d4e6798ee1c6160c13b5bf,FORT GARRY INDUSTRIES LTD,HOOKCONTAINER,False,24,24,24,24,24,24,24,24,24,24,24,24,24,24,24,24,24,24,24,24,24,24,24,24,24
60196e05993170084efd0f4d,60dd00d5c2d75f1c7541ef8e,FOX PACKAGING MACHINERY LTD.,DELIVERLOAD,False,29,29,29,29,29,29,29,29,29,29,29,29,29,29,29,29,29,29,29,29,29,29,29,29,29
60196e05993170084efd0f4d,6050942dd07caf2f14cf5891,FRANS KOPPERS IMPORT LTD,DELIVERLOAD,False,29,29,29,29,29,29,29,29,29,29,29,29,29,29,29,29,29,29,29,29,29,29,29,29,29
60196e05993170084efd0f4d,6050942dd07caf2f14cf5891,FRANS KOPPERS IMPORT LTD,DELIVERLOAD,True,171,171,171,171,171,171,171,171,171,171,171,171,171,171,171,171,171,171,171,171,171,171,171,171,171
60196e05993170084efd0f4d,6050942dd07caf2f14cf5891,FRANS KOPPERS IMPORT LTD,HOOKCONTAINER,False,21,21,21,21,21,21,21,21,21,21,21,21,21,21,21,21,21,21,21,21,21,21,21,21,21
60196e05993170084efd0f4d,67acb7ef5f56b38a7da81da9,FREEDOM PET SUPPLIES INC,DELIVERLOAD,False,29,29,29,29,29,29,29,29,29,29,29,29,29,29,29,29,29,29,29,29,29,29,29,29,29
60196e05993170084efd0f4d,6116ad1f8c0e3a131e28c0fa,FREUDENBERG NONWOVENS INC. (unit 1 ),DELIVERLOAD,False,29,29,29,29,29,29,29,29,29,29,29,29,29,29,29,29,29,29,29,29,29,29,29,29,29
60196e05993170084efd0f4d,6116ad1f8c0e3a131e28c0fa,FREUDENBERG NONWOVENS INC. (unit 1 ),HOOKCONTAINER,False,72,72,72,72,72,72,72,72,72,72,72,72,72,72,72,72,72,72,72,72,72,72,72,72,72
60196e05993170084efd0f4d,61925d3ed987e5158575971f,FROMM PACKAGING C/O VISION,DELIVERLOAD,False,29,29,29,29,29,29,29,29,29,29,29,29,29,29,29,29,29,29,29,29,29,29,29,29,29
60196e05993170084efd0f4d,61925d3ed987e5158575971f,FROMM PACKAGING C/O VISION,HOOKCONTAINER,False,13,13,13,13,13,13,13,13,13,13,13,13,13,13,13,13,13,13,13,13,13,13,13,13,13
60196e05993170084efd0f4d,62825c50b7323d463661c7fc,Frontlink Inc.,DELIVERLOAD,False,35,35,35,35,35,35,35,35,35,35,35,35,35,35,35,35,35,35,35,35,35,35,35,35,35
60196e05993170084efd0f4d,62825c50b7323d463661c7fc,Frontlink Inc.,HOOKCONTAINER,False,37,37,37,37,37,37,37,37,37,37,37,37,37,37,37,37,37,37,37,37,37,37,37,37,37
60196e05993170084efd0f4d,611934405fbfd405c1517a10,FUNG SING INC,DELIVERLOAD,False,34,34,34,34,34,34,34,34,34,34,34,34,34,34,34,34,34,34,34,34,34,34,34,34,34
60196e05993170084efd0f4d,611934405fbfd405c1517a10,FUNG SING INC,HOOKCONTAINER,False,23,23,23,23,23,23,23,23,23,23,23,23,23,23,23,23,23,23,23,23,23,23,23,23,23
60196e05993170084efd0f4d,60d66f3f31102222e5db58b7,FUTURE TRANSFER 50,DELIVERLOAD,False,29,29,29,29,29,29,29,29,29,29,29,29,29,29,29,29,29,29,29,29,29,29,29,29,29
60196e05993170084efd0f4d,62869bbe465bcb3b9809ed12,FUZION FLOORING,DELIVERLOAD,True,114,114,114,114,114,114,114,114,114,114,114,114,114,114,114,114,114,114,114,114,114,114,114,114,114
60196e05993170084efd0f4d,60c397006b85c808954f142a,FY INTERNATIONAL LOGISTICS,DELIVERLOAD,False,34,34,34,34,34,34,34,34,34,34,34,34,34,34,34,34,34,34,34,34,34,34,34,34,34
60196e05993170084efd0f4d,60c397006b85c808954f142a,FY INTERNATIONAL LOGISTICS,HOOKCONTAINER,False,21,21,21,21,21,21,21,21,21,21,21,21,21,21,21,21,21,21,21,21,21,21,21,21,21
60196e05993170084efd0f4d,667039ba3bbd2222c548b558,GAF MATERIALS,DELIVERLOAD,False,5,5,5,5,5,5,5,5,5,5,5,5,5,5,5,5,5,5,5,5,5,5,5,5,5
60196e05993170084efd0f4d,667039ba3bbd2222c548b558,GAF MATERIALS,DELIVERLOAD,True,106,106,106,106,106,106,106,106,106,106,106,106,106,106,106,106,106,106,106,106,106,106,106,106,106
60196e05993170084efd0f4d,667039ba3bbd2222c548b558,GAF MATERIALS,HOOKCONTAINER,False,22,22,22,22,22,22,22,22,22,22,22,22,22,22,22,22,22,22,22,22,22,22,22,22,22
60196e05993170084efd0f4d,689c97275d84d55ba6caf6cc,GAF MATERIALS,DELIVERLOAD,False,25,25,25,25,25,25,25,25,25,25,25,25,25,25,25,25,25,25,25,25,25,25,25,25,25
60196e05993170084efd0f4d,60bcd997ea601c19d6a750e1,GARRY MERCER TRUCKING,DELIVERLOAD,False,21,21,21,21,21,21,21,21,21,21,21,21,31,21,21,21,21,21,21,21,21,21,21,21,21
60196e05993170084efd0f4d,60bcd997ea601c19d6a750e1,GARRY MERCER TRUCKING,HOOKCONTAINER,False,61,61,61,61,61,61,61,61,34,61,31,61,61,61,61,159,61,61,61,61,61,61,61,61,61
60196e05993170084efd0f4d,60e5ea2583ed5d3677b103d1,GBS FOOD SERVICE,DELIVERLOAD,False,30,30,30,30,30,30,30,30,30,30,30,30,30,30,30,30,30,30,30,30,30,30,30,30,30
60196e05993170084efd0f4d,66ba0fae044a546c3be9760e,GBT LOGISTICS,DELIVERLOAD,False,73,73,73,73,73,73,73,73,73,73,73,73,73,73,73,73,73,73,73,73,73,73,73,73,73
60196e05993170084efd0f4d,66ba0fae044a546c3be9760e,GBT LOGISTICS,HOOKCONTAINER,False,19,19,19,19,19,19,19,19,19,19,19,19,19,19,19,19,19,19,19,19,19,19,19,19,19
60196e05993170084efd0f4d,689c942383034f2be9a0e80d,GD20050 RETURN,DELIVERLOAD,False,29,29,29,29,29,29,29,29,29,29,29,29,29,29,29,29,29,29,29,29,29,29,29,29,29
60196e05993170084efd0f4d,689c942383034f2be9a0e80d,GD20050 RETURN,HOOKCONTAINER,False,16,16,16,16,16,16,16,16,16,16,16,16,16,16,16,16,16,16,16,16,16,16,16,16,16
60196e05993170084efd0f4d,68af41b962b782b671c28db8,GENERATION DELIVERY INC,HOOKCONTAINER,False,16,16,16,16,16,16,16,16,16,16,16,16,16,16,16,16,16,16,16,16,16,16,16,16,16
60196e05993170084efd0f4d,62056d8205991e1a8e14cd24,GF WAREHOUSE,DELIVERLOAD,False,29,29,29,29,29,29,29,29,29,29,29,29,29,29,29,29,29,29,29,29,29,29,29,29,29
60196e05993170084efd0f4d,6787c3f822e8c6c3ba5d241c,"Giesecke+Devrient Mobile Security Canada, Inc",DELIVERLOAD,False,39,39,39,39,39,39,39,39,39,39,39,39,39,39,39,39,39,39,39,39,39,39,39,39,39
60196e05993170084efd0f4d,6787c3f822e8c6c3ba5d241c,"Giesecke+Devrient Mobile Security Canada, Inc",DELIVERLOAD,True,154,154,154,154,154,154,154,154,154,154,154,154,154,154,154,154,154,154,154,154,154,154,154,154,154
60196e05993170084efd0f4d,6787c3f822e8c6c3ba5d241c,"Giesecke+Devrient Mobile Security Canada, Inc",HOOKCONTAINER,False,9,9,9,9,9,9,9,9,9,9,9,9,9,9,9,9,9,9,9,9,9,9,9,9,9
60196e05993170084efd0f4d,63acbd4ea9ada715fef6bdc1,GINSENG FARM,DELIVERLOAD,False,29,29,29,29,29,29,29,29,29,29,29,29,29,29,29,29,29,29,29,29,29,29,29,29,29
60196e05993170084efd0f4d,670e805d02b1020dcd16c8ac,GINSENG FARM LTD (LANGTON),DELIVERLOAD,True,71,71,71,71,71,71,71,71,71,71,71,71,71,71,71,71,71,71,71,71,71,71,71,71,71
60196e05993170084efd0f4d,6532e0032bb6301660ca63bf,GINSENG FARM LTD. (LANGTON),DELIVERLOAD,True,58,58,58,58,58,58,58,58,58,58,58,58,58,58,58,58,58,58,58,58,58,58,58,58,58
60196e05993170084efd0f4d,64ca6f362244531606f162b1,GINSENG FARM LTD. (SCOTLAND),DELIVERLOAD,False,29,29,29,29,29,29,29,29,29,29,29,29,29,29,29,29,29,29,29,29,29,29,29,29,29
60196e05993170084efd0f4d,6751ecdfdc6bcac380687623,GINSENG FARM LTD(VANESSA),DELIVERLOAD,False,29,29,29,29,29,29,29,29,29,29,29,29,29,29,29,29,29,29,29,29,29,29,29,29,29
60196e05993170084efd0f4d,64241bf236e4e515db2949d6,GINSENG FARM LTD(WATERFORD),DELIVERLOAD,False,29,29,29,29,29,29,29,29,29,29,29,29,29,29,29,29,29,29,29,29,29,29,29,29,29
60196e05993170084efd0f4d,67d980242ee7c1115270b76b,GINSENG FARM - NORFOLK,DELIVERLOAD,False,68,68,68,68,68,68,68,68,68,68,68,68,68,68,68,68,68,68,68,68,68,68,68,68,68
60196e05993170084efd0f4d,67fd5c1b724734f0d24dbdde,GIVE AND GO PREPARED FOODS CORP,DELIVERLOAD,False,29,29,29,29,29,29,29,29,29,29,29,29,29,29,29,29,29,29,29,29,29,29,29,29,29
60196e05993170084efd0f4d,633b25c43171d315ece77091,Glen Dimplex Americas.,DELIVERLOAD,False,29,29,29,29,29,29,29,29,29,29,29,29,29,29,29,29,29,29,29,29,29,29,29,29,29
60196e05993170084efd0f4d,633b25c43171d315ece77091,Glen Dimplex Americas.,DELIVERLOAD,True,50,50,50,50,50,50,50,50,50,50,50,50,50,50,50,50,50,50,50,50,50,50,50,50,50
60196e05993170084efd0f4d,633b25c43171d315ece77091,Glen Dimplex Americas.,HOOKCONTAINER,False,22,22,22,22,22,22,22,22,22,22,22,22,22,22,22,22,22,22,22,22,22,22,22,22,22
60196e05993170084efd0f4d,62d5b90070ed1e6ecb50a7d8,Global Sourcing Professionals,DELIVERLOAD,False,29,29,29,29,29,29,29,29,29,29,29,29,29,29,29,29,29,29,29,29,29,29,29,29,29
60196e05993170084efd0f4d,62d5b90070ed1e6ecb50a7d8,Global Sourcing Professionals,HOOKCONTAINER,False,22,22,22,22,22,22,22,22,22,22,22,22,22,22,22,22,22,22,22,22,22,22,22,22,22
60196e05993170084efd0f4d,62cc3f1b493eaf13cc3bf66f,"Globe Stamping Company Limited, C/O ENVIRO-EZE WAREHOUSE",DELIVERLOAD,False,52,52,52,52,52,52,52,52,52,52,52,52,52,52,52,52,52,52,52,52,52,52,52,52,52
60196e05993170084efd0f4d,68236e26695185fa05f9a150,GMD TEMPORARY WAREHOUSE,DELIVERLOAD,False,21,21,21,21,21,21,21,21,21,21,21,21,21,21,21,21,21,21,21,21,21,21,21,21,21
60196e05993170084efd0f4d,68236e26695185fa05f9a150,GMD TEMPORARY WAREHOUSE,HOOKCONTAINER,False,4,4,4,4,4,4,4,4,4,4,4,4,4,4,4,4,4,4,4,4,4,4,4,4,4
60196e05993170084efd0f4d,6050942dd07caf2f14cf5894,GMD WHOLESALE,DELIVERLOAD,False,21,21,21,21,21,21,21,21,19,21,21,21,20,32,21,21,21,21,21,21,21,21,21,21,21
60196e05993170084efd0f4d,6050942dd07caf2f14cf5894,GMD WHOLESALE,HOOKCONTAINER,False,16,16,16,16,16,16,16,16,16,21,17,16,16,16,16,16,16,16,16,16,16,16,16,16,16
60196e05993170084efd0f4d,68c9a5d7106e05f808ef75b2,GM PROPULSION PLANT,DELIVERLOAD,False,27,27,27,27,27,27,27,27,27,27,27,27,27,27,27,27,27,27,27,27,27,27,27,27,27
60196e05993170084efd0f4d,68c9a5d7106e05f808ef75b2,GM PROPULSION PLANT,DELIVERLOAD,True,71,71,71,71,71,71,71,71,71,71,71,71,71,71,71,71,71,71,71,71,71,71,71,71,71
60196e05993170084efd0f4d,68c9a5d7106e05f808ef75b2,GM PROPULSION PLANT,HOOKCONTAINER,False,22,22,22,22,22,22,22,22,22,22,22,22,22,22,22,22,22,22,22,22,22,22,22,22,22
60196e05993170084efd0f4d,66323fae09bcaf64094a5492,GOBOLT - YYZ5,HOOKCONTAINER,False,71,71,71,71,71,71,71,71,71,71,71,71,71,71,71,71,71,71,71,71,71,71,71,71,71
60196e05993170084efd0f4d,6813db7ab117aa23235a58ce,GOLDEN FOOD & MANUFACTURE LTD,HOOKCONTAINER,False,59,59,59,59,59,59,59,59,59,59,59,59,59,59,59,59,59,59,59,59,59,59,59,59,59
60196e05993170084efd0f4d,605b5852889d263e96893789,GOLF TRENDS INC,DELIVERLOAD,False,29,29,29,29,29,29,29,29,29,29,29,29,29,29,29,29,29,29,29,29,29,29,29,29,29
60196e05993170084efd0f4d,605b5852889d263e96893789,GOLF TRENDS INC,HOOKCONTAINER,False,17,17,17,17,17,17,17,17,17,17,17,17,17,17,17,17,17,17,17,17,17,17,17,17,17
60196e05993170084efd0f4d,654530a7f8dbf215b245c2a1,GOLIATH / TORONTO LOGISTICS DISTRIBUTION,DELIVERLOAD,False,29,29,29,29,29,29,29,29,29,29,29,29,29,29,29,29,29,29,29,29,29,29,29,29,29
60196e05993170084efd0f4d,65737b423ee72715f7f406a4,Goodcang,DELIVERLOAD,False,24,24,24,24,24,24,24,24,29,24,21,17,24,24,24,24,24,24,24,24,24,24,24,24,24
60196e05993170084efd0f4d,65737b423ee72715f7f406a4,Goodcang,HOOKCONTAINER,False,17,17,17,17,17,17,17,17,17,17,6,61,17,17,17,17,17,17,17,17,17,17,17,17,17
60196e05993170084efd0f4d,6654a6086704090099c0ad98,GOODCANG,DELIVERLOAD,False,14,14,14,14,14,14,14,14,14,14,14,14,14,14,14,14,14,14,14,14,14,14,14,14,14
60196e05993170084efd0f4d,6654a6086704090099c0ad98,GOODCANG,HOOKCONTAINER,False,70,70,70,70,70,70,70,70,70,76,70,86,42,98,70,70,70,70,70,70,70,70,70,70,70
60196e05993170084efd0f4d,68545e71a7bfeb79e59e2865,GOODCANG BRAMPTON,DELIVERLOAD,False,14,14,14,14,14,14,14,14,26,9,14,14,14,13,14,14,14,14,14,14,14,14,14,14,14
60196e05993170084efd0f4d,68545e71a7bfeb79e59e2865,GOODCANG BRAMPTON,HOOKCONTAINER,False,38,38,38,38,38,38,38,58,38,54,38,38,38,38,38,38,38,38,38,38,38,38,38,38,38
60196e05993170084efd0f4d,6818ff8a77176210dfd96d4b,GOOD DAY BUILDING SUPPLY INC,DELIVERLOAD,False,12,12,12,12,12,12,12,12,12,12,12,12,12,12,12,12,12,12,12,12,12,12,12,12,12
60196e05993170084efd0f4d,6818ff8a77176210dfd96d4b,GOOD DAY BUILDING SUPPLY INC,HOOKCONTAINER,False,14,14,14,14,14,14,14,14,14,14,14,14,14,14,14,14,14,14,14,14,14,14,14,14,14
60196e05993170084efd0f4d,63cf078feef36e15f2302d2c,GOOD STONE,DELIVERLOAD,False,50,50,50,50,50,50,50,50,50,50,50,50,50,50,50,50,50,50,50,50,50,50,50,50,50
60196e05993170084efd0f4d,63cf078feef36e15f2302d2c,GOOD STONE,HOOKCONTAINER,False,16,16,16,16,16,16,16,16,16,16,16,16,16,16,16,16,16,16,16,16,16,16,16,16,16
60196e05993170084efd0f4d,67acafbacbfa37bbba552a6e,GOOD TASTE FOOD PRODUCT,HOOKCONTAINER,False,82,82,82,82,82,82,82,82,82,82,82,82,82,82,82,82,82,82,82,82,82,82,82,82,82
60196e05993170084efd0f4d,615c9832e90ecc1552cf070e,GOODWOOD KARTSPORT INC,DELIVERLOAD,False,29,29,29,29,29,29,29,29,29,29,29,29,29,29,29,29,29,29,29,29,29,29,29,29,29
60196e05993170084efd0f4d,615c9832e90ecc1552cf070e,GOODWOOD KARTSPORT INC,HOOKCONTAINER,False,22,22,22,22,22,22,22,22,22,22,22,22,22,22,22,22,22,22,22,22,22,22,22,22,22
60196e05993170084efd0f4d,605fe225e8852c5a9e5d7551,GRAND RIVER ENTERPRISES,DELIVERLOAD,False,4,4,4,4,4,4,4,4,4,4,4,4,4,4,4,4,4,4,4,4,4,4,4,4,4
60196e05993170084efd0f4d,605fe225e8852c5a9e5d7551,GRAND RIVER ENTERPRISES,HOOKCONTAINER,False,22,22,22,22,22,22,22,22,22,22,22,22,22,22,22,22,22,22,22,22,22,22,22,22,22
60196e05993170084efd0f4d,6060c370c785201862a53697,GRAND STONE,DELIVERLOAD,False,13,13,13,13,13,13,13,13,13,13,13,13,13,13,13,13,13,13,13,13,13,13,13,13,13
60196e05993170084efd0f4d,6060c370c785201862a53697,GRAND STONE,HOOKCONTAINER,False,20,20,20,20,20,20,20,20,20,20,20,20,20,20,20,20,20,20,20,20,20,20,20,20,20
60196e05993170084efd0f4d,6181420a6d5685155d3f3291,GREAT LAKES GREENHOUSES INC (leamington ),DELIVERLOAD,False,29,29,29,29,29,29,29,29,29,29,29,29,29,29,29,29,29,29,29,29,29,29,29,29,29
60196e05993170084efd0f4d,68af40506a856c94141ffc25,"GROUNDED LABS INC C/O SHIPBOB, INC",DELIVERLOAD,False,21,21,21,21,21,21,21,21,21,21,21,21,21,21,21,21,21,21,21,21,21,21,21,21,21
60196e05993170084efd0f4d,609c17f22783657bb8328d21,GROUPE TOUCHETTE INC,DELIVERLOAD,False,10,10,10,10,10,10,10,10,10,10,10,10,10,10,10,10,10,10,10,10,10,10,10,10,10
60196e05993170084efd0f4d,609c17f22783657bb8328d21,GROUPE TOUCHETTE INC,HOOKCONTAINER,False,42,42,42,42,42,42,42,42,42,42,42,42,42,42,42,42,42,42,42,42,42,42,42,42,42
60196e05993170084efd0f4d,65f85480b71725de53dca513,GTA OFFICE SOLUTION INC.,DELIVERLOAD,False,16,16,16,16,16,16,16,16,16,16,16,16,16,16,16,16,16,16,16,16,16,16,16,16,16
60196e05993170084efd0f4d,65f85480b71725de53dca513,GTA OFFICE SOLUTION INC.,HOOKCONTAINER,False,19,19,19,19,19,19,19,19,19,19,19,19,19,19,19,19,19,19,19,19,19,19,19,19,19
60196e05993170084efd0f4d,680fe734d3ea3738d39b081e,GUELPH/AOC RESINS & COATING,DELIVERLOAD,False,11,11,11,11,11,11,11,11,11,11,11,11,11,11,11,11,11,11,11,11,11,11,11,11,11
60196e05993170084efd0f4d,680fe734d3ea3738d39b081e,GUELPH/AOC RESINS & COATING,HOOKCONTAINER,False,75,75,75,75,75,75,75,75,75,75,75,75,75,75,75,75,75,75,75,75,75,75,75,75,75
60196e05993170084efd0f4d,68c43f409b4d021b60b99a3b,GUELPH/NGF CANADA LIMITED,DELIVERLOAD,False,83,83,83,83,83,83,83,83,83,83,83,83,83,83,83,83,83,83,83,83,83,83,83,83,83
60196e05993170084efd0f4d,6894d154661ca1d2887f5f41,GUELPH/POLYLINK SOLUTIONS,DELIVERLOAD,False,36,36,36,36,36,36,36,36,36,36,36,36,36,36,36,36,36,36,36,36,36,36,36,36,36
60196e05993170084efd0f4d,67eea8487810e7d1217ee13c,GULZAR DEPOT,RETURNCONTAINER,False,51,51,51,51,51,51,51,51,51,51,51,51,51,51,51,51,51,51,51,51,51,51,51,51,51
60196e05993170084efd0f4d,67f55af4193b03d08b9d5400,GUSET SUPPLY CANADA,HOOKCONTAINER,False,15,15,15,15,15,15,15,15,15,15,15,15,15,15,15,15,15,15,15,15,15,15,15,15,15
60196e05993170084efd0f4d,615c8d80714a8b158c928210,Gusgo,PULLCONTAINER,False,27,27,27,27,27,27,27,27,27,27,27,27,27,27,27,27,27,27,27,27,27,27,27,27,27
60196e05993170084efd0f4d,629f44243ba8923941e9c40c,GXO Logistics,DELIVERLOAD,False,52,52,52,52,52,52,52,52,52,52,52,52,52,52,52,52,52,52,52,52,52,52,52,52,52
60196e05993170084efd0f4d,629f44243ba8923941e9c40c,GXO Logistics,HOOKCONTAINER,False,17,17,17,17,17,17,17,17,17,17,17,17,17,17,17,17,17,17,17,17,17,17,17,17,17
60196e05993170084efd0f4d,612d04be468657159e574d46,H.A.Kidd and Company Limited,DELIVERLOAD,False,19,19,19,19,19,19,19,19,19,19,19,19,19,19,19,19,19,19,19,19,19,19,19,19,19
60196e05993170084efd0f4d,613284acc7233a15781e58c2,H.A.Kidd and Company Limited,HOOKCONTAINER,False,26,26,26,26,26,26,26,26,26,26,26,26,26,26,26,26,26,26,26,26,26,26,26,26,26
60196e05993170084efd0f4d,685b11996884c4051593e5c3,HARBISON WALKER INTERNATIONAL,DELIVERLOAD,True,90,90,90,90,90,90,90,90,90,90,90,90,90,90,90,90,90,90,90,90,90,90,90,90,90
60196e05993170084efd0f4d,654a62a4d6f2681522fa60d9,HARTMANN CANADA INC,DELIVERLOAD,False,25,25,25,25,25,25,25,25,25,25,25,25,25,25,25,25,25,25,25,25,25,25,25,25,25
60196e05993170084efd0f4d,654a62a4d6f2681522fa60d9,HARTMANN CANADA INC,HOOKCONTAINER,False,19,19,19,19,19,19,19,19,19,19,19,19,19,19,19,19,19,19,19,19,19,19,19,19,19
60196e05993170084efd0f4d,6206bcfd13467a1a2be8716e,HASTECH MANUFACTURING,DELIVERLOAD,False,68,68,68,68,68,68,68,68,68,68,68,68,68,68,68,92,68,68,68,68,68,68,68,68,68
60196e05993170084efd0f4d,6206bcfd13467a1a2be8716e,HASTECH MANUFACTURING,DELIVERLOAD,True,45,45,45,45,45,45,45,45,45,45,45,45,45,45,45,45,45,45,45,45,45,45,45,45,45
60196e05993170084efd0f4d,6206bcfd13467a1a2be8716e,HASTECH MANUFACTURING,HOOKCONTAINER,False,58,58,58,58,58,58,58,58,58,58,58,58,58,58,58,58,58,58,58,58,58,58,58,58,58
60196e05993170084efd0f4d,680fe911fb616a4c6a9e7d78,HAYABUSA FIGHTWEAR INC,DELIVERLOAD,False,20,20,20,20,20,20,20,20,20,20,20,20,20,20,20,20,20,20,20,20,20,20,20,20,20
60196e05993170084efd0f4d,61f931ae606f0a166028aebb,HCL logistics,DELIVERLOAD,False,79,79,79,79,79,79,79,79,79,79,79,79,79,79,79,79,79,79,79,79,79,79,79,79,79
60196e05993170084efd0f4d,652ec7b71b788d16333b00eb,HCT BOLTON,RETURNCONTAINER,False,26,26,26,26,26,26,26,26,26,26,26,26,26,26,26,26,26,26,26,26,26,26,26,26,26
60196e05993170084efd0f4d,682cba7298a6360f9e05a828,HDI DECORATING EXPERT INC,DELIVERLOAD,False,29,29,29,29,29,29,29,29,29,29,29,29,29,29,29,29,29,29,29,29,29,29,29,29,29
60196e05993170084efd0f4d,67bc8bc0e2db84e0224c533a,HEAVY EQUIPMENT CARE LTD,DELIVERLOAD,False,68,68,68,68,68,68,68,68,68,68,68,68,68,68,68,68,68,68,68,68,68,68,68,68,68
60196e05993170084efd0f4d,62d09daae0aa5a30ac5bdd34,HELLMANN WORLDWIDE LOGISTICS INC.,DELIVERLOAD,False,29,29,29,29,29,29,29,29,29,29,29,29,29,29,29,29,29,29,29,29,29,29,29,29,29
60196e05993170084efd0f4d,62d09daae0aa5a30ac5bdd34,HELLMANN WORLDWIDE LOGISTICS INC.,HOOKCONTAINER,False,5,5,5,5,5,5,5,5,5,5,5,5,5,5,5,5,5,5,5,5,5,5,5,5,5
60196e05993170084efd0f4d,605fe7847eb4ea661a433503,HENDRIKS GREENHOUSE,DELIVERLOAD,False,87,87,87,87,87,87,87,87,87,87,87,87,87,87,87,87,87,87,87,87,87,87,87,87,87
60196e05993170084efd0f4d,685b1212c5fec2cdfbeca31c,HENG HING c/o HQ COLD STORAGE INC,DELIVERLOAD,False,18,18,18,18,18,18,18,18,18,18,18,18,18,18,18,18,18,18,18,18,18,18,18,18,18
60196e05993170084efd0f4d,685b1212c5fec2cdfbeca31c,HENG HING c/o HQ COLD STORAGE INC,HOOKCONTAINER,False,22,22,22,22,22,22,22,22,22,22,22,22,22,22,22,22,22,22,22,22,22,22,22,22,22
60196e05993170084efd0f4d,6102e27dec959503a271aed2,HENG HING DRY SEAFOOD C/O CHEVALIER STAR TRAD,DELIVERLOAD,False,29,29,29,29,29,29,29,29,29,29,29,29,29,29,29,29,29,29,29,29,29,29,29,29,29
60196e05993170084efd0f4d,6102e27dec959503a271aed2,HENG HING DRY SEAFOOD C/O CHEVALIER STAR TRAD,HOOKCONTAINER,False,34,34,34,34,34,34,34,34,34,34,34,34,34,34,34,34,34,34,34,34,34,34,34,34,34
60196e05993170084efd0f4d,63acb8961e515615e964476d,HERITAGE FARMS,DELIVERLOAD,False,58,58,58,58,58,58,58,58,58,58,58,58,58,58,58,58,58,58,58,58,58,58,58,58,58
60196e05993170084efd0f4d,63acb8961e515615e964476d,HERITAGE FARMS,HOOKCONTAINER,False,22,22,22,22,22,22,22,22,22,22,22,22,22,22,22,22,22,22,22,22,22,22,22,22,22
60196e05993170084efd0f4d,65085f4d58ab6d15b7c14118,HEROES-AMZ PREP,HOOKCONTAINER,False,8,8,8,8,8,8,8,8,8,8,8,8,8,8,8,8,8,8,8,8,8,8,8,8,8
60196e05993170084efd0f4d,670e788dfa80c422222b3b15,HEXCLAD COOKWARE,DELIVERLOAD,False,12,12,12,12,12,12,12,12,12,12,12,12,12,12,12,12,12,12,12,12,12,12,12,12,12
60196e05993170084efd0f4d,670e788dfa80c422222b3b15,HEXCLAD COOKWARE,HOOKCONTAINER,False,38,38,38,38,38,38,38,38,38,36,38,38,38,38,38,38,38,38,38,38,38,38,38,38,38
60196e05993170084efd0f4d,639782d6b7c23d1621bf395b,HIGHLIGHTS,HOOKCONTAINER,False,41,41,41,41,41,41,41,41,41,41,41,41,41,41,41,41,41,41,41,41,41,41,41,41,41
60196e05993170084efd0f4d,67f5590fd14f93a989ebd620,HIGHLINE PRODUCE LTD,DELIVERLOAD,False,30,30,30,30,30,30,30,71,30,30,30,30,30,30,30,30,30,30,30,30,30,30,30,30,30
60196e05993170084efd0f4d,67f5590fd14f93a989ebd620,HIGHLINE PRODUCE LTD,HOOKCONTAINER,False,22,22,22,22,22,22,22,22,22,22,22,22,22,22,22,22,22,22,22,22,22,22,22,22,22
60196e05993170084efd0f4d,673cc3b335d5e174829e444b,HI-QUALITY PACKAGING INC,HOOKCONTAINER,False,64,64,64,64,64,64,64,64,64,64,64,64,64,64,64,64,64,64,64,64,64,64,64,64,64
60196e05993170084efd0f4d,6363c04fc900f815cf5291a2,HOLLAND INDUSTRY,HOOKCONTAINER,False,45,45,45,45,45,45,45,45,45,45,45,45,45,45,45,45,45,45,45,45,45,45,45,45,45
60196e05993170084efd0f4d,677e8e9c094ccf4220126062,HOMA FURNITURE INC,DELIVERLOAD,False,13,13,13,13,13,13,13,13,13,13,13,13,13,13,13,13,13,13,13,13,13,13,13,13,13
60196e05993170084efd0f4d,677e8e9c094ccf4220126062,HOMA FURNITURE INC,HOOKCONTAINER,False,22,22,22,22,22,22,22,22,22,22,22,22,22,22,22,22,22,22,22,22,22,22,22,22,22
60196e05993170084efd0f4d,66045de911e85c3c08e3d5d2,HONGSHENG NORTH AMERICA INC.,DELIVERLOAD,False,75,75,75,75,75,75,75,75,75,75,75,75,75,75,75,75,75,75,75,75,75,75,75,75,75
60196e05993170084efd0f4d,66045de911e85c3c08e3d5d2,HONGSHENG NORTH AMERICA INC.,HOOKCONTAINER,False,27,27,27,27,27,27,27,27,27,27,27,27,27,27,27,27,27,27,27,27,27,27,27,27,27
60196e05993170084efd0f4d,665a24c36c0c2ed331565198,HORIZON INT'L LIMITED,HOOKCONTAINER,False,67,67,67,67,67,67,67,67,67,67,67,67,67,67,67,67,67,67,67,67,67,67,67,67,67
60196e05993170084efd0f4d,680fe6cfcede611ccae547b5,HOTSPOT AUTO PARTS,DELIVERLOAD,False,35,35,35,35,35,35,35,35,35,35,35,35,35,35,35,35,35,35,35,35,35,35,35,35,35
60196e05993170084efd0f4d,680fe6cfcede611ccae547b5,HOTSPOT AUTO PARTS,HOOKCONTAINER,False,35,35,35,35,35,35,35,35,35,35,35,35,35,35,35,35,35,35,35,35,35,35,35,35,35
60196e05993170084efd0f4d,67812ca1bdd25965b2deeb5d,HOUSE OF ASSEMBLY,DELIVERLOAD,False,29,29,29,29,29,29,29,29,29,29,29,29,29,29,29,29,29,29,29,29,29,29,29,29,29
60196e05993170084efd0f4d,67bc827646161355e6f8be5e,HU2,HOOKCONTAINER,False,6,6,6,6,6,6,6,6,6,6,6,6,6,6,6,6,6,6,6,6,6,6,6,6,6
60196e05993170084efd0f4d,606330b2f73b0135438ee519,HUNT,PULLCONTAINER,False,84,84,84,84,84,84,84,84,84,84,84,84,84,84,84,84,84,84,84,84,84,84,84,84,84
60196e05993170084efd0f4d,606330b2f73b0135438ee519,HUNT,RETURNCONTAINER,False,38,38,38,38,38,38,38,38,38,35,38,38,38,38,51,21,61,38,98,38,38,38,38,38,38
60196e05993170084efd0f4d,6818fec2feb3bbbd7ac9d065,HUNTER ROAD GREENHOUSES LTD,HOOKCONTAINER,False,22,22,22,22,22,22,22,22,22,22,22,22,22,22,22,22,22,22,22,22,22,22,22,22,22
60196e05993170084efd0f4d,611a5a53e4f2603749ddabdc,HUNT REFRIGERATION,RETURNCONTAINER,False,38,38,38,38,38,38,38,38,38,38,38,38,38,38,38,38,38,38,38,38,38,38,38,38,38
60196e05993170084efd0f4d,6269cf8efde4a5163c800a87,HURON TRACTOR LTD,DELIVERLOAD,False,29,29,29,29,29,29,29,29,29,29,29,29,29,29,29,29,29,29,29,29,29,29,29,29,29
60196e05993170084efd0f4d,6269cf8efde4a5163c800a87,HURON TRACTOR LTD,HOOKCONTAINER,False,22,22,22,22,22,22,22,22,22,22,22,22,22,22,22,22,22,22,22,22,22,22,22,22,22
60196e05993170084efd0f4d,688cefd92f386a78eb75ed4f,HYDROGENICS  ACCELERA BY CUMMINS AT GO-LOGISTICS,DELIVERLOAD,True,151,151,151,151,151,151,151,151,151,151,151,151,151,151,151,151,151,151,151,151,151,151,151,151,151
60196e05993170084efd0f4d,67bc8de66b26ed7209f58594,HYDRO ONE NETWORKS,DELIVERLOAD,False,29,29,29,29,29,29,29,29,29,29,29,29,29,29,29,29,29,29,29,29,29,29,29,29,29
60196e05993170084efd0f4d,6849bee8aab513a22878dda7,HYDRO ONE NETWORKS INC,DELIVERLOAD,False,31,31,31,31,31,31,31,31,31,31,31,31,31,31,31,31,31,31,31,31,31,31,31,31,31
60196e05993170084efd0f4d,6849bee8aab513a22878dda7,HYDRO ONE NETWORKS INC,HOOKCONTAINER,False,44,44,44,44,44,44,44,44,44,44,44,44,44,44,44,44,44,44,44,44,44,44,44,44,44
60196e05993170084efd0f4d,67d97b241af051d5521c1fb1,IDEAL PRODUCTS - ONTARIO OFFICE,DELIVERLOAD,False,60,60,60,60,60,60,60,60,60,60,60,60,60,60,60,60,60,60,60,60,60,60,60,60,60
60196e05993170084efd0f4d,67d97b241af051d5521c1fb1,IDEAL PRODUCTS - ONTARIO OFFICE,HOOKCONTAINER,False,22,22,22,22,22,22,22,22,22,22,22,22,22,22,22,22,22,22,22,22,22,22,22,22,22
60196e05993170084efd0f4d,67e2ba15a820bc1af9ec6222,IKO INDUSTRIES LIMITED,DELIVERLOAD,False,76,76,76,76,76,76,76,76,76,76,76,76,76,76,76,76,76,76,76,76,76,76,76,76,76
60196e05993170084efd0f4d,6841e249d2f23bdd015f155f,IL DISTRIBUTION CANADA INC,DELIVERLOAD,False,31,31,31,31,31,31,31,31,31,31,31,31,31,31,31,31,31,31,31,31,31,31,31,31,31
60196e05993170084efd0f4d,66ec3ebfb39c668f45019f19,ILLUMINEX HYPERLINK LOGISTICS,DELIVERLOAD,False,6,6,6,6,6,6,6,6,6,6,6,6,6,6,6,6,6,6,6,6,6,6,6,6,6
60196e05993170084efd0f4d,615f65553c6de2159eadb6f4,Impact Canada Inc.,DELIVERLOAD,False,19,19,19,19,19,19,19,19,19,19,19,19,16,19,19,19,19,19,19,19,19,19,19,19,19
60196e05993170084efd0f4d,615f65553c6de2159eadb6f4,Impact Canada Inc.,HOOKCONTAINER,False,22,22,22,22,22,22,22,22,22,22,22,22,22,22,22,22,22,22,22,22,22,22,22,22,22
60196e05993170084efd0f4d,6751df05f3d993d7f3a72324,IMPACT CANOPIES CANADA INC,DELIVERLOAD,False,15,15,15,15,15,15,15,15,15,15,15,15,15,15,15,15,15,15,15,15,15,15,15,15,15
60196e05993170084efd0f4d,6751df05f3d993d7f3a72324,IMPACT CANOPIES CANADA INC,HOOKCONTAINER,False,25,25,25,25,25,25,25,25,25,25,25,25,25,25,25,25,25,25,25,25,25,25,25,25,25
60196e05993170084efd0f4d,682cbafed8724a36722ed529,IMPROVE CANADA,HOOKCONTAINER,False,17,17,17,17,17,17,17,17,17,17,17,17,17,17,17,17,17,17,17,17,17,17,17,17,17
60196e05993170084efd0f4d,653037bbf4c02d164f716bb9,IMS ENERGY,DELIVERLOAD,False,28,28,28,28,28,28,28,28,28,28,28,28,28,28,28,28,28,28,28,28,28,28,28,28,28
60196e05993170084efd0f4d,6273117cc1de6e1683329ff6,INDALCO ALLOYS A LINCOLN ELECTRIC COMPANY,HOOKCONTAINER,False,22,22,22,22,22,22,22,22,22,22,22,22,22,22,22,22,22,22,22,22,22,22,22,22,22
60196e05993170084efd0f4d,6571d55fce0fb7164468fa5e,INDUSTRIAL FILTER MANUFACTURING,DELIVERLOAD,True,123,123,123,123,123,123,123,123,123,123,123,123,123,123,123,123,123,123,123,123,123,123,123,123,123
60196e05993170084efd0f4d,63ff90f412627315df30b309,INGENIA POLYMERS,DELIVERLOAD,True,71,71,71,71,71,71,71,71,71,71,71,71,71,71,71,71,71,71,71,71,71,71,71,71,71
60196e05993170084efd0f4d,6060dfa80ea75217e4ab6d99,INGRAM MICRO,DELIVERLOAD,False,68,68,68,68,68,68,68,68,68,68,68,68,68,68,68,68,68,68,68,68,68,68,68,68,68
60196e05993170084efd0f4d,6849e143c859022c70e6f952,INNOCORE,DELIVERLOAD,False,29,29,29,29,29,29,29,29,29,29,29,29,29,29,29,29,29,29,29,29,29,29,29,29,29
60196e05993170084efd0f4d,65971e11870e5615f2993530,INTERACTIVE FREIGHT & WAREHOUSING (MISSISSAUGA),HOOKCONTAINER,False,6,6,6,6,6,6,6,6,6,6,6,6,6,6,6,6,6,6,6,6,6,6,6,6,6
60196e05993170084efd0f4d,64bacbdbf5efe015c3deae4a,INTERFULFILLMENT,DELIVERLOAD,False,29,29,29,29,29,29,29,29,29,29,29,29,29,29,29,29,29,29,29,29,29,29,29,29,29
60196e05993170084efd0f4d,64bacbdbf5efe015c3deae4a,INTERFULFILLMENT,HOOKCONTAINER,False,22,22,22,22,22,22,22,22,22,22,22,22,22,22,22,22,22,22,22,22,22,22,22,22,22
60196e05993170084efd0f4d,60f059a91b4e3d35be9b036e,INTERNATIONAL COLD STORAGE,DELIVERLOAD,False,29,29,29,29,29,29,29,29,29,29,29,29,29,29,29,29,29,29,29,29,29,29,29,29,29
60196e05993170084efd0f4d,63742a22ade2dc15d1699f5b,INTERSAND,DELIVERLOAD,False,11,11,11,11,11,11,11,11,11,16,11,11,10,11,11,11,11,11,11,11,11,11,11,11,11
60196e05993170084efd0f4d,63742a22ade2dc15d1699f5b,INTERSAND,DELIVERLOAD,True,114,114,114,114,114,114,114,114,114,114,114,114,114,114,114,114,114,114,114,114,114,114,114,114,114
60196e05993170084efd0f4d,63742a22ade2dc15d1699f5b,INTERSAND,HOOKCONTAINER,False,18,18,18,18,18,18,18,20,12,18,17,18,18,18,18,18,18,18,18,18,18,18,18,18,18
60196e05993170084efd0f4d,67c1e97dab0d92bebfe7dec6,IOF BUSINESS FURNITURE,DELIVERLOAD,False,28,28,28,28,28,28,28,28,28,28,28,28,28,28,28,28,28,28,28,28,28,28,28,28,28
60196e05993170084efd0f4d,67c1e97dab0d92bebfe7dec6,IOF BUSINESS FURNITURE,HOOKCONTAINER,False,46,46,46,46,46,46,46,46,46,46,46,46,46,46,46,46,46,46,46,46,46,46,46,46,46
60196e05993170084efd0f4d,60fee7fdb5abd41ea386fe6b,IPEX,DELIVERLOAD,False,5,5,5,5,5,5,5,5,5,5,5,5,5,5,5,5,5,5,5,5,5,5,5,5,5
60196e05993170084efd0f4d,60fee7fdb5abd41ea386fe6b,IPEX,HOOKCONTAINER,False,22,22,22,22,22,22,22,22,22,22,22,22,22,22,22,22,22,22,22,22,22,22,22,22,22
60196e05993170084efd0f4d,68127ae45dd2a4c3f00f2cc7,IVAN YANG,DELIVERLOAD,False,15,15,15,15,15,15,15,15,15,15,15,15,15,15,15,15,15,15,15,15,15,15,15,15,15
60196e05993170084efd0f4d,68127ae45dd2a4c3f00f2cc7,IVAN YANG,HOOKCONTAINER,False,22,22,22,22,22,22,22,22,22,22,22,22,22,22,22,22,22,22,22,22,22,22,22,22,22
60196e05993170084efd0f4d,6841e139df0f9c979a73f813,IVY CONTAINER DEPOSIT,RETURNCONTAINER,False,10,10,10,10,10,10,10,10,10,10,10,10,10,10,10,10,10,10,10,10,10,10,10,10,10
60196e05993170084efd0f4d,6626bb96f402f0c7d436fc7b,I-WAY LOGISTICS INC.,RETURNCONTAINER,False,11,11,11,11,11,11,11,11,4,16,7,13,11,39,9,15,7,24,12,11,11,11,11,11,11
60196e05993170084efd0f4d,65452fd011d2bb1591336e71,JACK'S ORGANICS,HOOKCONTAINER,False,22,22,22,22,22,22,22,22,22,22,22,22,22,22,22,22,22,22,22,22,22,22,22,22,22
60196e05993170084efd0f4d,6841e6ed053bfcaa452fbbeb,JAD WAREHOUSE INC,DELIVERLOAD,False,42,42,42,42,42,42,42,42,42,42,42,42,42,42,42,42,42,42,42,42,42,42,42,42,42
60196e05993170084efd0f4d,6841e6ed053bfcaa452fbbeb,JAD WAREHOUSE INC,HOOKCONTAINER,False,32,32,32,32,32,32,32,32,32,32,32,32,32,32,32,32,32,32,32,32,32,32,32,32,32
60196e05993170084efd0f4d,680fe708fc1fa4643bcee36b,JAMES PACKAGING LTD,HOOKCONTAINER,False,22,22,22,22,22,22,22,22,22,22,22,22,22,22,22,22,22,22,22,22,22,22,22,22,22
60196e05993170084efd0f4d,643fecd0c2288515e3114a53,J AND J CORES INC,DELIVERLOAD,True,129,129,129,129,129,129,129,129,129,129,129,129,129,129,129,129,129,129,129,129,129,129,129,129,129
60196e05993170084efd0f4d,640b5b33eec0b515e05b9374,JBS LOGISTICS AND WAREHOUSING,DELIVERLOAD,False,23,23,23,23,23,23,23,23,23,23,23,23,23,23,23,23,23,23,23,23,23,23,23,23,23
60196e05993170084efd0f4d,640b5b33eec0b515e05b9374,JBS LOGISTICS AND WAREHOUSING,HOOKCONTAINER,False,61,61,61,61,61,61,61,61,61,61,61,61,61,61,61,61,61,61,61,61,61,61,61,61,61
60196e05993170084efd0f4d,63b7429e914e7d14898d9295,JBS LOGISTICS AND WAREHOUSING LTD.,HOOKCONTAINER,False,22,22,22,22,22,22,22,22,22,22,22,22,22,22,22,22,22,22,22,22,22,22,22,22,22
60196e05993170084efd0f4d,6050942dd07caf2f14cf589d,JB TROPICAL (Pre-pay),DELIVERLOAD,False,34,34,34,34,34,34,34,34,34,34,34,34,34,34,34,34,34,34,34,34,34,34,34,34,34
60196e05993170084efd0f4d,680fe7e1c775d4b9c684acf2,JD DEVELOPMENT,DELIVERLOAD,False,29,29,29,29,29,29,29,29,29,29,29,29,29,29,29,29,29,29,29,29,29,29,29,29,29
60196e05993170084efd0f4d,657b67d257623f161ab305ee,JD DEVELOPMENT GROUP,DELIVERLOAD,False,29,29,29,29,29,29,29,29,29,29,29,29,29,29,29,29,29,29,29,29,29,29,29,29,29
60196e05993170084efd0f4d,657b67d257623f161ab305ee,JD DEVELOPMENT GROUP,HOOKCONTAINER,False,22,22,22,22,22,22,22,22,22,22,22,22,22,22,22,22,22,22,22,22,22,22,22,22,22
60196e05993170084efd0f4d,681bbb8c71c0583433fde44a,JD DEVELOPMENT GROUP,DELIVERLOAD,False,2,2,2,2,2,2,2,2,2,2,2,2,2,2,2,2,2,2,2,2,2,2,2,2,2
60196e05993170084efd0f4d,6060be110ea75217e4ab6b03,JD PROPERTY CANADA,DELIVERLOAD,False,73,73,73,73,73,73,73,73,73,73,73,73,73,73,73,73,73,73,73,73,73,73,73,73,73
60196e05993170084efd0f4d,6841e3239463df103367e1cc,JEM STRAPPING SYSTEMS,DELIVERLOAD,False,29,29,29,29,29,29,29,29,29,29,29,29,29,29,29,29,29,29,29,29,29,29,29,29,29
60196e05993170084efd0f4d,61d8b86c7b1ce51634d5fc60,JET ICE LIMITED,DELIVERLOAD,True,173,173,173,173,173,173,173,173,173,173,173,173,173,173,173,173,173,173,173,173,173,173,173,173,173
60196e05993170084efd0f4d,686e8673f72fe00f12f3ca2a,J&F SEAFOOD CORP,DELIVERLOAD,False,57,57,57,57,57,57,57,57,57,57,57,57,57,57,57,57,57,57,57,57,57,57,57,57,57
60196e05993170084efd0f4d,686e8673f72fe00f12f3ca2a,J&F SEAFOOD CORP,HOOKCONTAINER,False,37,37,37,37,37,37,37,37,37,37,37,37,37,37,37,37,37,37,37,37,37,37,37,37,37
60196e05993170084efd0f4d,67b4b1d521d5cea036eac48c,JIAYOU EXPRESS,DELIVERLOAD,False,14,14,14,14,14,14,14,12,16,22,14,14,9,14,8,17,12,12,14,14,14,14,14,14,14
60196e05993170084efd0f4d,67b4b1d521d5cea036eac48c,JIAYOU EXPRESS,DELIVERLOAD,True,92,92,92,92,92,92,92,92,92,92,92,92,92,92,92,92,92,92,92,92,92,92,92,92,92
60196e05993170084efd0f4d,67b4b1d521d5cea036eac48c,JIAYOU EXPRESS,HOOKCONTAINER,False,13,10,13,13,13,13,13,37,8,13,12,19,31,10,13,9,13,13,13,13,13,13,13,13,8
60196e05993170084efd0f4d,67eae8fffb6b6d7adb4f4102,JNA PACKAGING INC,DELIVERLOAD,False,10,10,10,10,10,10,10,10,10,10,10,10,10,10,10,10,10,10,10,10,10,10,10,10,10
60196e05993170084efd0f4d,67eae8fffb6b6d7adb4f4102,JNA PACKAGING INC,HOOKCONTAINER,False,16,16,16,16,16,16,16,16,16,16,16,16,16,16,16,16,16,16,16,16,16,16,16,16,16
60196e05993170084efd0f4d,6878fabd902b4c746c7d2c04,JOHNNY V POULTRY,DELIVERLOAD,False,72,72,72,72,72,72,72,72,72,72,72,72,72,72,72,72,72,72,72,72,72,72,72,72,72
60196e05993170084efd0f4d,689c97ab7c83e558e8993919,JOHN O'S FOODS INC,DELIVERLOAD,False,18,18,18,18,18,18,18,18,18,18,18,18,18,18,18,18,18,18,18,18,18,18,18,18,18
60196e05993170084efd0f4d,66ec42db3fedf6b412b812e9,JOTHAM INTERNATIONAL INC,DELIVERLOAD,False,28,28,28,28,28,28,28,28,28,28,28,28,28,28,28,28,28,28,28,28,28,28,28,28,28
60196e05993170084efd0f4d,66ec42db3fedf6b412b812e9,JOTHAM INTERNATIONAL INC,HOOKCONTAINER,False,17,17,17,17,17,17,17,17,17,17,17,17,17,17,17,17,17,17,17,17,17,17,17,17,17
60196e05993170084efd0f4d,63eba26ddf4bde1628fa8651,J&S DYNAMIC SUPPLY INC,HOOKCONTAINER,False,9,9,9,9,9,9,9,9,9,9,9,9,9,9,9,9,9,9,9,9,9,9,9,9,9
60196e05993170084efd0f4d,61058b5e0f6fee365beede8c,JUNGBUNZLAUER CANADA INC,DELIVERLOAD,False,73,73,73,73,73,73,73,46,73,73,73,73,73,73,73,73,73,73,73,73,73,73,73,73,73
60196e05993170084efd0f4d,61058b5e0f6fee365beede8c,JUNGBUNZLAUER CANADA INC,HOOKCONTAINER,False,22,22,22,22,22,22,22,22,22,22,22,22,22,22,22,22,22,22,22,22,22,22,22,22,22
60196e05993170084efd0f4d,6849bd0ba95807a886a2d5e6,JUST IN TIME STORAGE,HOOKCONTAINER,False,33,33,33,33,33,33,33,33,33,33,33,33,33,33,33,33,33,33,33,33,33,33,33,33,33
60196e05993170084efd0f4d,62cc3f3aa3f7f113e4e78313,JW Fulfillment,DELIVERLOAD,False,22,22,22,22,22,22,22,22,22,22,22,22,22,22,22,22,22,22,22,22,22,22,22,22,22
60196e05993170084efd0f4d,62cc3f3aa3f7f113e4e78313,JW Fulfillment,HOOKCONTAINER,False,10,10,10,10,10,10,10,10,10,10,10,10,10,10,10,10,10,10,10,10,10,10,10,10,10
60196e05993170084efd0f4d,62ab8a2eb0b613089d7366ce,K1 WAREHOUSE (SKYJACK),DELIVERLOAD,False,54,54,54,54,54,54,70,72,72,54,61,53,51,54,74,54,54,54,54,54,54,54,54,54,54
60196e05993170084efd0f4d,62ab8a2eb0b613089d7366ce,K1 WAREHOUSE (SKYJACK),DELIVERLOAD,True,89,89,89,89,89,89,89,89,89,89,89,89,89,89,89,89,89,89,89,89,89,89,89,89,89
60196e05993170084efd0f4d,62ab8a2eb0b613089d7366ce,K1 WAREHOUSE (SKYJACK),HOOKCONTAINER,False,10,10,10,10,10,10,10,10,10,10,10,10,10,10,10,10,10,10,10,10,10,10,10,10,10
60196e05993170084efd0f4d,60f874e09358fa7d102dd385,KAI WEI GLASS & MIRROR LTD,HOOKCONTAINER,False,22,22,22,22,22,22,22,22,22,22,22,22,22,22,22,22,22,22,22,22,22,22,22,22,22
60196e05993170084efd0f4d,6841e6757a9611265d91dcf7,KENDREW DISTRIBUTION SERVICES LIMITED,HOOKCONTAINER,False,41,41,41,41,41,41,41,41,41,41,41,41,41,41,41,41,41,41,41,41,41,41,41,41,41
60196e05993170084efd0f4d,605b60eea3a9e67b6148469e,KERRY (CANADA) INC,DELIVERLOAD,False,10,10,10,10,10,10,10,10,10,10,10,10,10,10,10,10,10,10,10,10,10,10,10,10,10
60196e05993170084efd0f4d,60f97307361c83192405d47d,KESMAC INC.,DELIVERLOAD,False,10,10,10,10,10,10,10,10,10,10,10,10,10,10,10,10,10,10,10,10,10,10,10,10,10
60196e05993170084efd0f4d,688ceba60787a56d4a115d7c,KEVIN,DELIVERLOAD,True,51,51,51,51,51,51,51,51,51,51,51,51,51,51,51,51,51,51,51,51,51,51,51,51,51
60196e05993170084efd0f4d,681bbab9763436fa1038f27f,KEYPAK-MILTON,HOOKCONTAINER,False,47,47,47,47,47,47,47,47,47,47,47,47,47,47,47,47,47,47,47,47,47,47,47,47,47
60196e05993170084efd0f4d,60e09d519d54f634e1c6d14f,KINTETSU WORLD EXPRESS,DELIVERLOAD,False,29,29,29,29,29,29,29,29,29,29,29,29,29,29,29,29,29,29,29,29,29,29,29,29,29
60196e05993170084efd0f4d,60e09d519d54f634e1c6d14f,KINTETSU WORLD EXPRESS,HOOKCONTAINER,False,75,75,75,75,75,75,75,75,75,75,75,75,75,75,75,75,75,75,75,75,75,75,75,75,75
60196e05993170084efd0f4d,6813dc5100b698e31f1ada6e,KISKO,HOOKCONTAINER,False,30,30,30,30,30,30,30,30,30,30,30,30,30,30,30,30,30,30,30,30,30,30,30,30,30
60196e05993170084efd0f4d,62a0a22e014ba91390b0252c,KITCHEN TRESURE RESTAURANT SUPPLIES,HOOKCONTAINER,False,14,14,14,14,14,14,14,14,14,14,14,14,14,14,14,14,14,14,14,14,14,14,14,14,14
60196e05993170084efd0f4d,61ae5713a0cfee62ab9555eb,Klassics coconuts,DELIVERLOAD,False,18,18,18,18,18,18,18,18,18,18,18,18,18,18,18,18,18,18,18,18,18,18,18,18,18
60196e05993170084efd0f4d,61ae5713a0cfee62ab9555eb,Klassics coconuts,HOOKCONTAINER,False,8,8,8,8,8,8,8,8,8,8,8,8,8,8,8,8,8,8,8,8,8,8,8,8,8
60196e05993170084efd0f4d,6520485d393ba21618858ac8,KNOLL NORTH AMERICA CORP.,HOOKCONTAINER,False,78,78,78,78,78,78,78,78,78,78,78,78,78,78,78,78,78,78,78,78,78,78,78,78,78
60196e05993170084efd0f4d,68236da10f0bef360a2873f7,KOMATSU,DELIVERLOAD,False,63,63,63,63,63,63,63,63,63,63,63,63,63,63,63,63,63,63,63,63,63,63,63,63,63
60196e05993170084efd0f4d,68236da10f0bef360a2873f7,KOMATSU,HOOKCONTAINER,False,64,64,64,64,64,64,64,64,64,64,64,64,64,64,64,64,64,64,64,64,64,64,64,64,64
60196e05993170084efd0f4d,681bbaffadbfc64ce037e3df,KOREX CANADA,HOOKCONTAINER,False,9,9,9,9,9,9,9,9,9,9,9,9,9,9,9,9,9,9,9,9,9,9,9,9,9
60196e05993170084efd0f4d,68bee168a2bf6df04ed42cda,KOREX CANADA,DELIVERLOAD,False,5,5,5,5,5,5,5,5,5,5,5,5,5,5,5,5,5,5,5,5,5,5,5,5,5
60196e05993170084efd0f4d,62862f77c1b4884baeaf9a2a,Kratos Antenna Solutions Canada,DELIVERLOAD,True,31,31,31,31,31,31,31,31,31,31,31,31,31,31,31,31,31,31,31,31,31,31,31,31,31
60196e05993170084efd0f4d,685b111d670ecec8ba1ffbb1,KT KITCHEN,HOOKCONTAINER,False,25,25,25,25,25,25,25,25,25,25,25,25,25,25,25,25,25,25,25,25,25,25,25,25,25
60196e05993170084efd0f4d,625eeb6bb3bd7e787b821553,KUKIELKA PRODUCE INC,DELIVERLOAD,False,29,29,29,29,29,29,29,29,29,29,29,29,29,29,29,29,29,29,29,29,29,29,29,29,29
60196e05993170084efd0f4d,617c4deb608928157c98c39e,Kumpfort Zone Warehousing,DELIVERLOAD,False,40,40,40,40,40,40,40,40,40,40,40,40,40,40,40,40,40,40,40,40,40,40,40,40,40
60196e05993170084efd0f4d,617c4deb608928157c98c39e,Kumpfort Zone Warehousing,DELIVERLOAD,True,71,71,71,71,71,71,71,71,71,71,71,71,71,71,71,71,71,71,71,71,71,71,71,71,71
60196e05993170084efd0f4d,617c4deb608928157c98c39e,Kumpfort Zone Warehousing,HOOKCONTAINER,False,22,22,22,22,22,22,22,22,22,22,22,22,22,22,22,22,22,22,22,22,22,22,22,22,22
60196e05993170084efd0f4d,656a071633edaa16760cf1e2,KUTCHIN OF CANADA,DELIVERLOAD,False,29,29,29,29,29,29,29,29,29,29,29,29,29,29,29,29,29,29,29,29,29,29,29,29,29
60196e05993170084efd0f4d,68a4d5223df9d14c01f505e7,LAIRD PLASTICS,DELIVERLOAD,True,77,77,77,77,77,77,77,77,77,77,77,77,77,77,77,77,77,77,77,77,77,77,77,77,77
60196e05993170084efd0f4d,62b5ced2cb0e4613b066aba2,LANEX MANUFACTURING INC,HOOKCONTAINER,False,22,22,22,22,22,22,22,22,22,22,22,22,22,22,22,22,22,22,22,22,22,22,22,22,22
60196e05993170084efd0f4d,67efde5dd32a3ac025cae021,LASERGLOW TECHNOLOGIES,DELIVERLOAD,False,85,85,85,85,85,85,85,85,85,85,85,85,85,85,85,85,85,85,85,85,85,85,85,85,85
60196e05993170084efd0f4d,685b1287c686348c4ddb0927,LAURAND ASSOCIATES INC,DELIVERLOAD,False,8,8,8,8,8,8,8,8,8,8,8,8,8,8,8,8,8,8,8,8,8,8,8,8,8
60196e05993170084efd0f4d,6841e596f7b5349fb6dd777f,LECANGS FULFILLMENT INC.,DELIVERLOAD,False,13,13,13,13,13,13,13,13,13,13,13,13,13,13,13,13,13,13,13,13,13,13,13,13,13
60196e05993170084efd0f4d,6841e596f7b5349fb6dd777f,LECANGS FULFILLMENT INC.,HOOKCONTAINER,False,11,11,11,11,11,11,11,11,11,11,11,11,11,11,11,11,11,11,11,11,11,11,11,11,11
60196e05993170084efd0f4d,6672d2b88f4e69692408c1dc,LEE & G ASSOCIATES INC,HOOKCONTAINER,False,13,13,13,13,13,13,13,13,13,13,13,13,13,13,13,13,13,13,13,13,13,13,13,13,13
60196e05993170084efd0f4d,6769c7e68ac9378aff7fce6f,LEE & G ASSOCIATES INC,DELIVERLOAD,False,40,40,40,40,40,40,40,40,40,40,40,40,40,40,40,40,40,40,40,40,40,40,40,40,40
60196e05993170084efd0f4d,6769c7e68ac9378aff7fce6f,LEE & G ASSOCIATES INC,HOOKCONTAINER,False,14,14,14,14,14,14,14,14,14,14,14,14,14,14,14,14,14,14,14,14,14,14,14,14,14
60196e05993170084efd0f4d,66a0fb6a7ac1dca4d6b49a85,LEGEND FLEET SOLUTIONS,DELIVERLOAD,False,66,66,66,66,66,66,66,66,66,66,66,66,66,66,66,66,66,66,66,66,66,66,66,66,66
60196e05993170084efd0f4d,66a0fb6a7ac1dca4d6b49a85,LEGEND FLEET SOLUTIONS,HOOKCONTAINER,False,22,22,22,22,22,22,22,22,22,22,22,22,22,22,22,22,22,22,22,22,22,22,22,22,22
60196e05993170084efd0f4d,6769be9fad7fcfb7d61ccf4c,LEGEND FLEET SOLUTIONS,DELIVERLOAD,False,40,40,40,40,40,40,40,40,40,40,40,40,40,40,40,40,40,40,40,40,40,40,40,40,40
60196e05993170084efd0f4d,6769be9fad7fcfb7d61ccf4c,LEGEND FLEET SOLUTIONS,DELIVERLOAD,True,71,71,71,71,71,71,71,71,71,71,71,71,71,71,71,71,71,71,71,71,71,71,71,71,71
60196e05993170084efd0f4d,6769be9fad7fcfb7d61ccf4c,LEGEND FLEET SOLUTIONS,HOOKCONTAINER,False,62,62,62,62,62,62,62,62,62,62,62,62,62,62,62,62,62,62,62,62,62,62,62,62,62
60196e05993170084efd0f4d,605fedade8852c5a9e5d7567,LEGEND RUBBER,DELIVERLOAD,False,57,57,57,57,57,57,57,57,57,57,57,57,57,57,57,57,57,57,57,57,57,57,57,57,57
60196e05993170084efd0f4d,677e8f8dd695eee416a2da91,Leggett & Platt Canada Co,DELIVERLOAD,False,29,29,29,29,29,29,29,29,29,29,29,29,29,29,29,29,29,29,29,29,29,29,29,29,29
60196e05993170084efd0f4d,605b6d53889d263e96894639,LEON'S - BRAMPTON,DELIVERLOAD,False,62,62,62,62,62,62,62,62,62,70,11,62,62,62,62,62,62,62,62,62,62,62,62,62,62
60196e05993170084efd0f4d,605b6d53889d263e96894639,LEON'S - BRAMPTON,HOOKCONTAINER,False,9,9,9,9,9,9,9,9,9,9,9,44,9,9,9,9,9,9,9,9,9,9,9,9,9
60196e05993170084efd0f4d,605b6e251267955018eb8b76,LEON'S - BURLINGTON,DELIVERLOAD,False,83,83,83,83,83,83,83,83,103,45,89,105,137,83,83,83,83,83,83,83,83,83,83,83,83
60196e05993170084efd0f4d,605b6e251267955018eb8b76,LEON'S - BURLINGTON,HOOKCONTAINER,False,43,43,43,43,43,43,43,43,43,43,43,40,12,43,4,43,43,43,43,43,43,43,43,43,43
60196e05993170084efd0f4d,651efc37f24fa9163a2576ab,LEON'S FURNITURE,DELIVERLOAD,False,29,29,29,29,29,29,29,29,29,29,29,29,29,29,29,29,29,29,29,29,29,29,29,29,29
60196e05993170084efd0f4d,6357c626c4450515d82f6318,LEON S FURNITURE LTD FRANCHISE,DELIVERLOAD,False,88,88,88,88,88,88,88,88,88,88,88,88,88,88,88,88,88,88,88,88,88,88,88,88,88
60196e05993170084efd0f4d,6357c626c4450515d82f6318,LEON S FURNITURE LTD FRANCHISE,HOOKCONTAINER,False,22,22,22,22,22,22,22,22,22,22,22,22,22,22,22,22,22,22,22,22,22,22,22,22,22
60196e05993170084efd0f4d,63655deec900f815cf542d57,LEON S FURNITURE LTD FRANCHISE,DELIVERLOAD,False,12,12,12,12,12,12,12,12,12,12,12,12,12,12,12,12,12,12,12,12,12,12,12,12,12
60196e05993170084efd0f4d,63655deec900f815cf542d57,LEON S FURNITURE LTD FRANCHISE,HOOKCONTAINER,False,38,38,38,38,38,38,38,38,38,38,38,38,38,38,38,38,38,38,38,38,38,38,38,38,38
60196e05993170084efd0f4d,64231075abd91e15dcbba494,LEON'S FURNITURE LTD. - LONDON,DELIVERLOAD,False,29,29,29,29,29,29,29,29,29,29,29,29,29,29,29,29,29,29,29,29,29,29,29,29,29
60196e05993170084efd0f4d,626bccfbf2d709163a1e51ce,LEON'S FURNITURE LTD (STORE # TT),HOOKCONTAINER,False,24,24,24,24,24,24,24,24,24,24,24,24,24,24,24,24,24,24,24,24,24,24,24,24,24
60196e05993170084efd0f4d,60bcd997ea601c19d6a750f8,LEONS FURNITURE -NORTH YORK,DELIVERLOAD,False,20,20,20,20,20,20,20,37,17,20,20,20,20,20,20,20,20,20,20,20,20,20,20,20,20
60196e05993170084efd0f4d,60bcd997ea601c19d6a750f8,LEONS FURNITURE -NORTH YORK,HOOKCONTAINER,False,17,17,17,17,17,17,17,17,9,21,28,17,18,16,27,25,21,20,17,17,17,17,17,17,17
60196e05993170084efd0f4d,605b73897ed536088740b9d0,LEON'S - LONDON,DELIVERLOAD,False,73,73,73,73,73,73,73,73,73,56,62,73,73,73,73,73,73,73,73,73,73,73,73,73,73
60196e05993170084efd0f4d,605b73897ed536088740b9d0,LEON'S - LONDON,HOOKCONTAINER,False,16,16,16,16,16,16,16,16,16,16,16,16,16,16,16,16,16,16,16,16,16,16,16,16,16
60196e05993170084efd0f4d,605b7700bb61d9540a99568a,LEON'S - MISSISSAUGA,DELIVERLOAD,False,25,25,25,25,25,25,25,25,25,25,25,25,25,25,25,25,25,25,25,25,25,25,25,25,25
60196e05993170084efd0f4d,605b7700bb61d9540a99568a,LEON'S - MISSISSAUGA,HOOKCONTAINER,False,19,19,19,19,19,19,19,19,19,19,19,19,19,19,19,19,19,19,19,19,19,19,19,19,19
60196e05993170084efd0f4d,605b74497ed536088740ba6c,LEON'S - NEWMARKET,DELIVERLOAD,False,73,73,73,73,73,73,73,73,96,72,72,66,73,73,73,73,73,73,73,73,73,73,73,73,73
60196e05993170084efd0f4d,605b74497ed536088740ba6c,LEON'S - NEWMARKET,HOOKCONTAINER,False,37,37,37,37,37,37,37,37,37,37,38,18,37,6,37,37,37,37,37,37,37,37,37,37,37
60196e05993170084efd0f4d,6050de54d11a236e2616e3c3,LEON'S -NIAGARA,DELIVERLOAD,False,73,73,73,73,73,73,73,73,112,74,38,31,73,73,73,73,73,73,73,73,73,73,73,73,73
60196e05993170084efd0f4d,6050de54d11a236e2616e3c3,LEON'S -NIAGARA,HOOKCONTAINER,False,48,48,48,48,48,48,48,48,48,48,48,48,48,48,48,48,48,48,48,48,48,48,48,48,48
60196e05993170084efd0f4d,605b75cb7ed536088740bb67,LEON'S - OTTAWA,DELIVERLOAD,True,123,123,123,123,123,123,123,123,123,123,123,123,123,123,123,123,123,123,123,123,123,123,123,123,123
60196e05993170084efd0f4d,60523e3f286ba26f78db5908,LEON'S - SCARBOROUGH,DELIVERLOAD,False,6,3,6,6,6,6,5,6,6,6,5,5,6,9,7,7,3,4,4,5,5,6,6,6,6
60196e05993170084efd0f4d,60523e3f286ba26f78db5908,LEON'S - SCARBOROUGH,HOOKCONTAINER,False,25,50,5,9,25,13,48,18,54,51,14,17,22,77,14,16,58,55,40,27,17,20,10,6,30
60196e05993170084efd0f4d,68711507308671d026dbbbc6,LEON'S VAUGHAN,DELIVERLOAD,False,17,17,17,17,17,17,17,17,17,17,17,17,17,17,17,17,17,17,17,17,17,17,17,17,17
60196e05993170084efd0f4d,68711507308671d026dbbbc6,LEON'S VAUGHAN,HOOKCONTAINER,False,22,22,22,22,22,22,22,22,22,22,22,22,22,22,22,22,22,22,22,22,22,22,22,22,22
60196e05993170084efd0f4d,686534930e6fb3e7dd2fdef7,LEON'S - WHITBY,DELIVERLOAD,False,43,43,43,43,43,43,43,43,43,43,43,43,43,43,43,43,43,43,43,43,43,43,43,43,43
60196e05993170084efd0f4d,686534930e6fb3e7dd2fdef7,LEON'S - WHITBY,HOOKCONTAINER,False,13,13,13,13,13,13,13,13,13,13,13,13,13,13,13,13,13,13,13,13,13,13,13,13,13
60196e05993170084efd0f4d,60e4ad9e7f72e71792a1b13e,LEONS WINDSOR,DELIVERLOAD,False,29,29,29,29,29,29,29,29,29,29,29,29,29,29,29,29,29,29,29,29,29,29,29,29,29
60196e05993170084efd0f4d,6751ea2c7a485895cf5ce577,LES ALIMENTS DAINTY FOODS INC,DELIVERLOAD,False,59,59,59,59,59,59,59,59,59,59,59,59,59,59,59,59,59,59,59,59,59,59,59,59,59
60196e05993170084efd0f4d,6751ea2c7a485895cf5ce577,LES ALIMENTS DAINTY FOODS INC,HOOKCONTAINER,False,22,22,22,22,22,22,22,22,22,22,22,22,22,22,22,22,22,22,22,22,22,22,22,22,22
60196e05993170084efd0f4d,632c8d9b896ae515b24f09ae,LINAMAR GEAR,DELIVERLOAD,False,86,86,86,86,86,86,86,86,116,86,86,86,86,67,86,86,86,86,86,86,86,86,86,86,86
60196e05993170084efd0f4d,632c8d9b896ae515b24f09ae,LINAMAR GEAR,HOOKCONTAINER,False,22,22,22,22,22,22,22,22,22,22,22,22,22,22,22,22,22,22,22,22,22,22,22,22,22
60196e05993170084efd0f4d,60609b76d7186317e2ed2a79,LINAMAR PERFORMACE CENTER,DELIVERLOAD,False,19,19,19,19,19,19,19,19,19,19,19,19,19,19,19,19,19,19,19,19,19,19,19,19,19
60196e05993170084efd0f4d,60609b76d7186317e2ed2a79,LINAMAR PERFORMACE CENTER,HOOKCONTAINER,False,22,22,22,22,22,22,22,22,22,22,22,22,22,22,22,22,22,22,22,22,22,22,22,22,22
60196e05993170084efd0f4d,612d0f84df6589156720952c,LINCOLN ELECTRIC COMPANY OF CANADA,DELIVERLOAD,False,29,29,29,29,29,29,29,29,29,29,29,29,29,29,29,29,29,29,29,29,29,29,29,29,29
60196e05993170084efd0f4d,67bc8a9ab8b4b65a9dee850e,"LINDE, CANADA INC",DELIVERLOAD,False,51,51,51,51,51,51,51,51,68,34,51,41,51,51,51,51,51,51,51,51,51,51,51,51,51
60196e05993170084efd0f4d,67bc8a9ab8b4b65a9dee850e,"LINDE, CANADA INC",DELIVERLOAD,True,6,6,6,6,6,6,6,6,6,6,6,6,6,6,6,6,6,6,6,6,6,6,6,6,6
60196e05993170084efd0f4d,67bc8a9ab8b4b65a9dee850e,"LINDE, CANADA INC",HOOKCONTAINER,False,9,9,9,9,9,9,9,9,9,9,9,9,9,9,8,9,9,9,9,9,9,9,9,9,9
60196e05993170084efd0f4d,64f733c7342db815eb8b9d5f,LOBLAW COMPANIES LIMITED(WITRON LOGISTIK INFORMATIK),DELIVERLOAD,False,29,29,29,29,29,29,29,29,29,29,25,29,29,29,29,29,29,29,29,29,29,29,29,29,29
60196e05993170084efd0f4d,64f733c7342db815eb8b9d5f,LOBLAW COMPANIES LIMITED(WITRON LOGISTIK INFORMATIK),HOOKCONTAINER,False,8,8,8,8,8,8,8,8,8,8,8,8,8,8,8,8,8,8,8,8,8,8,8,8,8
60196e05993170084efd0f4d,67a4e8d9f8e5bdf3c111a868,LONG & MCQUADE MUSICAL INSTRUMENTS,DELIVERLOAD,False,29,29,29,29,29,29,29,29,29,29,29,29,29,29,29,29,29,29,29,29,29,29,29,29,29
60196e05993170084efd0f4d,657b6dbe35c3c91624d22594,Lotus Transportation,RETURNCONTAINER,False,17,17,17,17,17,17,17,17,17,17,17,17,17,17,17,17,17,17,17,17,17,17,17,17,17
60196e05993170084efd0f4d,6334918363537a15fe1655df,LS LOGISTICS,DELIVERLOAD,False,29,29,29,29,29,29,29,29,29,29,29,29,29,29,29,29,29,29,29,29,29,29,29,29,29
60196e05993170084efd0f4d,6334918363537a15fe1655df,LS LOGISTICS,HOOKCONTAINER,False,22,22,22,22,22,22,22,22,22,22,22,22,22,22,22,22,22,22,22,22,22,22,22,22,22
60196e05993170084efd0f4d,605fee697eb4ea661a433511,LTP SPORTS GROUP INC,DELIVERLOAD,False,12,12,12,12,12,12,12,12,44,11,12,12,12,12,12,12,12,12,12,12,12,12,12,12,12
60196e05993170084efd0f4d,605fee697eb4ea661a433511,LTP SPORTS GROUP INC,HOOKCONTAINER,False,20,20,20,20,20,20,20,16,19,29,20,14,20,20,20,81,20,20,20,20,20,20,20,20,20
60196e05993170084efd0f4d,6787c7097a4211630a5063eb,Lumocrafts,DELIVERLOAD,False,17,17,17,17,17,17,17,17,17,17,17,17,17,17,17,17,17,17,17,17,17,17,17,17,17
60196e05993170084efd0f4d,6787c7097a4211630a5063eb,Lumocrafts,HOOKCONTAINER,False,19,19,19,19,19,19,19,19,19,19,19,19,19,19,19,19,19,19,19,19,19,19,19,19,19
60196e05993170084efd0f4d,614de335d5b26a70dd91a8ef,LUNFUS,DELIVERLOAD,False,29,29,29,29,29,29,29,29,29,29,29,29,29,29,29,29,29,29,29,29,29,29,29,29,29
60196e05993170084efd0f4d,67d97d97418bd5fc372a6660,LUXOR BY DESIGNS INC,DELIVERLOAD,False,48,48,48,48,48,48,48,48,48,48,48,48,48,48,48,48,48,48,48,48,48,48,48,48,48
60196e05993170084efd0f4d,629754b3f4c3fb1a07ffba2a,Lynden International Logistics Co,DELIVERLOAD,False,29,29,29,29,29,29,29,29,29,29,29,29,29,29,29,29,29,29,29,29,29,29,29,29,29
60196e05993170084efd0f4d,629754b3f4c3fb1a07ffba2a,Lynden International Logistics Co,DELIVERLOAD,True,41,41,41,41,41,41,41,41,41,41,41,41,41,41,41,41,41,41,41,41,41,41,41,41,41
60196e05993170084efd0f4d,629754b3f4c3fb1a07ffba2a,Lynden International Logistics Co,HOOKCONTAINER,False,11,11,11,11,11,11,11,11,11,11,11,11,11,11,11,11,11,11,11,11,11,11,11,11,11
60196e05993170084efd0f4d,686824531ae14744c657bb22,LYN - NORTH YORK,HOOKCONTAINER,False,22,22,22,22,22,22,22,22,22,22,22,22,22,22,22,22,22,22,22,22,22,22,22,22,22
60196e05993170084efd0f4d,60d38005bc3dbb6626f85c7f,M2 PROFESSIONAL CLEANING,HOOKCONTAINER,False,54,54,54,54,54,54,54,54,54,54,54,54,54,54,54,54,54,54,54,54,54,54,54,54,54
60196e05993170084efd0f4d,605ff0bbe8852c5a9e5d756a,MABE CANADA INC,DELIVERLOAD,False,17,17,17,17,18,31,29,18,25,6,25,8,10,22,6,11,21,23,7,14,12,17,17,17,17
60196e05993170084efd0f4d,605ff0bbe8852c5a9e5d756a,MABE CANADA INC,HOOKCONTAINER,False,14,14,14,14,14,9,14,60,9,6,8,10,13,14,36,15,14,63,11,8,14,14,14,14,14
60196e05993170084efd0f4d,605ff1857eb4ea661a433515,MACDONALD STEEL LTD,DELIVERLOAD,False,79,79,79,79,79,79,135,79,79,79,79,79,79,79,79,79,79,79,79,79,79,79,79,79,79
60196e05993170084efd0f4d,605ff1857eb4ea661a433515,MACDONALD STEEL LTD,HOOKCONTAINER,False,65,65,65,65,65,65,65,65,74,65,65,65,65,65,65,65,65,65,65,65,65,65,65,65,65
60196e05993170084efd0f4d,68236dfaeae28ad4001ed504,MACKIE MOVING SYSTEMS CORPORATION,DELIVERLOAD,False,63,63,63,63,63,63,63,63,63,63,63,63,63,63,63,63,63,63,63,63,63,63,63,63,63
60196e05993170084efd0f4d,68236dfaeae28ad4001ed504,MACKIE MOVING SYSTEMS CORPORATION,DELIVERLOAD,True,146,146,146,146,146,146,146,146,146,146,146,146,146,146,146,146,146,146,146,146,146,146,146,146,146
60196e05993170084efd0f4d,63d8406db2a29c15c774d462,MAERSK TORONTO DISTRIBUTION CENTER,DELIVERLOAD,False,19,19,19,19,19,19,19,19,19,19,19,19,19,19,19,19,19,19,19,19,19,19,19,19,19
60196e05993170084efd0f4d,63d8406db2a29c15c774d462,MAERSK TORONTO DISTRIBUTION CENTER,HOOKCONTAINER,False,42,42,42,42,42,42,42,42,42,42,42,42,42,42,42,42,42,42,42,42,42,42,42,42,42
60196e05993170084efd0f4d,60e5ca6ffa6ee921a7a3efde,MAHARAJA BRAND INC.(PREPAY CUSTOMER),DELIVERLOAD,False,7,7,7,7,7,7,7,7,7,7,7,7,7,7,7,7,7,7,7,7,7,7,7,7,7
60196e05993170084efd0f4d,60e5ca6ffa6ee921a7a3efde,MAHARAJA BRAND INC.(PREPAY CUSTOMER),HOOKCONTAINER,False,36,36,36,36,36,36,36,36,36,36,36,36,36,36,36,36,36,36,36,36,36,36,36,36,36
60196e05993170084efd0f4d,62cc3eefa3f7f113e4e782b7,Mainfreight,DELIVERLOAD,False,27,27,27,27,27,27,27,38,28,19,3,27,38,46,21,31,27,27,27,27,27,27,27,27,27
60196e05993170084efd0f4d,62cc3eefa3f7f113e4e782b7,Mainfreight,HOOKCONTAINER,False,17,17,17,17,17,17,17,22,12,33,24,30,17,15,52,17,19,6,17,17,17,17,17,17,17
60196e05993170084efd0f4d,646cd075d8254a169ae5188c,MAIN-LISTOWEL CANADA DISTRIBUTION CENTER,DELIVERLOAD,False,29,29,29,29,29,29,29,29,29,29,29,29,29,29,29,29,29,29,29,29,29,29,29,29,29
60196e05993170084efd0f4d,6060a605d7186317e2ed2ae7,MAKITA CANADA INC,DELIVERLOAD,False,83,83,83,83,83,83,83,93,83,83,83,83,83,83,83,83,83,83,83,83,83,83,83,83,83
60196e05993170084efd0f4d,6060a605d7186317e2ed2ae7,MAKITA CANADA INC,DELIVERLOAD,True,58,58,58,58,58,58,58,58,58,58,58,58,58,58,58,58,58,58,58,58,58,58,58,58,58
60196e05993170084efd0f4d,6060a605d7186317e2ed2ae7,MAKITA CANADA INC,HOOKCONTAINER,False,6,6,6,6,6,6,6,6,6,6,6,6,6,6,6,6,6,6,6,6,6,6,6,6,6
60196e05993170084efd0f4d,6063306ff73b0135438ee4ea,MALPORT,RETURNCONTAINER,False,43,43,75,43,43,85,43,66,47,38,41,43,34,50,106,66,22,20,20,26,46,43,43,43,43
60196e05993170084efd0f4d,6282cbe637455263d4ec4596,Mancuso Chemicals Limited,DELIVERLOAD,True,71,71,71,71,71,71,71,71,71,71,71,71,71,71,71,71,71,71,71,71,71,71,71,71,71
60196e05993170084efd0f4d,6050942dd07caf2f14cf58ab,MANTORIA INC.,DELIVERLOAD,False,17,17,17,17,17,17,17,17,17,17,17,17,17,17,17,17,17,17,17,17,17,17,17,17,17
60196e05993170084efd0f4d,6050942dd07caf2f14cf58ab,MANTORIA INC.,HOOKCONTAINER,False,22,22,22,22,22,22,22,22,22,22,22,24,22,22,22,22,22,22,22,22,22,22,22,22,22
60196e05993170084efd0f4d,6060b4c2c785201862a53672,MAP CANADA,DELIVERLOAD,False,42,42,42,42,42,42,42,42,42,42,42,42,42,42,42,42,42,42,42,42,42,42,42,42,42
60196e05993170084efd0f4d,6060b4c2c785201862a53672,MAP CANADA,HOOKCONTAINER,False,9,9,9,9,9,9,9,9,9,9,9,9,9,9,9,9,9,9,9,9,9,9,9,9,9
60196e05993170084efd0f4d,6724ed918bfcc617581ce183,MAPLESIDE MFG INC,HOOKCONTAINER,False,22,22,22,22,22,22,22,22,22,22,22,22,22,22,22,22,22,22,22,22,22,22,22,22,22
60196e05993170084efd0f4d,68a4d95b0c9665dd895e4dfa,MAPLETON PULLET FARM,DELIVERLOAD,False,4,4,4,4,4,4,4,4,4,4,4,4,4,4,4,4,4,4,4,4,4,4,4,4,4
60196e05993170084efd0f4d,68a4d95b0c9665dd895e4dfa,MAPLETON PULLET FARM,HOOKCONTAINER,False,64,64,64,64,64,64,64,64,64,64,64,64,64,64,64,64,64,64,64,64,64,64,64,64,64
60196e05993170084efd0f4d,677e8d394c818046c7a5074a,MARCAN PHARMACEUTICALS C/O ACCURISTIX,DELIVERLOAD,False,69,69,69,69,69,69,69,69,69,69,69,69,69,69,69,69,69,69,69,69,69,69,69,69,69
60196e05993170084efd0f4d,677e8d394c818046c7a5074a,MARCAN PHARMACEUTICALS C/O ACCURISTIX,DELIVERLOAD,True,177,177,177,177,177,177,177,177,177,177,177,177,177,177,177,177,177,177,177,177,177,177,177,177,177
60196e05993170084efd0f4d,677e8d394c818046c7a5074a,MARCAN PHARMACEUTICALS C/O ACCURISTIX,HOOKCONTAINER,False,52,52,52,52,52,52,52,52,52,52,52,52,52,52,52,52,52,52,52,52,52,52,52,52,52
60196e05993170084efd0f4d,680fe83ed72d7750e6f82bbb,MARCHELEO'S INC,HOOKCONTAINER,False,22,22,22,22,22,22,22,22,22,22,22,22,22,22,22,22,22,22,22,22,22,22,22,22,22
60196e05993170084efd0f4d,6849bc55590b795f81e60117,MARGREY METALS INC,HOOKCONTAINER,False,22,22,22,22,22,22,22,22,22,22,22,22,22,22,22,22,22,22,22,22,22,22,22,22,22
60196e05993170084efd0f4d,61ae1432ff25cb159accbd1a,MARKHAM COLD STORAGE,DELIVERLOAD,False,49,49,49,49,49,49,49,49,49,49,49,49,49,49,49,49,49,49,49,49,49,49,49,49,49
60196e05993170084efd0f4d,61ae1432ff25cb159accbd1a,MARKHAM COLD STORAGE,HOOKCONTAINER,False,34,34,34,34,34,34,34,34,34,34,34,34,34,34,34,34,34,34,34,34,34,34,34,34,34
60196e05993170084efd0f4d,60ef4f77b4e6512c87a3363d,MARLON RECREATIONAL PRODUCTS,DELIVERLOAD,False,29,29,29,29,29,29,29,29,29,29,29,29,29,29,29,29,29,29,29,29,29,29,29,29,29
60196e05993170084efd0f4d,60ef4f77b4e6512c87a3363d,MARLON RECREATIONAL PRODUCTS,HOOKCONTAINER,False,58,58,58,58,58,58,58,58,58,58,58,58,58,58,58,58,58,58,58,58,58,58,58,58,58
60196e05993170084efd0f4d,685aae428aad2ad474726547,MARLON RECREATIONAL PRODUCTS LTD,DELIVERLOAD,False,73,73,73,73,73,73,73,73,73,73,73,73,73,73,73,73,73,73,73,73,73,73,73,73,73
60196e05993170084efd0f4d,685aae428aad2ad474726547,MARLON RECREATIONAL PRODUCTS LTD,HOOKCONTAINER,False,11,11,11,11,11,11,11,11,11,11,11,11,11,11,11,11,11,11,11,11,11,11,11,11,11
60196e05993170084efd0f4d,68af4068e2cbfa2f15174d5e,MASTERS GOLF CARTS,HOOKCONTAINER,False,9,9,9,9,9,9,9,9,9,9,9,9,9,9,9,9,9,9,9,9,9,9,9,9,9
60196e05993170084efd0f4d,62065293b664901b811dea36,MATCOM,HOOKCONTAINER,False,22,22,22,22,22,22,22,22,22,22,22,22,22,22,22,22,22,22,22,22,22,22,22,22,22
60196e05993170084efd0f4d,6060fa220ea75217e4ab7006,MAXXIS CANADA,DELIVERLOAD,False,20,20,20,20,20,20,20,18,20,20,20,20,20,20,20,20,20,20,20,20,20,20,20,20,20
60196e05993170084efd0f4d,6060fa220ea75217e4ab7006,MAXXIS CANADA,HOOKCONTAINER,False,25,12,25,22,25,25,25,25,25,25,25,25,25,25,25,25,25,25,25,25,16,47,35,32,30
60196e05993170084efd0f4d,605f3c1860beba17f915653f,MAXXMAR INC,DELIVERLOAD,False,17,17,17,17,17,17,17,17,17,17,17,17,17,17,17,17,17,17,17,17,17,17,17,17,17
60196e05993170084efd0f4d,605f3c1860beba17f915653f,MAXXMAR INC,HOOKCONTAINER,False,23,23,23,23,23,23,23,23,23,23,23,23,23,23,23,23,23,23,23,23,23,23,23,23,23
60196e05993170084efd0f4d,685176321ed8b071abcefc8e,MB OVERSEAS,DELIVERLOAD,False,29,29,29,29,29,29,29,29,29,29,29,29,29,29,29,29,29,29,29,29,29,29,29,29,29
60196e05993170084efd0f4d,66b2358592bcaa4100dffd20,MDF EXPORT,DELIVERLOAD,False,28,28,28,28,28,28,28,28,28,28,28,28,28,28,28,28,28,28,28,28,28,28,28,28,28
60196e05993170084efd0f4d,66b2358592bcaa4100dffd20,MDF EXPORT,HOOKCONTAINER,False,38,38,38,38,38,38,38,38,38,38,38,38,38,38,38,38,38,38,38,38,38,38,38,38,38
60196e05993170084efd0f4d,66fc496d1c56517166c575cc,MEDIA RESOURCES,DELIVERLOAD,False,56,56,56,56,56,56,56,56,56,56,56,56,56,56,56,56,56,56,56,56,56,56,56,56,56
60196e05993170084efd0f4d,66fc496d1c56517166c575cc,MEDIA RESOURCES,HOOKCONTAINER,False,35,35,35,35,35,35,35,35,35,35,35,35,35,35,35,35,35,35,35,35,35,35,35,35,35
60196e05993170084efd0f4d,66fc49b555823f89fc3c01d4,MEDIA RESOURCES,DELIVERLOAD,False,48,48,48,48,48,48,48,48,48,36,64,48,48,48,48,48,48,48,48,48,48,48,48,48,48
60196e05993170084efd0f4d,66fc49b555823f89fc3c01d4,MEDIA RESOURCES,HOOKCONTAINER,False,2,2,2,2,2,2,2,2,2,2,2,2,2,2,2,2,2,2,2,2,2,2,2,2,2
60196e05993170084efd0f4d,681e5325c51539a882cb9de5,MEDIFLOW INC,DELIVERLOAD,False,29,29,29,29,29,29,29,29,29,29,29,29,29,29,29,29,29,29,29,29,29,29,29,29,29
60196e05993170084efd0f4d,611bdbf4147bb24876caa0fe,MEDLOG YARD,RETURNCONTAINER,False,17,17,17,17,17,17,17,17,17,17,17,17,17,17,17,17,17,17,17,17,17,17,17,17,17
60196e05993170084efd0f4d,61a8afb0109ea714db25078d,"Melmart Distributors Inc.,",DELIVERLOAD,False,21,21,21,21,21,21,21,21,21,21,21,21,21,21,21,21,21,21,21,21,21,21,21,21,21
60196e05993170084efd0f4d,63f4e7b889a3f4162666968d,MERIDIAN LIGHTWEIGHT TECHNOLOGIES INC,DELIVERLOAD,False,29,29,29,29,29,29,29,29,29,29,29,29,29,29,29,29,29,29,29,29,29,29,29,29,29
60196e05993170084efd0f4d,639ce9660051501616165d52,MERRITHEW,DELIVERLOAD,False,13,13,13,13,13,13,13,13,13,13,13,13,19,13,13,13,13,13,13,13,13,13,13,13,13
60196e05993170084efd0f4d,639ce9660051501616165d52,MERRITHEW,HOOKCONTAINER,False,25,25,25,25,25,25,25,25,25,25,25,28,25,25,25,25,25,25,25,25,25,25,25,25,25
60196e05993170084efd0f4d,6060becac785201862a5368b,METROPOLITAN HARDWOOD FLOORS,DELIVERLOAD,False,39,39,39,39,39,39,39,39,39,24,39,39,39,39,39,39,39,39,39,39,39,39,39,39,39
60196e05993170084efd0f4d,6060becac785201862a5368b,METROPOLITAN HARDWOOD FLOORS,DELIVERLOAD,True,68,68,68,68,68,68,68,68,68,68,68,68,68,68,68,68,68,68,68,68,68,68,68,68,68
60196e05993170084efd0f4d,6060becac785201862a5368b,METROPOLITAN HARDWOOD FLOORS,HOOKCONTAINER,False,12,12,12,12,12,12,12,12,12,12,12,12,12,12,12,12,12,12,12,12,12,12,12,12,12
60196e05993170084efd0f4d,6700067bf6b73345cfe3fb77,METRO QUARTZ INC,DELIVERLOAD,False,39,39,39,39,39,39,39,39,39,39,39,39,39,39,39,39,39,39,39,39,39,39,39,39,39
60196e05993170084efd0f4d,6700067bf6b73345cfe3fb77,METRO QUARTZ INC,HOOKCONTAINER,False,16,16,16,16,16,16,16,16,16,16,16,16,16,16,16,16,16,16,16,16,16,16,16,16,16
60196e05993170084efd0f4d,6823707a0272c3589fd0edab,METRO SCG,HOOKCONTAINER,False,10,10,10,10,10,10,10,10,10,10,10,10,10,10,10,10,10,10,10,10,10,10,10,10,10
60196e05993170084efd0f4d,628fecdd4feb4026e7e35453,Microforum Services Group,DELIVERLOAD,False,41,41,41,41,41,41,41,41,41,41,41,41,41,41,41,41,41,41,41,41,41,41,41,41,41
60196e05993170084efd0f4d,67fd5da0742462a8ff1099fb,MIDWEST,DELIVERLOAD,False,31,31,31,31,31,31,31,31,31,31,31,31,31,31,31,31,31,31,31,31,31,31,31,31,31
60196e05993170084efd0f4d,67fd5da0742462a8ff1099fb,MIDWEST,HOOKCONTAINER,False,28,28,28,28,28,28,28,28,28,28,28,28,28,28,28,28,28,28,28,28,28,28,28,28,28
60196e05993170084efd0f4d,623305490247b640a23af0ed,MILYARD GROUP #1,HOOKCONTAINER,False,61,61,61,61,61,61,61,61,61,61,61,61,61,61,61,61,61,61,61,61,61,61,61,61,61
60196e05993170084efd0f4d,681e507b09df678bcf17836d,MINGO,DELIVERLOAD,False,49,49,49,49,49,49,49,49,49,49,49,49,49,49,49,49,49,49,49,49,49,49,49,49,49
60196e05993170084efd0f4d,675b0125808d4b65196404ce,MIZRAHI INC,DELIVERLOAD,False,12,12,12,12,12,12,12,12,12,12,12,12,12,12,12,12,12,12,12,12,12,12,12,12,12
60196e05993170084efd0f4d,675b0125808d4b65196404ce,MIZRAHI INC,HOOKCONTAINER,False,66,66,66,66,66,66,66,66,66,66,66,66,66,66,66,66,66,66,66,66,66,66,66,66,66
60196e05993170084efd0f4d,62ab89d9a0152b7bf889ced2,MKITE INTERNATIONAL COMPANY,DELIVERLOAD,False,44,44,44,44,44,44,44,44,44,44,44,44,44,44,44,44,44,44,44,44,44,44,44,44,44
60196e05993170084efd0f4d,6700046e74632e1f4b6178af,MOBILE INDUSTRIES INC,DELIVERLOAD,False,61,61,61,61,61,61,61,61,61,61,61,61,61,61,61,61,61,61,61,61,61,61,61,61,61
60196e05993170084efd0f4d,6700046e74632e1f4b6178af,MOBILE INDUSTRIES INC,DELIVERLOAD,True,71,71,71,71,71,71,71,71,71,71,71,71,71,71,71,71,71,71,71,71,71,71,71,71,71
60196e05993170084efd0f4d,6700046e74632e1f4b6178af,MOBILE INDUSTRIES INC,HOOKCONTAINER,False,6,6,6,6,6,6,6,6,6,6,6,6,6,6,6,6,6,6,6,6,6,6,6,6,6
60196e05993170084efd0f4d,62e171933a869b16256030ec,Mobile Mini Canada ULC,RETURNCONTAINER,False,17,17,17,17,17,17,17,17,17,17,17,17,17,17,17,42,17,17,17,17,17,17,17,17,17
60196e05993170084efd0f4d,60cbc01ad1b8695c6051961c,MOLOK NORTH AMERICA LTD.,DELIVERLOAD,False,69,69,69,69,69,69,69,69,69,69,69,69,69,69,69,69,69,69,69,69,69,69,69,69,69
60196e05993170084efd0f4d,616075dc3ab23922f9131a50,MOLSON COORS CANADA C/O CRAWFORD ROOFING,DELIVERLOAD,False,18,18,18,18,18,18,18,18,18,18,18,18,18,18,18,18,18,18,18,18,18,18,18,18,18
60196e05993170084efd0f4d,616075dc3ab23922f9131a50,MOLSON COORS CANADA C/O CRAWFORD ROOFING,HOOKCONTAINER,False,15,15,15,15,15,15,15,15,15,15,15,15,15,15,15,15,15,15,15,15,15,15,15,15,15
60196e05993170084efd0f4d,6825e8d512ce1f5a9f352f33,MORNINGBLAZE WELDING LTD,DELIVERLOAD,False,71,71,71,71,71,71,71,71,71,71,71,71,71,71,71,71,71,71,71,71,71,71,71,71,71
60196e05993170084efd0f4d,6825e8d512ce1f5a9f352f33,MORNINGBLAZE WELDING LTD,HOOKCONTAINER,False,22,22,22,22,22,22,22,22,22,22,22,22,22,22,22,22,22,22,22,22,22,22,22,22,22
60196e05993170084efd0f4d,687114e3817028a355ead79b,MR. GURPREET,DELIVERLOAD,False,18,18,18,18,18,18,18,18,18,18,18,18,18,18,18,18,18,18,18,18,18,18,18,18,18
60196e05993170084efd0f4d,687114e3817028a355ead79b,MR. GURPREET,HOOKCONTAINER,False,22,22,22,22,22,22,22,22,22,22,22,22,22,22,22,22,22,22,22,22,22,22,22,22,22
60196e05993170084efd0f4d,6850355f8a7445b2b8813202,MR. HASSAN,DELIVERLOAD,False,29,29,29,29,29,29,29,29,29,29,29,29,29,29,29,29,29,29,29,29,29,29,29,29,29
60196e05993170084efd0f4d,6850355f8a7445b2b8813202,MR. HASSAN,DELIVERLOAD,True,174,174,174,174,174,174,174,174,174,174,174,174,174,174,174,174,174,174,174,174,174,174,174,174,174
60196e05993170084efd0f4d,6850355f8a7445b2b8813202,MR. HASSAN,HOOKCONTAINER,False,5,5,5,5,5,5,5,5,5,5,5,5,5,5,5,5,5,5,5,5,5,5,5,5,5
60196e05993170084efd0f4d,66b232af817eff5608bb1300,MR ICEMAN,HOOKCONTAINER,False,71,71,71,71,71,71,71,71,71,71,71,71,71,71,71,71,71,71,71,71,71,71,71,71,71
60196e05993170084efd0f4d,61c09e6c9514ae3ceb3df151,MR ZHAO,DELIVERLOAD,True,71,71,71,71,71,71,71,71,71,71,71,71,71,71,71,71,71,71,71,71,71,71,71,71,71
60196e05993170084efd0f4d,67323360d19b257218cf8aff,MST REBAR INC,DELIVERLOAD,False,20,20,20,20,20,20,20,20,20,20,20,20,20,20,20,20,20,20,20,20,20,20,20,20,20
60196e05993170084efd0f4d,67323360d19b257218cf8aff,MST REBAR INC,HOOKCONTAINER,False,26,26,26,26,26,26,26,26,26,26,26,26,26,26,26,26,26,26,26,26,26,26,26,26,26
60196e05993170084efd0f4d,6801056b4e33fcc0c88a6c7a,MULTI MARKET WORLD,DELIVERLOAD,False,5,5,5,5,5,5,5,5,5,5,5,5,5,5,5,5,5,5,5,5,5,5,5,5,5
60196e05993170084efd0f4d,6801056b4e33fcc0c88a6c7a,MULTI MARKET WORLD,HOOKCONTAINER,False,22,22,22,22,22,22,22,22,22,22,22,22,22,22,22,22,22,22,22,22,22,22,22,22,22
60196e05993170084efd0f4d,62bb5ae7928d8d13d6771c02,Multimatic Dynamic Suspensions,DELIVERLOAD,False,64,64,64,64,64,64,64,64,64,64,64,64,64,64,64,64,64,64,64,64,64,64,64,64,64
60196e05993170084efd0f4d,62bc23dc0338d4139c05675d,MUNCHKIN BABAY  unit#3,HOOKCONTAINER,False,14,14,14,14,14,14,14,14,14,14,14,14,14,14,14,14,14,14,14,14,14,14,14,14,14
60196e05993170084efd0f4d,612fb31d53afbe14f7e5beae,MUSASHI AUTO PARTS CANADA INC,DELIVERLOAD,False,29,29,29,29,29,29,29,29,29,29,29,29,29,29,29,29,29,29,29,29,29,29,29,29,29
60196e05993170084efd0f4d,612fb31d53afbe14f7e5beae,MUSASHI AUTO PARTS CANADA INC,DELIVERLOAD,True,71,71,71,71,71,71,71,71,71,71,71,71,71,71,71,71,71,71,71,71,71,71,71,71,71
60196e05993170084efd0f4d,612fb31d53afbe14f7e5beae,MUSASHI AUTO PARTS CANADA INC,HOOKCONTAINER,False,22,22,22,22,22,22,22,22,22,22,22,22,22,22,22,22,22,22,22,22,22,22,22,22,22
60196e05993170084efd0f4d,683776afd8179bf939ffb239,MUSHROOM PRODUCERS CO,HOOKCONTAINER,False,22,22,22,22,22,22,22,22,22,22,22,22,22,22,22,22,22,22,22,22,22,22,22,22,22
60196e05993170084efd0f4d,606330c12ad8f971cbac6850,MUSKET,PULLCONTAINER,False,21,21,21,21,21,21,21,21,21,23,20,46,21,21,11,17,21,21,21,21,21,21,21,21,21
60196e05993170084efd0f4d,606330c12ad8f971cbac6850,MUSKET,RETURNCONTAINER,False,15,15,15,15,15,15,15,15,11,55,42,8,24,27,17,21,14,11,19,6,8,15,15,15,15
60196e05993170084efd0f4d,65f853d3729d3408df86dadd,MUSKET,RETURNCONTAINER,False,17,17,17,17,17,17,17,17,17,17,17,17,17,17,17,17,17,17,17,17,17,17,17,17,17
60196e05993170084efd0f4d,686824712315e09b3ce602cf,MW CANADA LTD,DELIVERLOAD,False,29,29,29,29,29,29,29,29,29,29,29,29,29,29,29,29,29,29,29,29,29,29,29,29,29
60196e05993170084efd0f4d,65835537724a241667222bc0,NACER INTERNATIONAL LTD,DELIVERLOAD,False,12,12,12,12,12,12,12,12,12,12,12,12,12,12,12,12,12,12,12,12,12,12,12,12,12
60196e05993170084efd0f4d,65835537724a241667222bc0,NACER INTERNATIONAL LTD,HOOKCONTAINER,False,12,12,12,12,12,12,12,12,12,12,12,12,12,12,12,12,12,12,12,12,12,12,12,12,12
60196e05993170084efd0f4d,67eae9e059dbc8c1edc1e9eb,NACER INTERNATIONAL LTD,DELIVERLOAD,False,26,26,26,26,26,26,26,26,26,26,26,26,26,26,26,26,26,26,26,26,26,26,26,26,26
60196e05993170084efd0f4d,67eae9e059dbc8c1edc1e9eb,NACER INTERNATIONAL LTD,HOOKCONTAINER,False,20,20,20,20,20,20,20,20,20,20,20,20,20,20,20,20,20,20,20,20,20,20,20,20,20
60196e05993170084efd0f4d,67c1ea4725a1e05ebd3039a7,NACER INTERNATIONAL LTD (Prepay Customer),HOOKCONTAINER,False,24,24,24,24,24,24,24,24,24,24,24,24,24,24,24,24,24,24,24,24,24,24,24,24,24
60196e05993170084efd0f4d,60ef321c4398e636d22dc23d,NAM POLYMER INC,DELIVERLOAD,False,33,33,33,33,33,33,33,33,33,33,33,33,33,33,33,33,33,33,33,33,33,33,33,33,33
60196e05993170084efd0f4d,60ef321c4398e636d22dc23d,NAM POLYMER INC,DELIVERLOAD,True,71,71,71,71,71,71,71,71,71,71,71,71,71,71,71,71,71,71,71,71,71,71,71,71,71
60196e05993170084efd0f4d,60ef321c4398e636d22dc23d,NAM POLYMER INC,HOOKCONTAINER,False,5,5,5,5,5,5,5,5,5,5,5,5,5,5,5,5,5,5,5,5,5,5,5,5,5
60196e05993170084efd0f4d,608af97df431f1768f3ae466,NAPOLEON LOGISTIC CENTER,DELIVERLOAD,False,23,23,23,23,32,20,21,21,28,19,7,23,23,23,20,24,27,15,23,23,23,23,23,23,23
60196e05993170084efd0f4d,608af97df431f1768f3ae466,NAPOLEON LOGISTIC CENTER,DELIVERLOAD,True,34,34,34,34,34,34,34,34,34,135,34,34,34,34,34,34,34,34,34,34,34,34,34,34,34
60196e05993170084efd0f4d,608af97df431f1768f3ae466,NAPOLEON LOGISTIC CENTER,HOOKCONTAINER,False,23,23,23,23,23,4,5,23,104,6,10,23,23,23,23,7,2,84,32,23,47,23,23,23,23
60196e05993170084efd0f4d,60b94a0f218b9844e68bb31e,NAPOLEON MATERIALS CENTER,DELIVERLOAD,False,16,16,16,16,16,16,16,10,7,5,9,28,13,29,27,16,23,16,16,16,16,16,16,16,16
60196e05993170084efd0f4d,60b94a0f218b9844e68bb31e,NAPOLEON MATERIALS CENTER,HOOKCONTAINER,False,43,43,43,43,43,43,43,43,43,6,9,68,8,43,23,7,70,75,43,43,43,43,43,43,43
60196e05993170084efd0f4d,60d11342e12b3d51aac3761e,NATIONAL LOGISTICS SERVICE,DELIVERLOAD,False,31,31,31,31,31,44,39,28,28,29,34,25,29,31,34,32,25,31,28,31,31,31,31,31,31
60196e05993170084efd0f4d,60d11342e12b3d51aac3761e,NATIONAL LOGISTICS SERVICE,HOOKCONTAINER,False,23,23,23,23,23,23,23,51,39,22,19,36,13,24,22,10,31,5,23,23,23,23,23,23,23
60196e05993170084efd0f4d,60f1f11a7a611a790bfd6aef,NATIONAL LOGISTICS SERVICES,DELIVERLOAD,False,25,25,25,25,25,25,25,25,25,25,25,25,25,25,25,25,25,25,25,25,25,25,25,25,25
60196e05993170084efd0f4d,60f1f11a7a611a790bfd6aef,NATIONAL LOGISTICS SERVICES,HOOKCONTAINER,False,23,23,23,23,23,23,23,23,23,23,23,23,23,23,23,23,23,23,23,23,23,23,23,23,23
60196e05993170084efd0f4d,62e1715eac1ec45528181767,NATIONAL THERAPY PRODUCTS INC.,DELIVERLOAD,False,13,13,13,13,13,13,13,13,13,13,13,13,13,13,13,13,13,13,13,13,13,13,13,13,13
60196e05993170084efd0f4d,68a8738d1fbfe255a17fcaa0,NATIONAL WAREHOUSE,DELIVERLOAD,False,80,80,80,80,80,80,80,80,80,80,80,80,80,80,80,80,80,80,80,80,80,80,80,80,80
60196e05993170084efd0f4d,66ec413f749861d3165c9523,"NEW ECO TECHNOLOGY CO., LTD",HOOKCONTAINER,False,7,7,7,7,7,7,7,7,7,7,7,7,7,7,7,7,7,7,7,7,7,7,7,7,7
60196e05993170084efd0f4d,6050942dd07caf2f14cf58ae,NEW GLOBE GRANITE,DELIVERLOAD,False,89,89,89,89,89,89,89,89,89,89,89,89,89,89,89,89,89,89,89,89,89,89,89,89,89
60196e05993170084efd0f4d,6050942dd07caf2f14cf58ae,NEW GLOBE GRANITE,HOOKCONTAINER,False,31,31,31,31,31,31,31,31,31,31,31,31,31,31,31,31,31,31,31,31,31,31,31,31,31
60196e05993170084efd0f4d,677e910357a5148c0879323b,NEW PREMIUM STONE LTD-PREPAY,DELIVERLOAD,False,57,57,57,57,57,57,57,57,57,57,57,57,57,57,57,57,57,57,57,57,57,57,57,57,57
60196e05993170084efd0f4d,677e910357a5148c0879323b,NEW PREMIUM STONE LTD-PREPAY,HOOKCONTAINER,False,9,9,9,9,9,9,9,9,9,9,9,9,9,9,9,9,9,9,9,9,9,9,9,9,9
60196e05993170084efd0f4d,681e5286078de5306e33641d,NEW TREND FENCING,DELIVERLOAD,False,68,68,68,68,68,68,68,68,68,68,68,68,68,68,68,68,68,68,68,68,68,68,68,68,68
60196e05993170084efd0f4d,681e5286078de5306e33641d,NEW TREND FENCING,HOOKCONTAINER,False,71,71,71,71,71,71,71,71,71,71,71,71,71,71,71,71,71,71,71,71,71,71,71,71,71
60196e05993170084efd0f4d,689c948f1626487e7367c551,NEXAL ALUMINUM INC.,DELIVERLOAD,True,71,71,71,71,71,71,71,71,71,71,71,71,71,71,71,71,71,71,71,71,71,71,71,71,71
60196e05993170084efd0f4d,6825e9fc8698d4a0971ad42c,NEXLEDS LIMITED,HOOKCONTAINER,False,39,39,39,39,39,39,39,39,39,39,39,39,39,39,39,39,39,39,39,39,39,39,39,39,39
60196e05993170084efd0f4d,634603d8d2370a15bccd1570,NEXT FLOOR KITCHENER WAREHOUSE,DELIVERLOAD,False,18,18,18,18,18,18,18,18,18,18,18,18,18,18,18,18,18,18,18,18,18,18,18,18,18
60196e05993170084efd0f4d,634603d8d2370a15bccd1570,NEXT FLOOR KITCHENER WAREHOUSE,HOOKCONTAINER,False,14,14,14,14,14,14,14,14,14,14,14,14,14,14,14,14,14,14,14,14,14,14,14,14,14
60196e05993170084efd0f4d,66db02807fd1e2961da7210a,NEXTSTAR,DELIVERLOAD,False,29,29,29,29,29,29,29,29,29,29,29,29,29,29,29,29,29,29,29,29,29,29,29,29,29
60196e05993170084efd0f4d,66db02807fd1e2961da7210a,NEXTSTAR,DELIVERLOAD,True,71,71,71,71,71,71,71,71,71,71,71,71,71,71,71,71,71,71,71,71,71,71,71,71,71
60196e05993170084efd0f4d,66db02807fd1e2961da7210a,NEXTSTAR,HOOKCONTAINER,False,22,22,22,22,22,22,22,22,22,22,22,22,22,22,22,22,22,22,22,22,22,22,22,22,22
60196e05993170084efd0f4d,639780a1608e581643fe985d,NF KITCHENER WAREHOUSE,DELIVERLOAD,False,41,41,41,41,41,41,41,41,41,39,37,58,41,41,41,41,41,41,41,41,41,41,41,41,41
60196e05993170084efd0f4d,639780a1608e581643fe985d,NF KITCHENER WAREHOUSE,HOOKCONTAINER,False,22,22,22,22,22,22,22,22,22,22,22,29,22,22,22,22,22,22,22,22,22,22,22,22,22
60196e05993170084efd0f4d,65c141848670111d5e24af3b,NIAGARA CHRISTIAN GLEANERS,DELIVERLOAD,True,91,91,91,91,91,91,91,91,91,91,91,91,91,91,91,91,91,91,91,91,91,91,91,91,91
60196e05993170084efd0f4d,6798eb2ad7a5f70b819783ee,NIAGARA PISTON INC,DELIVERLOAD,True,67,67,67,67,67,67,67,67,67,67,67,67,67,67,67,67,67,67,67,67,67,67,67,67,67
60196e05993170084efd0f4d,6063b2661521db1353e06c81,Noram Glass,DELIVERLOAD,False,29,29,29,29,29,29,29,29,29,29,29,29,29,29,29,29,29,29,29,29,29,29,29,29,29
60196e05993170084efd0f4d,61bcf722ab6e8c14cdef5e27,NorClay Manufacturing,DELIVERLOAD,False,72,72,72,72,72,72,72,72,72,72,72,72,72,72,72,72,72,72,72,72,72,72,72,72,72
60196e05993170084efd0f4d,61bcf722ab6e8c14cdef5e27,NorClay Manufacturing,DELIVERLOAD,True,78,78,78,78,78,78,78,78,82,78,21,107,78,78,85,78,78,78,78,78,78,78,78,78,78
60196e05993170084efd0f4d,61bcf722ab6e8c14cdef5e27,NorClay Manufacturing,HOOKCONTAINER,False,22,22,22,22,22,22,22,22,22,22,22,22,22,22,22,22,22,22,22,22,22,22,22,22,22
60196e05993170084efd0f4d,678fd5ebb315f2b8d4706593,Norfinch Build,DELIVERLOAD,False,11,11,11,11,11,11,11,11,11,11,11,11,11,11,11,11,11,11,11,11,11,11,11,11,11
60196e05993170084efd0f4d,678fd5ebb315f2b8d4706593,Norfinch Build,DELIVERLOAD,True,26,26,26,26,26,26,26,26,26,26,26,26,26,26,26,26,26,26,26,26,26,26,26,26,26
60196e05993170084efd0f4d,678fd5ebb315f2b8d4706593,Norfinch Build,HOOKCONTAINER,False,16,16,16,16,16,16,16,16,16,16,16,16,16,16,16,16,16,16,16,16,16,16,16,16,16
60196e05993170084efd0f4d,663e33f6976d09dc55584c1a,NORMARK CANADA INC,DELIVERLOAD,False,49,49,49,49,49,49,49,49,49,49,49,49,49,49,49,49,49,49,49,49,49,49,49,49,49
60196e05993170084efd0f4d,663e33f6976d09dc55584c1a,NORMARK CANADA INC,HOOKCONTAINER,False,11,11,11,11,11,11,11,11,11,11,11,11,11,11,11,11,11,11,11,11,11,11,11,11,11
60196e05993170084efd0f4d,68bee082d1b09548259c0489,NORTH AMERICA MACHINE CORPORATION INC,DELIVERLOAD,False,18,18,18,18,18,18,18,18,18,18,18,18,18,18,18,18,18,18,18,18,18,18,18,18,18
60196e05993170084efd0f4d,6849c0c731446a988537ca43,NORTH AMERICAN CRATING INC.,HOOKCONTAINER,False,10,10,10,10,10,10,10,10,10,10,10,10,10,10,10,10,10,10,10,10,10,10,10,10,10
60196e05993170084efd0f4d,6841e1bbcfd901c847f2a3f8,NORTH CENTENNIAL MANOR INC,DELIVERLOAD,False,29,29,29,29,29,29,29,29,29,29,29,29,29,29,29,29,29,29,29,29,29,29,29,29,29
60196e05993170084efd0f4d,64e78bf054e5451594c85612,NORTHERN GECKO INC.,DELIVERLOAD,False,17,17,17,17,17,17,17,17,17,17,17,17,17,17,17,17,17,17,17,17,17,17,17,17,17
60196e05993170084efd0f4d,64e78bf054e5451594c85612,NORTHERN GECKO INC.,HOOKCONTAINER,False,17,17,17,17,17,17,17,17,17,17,17,17,17,17,17,17,17,17,17,17,17,17,17,17,17
60196e05993170084efd0f4d,62e96111ce97e61645800ecc,NORTHLAND FULLFILLMENT,DELIVERLOAD,False,46,46,46,46,46,46,46,46,46,46,46,46,46,46,46,46,46,46,46,46,46,46,46,46,46
60196e05993170084efd0f4d,62e96111ce97e61645800ecc,NORTHLAND FULLFILLMENT,HOOKCONTAINER,False,4,4,4,4,4,4,4,4,4,4,4,4,4,4,4,4,4,4,4,4,4,4,4,4,4
60196e05993170084efd0f4d,6849c13f4a672d92b3d3ef50,NORTH YORK/H&E COPY SERVICES,DELIVERLOAD,False,29,29,29,29,29,29,29,29,29,29,29,29,29,29,29,29,29,29,29,29,29,29,29,29,29
60196e05993170084efd0f4d,6894ce86677f770f2decb1c3,NP GROUP,DELIVERLOAD,False,29,29,29,29,29,29,29,29,29,29,29,29,29,29,29,29,29,29,29,29,29,29,29,29,29
60196e05993170084efd0f4d,61263f9ed42c9f071e031a4e,NUHN INDUSTRIES LTD,DELIVERLOAD,False,29,29,29,29,29,29,29,29,29,29,29,29,29,29,29,29,29,29,29,29,29,29,29,29,29
60196e05993170084efd0f4d,61263f9ed42c9f071e031a4e,NUHN INDUSTRIES LTD,DELIVERLOAD,True,71,71,71,71,71,71,71,71,71,71,71,71,71,71,71,71,71,71,71,71,71,71,71,71,71
60196e05993170084efd0f4d,62b58968de31ab13a6cf4cdd,OAK LEAF CONFECTIONS CO,DELIVERLOAD,False,29,29,29,29,29,29,29,29,29,29,29,29,29,29,29,29,29,29,29,29,29,29,29,29,29
60196e05993170084efd0f4d,62b58968de31ab13a6cf4cdd,OAK LEAF CONFECTIONS CO,HOOKCONTAINER,False,22,22,22,22,22,22,22,22,22,22,22,22,22,22,22,22,22,22,22,22,22,22,22,22,22
60196e05993170084efd0f4d,68127e94a0099ed96273291e,OCEAN KING INTERNATIONAL INC,DELIVERLOAD,False,65,65,65,65,65,65,65,65,65,65,65,65,65,65,65,65,65,65,65,65,65,65,65,65,65
60196e05993170084efd0f4d,611ec139f552336f6fa0aa1a,OCEANLAND DISTRIBUTION SERVICES LTD,DELIVERLOAD,False,16,16,16,16,16,16,16,16,16,16,16,16,16,16,16,16,16,16,16,16,16,16,16,16,16
60196e05993170084efd0f4d,611ec139f552336f6fa0aa1a,OCEANLAND DISTRIBUTION SERVICES LTD,HOOKCONTAINER,False,7,7,7,7,7,7,7,7,7,7,7,7,7,7,7,7,7,7,7,7,7,7,7,7,7
60196e05993170084efd0f4d,65c689db4a76d555bc4dc3da,OCT/AMAR,RETURNCONTAINER,False,43,43,43,43,43,43,43,43,43,43,43,43,43,43,43,43,43,43,43,43,43,43,43,43,43
60196e05993170084efd0f4d,6050942dd07caf2f14cf58b2,OLIVER OLIVES INC/ SARDO FOODS INC,HOOKCONTAINER,False,53,53,53,53,53,53,53,53,53,53,53,53,53,53,53,53,53,53,53,53,53,53,53,53,53
60196e05993170084efd0f4d,681e51e5e4747db83df14403,OMNI CABLE LLC(MG),DELIVERLOAD,False,3,3,3,3,3,3,3,3,3,3,3,3,3,3,3,3,3,3,3,3,3,3,3,3,3
60196e05993170084efd0f4d,681e51e5e4747db83df14403,OMNI CABLE LLC(MG),HOOKCONTAINER,False,44,44,44,44,44,44,44,44,44,44,44,44,44,44,44,44,44,44,44,44,44,44,44,44,44
60196e05993170084efd0f4d,685d6ec58aca0b5fbeb2fa48,OMNICOIL SPRING WORKS INC,DELIVERLOAD,False,60,60,60,60,60,60,60,60,60,60,60,60,60,60,60,60,60,60,60,60,60,60,60,60,60
60196e05993170084efd0f4d,685d6ec58aca0b5fbeb2fa48,OMNICOIL SPRING WORKS INC,HOOKCONTAINER,False,22,22,22,22,22,22,22,22,22,22,22,22,22,22,22,22,22,22,22,22,22,22,22,22,22
60196e05993170084efd0f4d,687ff4b1678ca350cd85dc94,O'NEIL ELECTRIC SUPPLY LIMITED,DELIVERLOAD,False,34,34,34,34,34,34,34,34,34,34,34,34,34,34,34,34,34,34,34,34,34,34,34,34,34
60196e05993170084efd0f4d,6798ed123e270e292f302a44,ONP-INTERNATIONAL,DELIVERLOAD,False,7,7,7,7,7,7,7,7,7,7,7,7,7,7,7,7,7,7,7,7,7,7,7,7,7
60196e05993170084efd0f4d,6798ed123e270e292f302a44,ONP-INTERNATIONAL,HOOKCONTAINER,False,15,15,15,15,15,15,15,15,15,15,15,15,15,15,15,15,15,15,15,15,15,15,15,15,15
60196e05993170084efd0f4d,62221d0c17dc131a67d3760e,ONSORT WAREHOUSES,DELIVERLOAD,False,15,15,15,15,15,15,15,15,15,15,15,15,15,15,15,15,15,15,15,15,15,15,15,15,15
60196e05993170084efd0f4d,67d97969f9d6fe93751caa3f,ONSORT WAREHOUSES,DELIVERLOAD,False,14,14,14,14,14,14,14,14,14,14,14,14,14,14,14,14,14,14,14,14,14,14,14,14,14
60196e05993170084efd0f4d,67d97969f9d6fe93751caa3f,ONSORT WAREHOUSES,HOOKCONTAINER,False,22,22,22,22,22,22,22,22,22,22,22,22,22,22,22,22,22,22,22,22,22,22,22,22,22
60196e05993170084efd0f4d,68516f16feac151325112fe8,ONTARIO CONSERVATORY OF MUSIC,HOOKCONTAINER,False,11,11,11,11,11,11,11,11,11,11,11,11,11,11,11,11,11,11,11,11,11,11,11,11,11
60196e05993170084efd0f4d,61ccdde21ebe12166f283d49,Ontarioplants Propagation Limited,DELIVERLOAD,False,53,53,53,53,53,53,53,53,53,53,53,53,53,53,53,53,53,53,53,53,53,53,53,53,53
60196e05993170084efd0f4d,61ccdde21ebe12166f283d49,Ontarioplants Propagation Limited,HOOKCONTAINER,False,22,22,22,22,22,22,22,22,22,22,22,22,22,22,22,22,22,22,22,22,22,22,22,22,22
60196e05993170084efd0f4d,647e4ddc264d91161a52f217,ONTARIO WAREHOUSE,DELIVERLOAD,False,18,18,18,18,18,18,18,18,18,14,18,18,18,18,18,18,18,18,18,18,18,18,18,18,18
60196e05993170084efd0f4d,647e4ddc264d91161a52f217,ONTARIO WAREHOUSE,HOOKCONTAINER,False,35,35,35,35,35,35,35,35,26,18,35,35,35,35,35,35,35,35,35,35,35,35,35,35,35
60196e05993170084efd0f4d,681e51466a64fffbb0b4c49b,ORCHARD YARN & THREAD CO,DELIVERLOAD,False,12,12,12,12,12,12,12,12,12,12,12,12,12,12,12,12,12,12,12,12,12,12,12,12,12
60196e05993170084efd0f4d,622621e24f85ed19ec1ec8d7,P1AG  Player One,DELIVERLOAD,False,63,63,63,63,63,63,63,63,63,63,63,63,63,63,63,63,63,63,63,63,63,63,63,63,63
60196e05993170084efd0f4d,622621e24f85ed19ec1ec8d7,P1AG  Player One,HOOKCONTAINER,False,35,35,35,35,35,35,35,35,35,35,35,35,35,35,35,35,35,35,35,35,35,35,35,35,35
60196e05993170084efd0f4d,62ac733656ed5d7067918392,PACART,DELIVERLOAD,True,162,162,162,162,162,162,162,162,162,162,162,162,162,162,162,162,162,162,162,162,162,162,162,162,162
60196e05993170084efd0f4d,61b353aae39f6d10ed07b72d,Packaging Systems c/o Vision Transportation,DELIVERLOAD,False,29,29,29,29,29,29,29,29,29,29,29,29,29,29,29,29,29,29,29,29,29,29,29,29,29
60196e05993170084efd0f4d,61b353aae39f6d10ed07b72d,Packaging Systems c/o Vision Transportation,DELIVERLOAD,True,52,52,52,52,52,52,52,52,52,52,52,52,52,52,52,52,52,52,52,52,52,52,52,52,52
60196e05993170084efd0f4d,66cc7afb9cd3cc7d82081edf,PADDOCK TRANSPORT,DELIVERLOAD,False,13,13,13,13,13,13,13,13,13,13,13,13,13,13,13,13,13,13,13,13,13,13,13,13,13
60196e05993170084efd0f4d,66cc7afb9cd3cc7d82081edf,PADDOCK TRANSPORT,HOOKCONTAINER,False,14,14,14,14,14,14,14,14,14,14,14,14,14,14,14,14,14,14,14,14,14,14,14,14,14
60196e05993170084efd0f4d,689c96ebe1b8e494c96b927e,PADDOCK TRANSPORTATION,DELIVERLOAD,False,7,7,7,7,7,7,7,7,7,7,7,7,7,7,7,7,7,7,7,7,7,7,7,7,7
60196e05993170084efd0f4d,60cd3e30fc850c591169f48d,PANEX COURIER & BRANDING LTD,HOOKCONTAINER,False,31,31,31,31,31,31,31,31,31,31,31,31,31,31,31,31,31,31,31,31,31,31,31,31,31
60196e05993170084efd0f4d,6791392950fc856c3e17e66c,PANORAMIC PROPERTIES INC,DELIVERLOAD,False,68,68,68,68,68,68,68,68,68,68,68,68,68,68,68,68,68,68,68,68,68,68,68,68,68
60196e05993170084efd0f4d,6791392950fc856c3e17e66c,PANORAMIC PROPERTIES INC,HOOKCONTAINER,False,62,62,62,62,62,62,62,62,62,62,62,62,62,62,62,62,62,62,62,62,62,62,62,62,62
60196e05993170084efd0f4d,66fc43647335f94f62c3d67e,PARTIFY,DELIVERLOAD,False,89,89,89,89,89,89,89,89,89,89,89,89,89,89,89,89,89,89,89,89,89,89,89,89,89
60196e05993170084efd0f4d,6878f6fedef21e28350295ce,PEETERS MUSHROOMS INC,DELIVERLOAD,False,5,5,5,5,5,5,5,5,5,5,5,5,5,5,5,5,5,5,5,5,5,5,5,5,5
60196e05993170084efd0f4d,60bcd997ea601c19d6a75122,PETERBOROUGH THERMAL PLANT,DELIVERLOAD,False,66,66,66,66,66,66,66,66,66,66,66,66,66,66,66,66,66,66,66,66,66,66,66,66,66
60196e05993170084efd0f4d,67acb7cb50d65b742778a3bc,PETITO PLAYGROUND INC,DELIVERLOAD,False,13,13,13,13,13,13,13,13,13,13,13,13,13,13,13,13,13,13,13,13,13,13,13,13,13
60196e05993170084efd0f4d,67acb7cb50d65b742778a3bc,PETITO PLAYGROUND INC,HOOKCONTAINER,False,8,8,8,8,8,8,8,8,8,8,8,8,8,8,8,8,8,8,8,8,8,8,8,8,8
60196e05993170084efd0f4d,6825e9987696e9a77b0d8556,PETR NENKOV,DELIVERLOAD,False,29,29,29,29,29,29,29,29,29,29,29,29,29,29,29,29,29,29,29,29,29,29,29,29,29
60196e05993170084efd0f4d,605b3e4c27effc32af27671e,PETRO CANADA,DELIVERLOAD,False,19,19,19,19,19,19,19,19,19,19,19,19,19,19,19,26,19,19,19,19,19,19,19,19,19
60196e05993170084efd0f4d,605b3e4c27effc32af27671e,PETRO CANADA,HOOKCONTAINER,False,42,42,42,42,42,42,42,42,42,74,16,42,42,42,42,11,42,42,42,42,42,42,42,42,42
60196e05993170084efd0f4d,68236ed1ed72c43524b81c33,P&F TOOL & DIE,DELIVERLOAD,False,29,29,29,29,29,29,29,29,29,29,29,29,29,29,29,29,29,29,29,29,29,29,29,29,29
60196e05993170084efd0f4d,67bc892ad93ca16a08e047cf,PHEBE,DELIVERLOAD,False,45,45,45,45,45,45,45,45,45,45,45,45,45,45,45,45,45,45,45,45,45,45,45,45,45
60196e05993170084efd0f4d,6871147abf0f7ffad1413934,"PICCIONI BROS, MUSHROOMS LTD",DELIVERLOAD,False,29,29,29,29,29,29,29,29,29,29,29,29,29,29,29,29,29,29,29,29,29,29,29,29,29
60196e05993170084efd0f4d,6672e2cb5a14676db2775d2e,PINSHENG,DELIVERLOAD,False,15,15,15,15,15,15,15,34,20,17,15,9,18,14,23,10,10,13,37,15,15,15,15,15,15
60196e05993170084efd0f4d,6672e2cb5a14676db2775d2e,PINSHENG,HOOKCONTAINER,False,16,16,16,16,16,16,16,18,20,12,18,14,12,23,13,14,43,16,19,16,8,16,16,27,16
60196e05993170084efd0f4d,605e6a33a6f68e2a24124a8d,PINTAR MANUFACTURING,DELIVERLOAD,False,18,18,18,18,18,18,18,18,18,33,18,14,41,18,27,18,25,18,18,18,18,18,18,18,18
60196e05993170084efd0f4d,605e6a33a6f68e2a24124a8d,PINTAR MANUFACTURING,HOOKCONTAINER,False,16,16,16,16,16,16,16,16,16,16,16,16,16,16,24,13,48,16,16,16,16,16,16,16,16
60196e05993170084efd0f4d,60bcd997ea601c19d6a75123,PINTAR MANUFACTURING,DELIVERLOAD,False,29,29,29,29,29,29,29,29,29,29,29,29,29,29,29,29,29,29,29,29,29,29,29,29,29
60196e05993170084efd0f4d,60bcd997ea601c19d6a75123,PINTAR MANUFACTURING,HOOKCONTAINER,False,8,8,8,8,8,8,8,8,8,8,8,8,8,8,8,8,8,8,8,8,8,8,8,8,8
60196e05993170084efd0f4d,605f3ce40fc12f32d84ef8f6,PIOVAN CANADA,DELIVERLOAD,False,12,12,12,12,12,12,12,12,12,12,12,12,12,12,12,12,12,12,12,12,12,12,12,12,12
60196e05993170084efd0f4d,6744a7f79e43f26489a126c3,PITAMA FOODS INC,DELIVERLOAD,False,20,20,20,20,20,20,20,20,20,20,20,20,20,20,20,20,20,20,20,20,20,20,20,20,20
60196e05993170084efd0f4d,6744a7f79e43f26489a126c3,PITAMA FOODS INC,HOOKCONTAINER,False,4,4,4,4,4,4,4,4,4,4,4,4,4,4,4,4,4,4,4,4,4,4,4,4,4
60196e05993170084efd0f4d,67acb871919f1d509aa2e668,PITAMA FOODS INC,DELIVERLOAD,False,3,3,3,3,3,3,3,3,3,3,3,3,3,3,3,3,3,3,3,3,3,3,3,3,3
60196e05993170084efd0f4d,67acb871919f1d509aa2e668,PITAMA FOODS INC,HOOKCONTAINER,False,15,15,15,15,15,15,15,15,15,15,15,15,15,15,15,15,15,15,15,15,15,15,15,15,15
60196e05993170084efd0f4d,60bcd997ea601c19d6a75124,PIVAL C/O KENDA TIRES,DELIVERLOAD,False,17,17,17,17,17,17,20,14,14,17,17,17,17,17,17,17,17,17,17,17,17,17,17,17,17
60196e05993170084efd0f4d,60bcd997ea601c19d6a75124,PIVAL C/O KENDA TIRES,HOOKCONTAINER,False,27,27,27,27,27,27,27,30,27,27,27,27,27,27,27,27,34,27,27,27,27,27,27,27,27
60196e05993170084efd0f4d,64cd55f02efc7e15dc2f1962,PIVOT LOGISTICS INC.,DELIVERLOAD,False,10,10,10,10,10,10,10,10,10,10,10,10,10,10,10,10,10,10,10,10,10,10,10,10,10
60196e05993170084efd0f4d,64cd55f02efc7e15dc2f1962,PIVOT LOGISTICS INC.,HOOKCONTAINER,False,86,86,86,86,86,86,86,86,86,86,86,86,86,86,86,86,86,86,86,86,86,86,86,86,86
60196e05993170084efd0f4d,60da352c4d39f72c59e43a61,PLANET DISTRIBUTING INC.,DELIVERLOAD,False,29,29,29,29,29,29,29,29,29,29,29,29,29,29,29,29,29,29,29,29,29,29,29,29,29
60196e05993170084efd0f4d,60da352c4d39f72c59e43a61,PLANET DISTRIBUTING INC.,HOOKCONTAINER,False,5,5,5,5,5,5,5,5,5,5,5,5,5,5,5,5,5,5,5,5,5,5,5,5,5
60196e05993170084efd0f4d,666c54562dff14cd8c620863,PLASTICS PLUS,DELIVERLOAD,False,38,38,38,38,38,38,38,38,38,38,38,38,38,38,38,38,38,38,38,38,38,38,38,38,38
60196e05993170084efd0f4d,62a733980aae4a370623e3ae,PLAYER 0NE AMUSEMENT GROUP INC,DELIVERLOAD,False,47,47,47,47,47,47,47,47,47,47,47,47,47,47,47,47,47,47,47,47,47,47,47,47,47
60196e05993170084efd0f4d,67d04e34566f2e0995637d32,PLB FURNITURE LTD,DELIVERLOAD,False,29,29,29,29,29,29,29,29,29,29,29,29,29,29,29,29,29,29,29,29,29,29,29,29,29
60196e05993170084efd0f4d,689c945637374301101e9ac5,POKINPOKIN,DELIVERLOAD,False,29,29,29,29,29,29,29,29,29,29,29,29,29,29,29,29,29,29,29,29,29,29,29,29,29
60196e05993170084efd0f4d,6696804ddc37c1532d21c0c0,POLARIS,HOOKCONTAINER,False,26,26,26,26,26,26,26,26,26,26,26,26,26,26,26,26,26,26,26,26,26,26,26,26,26
60196e05993170084efd0f4d,6060f00b0ea75217e4ab6fde,POTTERY EXTRAVAGANZA,DELIVERLOAD,False,17,17,17,17,17,17,17,17,17,17,17,17,17,17,17,17,17,17,17,17,17,17,17,17,17
60196e05993170084efd0f4d,6060f00b0ea75217e4ab6fde,POTTERY EXTRAVAGANZA,HOOKCONTAINER,False,30,30,30,30,30,30,30,30,30,30,30,30,30,30,30,30,30,30,30,30,30,30,30,30,30
60196e05993170084efd0f4d,6769ca693bcc820276ab14c1,POWER BODY FITNESS INC,DELIVERLOAD,False,22,22,22,22,22,22,22,22,22,22,22,22,22,22,22,22,22,22,22,22,22,22,22,22,22
60196e05993170084efd0f4d,6769ca693bcc820276ab14c1,POWER BODY FITNESS INC,HOOKCONTAINER,False,4,4,4,4,4,4,4,4,4,4,4,4,4,4,4,4,4,4,4,4,4,4,4,4,4
60196e05993170084efd0f4d,67eea824b378772f37a61be7,POWERSCREEN OF CANADA LTD,DELIVERLOAD,False,29,29,29,29,29,29,29,29,29,29,29,29,29,29,29,29,29,29,29,29,29,29,29,29,29
60196e05993170084efd0f4d,67eea824b378772f37a61be7,POWERSCREEN OF CANADA LTD,HOOKCONTAINER,False,22,22,22,22,22,22,22,22,22,22,22,22,22,22,22,22,22,22,22,22,22,22,22,22,22
60196e05993170084efd0f4d,68c43909f225d020b1974727,POWER TOOLS PLUS,DELIVERLOAD,False,24,24,24,24,24,24,24,24,24,24,24,24,24,24,24,24,24,24,24,24,24,24,24,24,24
60196e05993170084efd0f4d,61ba269dee682c03e2c0974f,PPL South warehouse,DELIVERLOAD,True,47,47,47,47,47,47,47,47,47,47,47,47,47,47,47,47,47,47,47,47,47,47,47,47,47
60196e05993170084efd0f4d,68bed8f815f11fc4a35dfbbf,PRETIUM CANADA PACKAGING,DELIVERLOAD,True,104,104,104,104,104,104,104,104,104,104,104,104,104,104,104,104,104,104,104,104,104,104,104,104,104
60196e05993170084efd0f4d,642358b140db86165ab85054,PRIME EXPRESS CORPORATION,DELIVERLOAD,False,14,14,14,14,14,14,14,14,14,14,14,14,14,14,14,14,14,14,14,14,14,14,14,14,14
60196e05993170084efd0f4d,642358b140db86165ab85054,PRIME EXPRESS CORPORATION,HOOKCONTAINER,False,35,35,35,35,35,35,35,35,35,35,35,35,35,35,35,35,35,35,35,35,35,35,35,35,35
60196e05993170084efd0f4d,67f55c27554d3bf864118a34,PRIMO FOODS,DELIVERLOAD,False,6,6,6,6,6,6,6,6,6,6,6,6,6,6,6,6,6,6,6,6,6,6,6,6,6
60196e05993170084efd0f4d,67f55c27554d3bf864118a34,PRIMO FOODS,HOOKCONTAINER,False,36,36,36,36,36,36,36,36,36,36,36,36,36,36,36,36,36,36,36,36,36,36,36,36,36
60196e05993170084efd0f4d,636051ac7f9ef115c4f48caa,PROBUS LOGISTICS,DELIVERLOAD,False,17,17,17,17,17,17,12,17,17,17,17,17,17,17,17,17,17,17,17,17,17,17,17,17,17
60196e05993170084efd0f4d,636051ac7f9ef115c4f48caa,PROBUS LOGISTICS,DELIVERLOAD,True,136,136,136,136,136,136,136,136,136,136,136,136,136,136,136,136,136,136,136,136,136,136,136,136,136
60196e05993170084efd0f4d,636051ac7f9ef115c4f48caa,PROBUS LOGISTICS,HOOKCONTAINER,False,13,13,13,13,13,13,13,13,13,13,13,13,13,13,13,13,13,13,13,13,13,13,13,13,13
60196e05993170084efd0f4d,67eae778dc33cc677a47c4d0,PROJECT 359,DELIVERLOAD,False,88,88,88,88,88,88,88,88,88,88,88,88,88,88,88,88,88,88,88,88,88,88,88,88,88
60196e05993170084efd0f4d,64a5c438ed37ba1654646244,PROLINC PACKAGING,DELIVERLOAD,False,10,10,10,10,10,10,10,10,10,10,10,10,10,10,10,10,10,10,10,10,10,10,10,10,10
60196e05993170084efd0f4d,67891917d139951ee3537f6d,Prompt 3PL,DELIVERLOAD,True,71,71,71,71,71,71,71,71,71,71,71,71,71,71,71,71,71,71,71,71,71,71,71,71,71
60196e05993170084efd0f4d,670e7bd39e3a1265b2a943ef,PROPLANT PROPAGATION SERVICES LTD,DELIVERLOAD,False,58,58,58,58,58,58,58,58,58,58,58,58,58,58,58,58,58,58,58,58,58,58,58,58,58
60196e05993170084efd0f4d,61313ef623173f75a29c5fc3,Proplants Propagation Services Ltd,DELIVERLOAD,False,29,29,29,29,29,29,29,29,29,29,29,29,29,29,29,29,29,29,29,29,29,29,29,29,29
60196e05993170084efd0f4d,62a77d6c28bb586fce507065,Prosol,DELIVERLOAD,False,47,47,47,47,47,47,47,47,47,47,47,47,47,47,47,47,47,47,47,47,47,47,47,47,47
60196e05993170084efd0f4d,6798e9d5f6d341c80f232f3e,"PRO-TECT ACCESSORIES, INC",DELIVERLOAD,False,48,48,48,48,48,48,48,48,48,48,48,48,48,48,48,48,48,48,48,48,48,48,48,48,48
60196e05993170084efd0f4d,686824d6302adb72c8e5eed0,PRO TIRE,HOOKCONTAINER,False,22,22,22,22,22,22,22,22,22,22,22,22,22,22,22,22,22,22,22,22,22,22,22,22,22
60196e05993170084efd0f4d,611469661cd7cf7ac0157dbc,PUBLIC STORAGE,HOOKCONTAINER,False,27,27,27,27,27,27,27,27,27,27,27,27,27,27,27,27,27,27,27,27,27,27,27,27,27
60196e05993170084efd0f4d,60e38dbde9988049f24b6baf,P&W INTERMODAL,DELIVERLOAD,True,31,31,31,31,31,31,31,31,31,31,31,31,31,31,31,31,31,31,31,31,31,31,31,31,31
60196e05993170084efd0f4d,60e38dbde9988049f24b6baf,P&W INTERMODAL,HOOKCONTAINER,False,32,32,32,32,32,32,32,32,32,32,32,32,39,32,32,32,32,32,32,32,32,32,32,32,32
60196e05993170084efd0f4d,60e38dbde9988049f24b6baf,P&W INTERMODAL,PULLCONTAINER,False,20,20,20,20,20,20,20,20,20,20,20,20,20,25,23,19,20,20,20,20,20,20,20,20,20
60196e05993170084efd0f4d,60e38dbde9988049f24b6baf,P&W INTERMODAL,RETURNCONTAINER,False,12,12,12,12,12,12,12,12,12,12,12,12,12,12,12,12,12,12,12,12,12,12,12,12,12
60196e05993170084efd0f4d,64e78bad827cb115aa87b758,QPC PACK,DELIVERLOAD,False,29,29,29,29,29,29,29,29,29,29,29,29,29,29,29,29,29,29,29,29,29,29,29,29,29
60196e05993170084efd0f4d,687ff4eb485cbeea14793816,QRC LOGISTICS (LUMEN 3P WAREHOUSE),HOOKCONTAINER,False,22,22,22,22,22,22,22,22,22,22,22,22,22,22,22,22,22,22,22,22,22,22,22,22,22
60196e05993170084efd0f4d,688cea76a6b6cc23a0c6171b,QUAD AT YORK,DELIVERLOAD,True,33,33,33,33,33,33,33,33,33,33,33,33,33,33,33,33,33,33,33,33,33,33,33,33,33
60196e05993170084efd0f4d,6758990565289cfea53274e6,QUADRAD MFG.,DELIVERLOAD,False,27,27,27,27,27,27,27,27,27,27,27,27,27,27,27,27,27,27,27,27,27,27,27,27,27
60196e05993170084efd0f4d,6758990565289cfea53274e6,QUADRAD MFG.,HOOKCONTAINER,False,34,34,34,34,34,34,34,34,34,34,34,34,34,34,34,34,34,34,34,34,34,34,34,34,34
60196e05993170084efd0f4d,67acb7552b68787015b3bc1a,QUADRAD PLANT 2,DELIVERLOAD,False,11,11,11,11,11,11,11,11,11,11,11,11,11,11,11,11,11,11,11,11,11,11,11,11,11
60196e05993170084efd0f4d,67c9b7b0c6070f199dd8b914,QUEST BRANDS INC,DELIVERLOAD,False,29,29,29,29,29,29,29,29,29,29,29,29,29,29,29,29,29,29,29,29,29,29,29,29,29
60196e05993170084efd0f4d,67c9b7b0c6070f199dd8b914,QUEST BRANDS INC,DELIVERLOAD,True,71,71,71,71,71,71,71,71,71,71,71,71,71,71,71,71,71,71,71,71,71,71,71,71,71
60196e05993170084efd0f4d,67e15965635b863ed2280b5d,QUEST BRANDS INC.,DELIVERLOAD,False,29,29,29,29,29,29,29,29,29,29,29,29,29,29,29,29,29,29,29,29,29,29,29,29,29
60196e05993170084efd0f4d,67e15965635b863ed2280b5d,QUEST BRANDS INC.,HOOKCONTAINER,False,59,59,59,59,59,59,59,59,59,59,59,59,59,59,59,59,59,59,59,59,59,59,59,59,59
60196e05993170084efd0f4d,658595e2812c44167ea93ea0,QW WEDDING AND PARTY INC,HOOKCONTAINER,False,21,21,21,21,21,21,21,21,21,21,21,21,21,21,21,21,21,21,21,21,21,21,21,21,21
60196e05993170084efd0f4d,658d9a2da256eb162408a4e5,RABCO FOODSERVICE LTD. (NORTH),DELIVERLOAD,False,29,29,29,29,29,29,29,29,29,29,29,29,29,29,29,29,29,29,29,29,29,29,29,29,29
60196e05993170084efd0f4d,630cf5d326f4ad15f593a675,Radiant Canada,DELIVERLOAD,False,29,29,29,29,29,29,29,29,29,29,29,29,29,29,29,29,29,29,29,29,29,29,29,29,29
60196e05993170084efd0f4d,64ecadcd2189e415afc897b5,RDC 15 - DHL (Brantford),DELIVERLOAD,False,29,29,29,29,29,29,29,29,29,29,29,29,29,29,29,29,29,29,29,29,29,29,29,29,29
60196e05993170084efd0f4d,67a4f054486c2c7adb9815b2,REACTIVE MANUFACTURING INC,DELIVERLOAD,False,53,53,53,53,53,53,53,53,53,53,53,53,53,53,53,53,53,53,53,53,53,53,53,53,53
60196e05993170084efd0f4d,68127a6799ca6788ea545a58,REDECON CITY,DELIVERLOAD,False,29,29,29,29,29,29,29,29,29,29,29,29,29,29,29,29,29,29,29,29,29,29,29,29,29
60196e05993170084efd0f4d,6728d5ce05cb3794917bc0ec,REID'S DISTILLERY INC,DELIVERLOAD,False,29,29,29,29,29,29,29,29,29,29,29,29,29,29,29,29,29,29,29,29,29,29,29,29,29
60196e05993170084efd0f4d,6239ea2644c34846bb34636e,RELCO INCORPORATION,DELIVERLOAD,False,46,46,46,46,46,46,46,46,46,46,46,46,46,46,46,46,46,46,46,46,46,46,46,46,46
60196e05993170084efd0f4d,6239ea2644c34846bb34636e,RELCO INCORPORATION,HOOKCONTAINER,False,22,22,22,22,22,22,22,22,22,22,22,22,22,22,22,22,22,22,22,22,22,22,22,22,22
60196e05993170084efd0f4d,61bb8c5c318e3815199f7654,Remco Forwarding Limited,DELIVERLOAD,False,32,32,32,32,32,32,32,32,32,32,32,32,32,32,32,32,32,32,32,32,32,32,32,32,32
60196e05993170084efd0f4d,61bb8c5c318e3815199f7654,Remco Forwarding Limited,HOOKCONTAINER,False,18,18,18,18,18,18,18,18,18,18,18,18,18,18,18,18,18,18,18,18,18,18,18,18,18
60196e05993170084efd0f4d,60edb2b3a89ba6625d1f01ee,REUSE,PULLCONTAINER,False,35,35,35,35,35,35,35,35,35,35,35,35,35,35,35,35,35,35,35,35,35,35,35,35,35
60196e05993170084efd0f4d,60edb2b3a89ba6625d1f01ee,REUSE,RETURNCONTAINER,False,30,30,30,30,30,30,30,30,30,63,29,30,30,30,50,30,30,30,30,30,30,30,30,30,30
60196e05993170084efd0f4d,677e918809be2577fffc6a12,RGX Warehouse,DELIVERLOAD,False,83,83,83,83,83,83,83,83,83,83,83,83,83,83,83,83,83,83,83,83,83,83,83,83,83
60196e05993170084efd0f4d,677e918809be2577fffc6a12,RGX Warehouse,HOOKCONTAINER,False,35,35,35,35,35,35,35,35,35,35,35,35,35,35,35,35,35,35,35,35,35,35,35,35,35
60196e05993170084efd0f4d,678014135810d8c0792483f0,RICHARDS WILCOX CANADA,DELIVERLOAD,False,29,29,29,29,29,29,29,29,29,29,29,29,29,29,29,29,29,29,29,29,29,29,29,29,29
60196e05993170084efd0f4d,678014135810d8c0792483f0,RICHARDS WILCOX CANADA,HOOKCONTAINER,False,22,22,22,22,22,22,22,22,22,22,22,22,22,22,22,22,22,22,22,22,22,22,22,22,22
60196e05993170084efd0f4d,6801292fbc1aaae9e5d96a66,RICHMOND HILL GLASS,DELIVERLOAD,False,74,74,74,74,74,74,74,74,74,74,74,74,74,74,74,74,74,74,74,74,74,74,74,74,74
60196e05993170084efd0f4d,6801292fbc1aaae9e5d96a66,RICHMOND HILL GLASS,HOOKCONTAINER,False,25,25,25,25,25,25,25,25,25,25,25,25,25,25,25,25,25,25,25,25,25,25,25,25,25
60196e05993170084efd0f4d,678fd2e1d95b3d306bc14cab,RICO Lighting & Electrical Services,HOOKCONTAINER,False,32,32,32,32,32,32,32,32,32,32,32,32,32,32,32,32,32,32,32,32,32,32,32,32,32
60196e05993170084efd0f4d,675b0711a47984ad7f5ed1d9,"RITCHIE BROS (AMARANTH, ON)",RETURNCONTAINER,False,17,17,17,17,17,17,17,17,17,17,17,17,17,17,17,17,17,17,17,17,17,17,17,17,17
60196e05993170084efd0f4d,61130bff39846d71fce805e3,RIVER SIDE BURGEON INC UNIT10,DELIVERLOAD,False,29,29,29,29,29,29,29,29,29,29,29,29,29,29,29,29,29,29,29,29,29,29,29,29,29
60196e05993170084efd0f4d,61130bff39846d71fce805e3,RIVER SIDE BURGEON INC UNIT10,DELIVERLOAD,True,71,71,71,71,71,71,71,71,71,71,71,71,71,71,71,71,71,71,71,71,71,71,71,71,71
60196e05993170084efd0f4d,60c7bca008e9216565a2ec4b,RIVERSIDE INC CORP - LONDON,DELIVERLOAD,False,29,29,29,29,29,29,29,29,29,29,29,29,29,29,29,29,29,29,29,29,29,29,29,29,29
60196e05993170084efd0f4d,60c7bca008e9216565a2ec4b,RIVERSIDE INC CORP - LONDON,HOOKCONTAINER,False,66,66,66,66,66,66,66,66,66,66,66,66,66,66,66,66,66,66,66,66,66,66,66,66,66
60196e05993170084efd0f4d,66967f2517674c2cfb7fed10,ROCK SOLID SUPPLY,DELIVERLOAD,False,17,17,17,17,17,17,17,17,21,17,17,17,17,17,17,17,17,17,17,17,17,17,17,17,17
60196e05993170084efd0f4d,66967f2517674c2cfb7fed10,ROCK SOLID SUPPLY,HOOKCONTAINER,False,22,22,22,22,22,22,22,22,22,22,22,22,22,22,22,22,22,22,22,22,22,22,22,22,22
60196e05993170084efd0f4d,6699259239665c298fc98eb5,ROSA FLORA LIMITED,DELIVERLOAD,False,29,29,29,29,29,29,29,29,29,29,29,29,29,29,29,29,29,29,29,29,29,29,29,29,29
60196e05993170084efd0f4d,6699259239665c298fc98eb5,ROSA FLORA LIMITED,HOOKCONTAINER,False,22,22,22,22,22,22,22,22,22,22,22,22,22,22,22,22,22,22,22,22,22,22,22,22,22
60196e05993170084efd0f4d,605f3e290fc12f32d84ef908,ROSENBERG,DELIVERLOAD,False,47,47,47,47,47,47,47,47,47,47,47,47,47,47,47,47,47,47,47,47,47,47,47,47,47
60196e05993170084efd0f4d,605f3e290fc12f32d84ef908,ROSENBERG,HOOKCONTAINER,False,25,25,25,25,25,25,25,25,25,25,25,25,25,25,25,25,25,25,25,25,25,25,25,25,25
60196e05993170084efd0f4d,67f43209fb8efb2e92363bc7,ROSENBERG,DELIVERLOAD,False,16,16,16,16,16,16,16,16,16,16,16,16,16,16,16,16,16,16,16,16,16,16,16,16,16
60196e05993170084efd0f4d,67f43209fb8efb2e92363bc7,ROSENBERG,HOOKCONTAINER,False,46,46,46,46,46,46,46,46,46,46,46,46,46,46,46,46,46,46,46,46,46,46,46,46,46
60196e05993170084efd0f4d,67f559dc338798a288e1c9c2,ROSENBERG FANS,DELIVERLOAD,False,30,30,30,30,30,30,30,30,34,30,30,30,30,30,30,30,30,30,30,30,30,30,30,30,30
60196e05993170084efd0f4d,67f559dc338798a288e1c9c2,ROSENBERG FANS,HOOKCONTAINER,False,47,47,47,47,47,47,47,47,47,47,47,47,47,47,47,47,47,47,47,47,47,47,47,47,47
60196e05993170084efd0f4d,682cba3982993f982fc90765,ROYAL BRINKMAN CANADA,DELIVERLOAD,False,29,29,29,29,29,29,29,29,29,29,29,29,29,29,29,29,29,29,29,29,29,29,29,29,29
60196e05993170084efd0f4d,60607fb87eb4ea661a43359b,ROYAL CITY WAREHOUSING,DELIVERLOAD,False,89,89,89,89,89,89,89,89,89,89,89,89,89,89,89,89,89,89,89,89,89,89,89,89,89
60196e05993170084efd0f4d,677e91fd711ea8b81bb9cf3d,RP XPRESS,DELIVERLOAD,False,46,46,46,46,46,46,46,46,46,46,46,46,46,46,46,46,46,46,46,46,46,46,46,46,46
60196e05993170084efd0f4d,6761b34b514e687dd894ee08,RTS COMPANIES INC,DELIVERLOAD,False,80,80,80,80,80,80,80,80,80,80,80,80,80,80,80,80,80,80,80,80,80,80,80,80,80
60196e05993170084efd0f4d,648783c41ee1fb1604b256e5,RUBICON FOOD PRODUCTS,DELIVERLOAD,True,37,37,37,37,37,37,37,37,37,37,37,37,37,37,37,37,37,37,37,37,37,37,37,37,37
60196e05993170084efd0f4d,61f98c3779944616540775ab,RZ TRADING LTD,DELIVERLOAD,False,14,14,14,14,14,14,14,14,14,14,14,14,14,14,14,14,14,14,14,14,14,14,14,14,14
60196e05993170084efd0f4d,61f98c3779944616540775ab,RZ TRADING LTD,HOOKCONTAINER,False,67,67,67,67,67,67,67,67,67,67,67,67,67,67,67,67,67,67,67,67,67,67,67,67,67
60196e05993170084efd0f4d,63d44d73d7368f15c54741f3,SAFAH TRADING CO,HOOKCONTAINER,False,22,22,22,22,22,22,22,22,22,22,22,22,22,22,22,22,22,22,22,22,22,22,22,22,22
60196e05993170084efd0f4d,6101da0ba00dd94b029a5deb,SAFRAN LANDING SYSTEMS,DELIVERLOAD,False,48,48,48,48,48,48,48,48,48,48,48,48,48,48,48,48,48,48,48,48,48,48,48,48,48
60196e05993170084efd0f4d,6101da0ba00dd94b029a5deb,SAFRAN LANDING SYSTEMS,HOOKCONTAINER,False,36,36,36,36,36,36,36,36,36,36,36,36,36,36,36,36,36,36,36,36,36,36,36,36,36
60196e05993170084efd0f4d,68bedd2de86ab2e3df00d07e,SAGSC,DELIVERLOAD,False,53,53,53,53,53,53,53,53,53,53,53,53,53,53,53,53,53,53,53,53,53,53,53,53,53
60196e05993170084efd0f4d,68bedd2de86ab2e3df00d07e,SAGSC,HOOKCONTAINER,False,22,22,22,22,22,22,22,22,22,22,22,22,22,22,22,22,22,22,22,22,22,22,22,22,22
60196e05993170084efd0f4d,67190777aea6329f511f368f,SALEEM CARAVAN,DELIVERLOAD,False,77,77,77,77,77,77,77,77,77,77,77,77,77,87,77,83,77,77,77,77,77,77,77,77,77
60196e05993170084efd0f4d,67190777aea6329f511f368f,SALEEM CARAVAN,HOOKCONTAINER,False,17,17,17,17,17,17,17,17,17,17,17,17,17,17,17,17,17,17,17,17,17,17,17,17,17
60196e05993170084efd0f4d,66f2cef2ef1b6c75290c888b,SANLAND MINING EQUIPMENT INC,DELIVERLOAD,False,3,3,3,3,3,3,3,3,3,3,3,3,3,3,3,3,3,3,3,3,3,3,3,3,3
60196e05993170084efd0f4d,678013d9f9480d61752f2fe5,SARAFINO INC,HOOKCONTAINER,False,52,52,52,52,52,52,52,52,52,52,52,52,52,52,52,52,52,52,52,52,52,52,52,52,52
60196e05993170084efd0f4d,616854dc14ee8b158281d9f5,SATOFFID INC.,DELIVERLOAD,False,27,27,27,27,27,27,27,27,27,27,27,27,27,27,27,27,27,27,27,27,27,27,27,27,27
60196e05993170084efd0f4d,62a0a0f247c87b13a0ad02df,SATURN TOOL AND DIE (WINDSOR) INC.,DELIVERLOAD,False,29,29,29,29,29,29,29,29,29,29,29,29,29,29,29,29,29,29,29,29,29,29,29,29,29
60196e05993170084efd0f4d,66b23450951297575a124062,SAVARIA CONCORD LIFTS,DELIVERLOAD,False,70,70,70,70,70,70,70,70,70,70,70,70,70,70,70,70,70,70,70,70,70,70,70,70,70
60196e05993170084efd0f4d,66b23450951297575a124062,SAVARIA CONCORD LIFTS,HOOKCONTAINER,False,22,22,22,22,22,22,22,22,22,22,22,22,22,22,22,22,22,22,22,22,22,22,22,22,22
60196e05993170084efd0f4d,67ddb4dc997f88e4326994d1,SCHEPS BAKERIES LTD.,DELIVERLOAD,True,71,71,71,71,71,71,71,71,71,71,71,71,71,71,71,71,71,71,71,71,71,71,71,71,71
60196e05993170084efd0f4d,649dec939e94a11671028cc2,SCI BEIS RECEIVING,DELIVERLOAD,False,25,25,25,25,25,25,25,21,23,24,35,25,31,25,25,25,25,25,25,25,25,25,25,25,25
60196e05993170084efd0f4d,649dec939e94a11671028cc2,SCI BEIS RECEIVING,HOOKCONTAINER,False,18,18,18,18,18,18,18,18,15,50,24,130,18,24,6,18,18,18,18,18,18,18,18,18,18
60196e05993170084efd0f4d,60e38d82441dbb5e38d9d814,SCOT LYTTON CANADA INC.,DELIVERLOAD,False,29,29,29,29,29,29,29,29,29,29,29,29,29,29,29,29,29,29,29,29,29,29,29,29,29
60196e05993170084efd0f4d,6233bade426ba24470c58433,SCP Distributors Inc,DELIVERLOAD,False,45,45,45,45,45,45,45,45,45,45,45,45,45,45,45,45,45,45,45,45,45,45,45,45,45
60196e05993170084efd0f4d,65fda552fe3817937b7ee1d1,SCP DISTRIBUTORS LLC,DELIVERLOAD,False,23,23,23,23,23,23,23,23,23,23,23,23,23,23,23,23,23,23,23,23,23,23,23,23,23
60196e05993170084efd0f4d,65fda552fe3817937b7ee1d1,SCP DISTRIBUTORS LLC,HOOKCONTAINER,False,22,22,22,22,22,22,22,22,22,22,22,22,22,22,22,22,22,22,22,22,22,22,22,22,22
60196e05993170084efd0f4d,62f3c9599c1eb71631ec55a3,SDR  DISTRIBUTION,DELIVERLOAD,False,18,18,18,18,18,18,18,18,18,18,18,18,18,18,18,18,18,18,18,18,18,18,18,18,18
60196e05993170084efd0f4d,62f3c9599c1eb71631ec55a3,SDR  DISTRIBUTION,HOOKCONTAINER,False,8,8,8,8,8,8,8,8,8,8,8,8,8,8,8,8,8,8,8,8,8,8,8,8,8
60196e05993170084efd0f4d,606331402ad8f971cbac68bd,SEAPORT ETOBICOKE,PULLCONTAINER,False,58,58,58,58,58,58,58,4,40,50,58,86,70,48,95,20,30,58,58,58,58,58,58,58,58
60196e05993170084efd0f4d,606331402ad8f971cbac68bd,SEAPORT ETOBICOKE,RETURNCONTAINER,False,33,33,33,33,33,33,33,43,42,26,26,41,27,49,34,32,27,17,28,33,33,33,33,33,33
60196e05993170084efd0f4d,60633106f73b0135438ee53e,SEATAINER,PULLCONTAINER,False,27,27,27,27,27,27,27,27,27,27,30,16,25,21,29,32,15,29,27,27,27,27,27,27,27
60196e05993170084efd0f4d,60633106f73b0135438ee53e,SEATAINER,RETURNCONTAINER,False,18,18,18,18,18,18,18,18,26,20,16,13,18,11,22,18,18,17,18,18,18,18,18,18,18
60196e05993170084efd0f4d,61eef369ca4f4c168f83fcad,SECURE CONTAINER SOLUTIONS,RETURNCONTAINER,False,9,9,9,9,9,9,9,9,9,9,9,9,9,9,9,9,9,9,9,9,9,9,9,9,9
60196e05993170084efd0f4d,65fda2c855e2b3f2a019493d,"SEKO ONTARIO, CA C/O ANNEX PRODUCTS",DELIVERLOAD,False,81,81,81,81,81,81,81,81,81,81,81,81,81,81,81,81,81,81,81,81,81,81,81,81,81
60196e05993170084efd0f4d,65fda2c855e2b3f2a019493d,"SEKO ONTARIO, CA C/O ANNEX PRODUCTS",HOOKCONTAINER,False,6,6,6,6,6,6,6,6,6,6,6,6,6,6,6,6,6,6,6,6,6,6,6,6,6
60196e05993170084efd0f4d,6751e012b1bd3bf4df0069d3,SEVEN STAR SPORTS,DELIVERLOAD,True,120,120,120,120,120,120,120,120,120,120,120,120,120,120,120,120,120,120,120,120,120,120,120,120,120
60196e05993170084efd0f4d,648b4d9bec44ef15e22c5bdb,S. Gumpert Co. Ltd,DELIVERLOAD,True,51,51,51,51,51,51,51,51,51,51,51,51,51,51,51,51,51,51,51,51,51,51,51,51,51
60196e05993170084efd0f4d,64dfb6c70b26c95ed22ba144,SHEIN DISTRIBUTION CANADA LIMITED,DELIVERLOAD,False,23,23,23,23,23,23,23,23,23,23,23,23,23,23,23,23,23,23,23,23,23,23,23,23,23
60196e05993170084efd0f4d,60bcd997ea601c19d6a75139,SHERWAY,DELIVERLOAD,False,5,5,5,5,5,5,5,5,5,5,5,5,5,5,5,5,5,5,5,5,5,5,5,5,5
60196e05993170084efd0f4d,60bcd997ea601c19d6a75139,SHERWAY,HOOKCONTAINER,False,21,21,21,21,21,21,21,21,21,21,21,21,21,21,21,21,21,21,21,21,21,21,21,21,21
60196e05993170084efd0f4d,628e22b5c6969a5e02e27637,SHINY STAR CANADA LTD,HOOKCONTAINER,False,25,25,25,25,25,25,25,25,25,25,25,25,25,25,25,25,25,25,25,25,25,25,25,25,25
60196e05993170084efd0f4d,68af41d3d340ab0c0c9e0de3,SHIPBOB YYZ-3,DELIVERLOAD,False,58,58,58,58,58,58,58,58,58,58,58,58,58,58,58,58,58,58,58,58,58,58,58,58,58
60196e05993170084efd0f4d,68af41d3d340ab0c0c9e0de3,SHIPBOB YYZ-3,HOOKCONTAINER,False,22,22,22,22,22,22,22,22,22,22,22,22,22,22,22,22,22,22,22,22,22,22,22,22,22
60196e05993170084efd0f4d,64f73441e6a13e160b7e3544,SHIPMONK-BRAMPTON,DELIVERLOAD,False,8,8,8,8,8,8,8,8,8,8,8,8,8,8,8,8,8,8,8,8,8,8,8,8,8
60196e05993170084efd0f4d,64f73441e6a13e160b7e3544,SHIPMONK-BRAMPTON,HOOKCONTAINER,False,57,57,57,57,57,57,57,57,57,57,57,57,57,57,57,57,57,57,57,57,57,57,57,57,57
60196e05993170084efd0f4d,67f55bbc46b1bfeee9073904,SHIPTOP,HOOKCONTAINER,False,32,32,32,32,32,32,32,32,32,32,32,32,32,32,32,32,32,32,32,32,32,32,32,32,32
60196e05993170084efd0f4d,6751e0996e88ded83cc885c9,SHIPWIRE HALTON HILLS,HOOKCONTAINER,False,18,18,18,18,18,18,18,18,18,18,18,18,18,18,18,18,18,18,18,18,18,18,18,18,18
60196e05993170084efd0f4d,68bed95cc7454e2f9d1701c3,SHIV SUDAN,HOOKCONTAINER,False,58,58,58,58,58,58,58,58,58,58,58,58,58,58,58,58,58,58,58,58,58,58,58,58,58
60196e05993170084efd0f4d,686e85cf9d760448a7e26bca,SHUR-LOK PRODUCTS,DELIVERLOAD,False,29,29,29,29,29,29,29,29,29,29,29,29,29,29,29,29,29,29,29,29,29,29,29,29,29
60196e05993170084efd0f4d,685d6e41393d2ca16cedf838,SHW PUMPS & ENGINE COMPONENTS INC,DELIVERLOAD,False,29,29,29,29,29,29,29,29,29,29,29,29,29,29,29,29,29,29,29,29,29,29,29,29,29
60196e05993170084efd0f4d,685d6e41393d2ca16cedf838,SHW PUMPS & ENGINE COMPONENTS INC,HOOKCONTAINER,False,22,22,22,22,22,22,22,22,22,22,22,22,22,22,22,22,22,22,22,22,22,22,22,22,22
60196e05993170084efd0f4d,605b6a7b889d263e968944b3,SKY JACK,DELIVERLOAD,False,56,56,56,56,56,56,47,45,57,67,54,125,60,52,37,97,41,26,62,38,56,56,56,56,56
60196e05993170084efd0f4d,605b6a7b889d263e968944b3,SKY JACK,DELIVERLOAD,True,92,92,92,92,92,92,92,92,92,92,92,92,92,92,92,92,92,232,92,92,92,92,92,92,92
60196e05993170084efd0f4d,605b6a7b889d263e968944b3,SKY JACK,HOOKCONTAINER,False,36,36,36,36,36,36,36,36,36,98,5,36,53,36,12,41,67,36,27,58,36,36,36,36,36
60196e05993170084efd0f4d,67fd5cc85fb7a168d5cc0518,SNIDERCROFT WAREHOUSE  PRIMO FOODS,DELIVERLOAD,False,29,29,29,29,29,29,29,29,29,29,29,29,29,29,29,29,29,29,29,29,29,29,29,29,29
60196e05993170084efd0f4d,67fd5cc85fb7a168d5cc0518,SNIDERCROFT WAREHOUSE  PRIMO FOODS,HOOKCONTAINER,False,55,55,55,55,55,55,55,55,55,55,55,55,55,55,55,55,55,55,55,55,55,55,55,55,55
60196e05993170084efd0f4d,645115fee78c2c1668abc4be,SOBEYS GLOBAL SOURCING,DELIVERLOAD,False,29,29,29,29,29,29,29,29,29,29,29,29,29,29,29,29,29,29,29,29,29,29,29,29,29
60196e05993170084efd0f4d,645115fee78c2c1668abc4be,SOBEYS GLOBAL SOURCING,HOOKCONTAINER,False,29,29,29,29,29,29,29,29,29,29,29,29,29,29,29,29,29,29,29,29,29,29,29,29,29
60196e05993170084efd0f4d,628e21309c80eb154f73de58,SOFA BY FANCY,DELIVERLOAD,False,19,19,19,19,19,19,19,19,19,19,19,19,19,19,19,19,19,19,19,19,19,19,19,19,19
60196e05993170084efd0f4d,628e21309c80eb154f73de58,SOFA BY FANCY,HOOKCONTAINER,False,14,14,14,14,14,14,14,14,14,14,14,14,14,14,14,14,14,14,14,14,14,14,14,14,14
60196e05993170084efd0f4d,60608a69d7186317e2ed2a40,SOMMERS MOTOR GENERATOR,DELIVERLOAD,False,48,48,48,48,48,48,48,48,48,48,48,27,48,48,48,48,48,48,48,48,48,48,48,48,48
60196e05993170084efd0f4d,60608a69d7186317e2ed2a40,SOMMERS MOTOR GENERATOR,HOOKCONTAINER,False,62,62,62,62,62,62,62,62,62,62,62,62,62,62,62,62,62,62,62,62,62,62,62,62,62
60196e05993170084efd0f4d,65e1f669848b2f9280ebf6c0,SPEEDY STORAGE CONTAINERS,RETURNCONTAINER,False,4,4,4,4,4,4,4,4,4,4,4,4,4,4,4,4,4,4,4,4,4,4,4,4,4
60196e05993170084efd0f4d,60cb6d1a5ad7e53d1d1f5a9a,SPICERS CANADA LTD.,DELIVERLOAD,False,40,40,40,40,40,40,40,40,40,40,40,40,40,40,40,40,40,40,40,40,40,40,40,40,40
60196e05993170084efd0f4d,60cb6d1a5ad7e53d1d1f5a9a,SPICERS CANADA LTD.,HOOKCONTAINER,False,22,22,22,22,22,22,22,22,22,22,22,22,22,22,22,22,22,22,22,22,22,22,22,22,22
60196e05993170084efd0f4d,645c0c522f46831686bf14e9,SPINRITE,DELIVERLOAD,False,19,19,19,19,19,19,19,118,19,19,19,19,19,19,6,19,19,19,19,19,19,19,19,19,19
60196e05993170084efd0f4d,645c0c522f46831686bf14e9,SPINRITE,HOOKCONTAINER,False,22,22,22,22,22,22,22,22,22,22,22,22,22,22,22,22,22,22,22,22,22,22,22,22,22
60196e05993170084efd0f4d,66b3b67cb37b1fc3603a1eb8,SPINRITE INC.,HOOKCONTAINER,False,22,22,22,22,22,22,22,22,22,22,22,22,22,22,22,22,22,22,22,22,22,22,22,22,22
60196e05993170084efd0f4d,647e4cbfa5232414ae395e90,SPINRITE-RAW MATERIAL WAREHOUSE,DELIVERLOAD,False,18,18,18,18,18,18,18,18,18,18,18,18,18,18,18,18,18,18,18,18,18,18,18,18,18
60196e05993170084efd0f4d,67c9b2ccb2e6586179593311,SPOLYMER INC,DELIVERLOAD,False,44,44,44,44,44,44,44,44,44,44,44,44,44,44,44,44,44,44,44,44,44,44,44,44,44
60196e05993170084efd0f4d,67c9b2ccb2e6586179593311,SPOLYMER INC,HOOKCONTAINER,False,49,49,49,49,49,49,49,49,49,49,49,49,49,49,49,49,49,49,49,49,49,49,49,49,49
60196e05993170084efd0f4d,67c1e95a60f1b3cf4cda0893,SR INDIA MARKETING INC,HOOKCONTAINER,False,22,22,22,22,22,22,22,22,22,22,22,22,22,22,22,22,22,22,22,22,22,22,22,22,22
60196e05993170084efd0f4d,63a49ee74fe063160d8b8561,S&R NEW YARD,DELIVERLOAD,False,17,17,17,17,17,17,17,17,17,17,17,17,17,17,17,17,30,17,17,17,17,17,17,17,17
60196e05993170084efd0f4d,63a49ee74fe063160d8b8561,S&R NEW YARD,HOOKCONTAINER,False,40,19,36,102,80,57,46,29,28,51,38,33,41,45,39,40,36,29,33,33,49,56,62,42,59
60196e05993170084efd0f4d,63a49ee74fe063160d8b8561,S&R NEW YARD,LIFTON,False,0,0,0,0,0,0,0,0,0,0,0,0,0,0,0,0,0,0,0,0,0,0,0,0,0
60196e05993170084efd0f4d,63a49ee74fe063160d8b8561,S&R NEW YARD,PULLCONTAINER,False,37,37,37,37,37,45,17,42,60,13,37,37,37,32,37,37,37,37,37,37,37,37,37,37,37
60196e05993170084efd0f4d,63a49ee74fe063160d8b8561,S&R NEW YARD,RETURNCONTAINER,False,15,15,15,15,15,15,15,35,25,35,10,12,11,10,21,27,18,16,20,16,17,9,15,15,15
60196e05993170084efd0f4d,67ead61dbe5ea07f6097cebe,STEEL & TIMBER,DELIVERLOAD,True,71,71,71,71,71,71,71,71,71,71,71,71,71,71,71,71,71,71,71,71,71,71,71,71,71
60196e05993170084efd0f4d,61f2a2f80f7b57545b713605,STELCO LAKE ERIE,DELIVERLOAD,False,29,29,29,29,29,29,29,29,29,29,29,29,29,29,29,29,29,29,29,29,29,29,29,29,29
60196e05993170084efd0f4d,61f2a2f80f7b57545b713605,STELCO LAKE ERIE,HOOKCONTAINER,False,48,48,48,48,48,48,48,48,48,48,48,48,48,48,48,48,48,48,48,48,48,48,48,48,48
60196e05993170084efd0f4d,673234bce7abc36ec7eb194f,STELLANTIS (BRAMPTON ASSEMBLY PLANT),HOOKCONTAINER,False,63,63,63,63,63,63,63,63,63,63,63,63,63,63,63,63,63,63,63,63,63,63,63,63,63
60196e05993170084efd0f4d,6132845a54bdf4156d4f26c6,STONE FACTORY INC.,HOOKCONTAINER,False,52,52,52,52,52,52,52,52,52,52,52,52,52,52,52,52,52,52,52,52,52,52,52,52,52
60196e05993170084efd0f4d,6798e8b4bc08fd132ddf5d9a,STONEY CREEK/EQUIPMENT CORPS INC,DELIVERLOAD,False,78,78,78,78,78,78,78,78,78,78,78,78,78,78,78,78,78,78,78,78,78,78,78,78,78
60196e05993170084efd0f4d,658355664d82d11669802626,STOP & SAVE,DELIVERLOAD,False,32,32,32,32,32,32,32,32,32,32,32,32,32,32,32,32,32,32,32,32,32,32,32,32,32
60196e05993170084efd0f4d,6063311e2ad8f971cbac686b,STORSTAC,RETURNCONTAINER,False,8,8,8,8,8,8,8,8,8,8,8,8,8,8,8,8,8,8,8,8,8,8,8,8,8
60196e05993170084efd0f4d,645ea26caa9db9165d2224a5,STRAIGHT FORWARD SALES INC.,DELIVERLOAD,False,29,29,29,29,29,29,29,29,29,29,29,29,29,29,29,29,29,29,29,29,29,29,29,29,29
60196e05993170084efd0f4d,645ea26caa9db9165d2224a5,STRAIGHT FORWARD SALES INC.,HOOKCONTAINER,False,46,46,46,46,46,46,46,46,46,46,46,46,46,46,46,46,46,46,46,46,46,46,46,46,46
60196e05993170084efd0f4d,6798eb9f0476a2d7040d286d,SUGAR GROUP INC,HOOKCONTAINER,False,22,22,22,22,22,22,22,22,22,22,22,22,22,22,22,22,22,22,22,22,22,22,22,22,22
60196e05993170084efd0f4d,687ff427726879ccb9d09427,SUKOSHI HQ- TOMKEN RD,DELIVERLOAD,False,42,42,42,42,42,42,42,42,42,42,42,42,42,42,42,42,42,42,42,42,42,42,42,42,42
60196e05993170084efd0f4d,687ff427726879ccb9d09427,SUKOSHI HQ- TOMKEN RD,HOOKCONTAINER,False,24,24,24,24,24,24,24,24,24,24,24,24,24,24,24,24,24,24,24,24,24,24,24,24,24
60196e05993170084efd0f4d,68682410b823efe16a063ff2,SULLY INNOVATIONS INC,DELIVERLOAD,False,9,9,9,9,9,9,9,9,9,9,9,9,9,9,9,9,9,9,9,9,9,9,9,9,9
60196e05993170084efd0f4d,68682410b823efe16a063ff2,SULLY INNOVATIONS INC,HOOKCONTAINER,False,32,32,32,32,32,32,32,32,32,32,32,32,32,32,32,32,32,32,32,32,32,32,32,32,32
60196e05993170084efd0f4d,62b1e9c965cf76116ea971db,Sun Glow Window Covering Products of Canada Ltd,DELIVERLOAD,False,20,20,20,20,20,20,20,20,20,20,20,20,20,20,20,20,20,20,20,20,20,20,20,20,20
60196e05993170084efd0f4d,62b1e9c965cf76116ea971db,Sun Glow Window Covering Products of Canada Ltd,HOOKCONTAINER,False,43,43,43,43,43,43,43,43,43,43,43,43,43,43,43,43,43,43,43,43,43,43,43,43,43
60196e05993170084efd0f4d,6423592187117015d582fc44,SUN PARLOR GROWERS SUPPLY LTD,DELIVERLOAD,False,49,49,49,49,49,49,49,49,49,49,49,49,49,49,49,49,49,49,49,49,49,49,49,49,49
60196e05993170084efd0f4d,6852e2a9d0adb9caeae8b2aa,SUNSAI TILE & SURFACES,HOOKCONTAINER,False,20,20,20,20,20,20,20,20,20,20,20,20,20,20,20,20,20,20,20,20,20,20,20,20,20
60196e05993170084efd0f4d,6126aa0d36c5da07439828fc,Surati Sweet Mart,HOOKCONTAINER,False,7,7,7,7,7,7,7,7,7,7,7,7,7,7,7,7,7,7,7,7,7,7,7,7,7
60196e05993170084efd0f4d,685b11449dfd320d61abd229,SWEGON NORTH AMERICA INC,DELIVERLOAD,False,74,74,74,74,74,74,74,74,74,74,74,74,74,74,74,74,74,74,74,74,74,74,74,74,74
60196e05993170084efd0f4d,68236f530f0bef360a28a68b,SYFILCO LTD,DELIVERLOAD,False,29,29,29,29,29,29,29,29,29,29,29,29,29,29,29,29,29,29,29,29,29,29,29,29,29
60196e05993170084efd0f4d,678fd01fd16fa6503f20b606,TAI TAI IMPORT CO,HOOKCONTAINER,False,80,80,80,80,80,80,80,80,80,80,80,80,80,80,80,80,80,80,80,80,80,80,80,80,80
60196e05993170084efd0f4d,6137d08639161f150ba072fb,Taknology (Canada) Inc.,DELIVERLOAD,False,29,29,29,29,29,29,29,29,29,29,29,29,29,29,29,29,29,29,29,29,29,29,29,29,29
60196e05993170084efd0f4d,6137d08639161f150ba072fb,Taknology (Canada) Inc.,HOOKCONTAINER,False,9,9,9,9,9,9,9,9,9,9,9,9,9,9,9,9,9,9,9,9,9,9,9,9,9
60196e05993170084efd0f4d,6798ea8cdc9d07a3042356c1,TAM GLOBAL CORP,DELIVERLOAD,False,29,29,29,29,29,29,29,29,29,29,29,29,29,29,29,29,29,29,29,29,29,29,29,29,29
60196e05993170084efd0f4d,6127e8e90e555a158b26af88,TAS REFRIGERATED DIST.,DELIVERLOAD,False,39,39,39,39,39,39,39,39,39,39,39,39,39,39,39,39,39,39,39,38,30,39,39,39,39
60196e05993170084efd0f4d,6127e8e90e555a158b26af88,TAS REFRIGERATED DIST.,HOOKCONTAINER,False,19,19,19,19,19,19,19,19,19,19,19,19,19,19,19,19,19,19,19,19,19,19,19,19,19
60196e05993170084efd0f4d,62f668e8b1ee8615f9257bc7,TBA,DELIVERLOAD,False,65,65,65,65,65,65,65,65,65,65,65,65,65,65,65,65,65,65,65,65,65,65,65,65,65
60196e05993170084efd0f4d,62f668e8b1ee8615f9257bc7,TBA,DELIVERLOAD,True,98,98,98,98,98,98,98,98,98,98,98,98,98,98,98,98,98,98,98,98,98,98,98,98,98
60196e05993170084efd0f4d,62f668e8b1ee8615f9257bc7,TBA,HOOKCONTAINER,False,22,22,22,22,22,22,22,22,22,22,22,22,22,22,22,22,22,22,22,22,22,22,22,22,22
60196e05993170084efd0f4d,62f668e8b1ee8615f9257bc7,TBA,RETURNCONTAINER,False,4,4,4,4,4,4,4,4,4,4,4,4,4,4,4,4,4,4,4,4,4,4,4,4,4
60196e05993170084efd0f4d,628632d3c1b4884baeaf9aa8,TC CABINETS GROUP INC,DELIVERLOAD,False,20,20,20,20,20,20,20,20,20,20,20,20,20,20,20,20,20,20,20,20,20,20,20,20,20
60196e05993170084efd0f4d,628632d3c1b4884baeaf9aa8,TC CABINETS GROUP INC,HOOKCONTAINER,False,22,22,22,22,22,22,22,22,22,22,22,22,22,22,22,22,22,22,22,22,22,22,22,22,22
60196e05993170084efd0f4d,6239ebd60e768679a3b52a75,TECHTOP CANADA INC.,DELIVERLOAD,False,74,74,74,74,74,74,74,74,74,74,74,74,74,74,74,74,74,74,74,74,74,74,74,74,74
60196e05993170084efd0f4d,64483472f221a116752f3361,TEDUN AL,HOOKCONTAINER,False,22,22,22,22,22,22,22,22,22,22,22,22,22,22,22,22,22,22,22,22,22,22,22,22,22
60196e05993170084efd0f4d,675b020e53d784811c7a2474,TEKNION LIMITED,DELIVERLOAD,False,5,5,5,5,5,5,5,5,5,5,5,5,5,5,5,5,5,5,5,5,5,5,5,5,5
60196e05993170084efd0f4d,675b020e53d784811c7a2474,TEKNION LIMITED,HOOKCONTAINER,False,5,5,5,5,5,5,5,5,5,5,5,5,5,5,5,5,5,5,5,5,5,5,5,5,5
60196e05993170084efd0f4d,68010599ef728b328bdc1c01,TEMPUR SEALY CANADA,DELIVERLOAD,False,7,7,7,7,7,7,7,7,7,7,7,7,7,7,7,7,7,7,7,7,7,7,7,7,7
60196e05993170084efd0f4d,68010599ef728b328bdc1c01,TEMPUR SEALY CANADA,HOOKCONTAINER,False,3,3,3,3,3,3,3,3,3,3,3,3,3,3,3,3,3,3,3,3,3,3,3,3,3
60196e05993170084efd0f4d,64da6b57ab7c6d160b29465b,TENNECO CANADA,DELIVERLOAD,False,17,17,17,17,17,17,17,17,17,17,17,17,17,17,17,17,17,17,17,17,17,17,17,17,17
60196e05993170084efd0f4d,60f08f9ce84f941763f76dce,TERMONT MONTREAL INC,RETURNCONTAINER,False,23,23,23,23,23,23,23,23,23,23,23,23,23,23,23,23,23,23,23,23,23,23,23,23,23
60196e05993170084efd0f4d,68bedd0b18484bde7ce3ca5e,TFI,HOOKCONTAINER,False,22,22,22,22,22,22,22,22,22,22,22,22,22,22,22,22,22,22,22,22,22,22,22,22,22
60196e05993170084efd0f4d,6060e29ec785201862a53886,TFI FOODS LTD,DELIVERLOAD,False,13,13,13,13,13,13,13,13,14,9,4,13,13,13,13,13,13,13,13,13,13,13,13,13,13
60196e05993170084efd0f4d,6060e29ec785201862a53886,TFI FOODS LTD,HOOKCONTAINER,False,7,7,7,7,7,7,7,7,7,7,7,7,7,7,7,7,7,7,7,7,7,7,7,7,7
60196e05993170084efd0f4d,605e855a0fc12f32d84ef689,THE BRICK,DELIVERLOAD,False,26,26,26,26,26,26,26,26,26,26,26,26,26,26,26,26,26,26,26,26,26,26,26,26,26
60196e05993170084efd0f4d,605e855a0fc12f32d84ef689,THE BRICK,HOOKCONTAINER,False,17,17,17,17,17,17,17,17,17,17,17,17,17,17,17,17,17,17,17,17,17,17,17,17,17
60196e05993170084efd0f4d,688ceab70668044691fd18a1,THE QUAD PHASE 2,DELIVERLOAD,True,41,41,41,41,41,41,41,41,41,41,41,41,41,41,41,41,41,41,41,41,41,41,41,41,41
60196e05993170084efd0f4d,647e4d77db903714b99beac0,THE W,RETURNCONTAINER,False,14,14,14,14,14,14,14,14,14,14,14,14,14,16,14,14,14,14,14,14,14,14,14,14,14
60196e05993170084efd0f4d,669927004b79a953f44da463,THE WHEEL GROUP,DELIVERLOAD,False,29,29,29,29,29,29,29,29,29,29,29,29,29,29,29,29,29,29,29,29,29,29,29,29,29
60196e05993170084efd0f4d,669927004b79a953f44da463,THE WHEEL GROUP,HOOKCONTAINER,False,62,62,62,62,62,62,62,62,62,62,62,62,62,62,62,62,62,62,62,62,62,62,62,62,62
60196e05993170084efd0f4d,6823700490fb07b5f83f1ff2,THINK ALUMINUM TECHNOLOGIES INC,DELIVERLOAD,False,7,7,7,7,7,7,7,7,7,7,7,7,7,7,7,7,7,7,7,7,7,7,7,7,7
60196e05993170084efd0f4d,677e8f1b1a9f64c2b5eff36a,Thorold/MULTI FREIGHT EXPRESS,DELIVERLOAD,False,50,50,50,50,50,50,50,50,50,50,65,50,50,50,50,50,50,50,50,50,50,50,50,50,50
60196e05993170084efd0f4d,677e8f1b1a9f64c2b5eff36a,Thorold/MULTI FREIGHT EXPRESS,DELIVERLOAD,True,53,53,53,53,53,53,53,53,53,53,53,53,53,53,53,53,53,53,53,53,53,53,53,53,53
60196e05993170084efd0f4d,677e8f1b1a9f64c2b5eff36a,Thorold/MULTI FREIGHT EXPRESS,HOOKCONTAINER,False,23,23,23,23,23,23,23,23,23,23,23,23,23,23,23,23,23,23,23,23,23,23,23,23,23
60196e05993170084efd0f4d,63498cd718983f159ff22141,THOUSAND SUNNY CORPORATION,HOOKCONTAINER,False,22,22,22,22,22,22,22,22,22,22,22,22,22,22,22,22,22,22,22,22,22,22,22,22,22
60196e05993170084efd0f4d,63dd2921c6e8961593cd7710,THYSSENKRUPP MATERIALS,DELIVERLOAD,False,29,29,29,29,29,29,29,29,29,29,29,29,29,29,29,29,29,29,29,29,29,29,29,29,29
60196e05993170084efd0f4d,63dd2921c6e8961593cd7710,THYSSENKRUPP MATERIALS,HOOKCONTAINER,False,15,15,15,15,15,15,15,15,15,15,15,15,15,15,15,15,15,15,15,15,15,15,15,15,15
60196e05993170084efd0f4d,6233bb0c70cb3c5d691b167c,TIGERCAT,DELIVERLOAD,False,23,23,23,23,23,23,23,42,23,61,23,23,23,23,23,23,23,23,23,23,23,23,23,23,23
60196e05993170084efd0f4d,6233bb0c70cb3c5d691b167c,TIGERCAT,DELIVERLOAD,True,71,71,71,71,71,71,71,71,71,71,71,71,71,71,71,71,71,71,71,71,71,71,71,71,71
60196e05993170084efd0f4d,6233bb0c70cb3c5d691b167c,TIGERCAT,HOOKCONTAINER,False,4,4,4,4,4,4,4,4,4,4,4,4,4,4,4,4,4,4,4,4,4,4,4,4,4
60196e05993170084efd0f4d,6233baaa8ec2ab4331385b46,Tigercat Industries Inc,DELIVERLOAD,False,54,54,54,54,54,54,54,54,54,54,54,54,54,54,54,54,54,54,54,54,54,54,54,54,54
60196e05993170084efd0f4d,6233baaa8ec2ab4331385b46,Tigercat Industries Inc,DELIVERLOAD,True,37,37,37,37,37,37,37,37,37,37,37,37,37,37,37,37,37,37,37,37,37,37,37,37,37
60196e05993170084efd0f4d,6553d31d9a28761643b3a932,Tigercat Industries Inc.,DELIVERLOAD,False,45,45,45,45,45,45,45,45,45,45,45,45,45,45,45,45,45,45,45,45,45,45,45,45,45
60196e05993170084efd0f4d,6553d31d9a28761643b3a932,Tigercat Industries Inc.,DELIVERLOAD,True,31,31,31,31,31,31,31,31,31,31,31,31,31,31,31,31,31,31,31,31,31,31,31,31,31
60196e05993170084efd0f4d,6377dded0966de1682ea3ce5,TIGERCAT INDUSTRIES INC,DELIVERLOAD,False,37,37,37,37,37,37,37,26,29,37,37,37,37,37,37,37,37,37,37,37,37,37,37,37,37
60196e05993170084efd0f4d,6377dded0966de1682ea3ce5,TIGERCAT INDUSTRIES INC,HOOKCONTAINER,False,75,75,75,75,75,75,75,75,75,75,75,75,75,75,75,75,75,75,75,75,75,75,75,75,75
60196e05993170084efd0f4d,6377de0af35f3b164717bb85,TIGERCAT INDUSTRIES INC,DELIVERLOAD,False,30,30,30,30,30,30,21,41,30,48,30,30,30,30,30,30,30,30,30,30,30,30,30,30,30
60196e05993170084efd0f4d,6377de0af35f3b164717bb85,TIGERCAT INDUSTRIES INC,DELIVERLOAD,True,23,23,23,23,23,23,23,23,23,23,23,23,23,23,23,23,23,23,23,23,23,23,23,23,23
60196e05993170084efd0f4d,6377de0af35f3b164717bb85,TIGERCAT INDUSTRIES INC,HOOKCONTAINER,False,84,84,84,84,84,84,84,84,84,84,84,84,84,84,84,84,84,84,84,84,84,84,84,84,84
60196e05993170084efd0f4d,6377de241ad83916240a1755,TIGERCAT INDUSTRIES INC,DELIVERLOAD,False,55,55,55,55,55,55,55,55,55,55,55,55,55,55,55,55,55,55,55,55,55,55,55,55,55
60196e05993170084efd0f4d,6377de241ad83916240a1755,TIGERCAT INDUSTRIES INC,HOOKCONTAINER,False,54,54,54,54,54,54,54,54,54,54,54,54,54,54,54,54,54,54,54,54,54,54,54,54,54
60196e05993170084efd0f4d,646e7c4afe155416375369af,TIGERCAT INDUSTRIES INC,DELIVERLOAD,False,46,46,46,46,46,46,46,46,46,46,46,46,46,46,46,46,46,46,46,46,46,46,46,46,46
60196e05993170084efd0f4d,646e7c4afe155416375369af,TIGERCAT INDUSTRIES INC,HOOKCONTAINER,False,22,22,22,22,22,22,22,22,22,22,22,22,22,22,22,22,22,22,22,22,22,22,22,22,22
60196e05993170084efd0f4d,65393212c6794415ee182db0,TIGERCAT INDUSTRIES INC,DELIVERLOAD,False,85,85,85,85,85,85,85,85,85,85,85,85,85,85,85,85,85,85,85,85,85,85,85,85,85
60196e05993170084efd0f4d,62e173840abfb860d646bbac,Tiger Safety warehouse,DELIVERLOAD,False,25,25,25,25,25,25,25,25,25,25,25,25,25,25,25,25,25,25,25,25,25,25,25,25,25
60196e05993170084efd0f4d,62e173840abfb860d646bbac,Tiger Safety warehouse,HOOKCONTAINER,False,20,20,20,20,20,20,20,20,20,20,20,20,20,20,20,20,20,20,20,20,20,20,20,20,20
60196e05993170084efd0f4d,62743f7e0cf06d7795abaa75,TOP DOG GARAGE DOOR INC.,DELIVERLOAD,False,21,21,21,21,21,21,21,21,21,21,21,21,21,21,21,21,21,21,21,21,21,21,21,21,21
60196e05993170084efd0f4d,62743f7e0cf06d7795abaa75,TOP DOG GARAGE DOOR INC.,HOOKCONTAINER,False,3,3,3,3,3,3,3,3,3,3,3,3,3,3,3,3,3,3,3,3,3,3,3,3,3
60196e05993170084efd0f4d,659d5cca46054d162c363a71,TOP DOG GARAGE DOORS INC.,DELIVERLOAD,False,30,30,30,30,30,30,30,30,30,30,30,30,30,30,30,30,30,30,30,30,30,30,30,30,30
60196e05993170084efd0f4d,659d5cca46054d162c363a71,TOP DOG GARAGE DOORS INC.,HOOKCONTAINER,False,32,32,32,32,32,32,32,32,32,32,32,32,32,32,32,32,32,32,32,32,32,32,32,32,32
60196e05993170084efd0f4d,62fe7ad50d82b515fde9b545,Topking,DELIVERLOAD,False,29,29,29,29,29,29,29,29,29,29,29,29,29,29,29,29,29,29,29,29,29,29,29,29,29
60196e05993170084efd0f4d,62fe7ad50d82b515fde9b545,Topking,DELIVERLOAD,True,79,79,79,79,79,79,79,79,79,79,79,79,79,79,79,79,79,79,79,79,79,79,79,79,79
60196e05993170084efd0f4d,62fe7ad50d82b515fde9b545,Topking,HOOKCONTAINER,False,22,22,22,22,22,22,22,22,22,22,22,22,22,22,22,22,22,22,22,22,22,22,22,22,22
60196e05993170084efd0f4d,67b4b204e4fb4f9f59e0d279,TOPPER LINEN SUPPLY LTD,DELIVERLOAD,False,29,29,29,29,29,29,29,29,29,29,29,29,29,29,29,29,29,29,29,29,29,29,29,29,29
60196e05993170084efd0f4d,613a7ab54b5c2215432bb9f5,Topshelf Storage,DELIVERLOAD,False,31,31,31,31,31,31,31,31,31,31,31,31,31,31,31,31,31,31,31,31,31,31,31,31,31
60196e05993170084efd0f4d,613a7ab54b5c2215432bb9f5,Topshelf Storage,HOOKCONTAINER,False,22,22,22,22,22,22,22,22,22,22,22,22,22,22,22,22,22,22,22,22,22,22,22,22,22
60196e05993170084efd0f4d,61e56b7c0bbc0334f30df163,TOP SHELF STORAGE D/O WIP/DEWALT,DELIVERLOAD,False,5,5,5,5,5,5,5,5,5,5,5,5,5,5,5,5,5,5,5,5,5,5,5,5,5
60196e05993170084efd0f4d,677e93d8912ea81a7cfe7eb6,"TORENFONDER ENTERPRISES CO., LTD.",DELIVERLOAD,False,16,16,16,16,16,16,16,16,16,16,16,16,16,16,16,16,16,16,16,16,16,16,16,16,16
60196e05993170084efd0f4d,6798eda62c02533cdf7b72fe,"TORENFONDER ENTERPRISES CO., LTD.",DELIVERLOAD,False,5,5,5,5,5,5,5,5,5,5,5,5,5,5,5,5,5,5,5,5,5,5,5,5,5
60196e05993170084efd0f4d,6769be47e2d9782acbb46be2,Toronto Sun Wah Trading,DELIVERLOAD,False,18,18,18,18,18,18,18,18,18,18,18,18,18,18,18,18,18,18,18,18,18,18,18,18,18
60196e05993170084efd0f4d,6769be47e2d9782acbb46be2,Toronto Sun Wah Trading,HOOKCONTAINER,False,83,83,83,83,83,83,83,83,83,83,83,83,83,83,83,83,83,83,83,83,83,83,83,83,83
60196e05993170084efd0f4d,605f40290fc12f32d84ef926,TOTAL EXPRESS WAREHOUSE,DELIVERLOAD,False,12,12,12,12,12,12,12,12,12,12,12,12,12,12,12,12,12,12,12,12,12,12,12,12,12
60196e05993170084efd0f4d,68a4d6437a80c262c3319398,TOYOTA TSUSHO CANADA INC,DELIVERLOAD,False,3,3,3,3,3,3,3,3,3,3,3,3,3,3,3,3,3,3,3,3,3,3,3,3,3
60196e05993170084efd0f4d,6321dc58021b7016299054a7,Traxxside Transloading,DELIVERLOAD,False,74,74,74,74,74,74,74,74,74,74,74,74,74,74,74,74,74,74,74,74,74,74,74,74,74
60196e05993170084efd0f4d,60bcd997ea601c19d6a7514a,TREE OF LIFE CANADA INC,DELIVERLOAD,False,43,43,43,43,43,43,43,134,5,36,43,43,43,43,112,43,43,43,43,43,43,43,43,43,43
60196e05993170084efd0f4d,60bcd997ea601c19d6a7514a,TREE OF LIFE CANADA INC,HOOKCONTAINER,False,45,45,45,45,45,45,45,45,47,49,80,49,39,70,44,28,56,61,45,45,45,45,45,45,45
60196e05993170084efd0f4d,61268d80d42c9f071e032437,Trench Canada Coil Products (TCC),DELIVERLOAD,True,78,78,78,78,78,78,78,78,78,78,78,78,78,78,78,78,78,78,78,78,78,78,78,78,78
60196e05993170084efd0f4d,61dd85219809c95b5b44cf59,Trenton Cold Storage,DELIVERLOAD,False,37,37,37,37,37,37,37,37,37,37,37,37,37,37,37,37,37,37,37,37,37,37,37,37,37
60196e05993170084efd0f4d,61dd85219809c95b5b44cf59,Trenton Cold Storage,HOOKCONTAINER,False,44,44,44,44,44,44,44,44,44,44,44,44,44,44,44,44,44,44,44,44,44,44,44,44,44
60196e05993170084efd0f4d,6102e7c491875f6a1a7e1704,TRENTON COLD STORAGE,DELIVERLOAD,False,9,9,9,9,9,9,9,9,9,9,9,9,9,9,9,9,9,9,9,9,9,9,9,9,9
60196e05993170084efd0f4d,6102e7c491875f6a1a7e1704,TRENTON COLD STORAGE,HOOKCONTAINER,False,13,13,13,13,13,13,13,13,13,13,13,13,13,13,13,13,13,13,13,13,13,13,13,13,13
60196e05993170084efd0f4d,625ec20f679417384cc4f709,TRENTON COLD STORAGE (354 tate rd ),DELIVERLOAD,False,13,13,13,13,13,13,13,13,13,13,13,13,13,13,13,13,13,13,13,13,13,13,13,13,13
60196e05993170084efd0f4d,680106793a06b4bb08ddb0d7,TRENTON COLD STORAGE (TRENTON),DELIVERLOAD,False,75,75,75,75,75,75,75,75,75,75,75,75,75,75,75,75,75,75,75,75,75,75,75,75,75
60196e05993170084efd0f4d,67bc8b70e2db84e0224c4809,TRENTON COLD STORAGE: TRI-COUNTY APPLE GROWERS,DELIVERLOAD,False,53,53,53,53,53,53,53,53,53,53,53,53,53,53,39,53,53,53,53,53,53,53,53,53,53
60196e05993170084efd0f4d,67bc8b70e2db84e0224c4809,TRENTON COLD STORAGE: TRI-COUNTY APPLE GROWERS,HOOKCONTAINER,False,82,82,82,82,82,82,82,82,82,82,82,82,82,82,82,82,82,82,82,82,82,82,82,82,82
60196e05993170084efd0f4d,686e8626f840a751f287711e,TRISAN CONSTRUCTION,DELIVERLOAD,False,29,29,29,29,29,29,29,29,29,29,29,29,29,29,29,29,29,29,29,29,29,29,29,29,29
60196e05993170084efd0f4d,686e8626f840a751f287711e,TRISAN CONSTRUCTION,HOOKCONTAINER,False,71,71,71,71,71,71,71,71,71,71,71,71,71,71,71,71,71,71,71,71,71,71,71,71,71
60196e05993170084efd0f4d,610dde1a1f55ad1274306e86,TRUDELL HEALTHCARE SOLUTIONS,DELIVERLOAD,False,52,52,52,52,52,52,52,52,52,52,52,52,52,52,52,52,52,52,52,52,52,52,52,52,52
60196e05993170084efd0f4d,610dde1a1f55ad1274306e86,TRUDELL HEALTHCARE SOLUTIONS,HOOKCONTAINER,False,89,89,89,89,89,89,89,89,89,89,89,89,89,89,89,89,89,89,89,89,89,89,89,89,89
60196e05993170084efd0f4d,67c9b21630b5f2476411633e,TUBEGATE INC,HOOKCONTAINER,False,22,22,22,22,22,22,22,22,22,22,22,22,22,22,22,22,22,22,22,22,22,22,22,22,22
60196e05993170084efd0f4d,6787c15e472c2e2eeb39e6cf,Turolight inc,DELIVERLOAD,False,23,23,23,23,23,23,23,23,23,23,23,23,23,23,23,23,23,23,23,23,23,23,23,23,23
60196e05993170084efd0f4d,6787c15e472c2e2eeb39e6cf,Turolight inc,HOOKCONTAINER,False,14,14,14,14,14,14,14,14,14,14,14,14,14,14,14,14,14,14,14,14,14,14,14,14,14
60196e05993170084efd0f4d,660c4d01cd36364a3af6c92f,TUTTO GOURMET FOODS INC,DELIVERLOAD,False,33,33,33,33,33,33,42,33,33,33,33,33,33,33,33,33,33,33,33,33,33,33,33,33,33
60196e05993170084efd0f4d,660c4d01cd36364a3af6c92f,TUTTO GOURMET FOODS INC,HOOKCONTAINER,False,16,16,16,16,16,16,16,16,16,16,16,16,16,16,16,16,16,16,16,16,16,16,16,16,16
60196e05993170084efd0f4d,685d6df2e49297c2b0ab7a92,TUTTO GOURMET FOODS INC,DELIVERLOAD,False,45,45,45,45,45,45,45,45,45,45,45,45,45,45,45,45,45,45,45,45,45,45,45,45,45
60196e05993170084efd0f4d,685d6df2e49297c2b0ab7a92,TUTTO GOURMET FOODS INC,HOOKCONTAINER,False,23,23,23,23,23,23,23,23,23,23,23,23,23,23,23,23,23,23,23,23,23,23,23,23,23
60196e05993170084efd0f4d,67a4ed43f4164abf9cbab8c3,TWIN PINES ORCHARDS,DELIVERLOAD,False,29,29,29,29,29,29,29,29,29,29,29,29,29,29,29,29,29,29,29,29,29,29,29,29,29
60196e05993170084efd0f4d,678fd063243b3ff5475e0a26,Ultimate Golf & Leisure Delivery Warehouse,DELIVERLOAD,False,74,74,74,74,74,74,74,74,74,74,74,74,74,74,74,74,74,74,74,74,74,74,74,74,74
60196e05993170084efd0f4d,678fd063243b3ff5475e0a26,Ultimate Golf & Leisure Delivery Warehouse,HOOKCONTAINER,False,21,21,21,21,21,21,21,21,21,21,21,21,21,21,21,21,21,21,21,21,21,21,21,21,21
60196e05993170084efd0f4d,61940e9064a84c158d6f20f0,Ultra Depot,RETURNCONTAINER,False,17,17,17,17,17,17,17,17,17,17,17,17,17,17,17,17,17,17,17,17,17,17,17,17,17
60196e05993170084efd0f4d,605f453c60beba17f9156579,UMAC,DELIVERLOAD,False,22,22,22,22,22,22,22,22,22,22,22,22,25,22,27,22,22,22,22,22,22,22,22,22,22
60196e05993170084efd0f4d,605f453c60beba17f9156579,UMAC,HOOKCONTAINER,False,20,20,20,20,20,20,20,20,20,20,20,17,13,69,20,19,20,20,20,20,20,20,20,20,20
60196e05993170084efd0f4d,614de2bdd5b26a70dd91a899,UMBRELLA LOGISTICS INC,DELIVERLOAD,False,35,35,35,35,35,35,35,35,35,35,35,35,35,35,35,35,35,35,35,35,35,35,35,35,35
60196e05993170084efd0f4d,614de2bdd5b26a70dd91a899,UMBRELLA LOGISTICS INC,HOOKCONTAINER,False,35,35,35,35,35,35,35,35,35,35,35,35,35,35,35,35,35,35,35,35,35,35,35,35,35
60196e05993170084efd0f4d,670e79337b866cf7f81987e7,UNBOUND MERINO,HOOKCONTAINER,False,13,13,13,13,13,13,13,13,13,13,13,13,13,13,13,13,13,13,13,13,13,13,13,13,13
60196e05993170084efd0f4d,6308e198ab8aa615f90e3eec,Uncle Ginseng Farm LTD(WINDHAM),DELIVERLOAD,True,61,61,61,61,61,61,61,61,61,61,61,61,61,61,61,61,61,61,61,61,61,61,61,61,61
60196e05993170084efd0f4d,63362b14ddeb7415b2afd824,U NEED STORAGE,RETURNCONTAINER,False,8,8,8,8,8,8,8,8,8,8,8,8,8,8,8,8,8,8,8,8,8,8,8,8,8
60196e05993170084efd0f4d,68545d0f5ab23b2fc7f8da49,U NEED STORAGE,RETURNCONTAINER,False,45,45,45,45,45,45,45,45,45,45,45,45,45,45,45,45,45,45,45,45,45,45,45,45,45
60196e05993170084efd0f4d,68a4d6a1582af091cc341f5a,UNICO INC. C/O PRIMO FOODS,HOOKCONTAINER,False,22,22,22,22,22,22,22,22,22,22,22,22,22,22,22,22,22,22,22,22,22,22,22,22,22
60196e05993170084efd0f4d,685034f92d52fbc1ff66f13e,UNIRAM PLASTICS,DELIVERLOAD,False,23,23,23,23,23,23,23,23,23,23,23,23,23,23,23,23,23,23,23,23,23,23,23,23,23
60196e05993170084efd0f4d,685034f92d52fbc1ff66f13e,UNIRAM PLASTICS,HOOKCONTAINER,False,24,24,24,24,24,24,24,24,24,24,24,24,24,24,24,24,24,24,24,24,24,24,24,24,24
60196e05993170084efd0f4d,61e82e6fcfc1c03a63898c52,United Cartage Ltd/ Concept 101 Ltd,HOOKCONTAINER,False,22,22,22,22,22,22,22,22,22,22,22,22,22,22,22,22,22,22,22,22,22,22,22,22,22
60196e05993170084efd0f4d,60bcd997ea601c19d6a75152,UTIL CANADA LTD,DELIVERLOAD,True,91,91,91,91,91,91,91,91,91,91,91,91,91,91,91,91,91,91,91,91,91,91,91,91,91
60196e05993170084efd0f4d,68236e5ba80ae4d0d5cbb9e7,UTOPIA FEVERSHAM,DELIVERLOAD,False,77,77,77,77,77,77,77,77,77,77,77,77,77,77,77,77,77,77,77,77,77,77,77,77,77
60196e05993170084efd0f4d,68236e5ba80ae4d0d5cbb9e7,UTOPIA FEVERSHAM,HOOKCONTAINER,False,22,22,22,22,22,22,22,22,22,22,22,22,22,22,22,22,22,22,22,22,22,22,22,22,22
60196e05993170084efd0f4d,66f2cd2bcd1ec958fcb69968,UTOPIA FULFILLMENT - MISSISSAUGA,DELIVERLOAD,True,2,2,2,2,2,2,2,2,2,2,2,2,2,2,2,2,2,2,2,2,2,2,2,2,2
60196e05993170084efd0f4d,62fe7ab325d2fc1615f74651,Vaultra Storage,HOOKCONTAINER,False,64,64,64,64,64,64,64,64,64,64,64,64,64,64,64,64,64,64,64,64,64,64,64,64,64
60196e05993170084efd0f4d,6304db90cebe5f146c3e675d,VEHCOM MFG,HOOKCONTAINER,False,7,7,7,7,7,7,7,7,7,7,7,7,7,7,7,7,7,7,7,7,7,7,7,7,7
60196e05993170084efd0f4d,60bcd997ea601c19d6a75155,VENTRICAL ENTERPRISE INC.,HOOKCONTAINER,False,73,73,73,73,73,73,73,73,73,73,73,73,73,73,73,73,73,73,73,73,73,73,73,73,73
60196e05993170084efd0f4d,624c5bd51ace7e1a21909b38,Vespa Packaging,DELIVERLOAD,False,6,6,6,6,6,6,6,6,6,6,6,6,6,6,6,6,6,6,6,6,6,6,6,6,6
60196e05993170084efd0f4d,6113f75b4fbad951dccb9f74,VESPA PACKAGING,DELIVERLOAD,False,90,90,90,90,90,90,90,90,90,90,90,90,90,90,90,90,90,90,90,90,90,90,90,90,90
60196e05993170084efd0f4d,6113f75b4fbad951dccb9f74,VESPA PACKAGING,HOOKCONTAINER,False,22,22,22,22,22,22,22,22,22,22,22,22,22,22,22,22,22,22,22,22,22,22,22,22,22
60196e05993170084efd0f4d,6852e274459f5ccef3e09e38,VIACORE SOLUTIONS,DELIVERLOAD,True,92,92,92,92,92,92,92,92,92,92,92,92,92,92,92,92,92,92,92,92,92,92,92,92,92
60196e05993170084efd0f4d,6852e274459f5ccef3e09e38,VIACORE SOLUTIONS,HOOKCONTAINER,False,22,22,22,22,22,22,22,22,22,22,22,22,22,22,22,22,22,22,22,22,22,22,22,22,22
60196e05993170084efd0f4d,685aae15a12ec55dc3ae3bae,VICDOM SAND & GRAVEL,HOOKCONTAINER,False,22,22,22,22,22,22,22,22,22,22,22,22,22,22,22,22,22,22,22,22,22,22,22,22,22
60196e05993170084efd0f4d,63742a5caceb0315defdbb7d,VIESSMANN MANUFACTURING COMPANY INC,DELIVERLOAD,False,31,31,31,31,31,31,31,31,31,31,31,31,31,31,31,31,31,31,31,31,31,31,31,31,31
60196e05993170084efd0f4d,63742a5caceb0315defdbb7d,VIESSMANN MANUFACTURING COMPANY INC,DELIVERLOAD,True,91,91,91,91,91,91,91,91,91,91,91,91,91,91,91,91,91,91,91,91,91,91,91,91,91
60196e05993170084efd0f4d,63742a5caceb0315defdbb7d,VIESSMANN MANUFACTURING COMPANY INC,HOOKCONTAINER,False,6,6,6,6,6,6,6,6,6,6,6,6,6,6,6,6,6,6,6,6,6,6,6,6,6
60196e05993170084efd0f4d,68c43d21829242b27d1dca4e,VIEW TIME GLASS,DELIVERLOAD,False,12,12,12,12,12,12,12,12,12,12,12,12,12,12,12,12,12,12,12,12,12,12,12,12,12
60196e05993170084efd0f4d,6320c98a0e2aa2161d9bd1b4,View Time Glass & Mirror,DELIVERLOAD,False,14,14,14,14,14,14,14,14,14,14,14,14,14,14,14,14,14,14,14,14,14,14,14,14,14
60196e05993170084efd0f4d,6320c98a0e2aa2161d9bd1b4,View Time Glass & Mirror,HOOKCONTAINER,False,24,24,24,24,24,24,24,24,24,24,24,24,24,24,24,24,24,24,24,24,24,24,24,24,24
60196e05993170084efd0f4d,6849bd55f05e364889bc9a68,VILLAGE JUICERY INC,DELIVERLOAD,False,8,8,8,8,8,8,8,8,8,8,8,8,8,8,8,8,8,8,8,8,8,8,8,8,8
60196e05993170084efd0f4d,668ff0d1d298a40e707f86aa,VISION WAREHOUSE,DELIVERLOAD,False,70,70,70,70,70,70,70,113,70,93,53,63,39,104,15,70,70,70,70,70,70,70,70,70,70
60196e05993170084efd0f4d,668ff0d1d298a40e707f86aa,VISION WAREHOUSE,DELIVERLOAD,True,75,75,75,75,75,75,75,75,75,75,75,75,75,75,75,75,75,75,75,75,75,75,75,75,75
60196e05993170084efd0f4d,668ff0d1d298a40e707f86aa,VISION WAREHOUSE,HOOKCONTAINER,False,22,22,22,22,22,22,22,22,22,22,22,22,22,22,22,22,22,22,22,22,22,22,22,22,22
60196e05993170084efd0f4d,67f55b3509a9323721980f92,VISTA GLASS,HOOKCONTAINER,False,46,46,46,46,46,46,46,46,46,46,46,46,46,46,46,46,46,46,46,46,46,46,46,46,46
60196e05993170084efd0f4d,625ec18d4885a65085cef120,VISTAPRINT NORTH AMERICAN SERV,DELIVERLOAD,False,29,29,29,29,29,29,29,29,29,29,29,29,29,29,29,29,29,29,29,29,29,29,29,29,29
60196e05993170084efd0f4d,654a9ec4d3c4f9156c2165f9,VITALAIRE CANADA INC.,DELIVERLOAD,True,71,71,71,71,71,71,71,71,71,71,71,71,71,71,71,71,71,71,71,71,71,71,71,71,71
60196e05993170084efd0f4d,6841e3b2a2694b425c40a3d6,"VOLUMETRIC LIFTING SYSTEMS, INC.",DELIVERLOAD,False,44,44,44,44,44,44,44,44,44,44,44,44,44,44,44,44,44,44,44,44,44,44,44,44,44
60196e05993170084efd0f4d,68a8728221ce0f496a8f9819,VTECH,DELIVERLOAD,False,8,8,8,8,8,8,8,8,8,8,8,8,8,8,8,8,8,8,8,8,8,8,8,8,8
60196e05993170084efd0f4d,68a8728221ce0f496a8f9819,VTECH,HOOKCONTAINER,False,42,42,42,42,42,42,42,42,42,42,42,42,42,42,42,42,42,42,42,42,42,42,42,42,42
60196e05993170084efd0f4d,6894d18f21cfcd3395504b86,VTL FOODS TRADING LTD,DELIVERLOAD,False,42,42,42,42,42,42,42,42,42,42,42,42,42,42,42,42,42,42,42,42,42,42,42,42,42
60196e05993170084efd0f4d,68545de76765f1e4c4a4fa9a,VYN INC,DELIVERLOAD,False,29,29,29,29,29,29,29,29,29,29,29,29,29,29,29,29,29,29,29,29,29,29,29,29,29
60196e05993170084efd0f4d,6060937b7eb4ea661a4335cf,WALCO EQUIPMENT LTD,DELIVERLOAD,False,29,29,29,29,29,29,29,29,29,29,29,29,29,29,29,29,29,29,29,29,29,29,29,29,29
60196e05993170084efd0f4d,68a4d896f5498efef3d1d31b,WALMART MISSISSAUGA,DELIVERLOAD,False,3,3,3,3,3,3,3,3,3,3,3,3,3,3,3,3,3,3,3,3,3,3,3,3,3
60196e05993170084efd0f4d,68a4d896f5498efef3d1d31b,WALMART MISSISSAUGA,HOOKCONTAINER,False,22,22,22,22,22,22,22,22,22,22,22,22,22,22,22,22,22,22,22,22,22,22,22,22,22
60196e05993170084efd0f4d,61fd8adc4b141b181c1c15b4,WALMART - SCM DC 7103G,DELIVERLOAD,True,71,71,71,71,71,71,71,71,71,71,71,71,71,71,71,71,71,71,71,71,71,71,71,71,71
60196e05993170084efd0f4d,61fd8adc4b141b181c1c15b4,WALMART - SCM DC 7103G,HOOKCONTAINER,False,22,22,22,22,22,22,22,22,22,22,22,22,22,22,22,22,22,22,22,22,22,22,22,22,22
60196e05993170084efd0f4d,6570f21a0c3ea5168cd4f4d6,WANSHENGHANG TRADING INC,HOOKCONTAINER,False,9,9,9,9,9,9,9,9,9,9,9,9,9,9,9,9,9,9,9,9,9,9,9,9,9
60196e05993170084efd0f4d,611abf6edf521a3763eb4bdd,WANSHENGHANG TRADING INC.,HOOKCONTAINER,False,7,7,7,7,7,7,7,7,7,7,7,7,7,7,7,7,7,7,7,7,7,7,7,7,7
60196e05993170084efd0f4d,6244c6f7e310f16bd9ac32a0,Warren Greenhouses,DELIVERLOAD,False,74,74,74,74,74,74,74,74,74,74,74,74,74,74,74,74,74,74,74,74,74,74,74,74,74
60196e05993170084efd0f4d,65131c4a0dcbf0162a4e6d2e,WATTS WATER TECHNOLOGIES (CANADA) INC.,DELIVERLOAD,False,25,25,25,25,25,25,25,25,25,25,25,25,25,25,25,25,25,25,25,25,25,25,25,25,25
60196e05993170084efd0f4d,65131c4a0dcbf0162a4e6d2e,WATTS WATER TECHNOLOGIES (CANADA) INC.,HOOKCONTAINER,False,22,22,22,22,22,22,22,22,22,22,22,22,22,22,22,22,22,22,22,22,22,22,22,22,22
60196e05993170084efd0f4d,627d372865407047ad02e318,wayfair,DELIVERLOAD,False,29,29,29,29,29,29,29,29,29,29,29,29,29,29,29,29,29,29,29,29,29,29,29,29,29
60196e05993170084efd0f4d,627d372865407047ad02e318,wayfair,HOOKCONTAINER,False,33,33,33,33,33,33,33,33,33,41,33,33,33,33,33,33,33,33,33,33,33,33,33,33,33
60196e05993170084efd0f4d,62dab747f2ce0315aeddaae3,Westmark Warehousing Services Ltd,HOOKCONTAINER,False,18,18,18,18,18,18,18,18,18,18,18,18,18,18,18,18,18,18,18,18,18,18,18,18,18
60196e05993170084efd0f4d,660d5e3ba0703772b959c251,WHOLESALE LETTERING AND CARVING LTD,DELIVERLOAD,False,52,52,52,52,52,52,52,52,52,52,52,52,52,52,52,52,52,52,52,52,52,52,52,52,52
60196e05993170084efd0f4d,660d5e3ba0703772b959c251,WHOLESALE LETTERING AND CARVING LTD,HOOKCONTAINER,False,38,38,38,38,38,38,38,38,38,38,38,38,38,38,38,38,38,38,38,38,38,38,38,38,38
60196e05993170084efd0f4d,686e87049b5923d0349f2c02,WILLIAMS SCOTSMAN INC. (WILSCOT),RETURNCONTAINER,False,7,7,7,7,7,7,7,7,7,7,7,7,7,7,7,7,7,7,7,7,7,7,7,7,7
60196e05993170084efd0f4d,6769ca36942239edaec20bf5,WINDECO BUILDING SUPPLY LTD,DELIVERLOAD,False,64,64,64,64,64,64,64,64,64,64,64,64,64,64,64,64,64,64,64,64,64,64,64,64,64
60196e05993170084efd0f4d,62dfd9901281c315d84c4f50,Windsor Transload Inc.,DELIVERLOAD,False,77,77,77,77,77,77,77,77,77,77,77,77,77,77,77,77,77,77,77,77,77,77,77,77,77
60196e05993170084efd0f4d,62dfd9901281c315d84c4f50,Windsor Transload Inc.,HOOKCONTAINER,False,22,22,22,22,22,22,22,22,22,22,22,22,22,22,22,22,22,22,22,22,22,22,22,22,22
60196e05993170084efd0f4d,60f9ede7e91d1919333d3320,WINSHAM FABRIK CANADA LTD,DELIVERLOAD,False,25,25,25,25,25,25,25,25,25,25,25,25,25,25,25,25,25,25,25,25,25,25,25,25,25
60196e05993170084efd0f4d,60f9ede7e91d1919333d3320,WINSHAM FABRIK CANADA LTD,HOOKCONTAINER,False,18,18,18,18,18,18,18,18,18,18,18,18,18,18,18,18,18,18,18,18,18,18,18,18,18
60196e05993170084efd0f4d,6463e341e8d1ee1649d85504,WINSUN LAUNDRY & LINEN SUPPLY,DELIVERLOAD,False,34,34,34,34,34,34,34,34,34,34,34,34,34,34,34,34,34,34,34,34,34,34,34,34,34
60196e05993170084efd0f4d,60f0a6b98bcb2e19af6be6ee,WOLVERINE WAREHOUSE,DELIVERLOAD,False,29,29,29,29,29,29,29,29,29,29,29,29,29,29,29,29,29,29,29,29,29,29,29,29,29
60196e05993170084efd0f4d,60f0a6b98bcb2e19af6be6ee,WOLVERINE WAREHOUSE,HOOKCONTAINER,False,22,22,22,22,22,22,22,22,22,22,22,22,22,22,22,22,22,22,22,22,22,22,22,22,22
60196e05993170084efd0f4d,61000315e17c2a3a7652ca19,WOLVERINE WAREHOUSEING DISTRIB,DELIVERLOAD,False,18,18,18,18,18,18,18,18,18,18,18,18,18,18,18,18,18,18,18,18,18,18,18,18,18
60196e05993170084efd0f4d,61000315e17c2a3a7652ca19,WOLVERINE WAREHOUSEING DISTRIB,HOOKCONTAINER,False,13,13,13,13,13,13,13,13,13,13,13,13,13,13,13,13,13,13,13,13,13,13,13,13,13
60196e05993170084efd0f4d,6761b41841cfd482ed7c8160,WOODBRIDGE GLASS DISTRIBUTION,HOOKCONTAINER,False,31,31,31,31,31,31,31,31,31,31,31,31,31,31,31,31,31,31,31,31,31,31,31,31,31
60196e05993170084efd0f4d,67f55a749eee1374af20ef52,WPTO1,DELIVERLOAD,False,22,22,22,22,22,22,22,22,22,22,22,22,22,22,22,22,22,22,22,22,22,22,22,22,22
60196e05993170084efd0f4d,67f55a749eee1374af20ef52,WPTO1,HOOKCONTAINER,False,22,22,22,22,22,22,22,22,22,22,22,22,22,22,22,22,22,22,22,22,22,22,22,22,22
60196e05993170084efd0f4d,6798ee38c01aefffc06baa87,WYO-BEN  FRESSNAP,DELIVERLOAD,False,75,75,75,75,75,75,75,72,75,75,75,75,75,75,75,75,75,75,75,75,75,75,75,75,75
60196e05993170084efd0f4d,6798ee38c01aefffc06baa87,WYO-BEN  FRESSNAP,DELIVERLOAD,True,71,71,71,71,71,71,71,51,34,44,57,84,72,62,135,86,102,71,71,71,71,71,71,71,71
60196e05993170084efd0f4d,6798ee38c01aefffc06baa87,WYO-BEN  FRESSNAP,HOOKCONTAINER,False,22,22,22,22,22,22,22,22,22,22,22,22,22,22,22,22,22,22,22,22,22,22,22,22,22
60196e05993170084efd0f4d,6798ee579ce252e567a33826,WYO-BEN  ZOOPLUS,DELIVERLOAD,False,82,82,82,82,82,82,94,99,82,93,121,82,82,82,82,82,82,82,82,82,82,82,82,82,82
60196e05993170084efd0f4d,6798ee579ce252e567a33826,WYO-BEN  ZOOPLUS,DELIVERLOAD,True,77,77,77,77,77,77,98,71,102,68,96,75,67,75,71,111,77,77,77,77,77,77,77,77,77
60196e05993170084efd0f4d,6798ee579ce252e567a33826,WYO-BEN  ZOOPLUS,HOOKCONTAINER,False,80,80,80,80,80,80,80,80,80,80,80,80,80,80,80,80,80,80,80,80,80,80,80,80,80
60196e05993170084efd0f4d,653932c7b1c72016515c05f2,XCMG CANADA,DELIVERLOAD,False,38,38,38,38,38,38,38,38,38,38,38,38,38,38,38,38,38,38,38,38,38,38,38,38,38
60196e05993170084efd0f4d,653932c7b1c72016515c05f2,XCMG CANADA,HOOKCONTAINER,False,9,9,9,9,9,9,9,9,9,9,9,9,9,9,9,9,9,9,9,9,9,9,9,9,9
60196e05993170084efd0f4d,65568e9aa0dba11609686742,YH TRADING,DELIVERLOAD,False,18,18,18,18,18,18,18,18,18,18,18,18,18,18,18,18,18,18,18,18,18,18,18,18,18
60196e05993170084efd0f4d,65568e9aa0dba11609686742,YH TRADING,HOOKCONTAINER,False,14,14,14,14,14,14,14,14,14,14,14,14,14,14,14,14,14,14,14,14,14,14,14,14,14
60196e05993170084efd0f4d,653930f31579a1168dabbc5a,YIHE,DELIVERLOAD,False,15,15,15,15,15,15,15,15,15,15,15,15,15,15,15,15,15,15,15,15,15,15,15,15,15
60196e05993170084efd0f4d,6855bfec2590767a1ce68f95,YORKDALE CENTRE TORONTO,DELIVERLOAD,False,9,9,9,9,9,9,9,9,9,9,9,9,9,9,9,9,9,9,9,9,9,9,9,9,9
60196e05993170084efd0f4d,65d8b3651a37d0de75011250,YTT GLASS LTD,DELIVERLOAD,False,22,22,22,22,22,22,22,22,22,22,22,22,22,22,22,22,22,22,22,22,22,22,22,22,22
60196e05993170084efd0f4d,65d8b3651a37d0de75011250,YTT GLASS LTD,HOOKCONTAINER,False,9,9,9,9,9,9,9,9,9,9,9,9,9,9,9,9,9,9,9,9,9,9,9,9,9
60196e05993170084efd0f4d,65569055469c5f49e81b7d7d,YYZ FULFILLMENT INC (UNIT 12),DELIVERLOAD,False,32,32,32,32,32,32,32,32,32,32,32,32,32,32,32,32,32,32,32,32,32,32,32,32,32
60196e05993170084efd0f4d,65569055469c5f49e81b7d7d,YYZ FULFILLMENT INC (UNIT 12),HOOKCONTAINER,False,68,68,68,68,68,68,68,68,68,68,68,68,68,68,68,68,68,68,68,68,68,68,68,68,68
60196e05993170084efd0f4d,685d6d83a7188ee8833f11e9,YYZJW1,DELIVERLOAD,False,6,6,6,6,6,6,6,6,6,6,6,6,6,6,6,6,6,6,6,6,6,6,6,6,6
60196e05993170084efd0f4d,685d6d83a7188ee8833f11e9,YYZJW1,HOOKCONTAINER,False,22,22,22,22,22,22,22,22,22,22,22,22,22,22,22,22,22,22,22,22,22,22,22,22,22
60196e05993170084efd0f4d,68bed9f2f0d295500fb980f1,YYZJW3,HOOKCONTAINER,False,22,22,22,22,22,22,22,22,22,22,22,22,22,22,22,22,22,22,22,22,22,22,22,22,22
60196e05993170084efd0f4d,606094fad7186317e2ed2a70,ZINCO CANADA INC,DELIVERLOAD,False,10,10,10,10,10,10,10,10,10,10,10,10,10,10,10,10,10,10,10,10,10,10,10,10,10
60196e05993170084efd0f4d,6183ba960e726d62d9738f9d,Zion stone inc,HOOKCONTAINER,False,15,15,15,15,15,15,15,15,15,15,15,15,15,15,15,15,15,15,15,15,15,15,15,15,15
60196e05993170084efd0f4d,62eae0c930b08415fb40413d,Z Marine North America LLC c/o CO2 Inflatables,DELIVERLOAD,False,78,78,78,78,78,78,78,78,78,78,78,78,78,78,78,78,78,78,78,78,78,78,78,78,78
60196e05993170084efd0f4d,6308e4f4879c8215bf731c29,Zochem Inc,DELIVERLOAD,True,140,140,140,140,140,140,140,140,140,140,140,140,140,140,140,140,140,140,140,140,140,140,140,140,140
60196e05993170084efd0f4d,68a4d367f5498efef3d0cb32,ZOTIA,DELIVERLOAD,False,29,29,29,29,29,29,29,29,29,29,29,29,29,29,29,29,29,29,29,29,29,29,29,29,29
60196e05993170084efd0f4d,68a4d367f5498efef3d0cb32,ZOTIA,HOOKCONTAINER,False,22,22,22,22,22,22,22,22,22,22,22,22,22,22,22,22,22,22,22,22,22,22,22,22,22
