carrier,customer_id,location,type,is_liveunload,waiting_time,00,01,02,03,04,05,06,07,08,09,10,11,12,13,14,15,16,17,18,19,20,21,22,23
60819676ae88e5182fc02995,68b9cd44c95ebe336912b369,ABARROTES MIXTECA,DELIVERLOAD,False,83,83,83,83,83,83,83,83,83,83,83,83,83,83,83,83,83,83,83,83,83,83,83,83,83
60819676ae88e5182fc02995,68b9cd44c95ebe336912b369,ABARROTES MIXTECA,DELIVERLOAD,True,86,86,86,86,86,86,86,86,86,86,86,86,86,86,86,86,86,86,86,86,86,86,86,86,86
60819676ae88e5182fc02995,68ac86ba0ba19db956150c33,ACCEM WAREHOUSE INC,DELIVERLOAD,False,74,74,74,74,74,74,74,74,74,74,74,74,74,74,74,74,74,74,74,74,74,74,74,74,74
60819676ae88e5182fc02995,689a41aedf0ce453f2e0f92b,ACCUMED INC,DELIVERLOAD,False,61,61,61,61,61,61,61,61,61,61,61,61,61,61,61,61,61,61,61,61,61,61,61,61,61
60819676ae88e5182fc02995,63fd2745b052f815eae97312,ADI,DELIVERLOAD,False,67,67,67,67,67,67,67,67,67,67,67,67,67,67,67,67,67,67,67,67,67,67,67,67,67
60819676ae88e5182fc02995,64ac1c6d39cd381656aa1266,ADMIXTURE - FAIRLESS HILLS,DELIVERLOAD,False,58,58,58,58,58,58,58,58,58,58,58,58,58,58,58,58,58,58,58,58,58,58,58,58,58
60819676ae88e5182fc02995,639b60ec5faad815ff6582da,A DUIE / ARKEMA,DELIVERLOAD,False,40,40,40,40,40,40,40,40,40,40,40,40,40,40,40,40,40,40,40,40,40,40,40,40,40
60819676ae88e5182fc02995,68544bd64f4e9519feee5b0d,"ADVANCED DRAINAGE SYSTEMS, INC",DELIVERLOAD,False,58,58,58,58,58,58,58,58,58,58,58,58,58,58,58,58,58,58,58,58,58,58,58,58,58
60819676ae88e5182fc02995,6855aebae26e4925e699ff00,"ADVANCED DRAINAGE SYSTEMS, INC.",DELIVERLOAD,False,58,58,58,58,58,58,58,58,58,58,58,58,58,58,58,58,58,58,58,58,58,58,58,58,58
60819676ae88e5182fc02995,6855aebae26e4925e699ff00,"ADVANCED DRAINAGE SYSTEMS, INC.",DELIVERLOAD,True,180,180,180,180,180,180,180,180,180,180,180,180,180,180,180,180,180,180,180,180,180,180,180,180,180
60819676ae88e5182fc02995,67b3830c0d2fd2d7501e4672,AEARO TECHNOLOGIES LLC,DELIVERLOAD,False,58,58,58,58,58,58,58,58,58,58,58,58,58,58,58,58,58,58,58,58,58,58,58,58,58
60819676ae88e5182fc02995,67b3830c0d2fd2d7501e4672,AEARO TECHNOLOGIES LLC,DELIVERLOAD,True,120,120,120,120,120,120,120,120,120,120,120,120,120,120,120,120,120,120,120,120,120,120,120,120,120
60819676ae88e5182fc02995,67b8d5e05517d3e370afc151,Aerocompact Inc C/o Shipitdone Warehouse,DELIVERLOAD,False,43,43,43,43,43,43,43,43,43,43,43,43,43,43,43,43,43,43,43,43,43,43,43,43,43
60819676ae88e5182fc02995,67b8d5e05517d3e370afc151,Aerocompact Inc C/o Shipitdone Warehouse,DELIVERLOAD,True,97,97,97,97,97,97,97,97,97,97,97,97,97,97,97,97,97,97,97,97,97,97,97,97,97
60819676ae88e5182fc02995,6717eb688b8e810886cb4c14,AGILENT TECHNOLOGIES,DELIVERLOAD,False,60,60,60,60,60,60,60,69,60,60,60,60,60,60,60,60,60,60,60,60,60,60,60,60,60
60819676ae88e5182fc02995,6717eb688b8e810886cb4c14,AGILENT TECHNOLOGIES,DELIVERLOAD,True,155,155,155,155,155,155,155,155,155,155,155,155,155,155,155,155,155,155,155,155,155,155,155,155,155
60819676ae88e5182fc02995,67b4f85ba6575236efa25c2e,AHLSTROM Filtration LLC,DELIVERLOAD,False,70,70,70,70,70,70,70,70,70,70,70,70,70,70,70,70,70,70,70,70,70,70,70,70,70
60819676ae88e5182fc02995,6356bb30d4b75a15a5a5125e,Ahlstrom Nonwovens LLC,DELIVERLOAD,False,53,53,53,53,53,53,53,46,53,53,53,53,53,53,53,53,53,53,53,53,53,53,53,53,53
60819676ae88e5182fc02995,6356bb30d4b75a15a5a5125e,Ahlstrom Nonwovens LLC,DELIVERLOAD,True,93,93,93,93,93,93,93,93,93,93,93,93,93,93,93,93,93,93,93,93,93,93,93,93,93
60819676ae88e5182fc02995,6480941314074b168c2094eb,AIRGAS USA LLC,DELIVERLOAD,False,28,28,28,28,28,28,28,28,28,28,28,28,28,28,28,28,28,28,28,28,28,28,28,28,28
60819676ae88e5182fc02995,6480941314074b168c2094eb,AIRGAS USA LLC,HOOKCONTAINER,False,19,19,19,19,19,19,19,19,19,19,19,19,19,19,19,19,19,19,19,19,19,19,19,19,19
60819676ae88e5182fc02995,6765850c76626c20aa048baa,AIRGAS USA LLC,DELIVERLOAD,True,32,32,32,32,32,32,32,32,32,32,32,32,32,32,32,32,32,32,32,32,32,32,32,32,32
60819676ae88e5182fc02995,6765850c76626c20aa048baa,AIRGAS USA LLC,PULLCONTAINER,False,11,11,11,11,11,11,11,11,11,11,11,11,11,11,11,11,11,11,11,11,11,11,11,11,11
60819676ae88e5182fc02995,67376f862ed0b1ed058199e4,AIR LIQUIDE ADVANCED MATERIALS,DELIVERLOAD,True,160,160,160,160,160,160,160,160,160,160,160,160,160,160,160,160,160,160,160,160,160,160,160,160,160
60819676ae88e5182fc02995,6363abf737636915db9c0306,AIR LIQUIDE ADVANCED MATERIALS dba volta,DELIVERLOAD,False,63,63,63,63,63,63,63,63,63,63,63,63,63,63,63,63,63,63,63,63,63,63,63,63,63
60819676ae88e5182fc02995,6363abf737636915db9c0306,AIR LIQUIDE ADVANCED MATERIALS dba volta,DELIVERLOAD,True,59,59,59,59,59,59,59,128,59,59,59,59,59,59,59,59,59,59,59,59,59,59,59,59,59
60819676ae88e5182fc02995,63ab6ce1babb9215d987af27,AIR LIQUIDE ADVANCED MATERIALS (PA),DELIVERLOAD,False,58,58,58,58,58,58,58,58,58,58,58,58,58,58,58,58,58,58,58,58,58,58,58,58,58
60819676ae88e5182fc02995,63ab6ce1babb9215d987af27,AIR LIQUIDE ADVANCED MATERIALS (PA),DELIVERLOAD,True,117,117,117,117,117,117,117,117,117,317,117,117,117,117,117,117,117,117,117,117,117,117,117,117,117
60819676ae88e5182fc02995,6408e75e09217d162b14a4c5,Air Liquide Electronics U.S. LP,HOOKCONTAINER,False,11,11,11,11,11,11,11,11,11,11,11,11,11,11,11,11,11,11,11,11,11,11,11,11,11
60819676ae88e5182fc02995,6841fe5e562f20eb070006eb,Ajax Tocco Magnethermic Corporation,DELIVERLOAD,True,163,163,163,163,163,163,163,163,163,163,163,163,163,163,163,163,163,163,163,163,163,163,163,163,163
60819676ae88e5182fc02995,67ffa752af56bc2a4568be76,ALADDIN BAKERS INC,DELIVERLOAD,True,97,97,97,97,97,97,97,97,97,97,97,97,97,97,97,97,97,97,97,97,97,97,97,97,97
60819676ae88e5182fc02995,632c8ebdf6450c15cc73b6c9,ALBANY SAFRAN COMPOSITES LLC,DELIVERLOAD,False,58,58,58,58,58,58,58,58,58,58,58,58,58,58,58,58,58,58,58,58,58,58,58,58,58
60819676ae88e5182fc02995,632c8ebdf6450c15cc73b6c9,ALBANY SAFRAN COMPOSITES LLC,DELIVERLOAD,True,108,108,108,108,108,108,108,108,108,108,108,108,108,108,108,108,108,108,108,108,108,108,108,108,108
60819676ae88e5182fc02995,67b609ca64985844310dfc7a,ALDRICH CHEMICALS CO LLC,DELIVERLOAD,True,111,111,111,111,111,111,111,111,111,111,111,111,111,111,111,111,111,111,111,111,111,111,111,111,111
60819676ae88e5182fc02995,68af4f5162b782b671c5b52a,"ALEXANDRIA NE, LLC",DELIVERLOAD,False,41,41,41,41,41,41,41,41,41,41,41,41,41,41,41,41,41,41,41,41,41,41,41,41,41
60819676ae88e5182fc02995,636d5201186cf715a06f2933,ALLEGION ACCESS TECHNOLOGIES LLC,DELIVERLOAD,False,83,83,83,83,83,83,83,83,83,83,83,83,83,83,83,83,83,83,83,83,83,83,83,83,83
60819676ae88e5182fc02995,68669d7ab6cba0fbb40deab6,ALLIANCE SHEETS LLC,DELIVERLOAD,True,59,59,59,59,59,59,59,59,59,59,59,59,59,59,59,59,59,59,59,59,59,59,59,59,59
60819676ae88e5182fc02995,68751d0b57ac4fd8c5dc15ec,ALLIED CONVERTERS,DELIVERLOAD,False,75,75,75,75,75,75,75,75,75,75,75,75,75,75,75,75,75,75,75,75,75,75,75,75,75
60819676ae88e5182fc02995,633de7d1c2dd7b15cf70207f,ALL ROUND FOODS,DELIVERLOAD,False,58,58,58,58,58,58,58,58,58,58,58,58,58,58,58,58,58,58,58,58,58,58,58,58,58
60819676ae88e5182fc02995,633de7d1c2dd7b15cf70207f,ALL ROUND FOODS,DELIVERLOAD,True,148,148,148,148,148,148,148,145,148,148,148,148,148,148,148,148,148,148,148,148,148,148,148,148,148
60819676ae88e5182fc02995,686ec51658fcae111d4f576a,ALL SEASON GLOBAL SOLUTIONS,DELIVERLOAD,False,58,58,58,58,58,58,58,58,58,58,58,58,58,58,58,58,58,58,58,58,58,58,58,58,58
60819676ae88e5182fc02995,686ec51658fcae111d4f576a,ALL SEASON GLOBAL SOLUTIONS,HOOKCONTAINER,False,50,50,50,50,50,50,50,50,50,50,50,50,50,50,50,50,50,50,50,50,50,50,50,50,50
60819676ae88e5182fc02995,65c2448cc02489359c0491a1,ALTUGLAS LLC,DELIVERLOAD,False,58,58,58,58,58,58,58,58,58,58,58,58,58,58,58,58,58,58,58,58,58,58,58,58,58
60819676ae88e5182fc02995,65c2448cc02489359c0491a1,ALTUGLAS LLC,HOOKCONTAINER,False,19,19,19,19,19,19,19,19,19,19,19,19,19,19,19,19,19,19,19,19,19,19,19,19,19
60819676ae88e5182fc02995,68a5b8e0765e1952bc51687e,Amazon Fulfillment Center - IUST,DELIVERLOAD,True,97,97,97,97,97,97,97,97,97,97,97,97,97,97,97,97,97,97,97,97,97,97,97,97,97
60819676ae88e5182fc02995,680ba5404e7be11a359f1950,Amazon Fulfillment Center WBW2,DELIVERLOAD,False,58,58,58,58,58,58,58,58,58,58,58,58,58,58,58,58,58,58,58,58,58,58,58,58,58
60819676ae88e5182fc02995,662fbf28bf8eb4cf8f12cc50,AMERICAN DAWN INC,DELIVERLOAD,True,97,97,97,97,97,97,97,97,97,97,97,97,97,97,97,97,97,97,97,97,97,97,97,97,97
60819676ae88e5182fc02995,632e13fe3cb96915afcb41bb,AMERICAN FOUNDATION FOR CHILDREN,DELIVERLOAD,False,62,62,62,62,62,62,62,62,62,62,62,62,62,62,62,62,62,62,62,62,62,62,62,62,62
60819676ae88e5182fc02995,632e13fe3cb96915afcb41bb,AMERICAN FOUNDATION FOR CHILDREN,DELIVERLOAD,True,146,146,146,146,146,146,146,146,146,146,146,146,146,146,146,146,146,146,146,146,146,146,146,146,146
60819676ae88e5182fc02995,68b0a92b9d29e34bd628058c,American Spraytech,DELIVERLOAD,True,97,97,97,97,97,97,97,97,97,97,97,97,97,97,97,97,97,97,97,97,97,97,97,97,97
60819676ae88e5182fc02995,6842ec6a45e31444d5e7da5a,AMERICHANVRE LLC,DELIVERLOAD,False,58,58,58,58,58,58,58,58,58,58,58,58,58,58,58,58,58,58,58,58,58,58,58,58,58
60819676ae88e5182fc02995,66d777a1547ca44516796b53,AMERICOLD,DELIVERLOAD,False,58,58,58,58,58,58,58,58,58,58,58,58,58,58,58,58,58,58,58,58,58,58,58,58,58
60819676ae88e5182fc02995,65089cef11e97f15c07fa12d,AMERICOLD FOGELSVILLE,DELIVERLOAD,False,58,58,58,58,58,58,58,58,58,58,58,58,58,58,58,58,58,58,58,58,58,58,58,58,58
60819676ae88e5182fc02995,65089cef11e97f15c07fa12d,AMERICOLD FOGELSVILLE,DELIVERLOAD,True,144,144,144,144,144,144,116,144,144,144,144,144,144,195,144,144,144,144,165,144,144,144,144,144,144
60819676ae88e5182fc02995,6722912313dc1733945e6639,AMERICOLD HATFIELD,DELIVERLOAD,False,58,58,58,58,58,58,58,58,58,58,58,58,58,58,58,58,58,58,58,58,58,58,58,58,58
60819676ae88e5182fc02995,6722912313dc1733945e6639,AMERICOLD HATFIELD,DELIVERLOAD,True,156,156,156,156,156,156,156,156,156,156,156,156,156,156,156,156,156,156,156,156,156,156,156,156,156
60819676ae88e5182fc02995,6825e909aba51fd065098f3c,AMERICOLD LOGISTICS,DELIVERLOAD,False,58,58,58,58,58,58,58,58,58,58,58,58,58,58,58,58,58,58,58,58,58,58,58,58,58
60819676ae88e5182fc02995,682de55ad64c9170844477b8,AMERIFILM CONVERTERS,DELIVERLOAD,False,66,66,66,66,66,66,66,66,66,66,66,66,66,66,66,66,66,66,66,66,66,66,66,66,66
60819676ae88e5182fc02995,67b4d6761b59635adcd3dc08,Amgad Hanna,DELIVERLOAD,True,110,110,110,110,110,110,110,110,110,110,110,110,110,110,110,110,110,110,110,110,110,110,110,110,110
60819676ae88e5182fc02995,6862a87f9f600acb9f8b396f,AMS EAST FULFILLMENT,DELIVERLOAD,False,86,86,86,86,86,86,86,86,86,86,86,86,86,86,86,86,86,86,86,86,86,86,86,86,86
60819676ae88e5182fc02995,67f563c7cb052644f4ace00e,ANDRITZ INC,DELIVERLOAD,True,42,42,42,42,42,42,42,42,42,42,42,42,42,42,42,42,42,42,42,42,42,42,42,42,42
60819676ae88e5182fc02995,634070339e3ee115a7c2c3ec,ANHEUSER-BUSCH INCORPORATED,DELIVERLOAD,False,58,58,58,58,58,58,58,58,58,58,58,58,58,58,58,58,58,58,58,58,58,58,58,58,58
60819676ae88e5182fc02995,634070339e3ee115a7c2c3ec,ANHEUSER-BUSCH INCORPORATED,DELIVERLOAD,True,97,97,97,97,97,97,97,97,97,97,97,97,97,97,97,97,97,97,97,97,97,97,97,97,97
60819676ae88e5182fc02995,689360d6ec5286ad62789a06,ANTHONY PRINCIPATO,DELIVERLOAD,False,58,58,58,58,58,58,58,58,58,58,58,58,58,58,58,58,58,58,58,58,58,58,58,58,58
60819676ae88e5182fc02995,681ced601c3e74343a7ea53c,ANYU- FAST & CO Crytsal warehouse,DELIVERLOAD,True,97,97,97,97,97,97,97,97,97,97,97,97,97,97,97,97,97,97,97,97,97,97,97,97,97
60819676ae88e5182fc02995,6793b5fd019fadf2df5f2622,Apex Logistics International Inc.,DELIVERLOAD,False,58,58,58,58,58,58,58,58,58,58,58,58,58,58,58,58,58,58,58,58,58,58,58,58,58
60819676ae88e5182fc02995,6793b5fd019fadf2df5f2622,Apex Logistics International Inc.,DELIVERLOAD,True,83,83,83,83,83,83,83,83,83,83,83,83,83,83,83,83,83,83,83,83,83,83,83,83,83
60819676ae88e5182fc02995,68260ecb0c4f3372379c17eb,AP&G CO INC,DELIVERLOAD,False,58,58,58,58,58,58,58,58,58,58,58,58,58,58,58,58,58,58,58,58,58,58,58,58,58
60819676ae88e5182fc02995,65f9aa09109a78500231ecd4,APM,DELIVERLOAD,True,44,44,44,44,44,44,44,44,44,44,44,44,44,44,44,44,44,44,44,44,44,44,44,44,44
60819676ae88e5182fc02995,65f9aa09109a78500231ecd4,APM,DROPCONTAINER,False,24,24,24,24,24,24,24,24,24,24,24,24,24,24,24,35,52,24,24,24,24,24,24,24,24
60819676ae88e5182fc02995,65f9aa09109a78500231ecd4,APM,PULLCONTAINER,False,41,41,41,41,41,64,46,40,55,41,53,43,46,44,45,38,33,25,22,8,41,41,41,41,41
60819676ae88e5182fc02995,65f9aa09109a78500231ecd4,APM,RETURNCONTAINER,False,33,33,33,33,33,56,29,40,27,28,25,35,38,36,34,35,34,38,24,33,33,33,33,33,33
60819676ae88e5182fc02995,67658561e4dad7db2e7e8e47,APM TERMINALS PACIFIC,DELIVERLOAD,False,30,30,30,30,30,30,30,30,30,30,30,30,30,30,30,30,30,30,30,30,30,30,30,30,30
60819676ae88e5182fc02995,63ea6852670ace15daac2123,APTAR GROUP INC,DELIVERLOAD,True,97,97,97,97,97,97,97,97,97,97,97,97,97,97,97,97,97,97,97,97,97,97,97,97,97
60819676ae88e5182fc02995,66a1603739affa98ff1f1f8f,Arch Chemicals Rochester Plant,DELIVERLOAD,False,86,86,86,86,86,86,86,86,86,86,86,86,86,86,86,86,86,86,86,86,86,86,86,86,86
60819676ae88e5182fc02995,66a1603739affa98ff1f1f8f,Arch Chemicals Rochester Plant,DELIVERLOAD,True,124,124,124,124,124,124,124,128,126,121,124,124,124,124,124,124,124,124,124,124,124,124,124,124,124
60819676ae88e5182fc02995,63726ee5ad59fa15c335b77c,ARKEMA INC,DELIVERLOAD,False,58,58,58,58,58,58,58,58,58,58,58,58,58,58,58,58,58,58,58,58,58,58,58,58,58
60819676ae88e5182fc02995,63726ee5ad59fa15c335b77c,ARKEMA INC,DELIVERLOAD,True,95,95,95,95,95,95,95,95,95,95,95,95,95,95,95,95,95,95,95,95,95,95,95,95,95
60819676ae88e5182fc02995,66674e11deb08263cf93e9df,ARMOR- IIMAK 1927,DELIVERLOAD,False,35,35,35,35,35,35,35,35,35,35,35,35,35,35,35,35,35,35,35,35,35,35,35,35,35
60819676ae88e5182fc02995,66674e11deb08263cf93e9df,ARMOR- IIMAK 1927,DELIVERLOAD,True,30,30,30,30,30,30,30,30,30,30,30,30,30,30,30,30,30,30,30,30,30,30,30,30,30
60819676ae88e5182fc02995,648b43fa91466815d885061b,ARMOR- IIMAK 401,DELIVERLOAD,False,68,68,68,68,68,68,68,68,68,68,68,68,68,68,68,68,68,68,68,68,68,68,68,68,68
60819676ae88e5182fc02995,648b43fa91466815d885061b,ARMOR- IIMAK 401,DELIVERLOAD,True,67,67,67,67,67,67,67,67,67,67,67,67,67,67,67,67,67,67,67,67,67,67,67,67,67
60819676ae88e5182fc02995,67f6be6c6c3c6f5209d15ab2,Arnoff Global Logistics,DELIVERLOAD,True,48,48,48,48,48,48,48,48,48,48,48,48,48,48,48,48,48,48,48,48,48,48,48,48,48
60819676ae88e5182fc02995,6822592707ce176b0537b74a,AROUND THE CLOCK,DELIVERLOAD,False,58,58,58,58,58,58,58,58,58,58,58,58,58,58,58,58,58,58,58,58,58,58,58,58,58
60819676ae88e5182fc02995,68926cd4d3662fa5c887f531,ART CULINAIRE,DELIVERLOAD,False,58,58,58,58,58,58,58,58,58,58,58,58,58,58,58,58,58,58,58,58,58,58,58,58,58
60819676ae88e5182fc02995,68222d4eaab07e0f02fed1fc,ARTFORMS INC,DELIVERLOAD,True,101,101,101,101,101,101,101,101,101,101,101,101,101,101,101,101,101,101,101,101,101,101,101,101,101
60819676ae88e5182fc02995,636170532477f615fd5512a9,ARXADA / ARCH CHEMICALS,DELIVERLOAD,False,58,58,58,58,58,58,58,58,58,58,58,58,58,58,58,58,58,58,58,58,58,58,58,58,58
60819676ae88e5182fc02995,636170532477f615fd5512a9,ARXADA / ARCH CHEMICALS,DELIVERLOAD,True,82,82,82,82,82,82,82,80,112,82,82,82,82,82,82,82,82,82,82,82,82,82,82,82,82
60819676ae88e5182fc02995,6425aa83d0c7f41607bcb701,ARXADA LLC,DELIVERLOAD,True,178,178,178,178,178,178,178,178,145,178,178,178,178,178,178,178,178,178,178,178,178,178,178,178,178
60819676ae88e5182fc02995,647f90a23a01c615c37d5e8d,ARXADA WILLIAMSPORT PLANT,DELIVERLOAD,False,78,78,78,78,78,78,80,87,86,57,78,78,78,78,78,78,78,78,78,78,78,78,78,78,78
60819676ae88e5182fc02995,647f90a23a01c615c37d5e8d,ARXADA WILLIAMSPORT PLANT,DELIVERLOAD,True,110,110,110,110,110,110,110,101,104,115,110,110,110,110,110,110,110,110,110,110,110,110,110,110,110
60819676ae88e5182fc02995,647f90a23a01c615c37d5e8d,ARXADA WILLIAMSPORT PLANT,HOOKCONTAINER,False,36,36,36,36,36,36,36,36,36,36,36,36,36,36,36,36,36,36,36,36,36,36,36,36,36
60819676ae88e5182fc02995,66b131df5ec3ce98e5451d5a,ASAHI/AMERICA INC,DELIVERLOAD,False,89,89,89,89,89,89,89,89,89,89,89,89,89,89,89,89,89,89,89,89,89,89,89,89,89
60819676ae88e5182fc02995,66b131df5ec3ce98e5451d5a,ASAHI/AMERICA INC,DELIVERLOAD,True,76,76,76,76,76,76,76,76,76,76,76,76,76,76,76,76,76,76,76,76,76,76,76,76,76
60819676ae88e5182fc02995,67880eafb607413cd644fd78,Asbury Graphite Mills,DELIVERLOAD,False,30,30,30,30,30,30,30,30,30,30,30,30,30,30,30,30,30,30,30,30,30,30,30,30,30
60819676ae88e5182fc02995,67880eafb607413cd644fd78,Asbury Graphite Mills,HOOKCONTAINER,False,6,6,6,6,6,6,6,6,6,6,6,6,6,6,6,6,6,6,6,6,6,6,6,6,6
60819676ae88e5182fc02995,6740f1a4ac74b6001dab8684,ASCENT PHARMACEUTICALS,DELIVERLOAD,False,58,58,58,58,58,58,58,58,58,58,58,58,58,58,58,58,58,58,58,58,58,58,58,58,58
60819676ae88e5182fc02995,6740f1a4ac74b6001dab8684,ASCENT PHARMACEUTICALS,DELIVERLOAD,True,38,38,38,38,38,38,38,38,38,38,38,38,38,38,38,38,38,38,38,38,38,38,38,38,38
60819676ae88e5182fc02995,6792995428d53f550eeeb255,ASPIRE PHARMCEUTICALS,DELIVERLOAD,True,158,158,158,158,158,158,158,158,158,158,158,158,158,158,158,158,158,158,158,158,158,158,158,158,158
60819676ae88e5182fc02995,67b8899682ebb570406722d7,ATLANTIC CAPES FISHERIES,DELIVERLOAD,True,97,97,97,97,97,97,97,97,97,97,97,97,97,97,97,97,97,97,97,97,97,97,97,97,97
60819676ae88e5182fc02995,66abf5a280d2613ecddfdcb0,ATLANTIC METALS & ALLOYS LLC,DELIVERLOAD,False,47,47,47,47,47,47,47,47,47,47,47,47,47,47,47,47,47,47,47,47,47,47,47,47,47
60819676ae88e5182fc02995,66abf5a280d2613ecddfdcb0,ATLANTIC METALS & ALLOYS LLC,DELIVERLOAD,True,148,148,148,148,148,148,148,148,148,148,148,148,148,148,148,148,148,148,148,148,148,148,148,148,148
60819676ae88e5182fc02995,6849e4851ec0dfd617f7410a,ATOMIC ANT CONSTRUCTION,DELIVERLOAD,True,97,97,97,97,97,97,97,97,97,97,97,97,97,97,97,97,97,97,97,97,97,97,97,97,97
60819676ae88e5182fc02995,6813cdc129acd710de7a9225,ATS Healthcare,DELIVERLOAD,True,125,125,125,125,125,125,125,125,125,125,125,125,125,125,125,125,125,125,125,125,125,125,125,125,125
60819676ae88e5182fc02995,676d655ebb064fbf04b52c95,ATS WORKHOLDING,DELIVERLOAD,True,94,94,94,94,94,94,94,94,94,94,94,94,94,94,94,94,94,94,94,94,94,94,94,94,94
60819676ae88e5182fc02995,67c5db07978781bb4afe5341,AUGUST WINTERS - SOUTH ENTRANCE,DELIVERLOAD,False,58,58,58,58,58,58,58,58,58,58,58,58,58,58,58,58,58,58,58,58,58,58,58,58,58
60819676ae88e5182fc02995,67c5db07978781bb4afe5341,AUGUST WINTERS - SOUTH ENTRANCE,DROPCONTAINER,False,33,33,33,33,33,33,33,33,33,33,33,33,33,33,33,33,33,33,33,33,33,33,33,33,33
60819676ae88e5182fc02995,64c973b3ee34d43d0b4e30c6,AUROBINDO PHARMA USA,DELIVERLOAD,True,38,38,38,38,38,38,38,38,38,38,38,38,38,38,38,38,38,38,38,38,38,38,38,38,38
60819676ae88e5182fc02995,659d8498d62e44167c6aad05,Autoneum North America,DELIVERLOAD,False,57,57,57,57,57,57,58,73,17,57,57,57,57,57,57,57,57,57,57,57,57,57,57,57,57
60819676ae88e5182fc02995,659d8498d62e44167c6aad05,Autoneum North America,DELIVERLOAD,True,103,103,103,103,103,103,103,103,103,103,103,103,103,103,103,103,103,103,103,103,103,103,103,103,103
60819676ae88e5182fc02995,659d8498d62e44167c6aad05,Autoneum North America,DROPCONTAINER,False,45,45,45,45,45,45,45,45,45,45,45,45,45,45,45,45,45,45,45,45,45,45,45,45,45
60819676ae88e5182fc02995,64aee08f07036516dac082e0,"Avantor Performance Materials, LLC",DELIVERLOAD,False,58,58,58,58,58,58,58,58,58,58,58,58,58,58,58,58,58,58,58,58,58,58,58,58,58
60819676ae88e5182fc02995,64aee08f07036516dac082e0,"Avantor Performance Materials, LLC",HOOKCONTAINER,False,19,19,19,19,19,19,19,19,19,19,19,19,19,19,19,19,19,19,19,19,19,19,19,19,19
60819676ae88e5182fc02995,63875ac8bcbea515dc03f658,AVET PHARMACEUTICALS LAB,DELIVERLOAD,False,58,58,58,58,58,58,58,58,58,58,58,58,58,58,58,58,58,58,58,58,58,58,58,58,58
60819676ae88e5182fc02995,63875ac8bcbea515dc03f658,AVET PHARMACEUTICALS LAB,DELIVERLOAD,True,58,58,58,58,58,58,58,58,58,58,58,58,58,58,58,58,58,58,58,58,58,58,58,58,58
60819676ae88e5182fc02995,686597663c307b28d9548161,BAKER GROUP,DELIVERLOAD,False,8,8,8,8,8,8,8,8,8,8,8,8,8,8,8,8,8,8,8,8,8,8,8,8,8
60819676ae88e5182fc02995,686597663c307b28d9548161,BAKER GROUP,HOOKCONTAINER,False,27,27,27,27,27,27,27,27,27,27,27,27,27,27,27,27,27,27,27,27,27,27,27,27,27
60819676ae88e5182fc02995,682620f68ad60e9703210b1e,BARENTZ,DELIVERLOAD,False,62,62,62,62,62,62,62,62,62,62,62,62,62,62,62,62,62,62,62,62,62,62,62,62,62
60819676ae88e5182fc02995,67a6636fab87ff5835e545ec,"BAUER, INC.",DELIVERLOAD,True,33,33,33,33,33,33,33,33,33,33,33,33,33,33,33,33,33,33,33,33,33,33,33,33,33
60819676ae88e5182fc02995,68507edba4e271a2977f65ef,BAXTER HEALTHCARE INTL,DELIVERLOAD,False,58,58,58,58,58,58,58,58,58,58,58,58,58,58,58,58,58,58,58,58,58,58,58,58,58
60819676ae88e5182fc02995,68507edba4e271a2977f65ef,BAXTER HEALTHCARE INTL,DELIVERLOAD,True,69,69,69,69,69,69,195,69,69,69,69,69,69,69,69,69,69,69,69,69,69,69,69,69,69
60819676ae88e5182fc02995,6601c0e9af3d1b91cd89e0dd,BAYER CROPSCIENCE LP,DELIVERLOAD,True,135,135,135,135,135,135,135,135,135,135,135,135,135,135,135,135,135,135,135,135,135,135,135,135,135
60819676ae88e5182fc02995,6842ff03effe47f9b8fa61ce,BAYONNE CHASSIS DEPOT,CHASSISPICK,False,30,30,30,30,30,30,30,30,30,30,30,30,30,30,30,30,30,30,30,30,30,30,30,30,30
60819676ae88e5182fc02995,66fd86e39e324244c18a22c4,BBA C/O DIESEL TRANSPORT,DELIVERLOAD,False,72,72,72,72,72,72,72,72,72,72,72,72,72,72,72,72,72,72,72,72,72,72,72,72,72
60819676ae88e5182fc02995,66fd86e39e324244c18a22c4,BBA C/O DIESEL TRANSPORT,DELIVERLOAD,True,158,158,158,158,158,158,158,158,158,158,158,158,158,158,158,158,158,158,158,158,158,158,158,158,158
60819676ae88e5182fc02995,680151fbfa4665efefa3f1f1,"BEATRICE HOME FASHIONS, INC",DELIVERLOAD,False,58,58,58,58,58,58,58,58,58,58,58,58,58,58,58,58,58,58,58,58,58,58,58,58,58
60819676ae88e5182fc02995,685c0e56d3b50bda7f882317,BECAUSE MARKET,DELIVERLOAD,False,58,58,58,58,58,58,58,58,58,58,58,58,58,58,58,58,58,58,58,58,58,58,58,58,58
60819676ae88e5182fc02995,685c0e56d3b50bda7f882317,BECAUSE MARKET,DELIVERLOAD,True,97,97,97,97,97,97,97,97,97,97,97,97,97,97,97,97,97,97,97,97,97,97,97,97,97
60819676ae88e5182fc02995,683625422a414f16f0e4de0b,BEDFORD REINFORCED PLASTICS,DELIVERLOAD,False,43,43,43,43,43,43,43,43,43,43,43,43,43,43,43,43,43,43,43,43,43,43,43,43,43
60819676ae88e5182fc02995,683625422a414f16f0e4de0b,BEDFORD REINFORCED PLASTICS,DELIVERLOAD,True,50,50,50,50,50,50,50,53,50,50,50,50,50,50,50,50,50,50,50,50,50,50,50,50,50
60819676ae88e5182fc02995,678e97a5a7014afbe311e2cf,Bedgear Llc,DELIVERLOAD,False,34,34,34,34,34,34,34,34,34,34,34,34,34,34,34,34,34,34,34,34,34,34,34,34,34
60819676ae88e5182fc02995,678e97a5a7014afbe311e2cf,Bedgear Llc,HOOKCONTAINER,False,14,14,14,14,14,14,14,14,14,14,14,14,14,14,14,14,14,14,14,14,14,14,14,14,14
60819676ae88e5182fc02995,67b772fb69f1c095a64ad2ae,BEDOUKIAN RESEARCH INC,DELIVERLOAD,False,54,54,54,54,54,54,54,54,54,54,54,54,54,54,54,54,54,54,54,54,54,54,54,54,54
60819676ae88e5182fc02995,67b772fb69f1c095a64ad2ae,BEDOUKIAN RESEARCH INC,DELIVERLOAD,True,52,52,52,52,52,52,52,52,52,52,52,52,52,52,52,52,52,52,52,52,52,52,52,52,52
60819676ae88e5182fc02995,678ff315b8134707c2cbcf98,BEECH NUT NUTRITION,DELIVERLOAD,False,67,67,67,67,67,67,67,67,69,67,67,67,67,67,67,67,67,67,67,67,67,67,67,67,67
60819676ae88e5182fc02995,678ff315b8134707c2cbcf98,BEECH NUT NUTRITION,DELIVERLOAD,True,97,97,97,97,97,97,97,97,97,97,97,97,97,97,97,97,97,97,97,97,97,97,97,97,97
60819676ae88e5182fc02995,678ab49e716118feaedb3c10,BEECH-NUT NUTRITION CORP,DELIVERLOAD,False,58,58,58,58,58,58,58,58,58,58,58,58,58,58,58,58,58,58,58,58,58,58,58,58,58
60819676ae88e5182fc02995,68248d99d61bcf55105dc957,BEKAERT CORPORATION ORRVILLE,DELIVERLOAD,True,97,97,97,97,97,97,97,97,97,97,97,97,97,97,97,97,97,97,97,97,97,97,97,97,97
60819676ae88e5182fc02995,665a0d09cbc5b9cef406852b,BELKNAP WHITE GROUP,DELIVERLOAD,False,56,56,56,56,56,56,56,56,56,56,56,56,56,56,56,56,56,56,56,56,56,56,56,56,56
60819676ae88e5182fc02995,665a0d09cbc5b9cef406852b,BELKNAP WHITE GROUP,DELIVERLOAD,True,31,31,31,31,31,31,31,31,31,31,31,31,31,31,31,31,31,31,31,31,31,31,31,31,31
60819676ae88e5182fc02995,685567bc4cf9123a4bc434ea,BELTRAM RESTURANTS SERVICES,DELIVERLOAD,False,58,58,58,58,58,58,58,58,58,58,58,58,58,58,58,58,58,58,58,58,58,58,58,58,58
60819676ae88e5182fc02995,6560caf7d9b5a5168326d04e,"BERJE, INC",DELIVERLOAD,False,58,58,58,58,58,58,58,58,58,58,58,58,58,58,58,58,58,58,58,58,58,58,58,58,58
60819676ae88e5182fc02995,6830d1a5e3243ec6851920d4,BEST CHOICE,RETURNCONTAINER,False,73,73,73,73,73,73,73,73,73,73,73,73,73,73,73,73,73,73,73,73,73,73,73,73,73
60819676ae88e5182fc02995,636d6939186cf715a06f3d22,"BETAR, INC",DELIVERLOAD,False,76,76,76,76,76,76,76,76,76,76,76,76,76,76,76,76,76,76,76,76,76,76,76,76,76
60819676ae88e5182fc02995,68827435a4f080621e479ff5,BEUMER CORPORATION C/O TJX DISTRIBUTION CENTER,DELIVERLOAD,False,58,58,58,58,58,58,58,58,58,58,58,58,58,58,58,58,58,58,58,58,58,58,58,58,58
60819676ae88e5182fc02995,68827435a4f080621e479ff5,BEUMER CORPORATION C/O TJX DISTRIBUTION CENTER,DELIVERLOAD,True,97,97,97,97,97,97,97,97,97,97,97,97,97,97,97,97,97,97,97,97,97,97,97,97,97
60819676ae88e5182fc02995,67db2485bd2d1dceb03a30b7,BGF INDUSTRIES INC,DELIVERLOAD,True,152,152,152,152,152,152,152,152,152,152,152,152,152,152,152,152,152,152,152,152,152,152,152,152,152
60819676ae88e5182fc02995,6797ca87faa2267f71995338,BHB DISTRIBUTORS INC,DELIVERLOAD,False,58,58,58,58,58,58,58,58,58,58,58,58,58,58,58,58,58,58,58,58,58,58,58,58,58
60819676ae88e5182fc02995,670ecf2ee9f7f9ece230e676,BIC CONSUMER PRODUCTS USA,DELIVERLOAD,False,73,73,73,73,73,90,71,73,73,73,73,73,73,73,73,73,73,73,73,73,73,73,73,73,73
60819676ae88e5182fc02995,670ecf2ee9f7f9ece230e676,BIC CONSUMER PRODUCTS USA,DELIVERLOAD,True,131,131,131,131,131,162,131,131,131,131,131,131,131,131,131,131,131,131,131,131,131,131,131,131,131
60819676ae88e5182fc02995,670ecf2ee9f7f9ece230e676,BIC CONSUMER PRODUCTS USA,DROPCONTAINER,False,19,19,19,19,19,19,19,19,19,19,19,19,19,19,19,19,19,19,19,19,19,19,19,19,19
60819676ae88e5182fc02995,67b4cbabe7d0f974a735fd96,BIC Corp APP,DELIVERLOAD,False,69,69,69,69,69,69,69,69,69,69,69,69,69,69,69,69,69,69,69,69,69,69,69,69,69
60819676ae88e5182fc02995,6786e3fe5e735b5e6fa51d09,BIOTOUCH,DELIVERLOAD,False,58,58,58,58,58,58,58,58,58,58,58,58,58,58,58,58,58,58,58,58,58,58,58,58,58
60819676ae88e5182fc02995,6333021fddeb7415b2ae0d6a,BITZER SCROLL INC,DELIVERLOAD,True,80,80,80,80,80,80,80,80,80,80,80,80,80,80,80,80,80,80,80,80,80,80,80,80,80
60819676ae88e5182fc02995,681906b6c61d017c499f5824,B&J GROUP,DELIVERLOAD,True,104,104,104,104,104,104,104,104,104,104,104,104,104,104,104,104,104,104,104,104,104,104,104,104,104
60819676ae88e5182fc02995,64fa0b7d498f4f15decdb9ae,Blaser Swisslube,DELIVERLOAD,False,58,58,58,58,58,58,58,58,58,58,58,58,58,58,58,58,58,58,58,58,58,58,58,58,58
60819676ae88e5182fc02995,64fa0b7d498f4f15decdb9ae,Blaser Swisslube,DELIVERLOAD,True,40,40,40,40,40,40,40,40,40,40,40,40,40,40,40,40,40,40,40,40,40,40,40,40,40
60819676ae88e5182fc02995,679bafb4676bd40fab2a3287,Blitz Transportation,DROPCONTAINER,False,11,11,11,11,11,11,11,11,11,11,11,12,11,11,11,11,11,11,11,11,11,11,11,11,11
60819676ae88e5182fc02995,679bafb4676bd40fab2a3287,Blitz Transportation,HOOKCONTAINER,False,23,23,23,23,23,23,23,23,23,23,23,23,23,23,23,23,23,23,23,23,23,23,23,23,23
60819676ae88e5182fc02995,679bafb4676bd40fab2a3287,Blitz Transportation,PULLCONTAINER,False,48,48,48,48,48,48,48,48,48,48,48,48,48,48,48,48,48,48,48,48,48,48,48,48,48
60819676ae88e5182fc02995,679bafb4676bd40fab2a3287,Blitz Transportation,RETURNCONTAINER,False,16,16,16,16,16,47,55,16,13,17,14,13,16,20,12,17,22,16,16,16,16,16,16,16,16
60819676ae88e5182fc02995,6717b945e22f46233f8eb6c5,BMS LOGISTICS,DELIVERLOAD,False,58,58,58,58,58,58,58,58,58,58,58,58,58,58,58,58,58,58,58,58,58,58,58,58,58
60819676ae88e5182fc02995,67897b1f6fc07a16842e07fa,BNE READING,DELIVERLOAD,True,153,153,153,153,153,153,153,153,153,153,153,153,153,153,153,153,153,153,153,153,153,153,153,153,153
60819676ae88e5182fc02995,6841ab7856063ad1ab0a5237,BNZ MATERIALS INC,DELIVERLOAD,True,60,60,60,60,60,60,60,60,60,60,60,60,60,60,60,60,60,60,60,60,60,60,60,60,60
60819676ae88e5182fc02995,67e30e2ed33a2d22858e819c,BOLLORE LOGISTICS USA,DELIVERLOAD,False,58,58,58,58,58,58,58,58,58,58,58,58,58,58,58,58,58,58,58,58,58,58,58,58,58
60819676ae88e5182fc02995,6899e26c911d5afb00afe3d3,BRANCH RIVER FACILITY,DELIVERLOAD,True,101,101,101,101,101,101,101,101,101,101,101,101,101,101,101,101,101,101,101,101,101,101,101,101,101
60819676ae88e5182fc02995,685c3db0fafb9a23c0c5f189,BRESCOME BARTON INC- NEW HAVEN CT,DELIVERLOAD,False,34,34,34,34,34,34,34,34,34,34,34,34,34,34,34,34,34,34,34,34,34,34,34,34,34
60819676ae88e5182fc02995,685c3db0fafb9a23c0c5f189,BRESCOME BARTON INC- NEW HAVEN CT,DELIVERLOAD,True,55,55,55,55,55,55,55,55,55,55,55,55,55,55,55,55,55,55,55,55,55,55,55,55,55
60819676ae88e5182fc02995,67adf6dfd0c5bd346b48e8b0,BRIDGETON NDC WAREHOUSE ORG,DELIVERLOAD,False,13,13,13,13,13,13,13,18,16,13,13,13,13,13,13,13,13,13,13,13,13,13,13,13,13
60819676ae88e5182fc02995,67adf6dfd0c5bd346b48e8b0,BRIDGETON NDC WAREHOUSE ORG,HOOKCONTAINER,False,6,6,6,6,6,6,6,6,6,6,6,6,6,6,6,6,6,6,6,6,6,6,6,6,6
60819676ae88e5182fc02995,6792b8ad5fc52f20ff4ab8b9,BRIGHT RIDGE FRAME S/O LIGHTWE,DELIVERLOAD,True,79,79,79,79,79,79,79,79,79,79,79,79,79,79,79,79,79,79,79,79,79,79,79,79,79
60819676ae88e5182fc02995,67d341dcd8ddc2d80cfaded2,Brooklyn stucco and EIFS Supply Corp,DELIVERLOAD,True,169,169,169,169,169,169,169,169,169,169,169,169,169,169,169,169,169,169,169,169,169,169,169,169,169
60819676ae88e5182fc02995,68389f319fe57d39329ad4d0,BROOKS WAREHOUSE,DELIVERLOAD,False,44,44,44,44,44,44,44,44,44,44,44,44,44,44,44,44,44,44,44,44,44,44,44,44,44
60819676ae88e5182fc02995,6824e5da72c483c309ab0ab3,"Brotherhood America's Oldest Winery,",DELIVERLOAD,False,58,58,58,58,58,58,58,58,58,58,58,58,58,58,58,58,58,58,58,58,58,58,58,58,58
60819676ae88e5182fc02995,6824e5da72c483c309ab0ab3,"Brotherhood America's Oldest Winery,",DELIVERLOAD,True,100,100,100,100,100,100,100,100,100,100,100,100,100,100,100,100,100,100,100,100,100,100,100,100,100
60819676ae88e5182fc02995,6351add1aa004615b4312ece,BRUKER OST,DELIVERLOAD,False,58,58,58,58,58,58,58,58,58,58,58,58,58,58,58,58,58,58,58,58,58,58,58,58,58
60819676ae88e5182fc02995,689510b3fe11d41c10a8ef52,BTX Global Logistics,DELIVERLOAD,True,150,150,150,150,150,150,150,150,150,150,150,150,150,150,150,150,150,150,150,150,150,150,150,150,150
60819676ae88e5182fc02995,6814f779017ab048a6bbee1e,BULK CONVEYORS INC,DELIVERLOAD,True,97,97,97,97,97,97,97,97,97,97,97,97,97,97,97,97,97,97,97,97,97,97,97,97,97
60819676ae88e5182fc02995,63ab2dec2f05da16010acf23,B UNITED INTERNATIONAL INC,DELIVERLOAD,False,40,40,40,40,40,40,40,40,40,40,40,40,40,40,40,40,40,40,40,40,40,40,40,40,40
60819676ae88e5182fc02995,63ab2dec2f05da16010acf23,B UNITED INTERNATIONAL INC,DELIVERLOAD,True,73,73,73,73,73,73,73,73,73,73,73,73,73,73,73,73,73,73,73,73,73,73,73,73,73
60819676ae88e5182fc02995,686bf0a9b714e93a2b70d9e9,BURANO HOME LLC,DELIVERLOAD,False,58,58,58,58,58,58,58,58,58,58,58,58,58,58,58,58,58,58,58,58,58,58,58,58,58
60819676ae88e5182fc02995,686bf0a9b714e93a2b70d9e9,BURANO HOME LLC,DELIVERLOAD,True,97,97,97,97,97,97,97,97,97,97,97,97,97,97,97,97,97,97,97,97,97,97,97,97,97
60819676ae88e5182fc02995,65f9cbf3fd237d16d3db3af6,BVPV Styrenics (Styropek),DELIVERLOAD,True,154,154,154,154,154,154,154,154,162,144,154,157,154,154,154,154,154,154,154,154,154,154,154,154,154
60819676ae88e5182fc02995,66f43b0e28cfad398a48ba18,BYK,DELIVERLOAD,False,59,59,59,59,59,59,59,59,59,59,59,59,59,59,59,59,59,59,59,59,59,59,59,59,59
60819676ae88e5182fc02995,63f3faa6cccef715ee30186f,"BYK USA, In",DELIVERLOAD,False,58,58,58,58,58,58,58,58,58,58,58,58,58,58,58,58,58,58,58,58,58,58,58,58,58
60819676ae88e5182fc02995,63f3faa6cccef715ee30186f,"BYK USA, In",DELIVERLOAD,True,97,97,97,97,97,97,97,97,97,97,97,97,97,97,97,97,97,97,97,97,97,97,97,97,97
60819676ae88e5182fc02995,64415e905b1ddd4231defae2,BYK USA INC (CHESTER NY),DELIVERLOAD,True,71,71,71,71,71,71,71,71,71,71,71,71,71,71,71,71,71,71,71,71,71,71,71,71,71
60819676ae88e5182fc02995,66f5726fb71c1fe7b6d67d24,CADCO LTD,DELIVERLOAD,False,78,78,78,78,78,78,78,78,78,78,78,78,78,78,78,78,78,78,78,78,78,78,78,78,78
60819676ae88e5182fc02995,66f5726fb71c1fe7b6d67d24,CADCO LTD,DELIVERLOAD,True,97,97,97,97,97,97,97,97,97,97,97,97,97,97,97,97,97,97,97,97,97,97,97,97,97
60819676ae88e5182fc02995,682b621bde7f7ea384fb5494,CAF USA Inc,DELIVERLOAD,False,58,58,58,58,58,58,58,58,58,58,58,58,58,58,58,58,58,58,58,58,58,58,58,58,58
60819676ae88e5182fc02995,682b621bde7f7ea384fb5494,CAF USA Inc,DELIVERLOAD,True,129,129,129,129,129,129,129,129,129,129,129,129,129,129,129,129,129,129,129,129,129,129,129,129,129
60819676ae88e5182fc02995,6392413b28f8b816345a489b,CALEX LOGISTICS,DELIVERLOAD,False,53,53,53,53,53,53,53,53,53,53,53,53,53,53,53,53,53,53,53,53,53,53,53,53,53
60819676ae88e5182fc02995,6392413b28f8b816345a489b,CALEX LOGISTICS,DELIVERLOAD,True,139,139,139,139,139,139,139,139,139,139,139,139,139,139,139,139,139,139,139,139,139,139,139,139,139
60819676ae88e5182fc02995,68012277c4e740a822a38774,CALUMET CONTAINER CORP.,RETURNCONTAINER,False,16,16,16,16,16,16,16,16,16,16,16,16,16,16,16,16,16,16,16,16,16,16,16,16,16
60819676ae88e5182fc02995,67bcf0a74c0ff218c566c81e,"Campagna and Sons, Inc.",DELIVERLOAD,False,58,58,58,58,58,58,58,58,58,58,58,58,58,58,58,58,58,58,58,58,58,58,58,58,58
60819676ae88e5182fc02995,63a1ece64fe063160d8b4f6f,CANAAN,RETURNCONTAINER,False,32,32,32,32,32,32,32,32,32,32,32,32,32,32,32,32,32,32,32,32,32,32,32,32,32
60819676ae88e5182fc02995,6504ad9d44a67315d37c9c33,Capacity Llc C/o Power Beauty Co,DELIVERLOAD,False,58,58,58,58,58,58,58,58,58,58,58,58,58,58,58,58,58,58,58,58,58,58,58,58,58
60819676ae88e5182fc02995,6504ad9d44a67315d37c9c33,Capacity Llc C/o Power Beauty Co,DELIVERLOAD,True,103,103,103,103,103,103,103,103,103,103,103,103,103,103,103,103,103,103,103,103,103,103,103,103,103
60819676ae88e5182fc02995,68a8dca785dbbb1e4d8f194f,CARAVAN TOTOWA RAW MATERIALS,DELIVERLOAD,False,58,58,58,58,58,58,58,58,58,58,58,58,58,58,58,58,58,58,58,58,58,58,58,58,58
60819676ae88e5182fc02995,6696ae1360e1e71e01e8dbe9,CARDINAL HEALTHCARE,DELIVERLOAD,False,58,58,58,58,58,58,58,58,58,58,58,58,58,58,58,58,58,58,58,58,58,58,58,58,58
60819676ae88e5182fc02995,63a5cef9f0a35f15a22f193d,Carestream Dental c/o DHL Supply Chain,DELIVERLOAD,False,58,58,58,58,58,58,58,58,58,58,58,58,58,58,58,58,58,58,58,58,58,58,58,58,58
60819676ae88e5182fc02995,63a5cef9f0a35f15a22f193d,Carestream Dental c/o DHL Supply Chain,DELIVERLOAD,True,110,110,110,110,110,110,110,110,110,110,115,90,124,110,110,110,110,110,110,110,110,110,110,110,110
60819676ae88e5182fc02995,6390cb4fd45fb215cc714b93,Carestream Health Inc,DELIVERLOAD,False,58,58,58,58,58,58,58,58,58,58,58,58,58,58,58,58,58,58,58,58,58,58,58,58,58
60819676ae88e5182fc02995,6390cb4fd45fb215cc714b93,Carestream Health Inc,DELIVERLOAD,True,90,90,90,90,90,90,90,90,90,90,109,90,90,90,90,90,90,90,90,90,90,90,90,90,90
60819676ae88e5182fc02995,67bf322c5057ecd2475a63fa,Caruzn Customs LLC,DELIVERLOAD,False,64,64,64,64,64,64,64,64,64,64,64,64,64,64,64,64,64,64,64,64,64,64,64,64,64
60819676ae88e5182fc02995,67e316a25cda46a87425b481,CASCO BAY STEEL,DELIVERLOAD,False,24,24,24,24,24,24,24,24,24,24,24,24,24,24,24,24,24,24,24,24,24,24,24,24,24
60819676ae88e5182fc02995,65d50c1401f5360a49280fc3,CASESTACK,DELIVERLOAD,False,58,58,58,58,58,58,58,58,58,58,58,58,58,58,58,58,58,58,58,58,58,58,58,58,58
60819676ae88e5182fc02995,680f7c0f4f549b8788fd1d25,Catalent Biologics,DELIVERLOAD,True,97,97,97,97,97,97,97,97,97,97,97,97,97,97,97,97,97,97,97,97,97,97,97,97,97
60819676ae88e5182fc02995,679ce64631ed1344d4cb63a4,Catania Worldwide,DELIVERLOAD,True,45,45,45,45,45,45,45,45,45,45,45,45,45,45,45,45,45,45,45,45,45,45,45,45,45
60819676ae88e5182fc02995,68961cff47faf5df046cb887,CAVALIER,DELIVERLOAD,False,58,58,58,58,58,58,58,58,58,58,58,58,58,58,58,58,58,58,58,58,58,58,58,58,58
60819676ae88e5182fc02995,68961cff47faf5df046cb887,CAVALIER,DELIVERLOAD,True,50,50,50,50,50,50,50,50,50,50,50,50,50,50,50,50,50,50,50,50,50,50,50,50,50
60819676ae88e5182fc02995,632e00263cb96915afcb1b6e,C&C,CHASSISPICK,False,68,68,68,68,68,68,68,68,68,68,68,68,68,68,68,68,68,68,68,68,68,68,68,68,68
60819676ae88e5182fc02995,632e00263cb96915afcb1b6e,C&C,CHASSISTERMINATION,False,53,53,53,53,53,53,53,53,53,53,53,53,53,53,53,53,53,53,53,53,53,53,53,53,53
60819676ae88e5182fc02995,632e00263cb96915afcb1b6e,C&C,DELIVERLOAD,False,58,58,58,58,58,58,58,58,58,58,58,58,58,58,58,58,58,58,58,58,58,58,58,58,58
60819676ae88e5182fc02995,632e00263cb96915afcb1b6e,C&C,DELIVERLOAD,True,30,30,30,30,30,30,30,30,30,30,30,30,30,30,30,30,30,30,30,30,30,30,30,30,30
60819676ae88e5182fc02995,632e00263cb96915afcb1b6e,C&C,PULLCONTAINER,False,60,60,60,60,60,60,60,60,60,110,60,60,93,100,42,39,60,60,60,60,60,60,60,60,60
60819676ae88e5182fc02995,632e00263cb96915afcb1b6e,C&C,RETURNCONTAINER,False,48,48,48,48,48,48,48,48,48,47,47,45,48,20,50,83,48,48,48,48,48,48,48,48,48
60819676ae88e5182fc02995,6841a2eb1ec4cdb5c8cc47e7,CCL LABEL INC,DELIVERLOAD,True,164,164,164,164,164,164,164,164,164,164,164,164,164,164,164,164,164,164,164,164,164,164,164,164,164
60819676ae88e5182fc02995,6352d4c5e68cf415c5bfccf8,CCS,PULLCONTAINER,False,74,74,74,74,74,74,74,74,74,74,74,74,74,74,74,74,74,74,74,74,74,74,74,74,74
60819676ae88e5182fc02995,6352d4c5e68cf415c5bfccf8,CCS,RETURNCONTAINER,False,32,32,32,32,32,32,32,32,32,32,32,32,32,32,32,32,32,32,32,32,32,32,32,32,32
60819676ae88e5182fc02995,6818eb166eb2f5cad3adaabb,Center Valley- LEH,DELIVERLOAD,False,58,58,58,58,58,58,58,58,58,58,58,58,58,58,58,58,58,58,58,58,58,58,58,58,58
60819676ae88e5182fc02995,6818eb166eb2f5cad3adaabb,Center Valley- LEH,DELIVERLOAD,True,173,173,173,173,173,173,166,197,121,173,100,173,201,81,173,173,173,173,173,173,173,173,173,173,173
60819676ae88e5182fc02995,650c4b298991f216041dc497,CENTRAL STORAGE AND WAREHOUSE INC,DELIVERLOAD,False,58,58,58,58,58,58,58,58,58,58,58,58,58,58,58,58,58,58,58,58,58,58,58,58,58
60819676ae88e5182fc02995,650c4b298991f216041dc497,CENTRAL STORAGE AND WAREHOUSE INC,DELIVERLOAD,True,60,60,60,60,60,60,60,60,60,60,60,60,60,60,60,60,60,60,60,60,60,60,60,60,60
60819676ae88e5182fc02995,67ace987ec9b2589b5a298c8,CHAIR UP,DELIVERLOAD,True,97,97,97,97,97,97,97,97,97,97,97,97,97,97,97,97,97,97,97,97,97,97,97,97,97
60819676ae88e5182fc02995,68b0aca27a4d550df1f86848,CHAM FOOD C/O GLENDALE WAREHOUSE,DELIVERLOAD,False,40,40,40,40,40,40,40,40,40,40,40,40,40,40,40,40,40,40,40,40,40,40,40,40,40
60819676ae88e5182fc02995,65aaefeece69d015ebd0e5be,CHAPIN INTERNATIONAL LLC,DELIVERLOAD,False,58,58,58,58,58,58,58,58,58,58,58,58,58,58,58,58,58,58,58,58,58,58,58,58,58
60819676ae88e5182fc02995,6356d548079c3a159f6071bf,Chassis Depot,CHASSISPICK,False,30,30,30,30,30,30,30,30,51,92,88,25,168,32,30,16,23,30,30,30,30,30,30,30,30
60819676ae88e5182fc02995,6356d548079c3a159f6071bf,Chassis Depot,CHASSISTERMINATION,False,26,26,26,26,26,26,26,26,26,26,26,26,17,26,25,40,26,26,26,26,26,26,26,26,26
60819676ae88e5182fc02995,6356d548079c3a159f6071bf,Chassis Depot,RETURNCONTAINER,False,73,73,73,73,73,73,73,73,73,73,73,73,73,73,73,73,73,73,73,73,73,73,73,73,73
60819676ae88e5182fc02995,67c8bab70c4b14b666cf72d1,CHEM CLEAN,DELIVERLOAD,False,44,44,44,44,44,44,44,44,44,44,44,44,44,44,44,44,44,44,44,44,44,44,44,44,44
60819676ae88e5182fc02995,68b0adc8a5501837f72d4e2c,CHEMSPEC C/O USA CONTAINER,DELIVERLOAD,False,36,36,36,36,36,36,36,36,36,36,36,36,36,36,36,36,36,36,36,36,36,36,36,36,36
60819676ae88e5182fc02995,68bb206a4604efafcb0bff7e,CHEMSPEC LTD,DELIVERLOAD,True,85,85,85,85,85,85,85,85,85,85,85,85,85,85,85,85,85,85,85,85,85,85,85,85,85
60819676ae88e5182fc02995,688767b81302d9ceb54266b2,CHEX FINER FOODS INC,DELIVERLOAD,False,72,72,72,72,72,72,72,72,72,72,72,72,72,72,72,72,72,72,72,72,72,72,72,72,72
60819676ae88e5182fc02995,63405bd91c533015e769bb59,CHRISTIAN AID MINISTRIES,DELIVERLOAD,False,83,83,83,83,83,83,83,82,87,83,83,83,83,83,83,83,83,83,83,83,83,83,83,83,83
60819676ae88e5182fc02995,63405bd91c533015e769bb59,CHRISTIAN AID MINISTRIES,DELIVERLOAD,True,86,86,86,86,86,86,86,90,56,86,86,86,86,86,86,86,86,86,86,86,86,86,86,86,86
60819676ae88e5182fc02995,679a6e90f769e03c2da5cc7e,CIL ISOTOPE SEPARATIONS,DELIVERLOAD,True,128,128,128,128,128,128,128,128,128,128,128,128,128,128,128,128,128,128,128,128,128,128,128,128,128
60819676ae88e5182fc02995,654be960295bd815696230a1,CJ LOGISTICS AMERICA,DELIVERLOAD,False,58,58,58,58,58,58,58,58,58,58,58,58,58,58,58,58,58,58,58,58,58,58,58,58,58
60819676ae88e5182fc02995,654be960295bd815696230a1,CJ LOGISTICS AMERICA,DELIVERLOAD,True,75,75,75,75,75,75,75,75,75,75,75,75,75,75,75,75,75,75,75,75,75,75,75,75,75
60819676ae88e5182fc02995,68794550911c100717ad13c8,CJ LOGISTICS BETHLEHEM,DELIVERLOAD,False,58,58,58,58,58,58,58,58,58,58,58,58,58,58,58,58,58,58,58,58,58,58,58,58,58
60819676ae88e5182fc02995,68794550911c100717ad13c8,CJ LOGISTICS BETHLEHEM,DELIVERLOAD,True,97,97,97,97,97,97,97,97,97,97,97,97,97,97,97,97,97,97,97,97,97,97,97,97,97
60819676ae88e5182fc02995,67911a250a3deae834d8211d,CJ TRADING,DELIVERLOAD,False,58,58,58,58,58,58,58,58,58,58,58,58,58,58,58,58,58,58,58,58,58,58,58,58,58
60819676ae88e5182fc02995,67911a250a3deae834d8211d,CJ TRADING,DELIVERLOAD,True,97,97,97,97,97,97,97,97,97,97,97,97,97,97,97,97,97,97,97,97,97,97,97,97,97
60819676ae88e5182fc02995,67d97b7c77b694a0629875eb,CJ TRADING LLC,DELIVERLOAD,False,58,58,58,58,58,58,58,58,58,58,58,58,58,58,58,58,58,58,58,58,58,58,58,58,58
60819676ae88e5182fc02995,6745fdf1900e2efb682fe86a,CLAAS OMAHA INC.,DELIVERLOAD,False,55,55,55,55,55,55,55,55,55,55,55,55,55,55,55,55,55,55,55,55,55,55,55,55,55
60819676ae88e5182fc02995,6745fdf1900e2efb682fe86a,CLAAS OMAHA INC.,DROPCONTAINER,False,33,33,33,33,33,33,33,33,33,33,33,33,33,33,33,33,33,33,33,33,33,33,33,33,33
60819676ae88e5182fc02995,63ceb6b3eb37f515ad3b1bf2,CLARKE PACKING AND CRATING,DELIVERLOAD,False,58,58,58,58,58,58,58,58,58,58,58,58,58,58,58,58,58,58,58,58,58,58,58,58,58
60819676ae88e5182fc02995,63ceb6b3eb37f515ad3b1bf2,CLARKE PACKING AND CRATING,DELIVERLOAD,True,97,97,97,97,97,97,97,97,97,97,97,97,97,97,97,97,97,97,97,97,97,97,97,97,97
60819676ae88e5182fc02995,67fe84404ad817289bae2b9c,CLASEN QUALITY CHOCOLATE,DELIVERLOAD,False,82,82,82,82,82,82,82,82,82,82,82,82,82,82,82,82,82,82,82,82,82,82,82,82,82
60819676ae88e5182fc02995,67fe84404ad817289bae2b9c,CLASEN QUALITY CHOCOLATE,DELIVERLOAD,True,64,64,64,64,64,64,64,64,64,64,64,64,64,64,64,64,64,64,64,64,64,64,64,64,64
60819676ae88e5182fc02995,681a6f8e6fb0f0e5b7b7211c,CLEANSLATE GROUP LLC,DELIVERLOAD,False,58,58,58,58,58,58,58,58,58,58,58,58,58,58,58,58,58,58,58,58,58,58,58,58,58
60819676ae88e5182fc02995,6834fd5788b617b9b5f77365,CLEARLY FOOD C/O TIMAX WAREHOUSE,DELIVERLOAD,False,85,85,85,85,85,85,85,85,85,85,85,85,85,85,85,85,85,85,85,85,85,85,85,85,85
60819676ae88e5182fc02995,6834fd5788b617b9b5f77365,CLEARLY FOOD C/O TIMAX WAREHOUSE,STOPOFF,False,36,36,36,36,36,36,36,36,36,36,36,36,36,36,36,36,36,36,36,36,36,36,36,36,36
60819676ae88e5182fc02995,6570ee2d2c2dee164df4820c,CLEOPATRA CANDY,DELIVERLOAD,False,58,58,58,58,58,58,58,58,58,58,58,58,58,58,58,58,58,58,58,58,58,58,58,58,58
60819676ae88e5182fc02995,6605d4281cd6ed1fe4a047d4,COASTAL FOREST PRODUCTS,DELIVERLOAD,True,37,37,37,37,37,37,37,37,37,37,37,37,37,37,37,37,37,37,37,37,37,37,37,37,37
60819676ae88e5182fc02995,68af566962c67f30a7b20d31,Coast To Coast,DELIVERLOAD,False,58,58,58,58,58,58,58,58,58,58,58,58,58,58,58,58,58,58,58,58,58,58,58,58,58
60819676ae88e5182fc02995,68af566962c67f30a7b20d31,Coast To Coast,DELIVERLOAD,True,78,78,78,78,78,78,78,78,78,78,78,78,78,78,78,78,78,78,78,78,78,78,78,78,78
60819676ae88e5182fc02995,68a5d67aed02517d03b52d61,C/O HATCO-FORDS PLANT,DELIVERLOAD,False,79,79,79,79,79,79,79,79,79,79,79,79,79,79,79,79,79,79,79,79,79,79,79,79,79
60819676ae88e5182fc02995,68a4e3e5c7cd20bb5af6fbef,COIM USA INC,DELIVERLOAD,False,58,58,58,58,58,58,58,58,58,58,58,58,58,58,58,58,58,58,58,58,58,58,58,58,58
60819676ae88e5182fc02995,666322ac00a33d48f5275a80,COLUMBIA CONTAINER SERVICES,RETURNCONTAINER,False,14,14,14,14,14,14,14,14,14,14,14,14,14,14,14,14,14,14,14,14,14,14,14,14,14
60819676ae88e5182fc02995,6331d997eb008215d269b34d,COLUMBIA EMPTY DEPOT,DROPCONTAINER,False,33,33,33,33,33,33,33,33,33,33,33,33,33,33,33,33,33,33,33,33,33,33,33,33,33
60819676ae88e5182fc02995,6331d997eb008215d269b34d,COLUMBIA EMPTY DEPOT,PULLCONTAINER,False,38,38,38,38,38,38,38,51,38,38,38,51,44,54,56,38,16,30,38,38,38,38,38,38,38
60819676ae88e5182fc02995,6331d997eb008215d269b34d,COLUMBIA EMPTY DEPOT,RETURNCONTAINER,False,58,58,58,58,58,58,36,112,40,35,44,64,121,83,80,73,61,36,58,58,58,58,58,58,58
60819676ae88e5182fc02995,67b79907ac47da06b274f003,COMMONWEALTH FUSION SYSTEMS,DELIVERLOAD,False,58,58,58,58,58,58,58,58,58,58,58,58,58,58,58,58,58,58,58,58,58,58,58,58,58
60819676ae88e5182fc02995,67b79907ac47da06b274f003,COMMONWEALTH FUSION SYSTEMS,DELIVERLOAD,True,97,97,97,97,97,97,97,97,97,97,97,97,97,97,97,97,97,97,97,97,97,97,97,97,97
60819676ae88e5182fc02995,67b79907ac47da06b274f003,COMMONWEALTH FUSION SYSTEMS,DROPCONTAINER,False,33,33,33,33,33,33,33,33,33,33,33,33,33,33,33,33,33,33,33,33,33,33,33,33,33
60819676ae88e5182fc02995,676325a167602933b752c2b9,COMMONWEALTH FUSION SYSTEMS INC,DELIVERLOAD,False,58,58,58,58,58,58,58,58,58,58,58,58,58,58,58,58,58,58,58,58,58,58,58,58,58
60819676ae88e5182fc02995,67c1c42e1a3bdf8ae4014ce3,COMPLETE LIQUIDATORS,DELIVERLOAD,False,50,50,50,50,50,50,50,50,50,50,50,50,50,50,50,50,50,50,50,50,50,50,50,50,50
60819676ae88e5182fc02995,68124e1439ef06ce98bed4c8,COMPLETE TRANSPACK SOLUTIONS CTPS,DELIVERLOAD,False,58,58,58,58,58,58,58,58,58,58,58,58,58,58,58,58,58,58,58,58,58,58,58,58,58
60819676ae88e5182fc02995,63dbd2521cdcd116269965cd,CONAGRA/AMC MANCHESTER,DELIVERLOAD,False,58,58,58,58,58,58,58,58,58,58,58,58,58,58,58,58,58,58,58,58,58,58,58,58,58
60819676ae88e5182fc02995,63dbd2521cdcd116269965cd,CONAGRA/AMC MANCHESTER,DELIVERLOAD,True,96,96,96,96,96,96,96,96,96,96,96,96,96,96,96,96,96,96,96,96,96,96,96,96,96
60819676ae88e5182fc02995,67a38b266c79ced9919672c7,CONGOLEUM CORPORATION PLANT#3,DELIVERLOAD,False,58,58,58,58,58,58,58,58,58,58,58,58,58,58,58,58,58,58,58,58,58,58,58,58,58
60819676ae88e5182fc02995,687649a6a23c0da82d7dcdda,CONSOLIDATED EDISON,DELIVERLOAD,False,12,12,12,12,12,12,12,12,12,12,12,12,12,12,12,12,12,12,12,12,12,12,12,12,12
60819676ae88e5182fc02995,65a8552f0638c81645c0dae9,CONTINENTAL TERMINALS INC,DELIVERLOAD,False,58,58,58,58,58,58,58,58,58,58,58,58,58,58,58,58,58,58,58,58,58,58,58,58,58
60819676ae88e5182fc02995,66ec64c36e9d7e093d70092f,CONTRACT PARMACAL CORP,DELIVERLOAD,False,84,84,84,84,84,84,84,76,84,84,84,84,84,84,84,84,84,84,84,84,84,84,84,84,84
60819676ae88e5182fc02995,67898246c46f39c36b72b8b8,CORNING AUTO GLASS SOLUTIONS,DELIVERLOAD,True,97,97,97,97,97,97,97,97,97,97,97,97,97,97,97,97,97,97,97,97,97,97,97,97,97
60819676ae88e5182fc02995,67eafd52da368a9c5ba491a6,CORRIGAN MOVING SYSTEMS,DELIVERLOAD,True,145,145,145,145,145,145,145,145,145,145,145,145,145,145,145,145,145,145,145,145,145,145,145,145,145
60819676ae88e5182fc02995,62d698fdea113f15a7d710d6,COSTCO WHOLESALE UNIT 10,DELIVERLOAD,False,58,58,58,58,58,58,58,58,58,58,58,58,58,58,58,58,58,58,58,58,58,58,58,58,58
60819676ae88e5182fc02995,62d698fdea113f15a7d710d6,COSTCO WHOLESALE UNIT 10,DELIVERLOAD,True,127,127,127,127,127,127,127,127,127,127,127,127,127,127,127,127,127,127,127,127,127,127,127,127,127
60819676ae88e5182fc02995,63a2131fdf96d5162ef8a53f,COVE LONG ISLAND INC,DELIVERLOAD,True,97,97,97,97,97,97,97,97,97,97,97,97,97,97,97,97,97,97,97,97,97,97,97,97,97
60819676ae88e5182fc02995,67e1c1af212c8549633d3e00,CP COURG INC,DELIVERLOAD,True,156,156,156,156,156,156,156,156,156,156,156,156,156,156,156,156,156,156,156,156,156,156,156,156,156
60819676ae88e5182fc02995,65f48e577153db8da8bf8905,CRABWORKS,DELIVERLOAD,False,58,58,58,58,58,58,58,58,58,58,58,58,58,58,58,58,58,58,58,58,58,58,58,58,58
60819676ae88e5182fc02995,63486ba8887f02159dc251ca,CRANE SECURITY,DELIVERLOAD,True,161,161,161,161,161,161,161,161,161,161,161,161,161,161,161,161,161,161,161,161,161,161,161,161,161
60819676ae88e5182fc02995,67db1010b01abf308a252ffb,Creative Logistics,DELIVERLOAD,False,69,69,69,69,69,69,69,69,69,69,69,69,69,69,69,69,69,69,69,69,69,69,69,69,69
60819676ae88e5182fc02995,67db1010b01abf308a252ffb,Creative Logistics,HOOKCONTAINER,False,19,19,19,19,19,19,19,19,19,19,19,19,19,19,19,19,19,19,19,19,19,19,19,19,19
60819676ae88e5182fc02995,686c1c0f8f118c508284a9ce,CRYOCONCEPTS,DELIVERLOAD,True,137,137,137,137,137,137,137,137,137,137,137,137,137,137,137,137,137,137,137,137,137,137,137,137,137
60819676ae88e5182fc02995,68893a80f6d99a839889951c,CRYOFAB INC,DELIVERLOAD,False,34,34,34,34,34,34,34,34,34,34,34,34,34,34,34,34,34,34,34,34,34,34,34,34,34
60819676ae88e5182fc02995,6356bf0d24038715d3a01f63,CRYSTAL MOTOR EXPRESS LLC,DELIVERLOAD,True,97,97,97,97,97,97,97,97,97,97,97,97,97,97,97,97,97,97,97,97,97,97,97,97,97
60819676ae88e5182fc02995,67f55fa3e580e22f8ab8d0e2,CSL BEHRING LLC,DELIVERLOAD,True,53,53,53,53,53,53,53,53,53,53,53,53,53,53,53,53,53,53,53,53,53,53,53,53,53
60819676ae88e5182fc02995,683603be786d0a239d1dc926,CSL BEHRING L.L.C.,DELIVERLOAD,True,30,30,30,30,30,30,30,30,30,30,30,30,30,30,30,30,30,30,30,30,30,30,30,30,30
60819676ae88e5182fc02995,68bed953865b121f91d0faa5,CSL PLASMA,DELIVERLOAD,True,60,60,60,60,60,60,60,60,60,60,60,60,60,60,60,60,60,60,60,60,60,60,60,60,60
60819676ae88e5182fc02995,635a8a2ac6519915aedeee3d,CSNJ,PULLCONTAINER,False,63,63,63,63,63,63,63,63,63,63,63,63,63,63,63,63,63,63,63,63,63,63,63,63,63
60819676ae88e5182fc02995,635a8a2ac6519915aedeee3d,CSNJ,RETURNCONTAINER,False,26,26,26,26,26,26,26,26,26,26,26,26,26,26,26,26,26,26,26,26,26,26,26,26,26
60819676ae88e5182fc02995,67cb4d9b0454061577d6204a,CSX - CINCINNATI QUEENSGATE,RETURNCONTAINER,False,32,32,32,32,32,32,32,32,32,32,32,32,32,32,32,32,32,32,32,32,32,32,32,32,32
60819676ae88e5182fc02995,62b9d9234d9e571379e0cf8d,CSX KEARNY,PULLCONTAINER,False,33,33,33,33,33,33,78,33,33,21,33,52,33,33,35,33,30,14,22,33,33,33,33,33,33
60819676ae88e5182fc02995,62b9d9234d9e571379e0cf8d,CSX KEARNY,RETURNCONTAINER,False,65,65,65,65,65,65,65,65,65,65,65,65,49,65,65,51,65,65,65,65,65,65,65,65,65
60819676ae88e5182fc02995,63fe65e6bb69e01656e35c1d,CSX PHILADELPHIA,PULLCONTAINER,False,32,32,32,32,32,32,32,32,32,32,32,32,32,32,32,32,32,32,32,32,32,32,32,32,32
60819676ae88e5182fc02995,688a16e07c7bbc703dc4988f,CULTECH INC,DELIVERLOAD,False,57,57,57,57,57,57,57,57,57,57,57,57,57,57,57,57,57,57,57,57,57,57,57,57,57
60819676ae88e5182fc02995,633de83af1628315c2568690,CUMBERLAND CLOTHING CENTER,DELIVERLOAD,False,65,65,65,65,65,65,65,65,65,65,65,65,65,65,65,65,65,65,65,65,65,65,65,65,65
60819676ae88e5182fc02995,633de83af1628315c2568690,CUMBERLAND CLOTHING CENTER,DELIVERLOAD,True,79,79,79,79,79,79,79,60,79,113,79,79,79,79,79,79,79,79,79,79,79,79,79,79,79
60819676ae88e5182fc02995,63f792af8b87e016408c26a6,CURIA NEW YORK INC,DELIVERLOAD,False,79,79,79,79,79,79,79,79,79,79,79,79,79,79,79,79,79,79,79,79,79,79,79,79,79
60819676ae88e5182fc02995,63f792af8b87e016408c26a6,CURIA NEW YORK INC,DELIVERLOAD,True,97,97,97,97,97,97,97,97,97,97,97,97,97,97,97,97,97,97,97,97,97,97,97,97,97
60819676ae88e5182fc02995,68b20d26f4f1b598f1542b93,CUSTOM PAK SOLUTIONS LLC,DELIVERLOAD,False,53,53,53,53,53,53,53,53,53,53,53,53,53,53,53,53,53,53,53,53,53,53,53,53,53
60819676ae88e5182fc02995,63876814a72bfb16212406ae,CUTCO CULTERY CORPARATION,DELIVERLOAD,True,30,30,30,30,30,30,30,30,30,30,30,30,30,30,30,30,30,30,30,30,30,30,30,30,30
60819676ae88e5182fc02995,637793124c5f5a15eeab7f5d,DANA TRANSPORT,DELIVERLOAD,False,48,48,48,48,48,48,48,48,48,48,48,48,48,48,48,48,48,48,48,48,48,48,48,48,48
60819676ae88e5182fc02995,637793124c5f5a15eeab7f5d,DANA TRANSPORT,DROPCONTAINER,False,33,33,33,33,33,33,33,33,33,33,33,33,33,33,33,33,33,33,33,33,33,33,33,33,33
60819676ae88e5182fc02995,672ce789fae4cefc74099823,Danisco c/o XPO Logistics,DELIVERLOAD,False,58,58,58,58,58,58,58,58,58,58,58,58,58,58,58,58,58,58,58,58,58,58,58,58,58
60819676ae88e5182fc02995,672ce789fae4cefc74099823,Danisco c/o XPO Logistics,DELIVERLOAD,True,177,177,177,177,177,177,177,177,177,177,177,177,177,177,177,177,177,177,177,177,177,177,177,177,177
60819676ae88e5182fc02995,637506b4e6455a159c83aca8,DANSKO LLC,DELIVERLOAD,False,58,58,58,58,58,58,58,58,58,58,58,58,58,58,58,58,58,58,58,58,58,58,58,58,58
60819676ae88e5182fc02995,637506b4e6455a159c83aca8,DANSKO LLC,DELIVERLOAD,True,127,127,127,127,127,127,127,123,128,118,215,127,127,127,127,127,127,127,127,127,127,127,127,127,127
60819676ae88e5182fc02995,637506b4e6455a159c83aca8,DANSKO LLC,DROPCONTAINER,False,33,33,33,33,33,33,33,33,33,33,33,33,33,33,33,33,33,33,33,33,33,33,33,33,33
60819676ae88e5182fc02995,637506b4e6455a159c83aca8,DANSKO LLC,HOOKCONTAINER,False,68,68,68,68,68,68,68,68,68,68,68,68,68,68,68,68,68,68,68,68,68,68,68,68,68
60819676ae88e5182fc02995,637506b4e6455a159c83aca8,DANSKO LLC,RETURNCONTAINER,False,32,32,32,32,32,32,32,32,32,32,32,32,32,32,32,32,32,32,32,32,32,32,32,32,32
60819676ae88e5182fc02995,68a8d50b3e2cdb3379cb61ca,DARAMIC LLC C/O EAST PENN MANUFACTURING DISTRIBUTION CENTER,DELIVERLOAD,False,58,58,58,58,58,58,58,58,58,58,58,58,58,58,58,58,58,58,58,58,58,58,58,58,58
60819676ae88e5182fc02995,6447c975710e51163b252631,D.D. BEAN & SON,DELIVERLOAD,False,58,58,58,58,58,58,58,58,58,58,58,58,58,58,58,58,58,58,58,58,58,58,58,58,58
60819676ae88e5182fc02995,6447c975710e51163b252631,D.D. BEAN & SON,DELIVERLOAD,True,133,133,133,133,133,133,133,133,133,133,133,133,133,133,133,133,133,133,133,133,133,133,133,133,133
60819676ae88e5182fc02995,67f029dcfb338fc3eb503a7e,DECRESCENTE DISTRIBUTING,DELIVERLOAD,False,83,83,83,83,83,83,83,83,83,83,83,83,83,83,83,83,83,83,83,83,83,83,83,83,83
60819676ae88e5182fc02995,634ee95500c60015d2f4bf94,"DELCHEM, INC",DELIVERLOAD,False,56,56,56,56,56,56,56,57,56,56,56,56,56,56,56,56,56,56,56,56,56,56,56,56,56
60819676ae88e5182fc02995,634ee95500c60015d2f4bf94,"DELCHEM, INC",DELIVERLOAD,True,62,62,62,62,62,62,62,62,62,62,62,62,62,62,62,62,62,62,62,62,62,62,62,62,62
60819676ae88e5182fc02995,683093ed0ad4e351e2093b0b,Delta Beverages Inc,DELIVERLOAD,False,17,17,17,17,17,17,17,17,17,17,17,17,17,17,17,17,17,17,17,17,17,17,17,17,17
60819676ae88e5182fc02995,635051fae3388315caef9083,DENTSPLY NORTH AMERICA LLC,DELIVERLOAD,False,82,82,82,82,82,82,82,82,82,82,82,82,82,82,82,82,82,82,82,82,82,82,82,82,82
60819676ae88e5182fc02995,635051fae3388315caef9083,DENTSPLY NORTH AMERICA LLC,DELIVERLOAD,True,76,76,76,76,76,76,76,76,76,76,76,76,76,76,76,76,76,76,76,76,76,76,76,76,76
60819676ae88e5182fc02995,67fec808eba8204f53eb52d6,DETROIT FORMING INC,DELIVERLOAD,False,6,6,6,6,6,6,6,6,6,6,6,6,6,6,6,6,6,6,6,6,6,6,6,6,6
60819676ae88e5182fc02995,63c844670309b015f8771102,DEUFOL NORTH AMERICA,DELIVERLOAD,True,121,121,121,121,121,121,121,121,121,121,121,121,121,121,121,121,121,121,121,121,121,121,121,121,121
60819676ae88e5182fc02995,67531d43e1e83f07f927f8a5,D & H DISTRIBUTING CO,DELIVERLOAD,True,97,97,97,97,97,97,97,97,97,97,97,97,97,97,97,97,97,97,97,97,97,97,97,97,97
60819676ae88e5182fc02995,687650a3cf9f728b229d05fb,DHL - PALMYRA P9,DELIVERLOAD,False,58,58,58,58,58,58,58,58,58,58,58,58,58,58,58,58,58,58,58,58,58,58,58,58,58
60819676ae88e5182fc02995,687650a3cf9f728b229d05fb,DHL - PALMYRA P9,DELIVERLOAD,True,86,86,86,86,86,86,86,86,86,86,86,86,86,86,86,86,86,86,86,86,86,86,86,86,86
60819676ae88e5182fc02995,64d68742a816d9554f13d9d8,DIADDARIO & COMPANY INC,DELIVERLOAD,False,42,42,42,42,42,42,42,42,42,42,42,42,42,42,42,42,42,42,42,42,42,42,42,42,42
60819676ae88e5182fc02995,64d68742a816d9554f13d9d8,DIADDARIO & COMPANY INC,DELIVERLOAD,True,47,47,47,47,47,47,47,47,47,47,47,47,47,47,47,47,47,47,47,47,47,47,47,47,47
60819676ae88e5182fc02995,68b9c8e9c79adbff6aa5a377,DIAMOND ROCK FOOD IMPORTS,DELIVERLOAD,False,58,58,58,58,58,58,58,58,58,58,58,58,58,58,58,58,58,58,58,58,58,58,58,58,58
60819676ae88e5182fc02995,6813920e89f4567e04fcc553,DIRECT CORE & AUTO PARTS LLC,DELIVERLOAD,True,67,67,67,67,67,67,67,67,67,67,67,67,67,67,67,67,67,67,67,67,67,67,67,67,67
60819676ae88e5182fc02995,68965f1104ded814731170a8,DISTRIBUIDORA EL PAISANO IMPORT LLC,DELIVERLOAD,True,97,97,97,97,97,97,97,97,97,97,97,97,97,97,97,97,97,97,97,97,97,97,97,97,97
60819676ae88e5182fc02995,65e8d8601f97507e13ccc90f,DISTRIBUTORS TERMINAL,DELIVERLOAD,False,58,58,58,58,58,58,58,58,58,58,58,58,58,58,58,58,58,58,58,58,58,58,58,58,58
60819676ae88e5182fc02995,65e8d8601f97507e13ccc90f,DISTRIBUTORS TERMINAL,DELIVERLOAD,True,142,142,142,142,142,142,142,142,142,142,142,142,142,142,142,142,142,142,142,142,142,142,142,142,142
60819676ae88e5182fc02995,657a0129f7af1b162f724c3b,DLA DISTRIBUTION ( New cumberland),PULLCONTAINER,False,31,31,31,31,31,31,31,31,31,31,31,31,31,31,31,31,31,31,31,31,31,31,31,31,31
60819676ae88e5182fc02995,657a0129f7af1b162f724c3b,DLA DISTRIBUTION ( New cumberland),RETURNCONTAINER,False,53,53,53,53,53,53,53,53,53,53,53,53,53,53,53,53,53,53,53,53,53,53,53,53,53
60819676ae88e5182fc02995,656638bb8e6d93166eedea40,DLA DISTRIBUTION SUSQUEHANNA,DELIVERLOAD,False,90,90,90,90,90,90,90,90,105,115,89,55,53,90,90,90,90,90,90,90,90,90,90,90,90
60819676ae88e5182fc02995,656638bb8e6d93166eedea40,DLA DISTRIBUTION SUSQUEHANNA,DELIVERLOAD,True,123,123,123,123,123,123,123,122,29,137,148,173,158,69,21,123,123,123,123,123,123,123,123,123,123
60819676ae88e5182fc02995,656638bb8e6d93166eedea40,DLA DISTRIBUTION SUSQUEHANNA,DROPCONTAINER,False,26,26,26,26,26,26,26,26,26,26,26,26,26,26,26,26,26,26,26,26,26,26,26,26,26
60819676ae88e5182fc02995,656638bb8e6d93166eedea40,DLA DISTRIBUTION SUSQUEHANNA,HOOKCONTAINER,False,17,17,17,17,17,17,17,17,17,17,17,17,17,17,17,17,17,17,17,17,17,17,17,17,17
60819676ae88e5182fc02995,656638bb8e6d93166eedea40,DLA DISTRIBUTION SUSQUEHANNA,PULLCONTAINER,False,29,29,29,29,29,29,29,29,29,29,29,29,29,29,29,29,29,29,29,29,29,29,29,29,29
60819676ae88e5182fc02995,656638bb8e6d93166eedea40,DLA DISTRIBUTION SUSQUEHANNA,RETURNCONTAINER,False,38,38,38,38,38,38,38,38,38,38,38,38,38,38,38,38,38,38,38,38,38,38,38,38,38
60819676ae88e5182fc02995,66759aad5533af921c6a0d32,DLA DISTRIBUTION SUSQUEHANNA,DELIVERLOAD,True,129,129,129,129,129,129,129,129,129,129,129,129,129,129,129,129,129,129,129,129,129,129,129,129,129
60819676ae88e5182fc02995,6398ece9219efe1608ac9e1c,DLA DISTRIBUTION TOBYHANNA,DELIVERLOAD,False,58,58,58,58,58,58,58,58,58,58,58,58,58,58,58,58,58,58,58,58,58,58,58,58,58
60819676ae88e5182fc02995,6398ece9219efe1608ac9e1c,DLA DISTRIBUTION TOBYHANNA,DELIVERLOAD,True,159,159,159,159,159,159,159,159,159,159,159,159,159,159,159,159,159,159,159,159,159,159,159,159,159
60819676ae88e5182fc02995,6807cb396d14e20a00090ea6,DMI,DELIVERLOAD,False,58,58,58,58,58,58,58,58,58,58,58,58,58,58,58,58,58,58,58,58,58,58,58,58,58
60819676ae88e5182fc02995,6807cb396d14e20a00090ea6,DMI,DELIVERLOAD,True,120,120,120,120,120,120,120,120,120,120,120,120,120,120,120,120,120,120,120,120,120,120,120,120,120
60819676ae88e5182fc02995,67b385c0528e33a8c68cce92,DNP IMAGINGCOMM AMERICA CORP,DELIVERLOAD,False,88,88,88,88,88,88,88,88,88,88,88,88,88,88,88,88,88,88,88,88,88,88,88,88,88
60819676ae88e5182fc02995,67b385c0528e33a8c68cce92,DNP IMAGINGCOMM AMERICA CORP,DELIVERLOAD,True,97,97,97,97,97,97,97,121,97,97,97,97,97,97,97,97,97,97,97,97,97,97,97,97,97
60819676ae88e5182fc02995,6826571ee80366c1d8afd7a8,DODSON GLOBAL,DELIVERLOAD,False,68,68,68,68,68,68,109,68,68,68,68,68,68,68,68,68,68,68,68,68,68,68,68,68,68
60819676ae88e5182fc02995,6826571ee80366c1d8afd7a8,DODSON GLOBAL,DELIVERLOAD,True,86,86,86,86,86,86,86,86,86,86,86,86,86,86,86,86,86,86,86,86,86,86,86,86,86
60819676ae88e5182fc02995,6826571ee80366c1d8afd7a8,DODSON GLOBAL,DROPCONTAINER,False,52,52,52,52,52,52,52,52,52,52,52,52,52,52,52,52,52,52,52,52,52,52,52,52,52
60819676ae88e5182fc02995,68a7114208e0f7e90197ac75,DORMONT MANUFACTURING,DELIVERLOAD,False,58,58,58,58,58,58,58,58,58,58,58,58,58,58,58,58,58,58,58,58,58,58,58,58,58
60819676ae88e5182fc02995,63582aeeb6380c15d9a51704,DOT FOODS,DELIVERLOAD,False,58,58,58,58,58,58,58,58,58,58,58,58,58,58,58,58,58,58,58,58,58,58,58,58,58
60819676ae88e5182fc02995,63582aeeb6380c15d9a51704,DOT FOODS,DELIVERLOAD,True,122,122,122,122,122,122,122,122,122,122,122,122,122,122,122,122,122,122,122,122,122,122,122,122,122
60819676ae88e5182fc02995,66fd96eb4d2eb33b4dd93b57,DOVER TUBULAR ALLOYS,DELIVERLOAD,True,87,87,87,87,87,87,87,87,87,87,87,87,87,87,87,87,87,87,87,87,87,87,87,87,87
60819676ae88e5182fc02995,66fd96eb4d2eb33b4dd93b57,DOVER TUBULAR ALLOYS,STOPOFF,False,44,44,44,44,44,44,44,44,44,44,44,44,44,44,44,44,44,44,44,44,44,44,44,44,44
60819676ae88e5182fc02995,67bf1ea171ec7b0b03ac2f17,DOW SILICONES CORPORATION,DELIVERLOAD,False,17,17,17,17,17,17,17,17,17,17,17,17,17,17,17,17,17,17,17,17,17,17,17,17,17
60819676ae88e5182fc02995,67bf1ea171ec7b0b03ac2f17,DOW SILICONES CORPORATION,DROPCONTAINER,False,42,42,42,42,42,42,42,42,42,42,42,42,42,42,42,42,42,42,42,42,42,42,42,42,42
60819676ae88e5182fc02995,6717fb1d0f62a457cd3320f2,Drive DeVilbiss Healthcare,DELIVERLOAD,False,62,62,62,62,62,62,62,62,62,62,62,62,62,62,62,62,62,62,62,62,62,62,62,62,62
60819676ae88e5182fc02995,6717fb1d0f62a457cd3320f2,Drive DeVilbiss Healthcare,DELIVERLOAD,True,157,157,157,157,157,157,157,157,157,157,157,157,157,157,157,157,157,157,157,157,157,157,157,157,157
60819676ae88e5182fc02995,672e5c00afde4b5dfe4d7fd5,DSV AIR & SEA INC,DELIVERLOAD,False,86,86,86,86,86,86,86,86,86,86,86,86,86,86,86,86,86,86,86,86,86,86,86,86,86
60819676ae88e5182fc02995,6811388d3458abb885f4f491,"DSV - FRANKLIN, IL",DELIVERLOAD,True,63,63,63,63,63,63,63,63,63,63,63,63,63,63,63,63,63,63,63,63,63,63,63,63,63
60819676ae88e5182fc02995,672443c635d741b12b749e07,DSV GLOBAL TRASNPORT & LOGISTICS,DELIVERLOAD,False,58,58,58,58,58,58,58,58,58,58,58,58,58,58,58,58,58,58,58,58,58,58,58,58,58
60819676ae88e5182fc02995,672443c635d741b12b749e07,DSV GLOBAL TRASNPORT & LOGISTICS,DELIVERLOAD,True,162,162,162,162,162,162,162,162,162,162,162,162,162,162,162,162,162,162,162,162,162,162,162,162,162
60819676ae88e5182fc02995,637d3e990f7c721622ef1952,DSV SOLUTIONS C/O NEOSTRATA-PORT READING,DELIVERLOAD,False,81,81,81,81,81,81,81,81,81,81,81,81,81,81,81,81,81,81,81,81,81,81,81,81,81
60819676ae88e5182fc02995,6882812f101317ed57fbdffd,DURABLE INTERNATIONAL TIRES,DELIVERLOAD,True,97,97,97,97,97,97,97,97,97,97,97,97,97,97,97,97,97,97,97,97,97,97,97,97,97
60819676ae88e5182fc02995,661eeb6aa1cd5a8ca68be046,DURHAM MANUFACTURING CO,DELIVERLOAD,True,89,89,89,89,89,89,89,89,89,89,89,89,89,89,89,89,89,89,89,89,89,89,89,89,89
60819676ae88e5182fc02995,63ee83d17be319160853da99,DWK LIFE SCIENCE INC,DELIVERLOAD,False,66,66,66,66,66,66,66,66,66,66,66,66,66,66,66,66,66,66,66,66,66,66,66,66,66
60819676ae88e5182fc02995,63ee83d17be319160853da99,DWK LIFE SCIENCE INC,DELIVERLOAD,True,63,63,63,63,63,63,63,63,63,63,63,63,63,63,63,63,63,63,63,63,63,63,63,63,63
60819676ae88e5182fc02995,668ee2485400ea617c652308,DYMAX CORP,DELIVERLOAD,False,58,58,58,58,58,58,58,58,58,58,58,58,58,58,58,58,58,58,58,58,58,58,58,58,58
60819676ae88e5182fc02995,635adf8608801c159ec13158,DYNAMIC SYSTEMS INC,DELIVERLOAD,False,75,75,75,75,75,75,75,75,75,75,75,75,75,75,75,75,75,75,75,75,75,75,75,75,75
60819676ae88e5182fc02995,67b8a5299140a6dd82ca98fc,EAGLE 3 LOGISTICS C/C QUANEX IG,DELIVERLOAD,True,97,97,97,97,97,97,97,97,97,97,97,97,97,97,97,97,97,97,97,97,97,97,97,97,97
60819676ae88e5182fc02995,663a869cb570007e3fad84af,EAST COAST EXAM SITE - ELIZABETH,PULLCONTAINER,False,29,29,29,29,29,29,29,29,29,29,29,29,29,29,29,29,29,29,29,29,29,29,29,29,29
60819676ae88e5182fc02995,661042cede755255d7159ab1,East Coast Warehouse - DAYTON,DELIVERLOAD,False,58,58,58,58,58,58,58,58,58,58,58,58,58,58,58,58,58,58,58,58,58,58,58,58,58
60819676ae88e5182fc02995,661042cede755255d7159ab1,East Coast Warehouse - DAYTON,DELIVERLOAD,True,176,176,176,176,176,176,176,176,176,170,176,176,176,176,176,176,176,176,176,176,176,176,176,176,176
60819676ae88e5182fc02995,661042cede755255d7159ab1,East Coast Warehouse - DAYTON,DROPCONTAINER,False,33,33,33,33,33,33,33,33,33,33,33,33,33,33,33,33,33,33,33,33,33,33,33,33,33
60819676ae88e5182fc02995,661042cede755255d7159ab1,East Coast Warehouse - DAYTON,PULLCONTAINER,False,29,29,29,29,29,29,29,29,29,29,29,29,29,29,29,29,29,29,29,29,29,29,29,29,29
60819676ae88e5182fc02995,6399dda0f39a13163819710f,EAST COAST WAREHOUSE - ELIZABETH,PULLCONTAINER,False,40,40,40,40,40,40,40,40,40,40,40,40,40,40,40,40,40,40,40,40,40,40,40,40,40
60819676ae88e5182fc02995,65ba94f55540c25f9d6b6cef,EAST COAST WAREHOUSE - POUGHKEEPSIE/ARLINGTON,DELIVERLOAD,False,58,58,58,58,58,58,58,58,58,58,58,58,58,58,58,58,58,58,58,58,58,58,58,58,58
60819676ae88e5182fc02995,65ba94f55540c25f9d6b6cef,EAST COAST WAREHOUSE - POUGHKEEPSIE/ARLINGTON,DELIVERLOAD,True,157,157,157,157,157,157,157,157,157,157,157,157,157,157,157,157,157,157,157,157,157,157,157,157,157
60819676ae88e5182fc02995,643ffa4d0ec52f15e9215ee5,EAST COAST WHS,PULLCONTAINER,False,76,76,76,76,76,76,76,76,76,76,76,76,76,76,76,76,76,76,76,76,76,76,76,76,76
60819676ae88e5182fc02995,64876a42ab558816633019c2,ECOLOGICAL FIBERS INC.,DELIVERLOAD,False,58,58,58,58,58,58,58,58,58,58,58,58,58,58,58,58,58,58,58,58,58,58,58,58,58
60819676ae88e5182fc02995,6650e3b7102add5135c1d08e,EICHENAUER,DELIVERLOAD,True,122,122,122,122,122,122,122,122,122,122,122,122,122,122,122,122,122,122,122,122,122,122,122,122,122
60819676ae88e5182fc02995,68224ef2ec3762b7b01486ab,EICHENAUER,DELIVERLOAD,False,61,61,61,61,61,61,61,61,61,61,61,61,61,61,61,61,61,61,61,61,61,61,61,61,61
60819676ae88e5182fc02995,6787c2e6a4bbd73443e49043,EIGHTY FOUR LUMBER #4101,DELIVERLOAD,True,97,97,97,97,97,97,97,97,97,97,97,97,97,97,97,97,97,97,97,97,97,97,97,97,97
60819676ae88e5182fc02995,67a62e995d8461014b3e9b4c,EIMSKIP LOGISTICS,DELIVERLOAD,True,165,165,165,165,165,165,165,165,165,165,165,165,165,165,165,165,165,165,165,165,165,165,165,165,165
60819676ae88e5182fc02995,6349bdf89f455f15e832d501,EIS,DELIVERLOAD,False,66,66,66,66,66,66,66,66,66,66,66,66,66,66,66,66,66,66,66,66,66,66,66,66,66
60819676ae88e5182fc02995,6349bdf89f455f15e832d501,EIS,DELIVERLOAD,True,56,56,56,56,56,56,56,56,56,56,56,56,56,56,56,56,56,56,56,56,56,56,56,56,56
60819676ae88e5182fc02995,6776eeb77a696e523f84d381,Ej Electric Battery Park,DELIVERLOAD,False,58,58,58,58,58,58,58,58,58,58,58,58,58,58,58,58,58,58,58,58,58,58,58,58,58
60819676ae88e5182fc02995,6776eeb77a696e523f84d381,Ej Electric Battery Park,HOOKCONTAINER,False,20,20,20,20,20,20,20,20,20,20,20,20,20,20,20,20,20,20,20,20,20,20,20,20,20
60819676ae88e5182fc02995,65579952cd869e162e2ab8d7,Elanco Clinton Labs,DELIVERLOAD,False,83,83,83,83,83,83,83,83,83,83,83,83,83,83,83,83,83,83,83,83,83,83,83,83,83
60819676ae88e5182fc02995,6892055b832d5c0d4d9c9d71,Elanco  Middletown Pa,DELIVERLOAD,False,58,58,58,58,58,58,58,58,58,58,58,58,58,58,58,58,58,58,58,58,58,58,58,58,58
60819676ae88e5182fc02995,67c1e997917734732ac5e5b0,Elanco Us Inc.,DELIVERLOAD,True,73,73,73,73,73,73,73,73,73,73,73,73,73,73,73,73,73,73,73,73,73,73,73,73,73
60819676ae88e5182fc02995,64b599cc65bda914373cd3eb,ELECTRIC CABLE COMPOUNDS INC,DELIVERLOAD,False,58,58,58,58,58,58,58,58,58,58,58,58,58,58,58,58,58,58,58,58,58,58,58,58,58
60819676ae88e5182fc02995,64b599cc65bda914373cd3eb,ELECTRIC CABLE COMPOUNDS INC,DELIVERLOAD,True,98,98,98,98,98,98,98,98,98,98,98,98,98,98,98,98,98,98,98,98,98,98,98,98,98
60819676ae88e5182fc02995,64e90df428c8b11602e35d4c,EMABALLAGES MARCAN,DELIVERLOAD,True,60,60,60,60,60,60,60,60,60,60,60,60,60,60,60,60,60,60,60,60,60,60,60,60,60
60819676ae88e5182fc02995,6810f1cfb165fffd4c6cf36e,Emblem,DELIVERLOAD,True,97,97,97,97,97,97,97,97,97,97,97,97,97,97,97,97,97,97,97,97,97,97,97,97,97
60819676ae88e5182fc02995,645a6034d1399815027a571e,EMD MILLIPORE CORPORATION (NORWOOD OH),DELIVERLOAD,False,82,82,82,82,82,82,82,82,82,82,82,82,82,82,82,82,82,82,82,82,82,82,82,82,82
60819676ae88e5182fc02995,645a6034d1399815027a571e,EMD MILLIPORE CORPORATION (NORWOOD OH),DELIVERLOAD,True,75,75,75,75,75,75,75,75,75,93,75,75,75,75,75,75,75,75,75,75,75,75,75,75,75
60819676ae88e5182fc02995,635fddf450914b15fc8e5568,EMD MILLIPORE CORPORORATION,DELIVERLOAD,True,102,102,102,102,102,102,102,102,102,102,102,102,102,102,102,102,102,102,102,102,102,102,102,102,102
60819676ae88e5182fc02995,67afbcdd8e5c7f9a42ed54b7,EMOS TRANS,DELIVERLOAD,True,150,150,150,150,150,150,150,150,150,150,150,150,150,150,150,150,150,150,150,150,150,150,150,150,150
60819676ae88e5182fc02995,634e95ae8f506e15fa2be79d,ENDLESSRPM,DELIVERLOAD,False,58,58,58,58,58,58,58,58,58,58,58,58,58,58,58,58,58,58,58,58,58,58,58,58,58
60819676ae88e5182fc02995,681cbc44e92a83ed393a2d01,Enelio J Ortega,DELIVERLOAD,False,68,68,68,68,68,68,68,68,68,68,68,68,68,68,68,68,68,68,68,68,68,68,68,68,68
60819676ae88e5182fc02995,65e0de96c599b36a59cccf20,ENGINEERED ARRESTING SYSTEMS C,DELIVERLOAD,False,58,58,58,58,58,58,58,58,58,58,58,58,58,58,58,58,58,58,58,58,58,58,58,58,58
60819676ae88e5182fc02995,63a48e48a8a7a1162550d219,"EPAC PHILADELPHIA, LLC",DELIVERLOAD,False,67,67,67,67,67,67,67,67,70,67,67,67,67,67,67,67,67,67,67,67,67,67,67,67,67
60819676ae88e5182fc02995,63a48e48a8a7a1162550d219,"EPAC PHILADELPHIA, LLC",DELIVERLOAD,True,57,57,57,57,57,57,57,57,57,57,57,57,57,57,57,57,57,57,57,57,57,57,57,57,57
60819676ae88e5182fc02995,63a48e48a8a7a1162550d219,"EPAC PHILADELPHIA, LLC",DROPCONTAINER,False,33,33,33,33,33,33,33,33,33,33,33,33,33,33,33,33,33,33,33,33,33,33,33,33,33
60819676ae88e5182fc02995,63a48e48a8a7a1162550d219,"EPAC PHILADELPHIA, LLC",PULLCONTAINER,False,29,29,29,29,29,29,29,29,29,29,29,29,29,29,29,29,29,29,29,29,29,29,29,29,29
60819676ae88e5182fc02995,679bacab3947146db3d9e48b,ES3 LLC DEL MONTE FOOD INCS,DELIVERLOAD,False,58,58,58,58,58,58,58,58,58,58,58,58,58,58,58,58,58,58,58,58,58,58,58,58,58
60819676ae88e5182fc02995,679bacab3947146db3d9e48b,ES3 LLC DEL MONTE FOOD INCS,DELIVERLOAD,True,97,97,97,97,97,97,97,97,97,97,97,97,97,97,97,97,97,97,97,97,97,97,97,97,97
60819676ae88e5182fc02995,63aca7f7ef64151638e01325,ESAB GETTYSBURG DC,DELIVERLOAD,False,58,58,58,58,58,58,58,58,58,58,58,58,58,58,58,58,58,58,58,58,58,58,58,58,58
60819676ae88e5182fc02995,67cb19852de25a692170fbc2,"Esab Group Inc, Dba Electric Boat Corporation",DELIVERLOAD,False,66,66,66,66,66,66,66,66,66,66,66,66,66,66,66,66,66,66,66,66,66,66,66,66,66
60819676ae88e5182fc02995,685ecad03a6c8e674f81ec03,ESHIPPING DISTRIBUTION SERVICES,DELIVERLOAD,False,58,58,58,58,58,58,58,58,58,58,58,58,58,58,58,58,58,58,58,58,58,58,58,58,58
60819676ae88e5182fc02995,685ecad03a6c8e674f81ec03,ESHIPPING DISTRIBUTION SERVICES,DELIVERLOAD,True,97,97,97,97,97,97,97,97,97,97,97,97,97,97,97,97,97,97,97,97,97,97,97,97,97
60819676ae88e5182fc02995,685ecad03a6c8e674f81ec03,ESHIPPING DISTRIBUTION SERVICES,HOOKCONTAINER,False,11,11,11,11,11,11,11,11,11,11,11,11,11,11,11,11,11,11,11,11,11,11,11,11,11
60819676ae88e5182fc02995,685c1b90daf593f41b855e5e,EtailFlow WH01,DELIVERLOAD,False,71,71,71,71,71,71,71,71,71,71,71,71,71,71,71,71,71,71,71,71,71,71,71,71,71
60819676ae88e5182fc02995,68bf2757f70e6b593f0441bf,EVAC+CHAIR NORTH AMERICA LLC CITY LOGISTICS,DELIVERLOAD,False,58,58,58,58,58,58,58,58,58,58,58,58,58,58,58,58,58,58,58,58,58,58,58,58,58
60819676ae88e5182fc02995,688ba1dd155f1c14a2d8a929,Eversana Life Science Services,DELIVERLOAD,True,106,106,106,106,106,106,106,106,106,106,106,106,106,106,106,106,106,106,106,106,106,106,106,106,106
60819676ae88e5182fc02995,6887b5fe91a8284eeef25754,Evo at Cira Centre South,DELIVERLOAD,False,58,58,58,58,58,58,58,58,58,58,58,58,58,58,58,58,58,58,58,58,58,58,58,58,58
60819676ae88e5182fc02995,67c9c2dde3a12c48a7822bd0,EVONIK CORP,DELIVERLOAD,True,134,134,134,134,134,134,134,134,134,134,134,134,134,134,134,134,134,134,134,134,134,134,134,134,134
60819676ae88e5182fc02995,6806b2b85470afa844ab408f,EXCELSIOR MEDICAL LLC,DELIVERLOAD,False,87,87,87,87,87,87,87,87,87,87,87,87,87,87,87,87,87,87,87,87,87,87,87,87,87
60819676ae88e5182fc02995,6806b2b85470afa844ab408f,EXCELSIOR MEDICAL LLC,DELIVERLOAD,True,97,97,97,97,97,97,97,97,97,97,97,97,97,97,97,97,97,97,97,97,97,97,97,97,97
60819676ae88e5182fc02995,67be1af6e69ccbb410f42ffc,EXOCOR,DELIVERLOAD,True,97,97,97,97,97,97,97,97,97,97,97,97,97,97,97,97,97,97,97,97,97,97,97,97,97
60819676ae88e5182fc02995,68b8a2483df4594553b4dc39,EXPACK USA INC,DELIVERLOAD,False,58,58,58,58,58,58,58,58,58,58,58,58,58,58,58,58,58,58,58,58,58,58,58,58,58
60819676ae88e5182fc02995,64468673295edf1639a555ce,EXTREME CONSTRUCTION,HOOKCONTAINER,False,11,11,11,11,11,11,11,11,11,11,11,11,11,11,11,11,11,11,11,11,11,11,11,11,11
60819676ae88e5182fc02995,67bf4bde844c0298147546be,EXTREME CONSTRUCTION,HOOKCONTAINER,False,19,19,19,19,19,19,19,19,19,19,19,19,19,19,19,19,19,19,19,19,19,19,19,19,19
60819676ae88e5182fc02995,664619baa0ed94230ab22f41,FABBRICA FACTORY,DELIVERLOAD,False,63,63,63,63,63,63,63,63,63,63,63,63,63,63,63,63,63,63,63,63,63,63,63,63,63
60819676ae88e5182fc02995,67d33c896948eef92cde128c,FAIRLIFE LLC,DELIVERLOAD,False,58,58,58,58,58,58,58,58,58,58,58,58,58,58,58,58,58,58,58,58,58,58,58,58,58
60819676ae88e5182fc02995,67d33c896948eef92cde128c,FAIRLIFE LLC,DELIVERLOAD,True,97,97,97,97,97,97,97,97,97,97,97,97,97,97,97,97,97,97,97,97,97,97,97,97,97
60819676ae88e5182fc02995,67c8acd81fc1a1cd287078bf,FALCON EXPRESS,DELIVERLOAD,False,80,80,80,80,80,80,80,80,80,80,80,80,80,80,80,80,80,80,80,80,80,80,80,80,80
60819676ae88e5182fc02995,66b29246232f7bf9433ce3a1,FAMILY FOOD,DELIVERLOAD,False,58,58,58,58,58,58,58,58,58,58,58,58,58,58,58,58,58,58,58,58,58,58,58,58,58
60819676ae88e5182fc02995,66b29246232f7bf9433ce3a1,FAMILY FOOD,HOOKCONTAINER,False,16,16,16,16,16,16,16,16,16,16,16,16,16,16,16,16,16,16,16,16,16,16,16,16,16
60819676ae88e5182fc02995,62ea98a830b08415fb3fde5c,FAPS,DELIVERLOAD,False,9,9,9,9,9,9,9,8,8,11,9,9,8,12,9,8,7,7,7,7,9,9,9,9,9
60819676ae88e5182fc02995,62ea98a830b08415fb3fde5c,FAPS,HOOKCONTAINER,False,14,14,14,14,14,18,15,15,11,15,15,16,14,14,13,14,13,14,18,14,14,14,14,14,14
60819676ae88e5182fc02995,661821847e06846cf6f8020d,FD Sales Co LLC,DELIVERLOAD,False,83,83,83,83,83,83,83,65,83,83,83,83,83,83,83,83,83,83,83,83,83,83,83,83,83
60819676ae88e5182fc02995,661821847e06846cf6f8020d,FD Sales Co LLC,DELIVERLOAD,True,71,71,71,71,71,71,71,71,71,71,71,71,48,71,71,71,71,71,71,71,71,71,71,71,71
60819676ae88e5182fc02995,6615729895776cc0ec5c3856,FERRERO,DELIVERLOAD,False,58,58,58,58,58,58,58,58,58,58,58,58,58,58,58,58,58,58,58,58,58,58,58,58,58
60819676ae88e5182fc02995,6615729895776cc0ec5c3856,FERRERO,DELIVERLOAD,True,97,97,97,97,97,97,97,97,97,97,97,97,97,97,97,97,97,97,97,97,97,97,97,97,97
60819676ae88e5182fc02995,65440fd08f42ea1573c01b57,FIABILA USA,DELIVERLOAD,True,134,134,134,134,134,134,134,134,134,134,134,134,134,134,134,134,134,134,134,134,134,134,134,134,134
60819676ae88e5182fc02995,653c258137ffbe165686a235,FIBA TECHNOLOGIES,DELIVERLOAD,False,12,12,12,12,12,12,12,12,12,12,12,12,12,12,12,12,12,12,12,12,12,12,12,12,12
60819676ae88e5182fc02995,653c258137ffbe165686a235,FIBA TECHNOLOGIES,DROPCONTAINER,False,33,33,33,33,33,33,33,33,33,33,33,33,33,33,33,33,33,33,33,33,33,33,33,33,33
60819676ae88e5182fc02995,653c258137ffbe165686a235,FIBA TECHNOLOGIES,HOOKCONTAINER,False,6,6,6,6,6,6,6,6,6,6,6,6,6,6,6,6,6,6,6,6,6,6,6,6,6
60819676ae88e5182fc02995,653c258137ffbe165686a235,FIBA TECHNOLOGIES,PULLCONTAINER,False,16,16,16,16,16,16,16,16,16,16,16,16,16,16,16,16,16,16,16,16,16,16,16,16,16
60819676ae88e5182fc02995,68c8191867649d548d2d07ab,FIDEL DELGADO,DELIVERLOAD,False,58,58,58,58,58,58,58,58,58,58,58,58,58,58,58,58,58,58,58,58,58,58,58,58,58
60819676ae88e5182fc02995,688bcba184972381aecf46d9,FIELDCORE SERVICE SOLUTIONS LLC,DELIVERLOAD,False,58,58,58,58,58,58,58,58,58,58,58,58,58,58,58,58,58,58,58,58,58,58,58,58,58
60819676ae88e5182fc02995,688bcba184972381aecf46d9,FIELDCORE SERVICE SOLUTIONS LLC,HOOKCONTAINER,False,19,19,19,19,19,19,19,19,19,19,19,19,19,19,19,19,19,19,19,19,19,19,19,19,19
60819676ae88e5182fc02995,67b64c2767c43a5d2364e372,FIRMENICH INC,DELIVERLOAD,False,58,58,58,58,58,58,58,58,58,58,58,58,58,58,58,58,58,58,58,58,58,58,58,58,58
60819676ae88e5182fc02995,680a5b53322f898193986f83,"FIRST QUALITY TISSUE, LLC",DELIVERLOAD,False,58,58,58,58,58,58,58,58,58,58,58,58,58,58,58,58,58,58,58,58,58,58,58,58,58
60819676ae88e5182fc02995,657c76d53507f9160842a982,FIRST SOLAR WAREHOUSE,DELIVERLOAD,True,71,71,71,71,71,71,71,71,71,71,71,71,71,71,71,71,71,71,71,71,71,71,71,71,71
60819676ae88e5182fc02995,65b01cb18e2fa41655e2db85,FITNESS SHOWROOM OF LONG ISLAND,DELIVERLOAD,False,58,58,58,58,58,58,58,58,58,58,58,58,58,58,58,58,58,58,58,58,58,58,58,58,58
60819676ae88e5182fc02995,65b01cb18e2fa41655e2db85,FITNESS SHOWROOM OF LONG ISLAND,DELIVERLOAD,True,64,64,64,64,64,64,64,64,144,64,64,64,64,64,64,64,64,64,64,64,64,64,64,64,64
60819676ae88e5182fc02995,632e0d1438cf5315ef826545,FIVE BELOW DC PEDRICKTOWN,DELIVERLOAD,False,13,13,11,13,11,9,16,14,13,16,16,16,15,15,13,11,9,10,9,10,12,12,22,16,13
60819676ae88e5182fc02995,632e0d1438cf5315ef826545,FIVE BELOW DC PEDRICKTOWN,HOOKCONTAINER,False,19,19,19,18,15,11,19,20,21,23,22,23,23,28,20,19,21,15,14,15,12,13,3,19,19
60819676ae88e5182fc02995,632e0d1438cf5315ef826545,FIVE BELOW DC PEDRICKTOWN,PULLCONTAINER,False,12,12,12,12,12,12,12,12,12,12,12,12,12,12,12,12,12,12,12,12,12,12,12,12,12
60819676ae88e5182fc02995,632e0d1438cf5315ef826545,FIVE BELOW DC PEDRICKTOWN,RETURNCONTAINER,False,17,17,17,17,17,17,17,17,17,17,17,17,17,17,17,17,17,17,17,17,17,17,17,17,17
60819676ae88e5182fc02995,66913fe2cfbecfbb0f316c42,Flagship Brands,DELIVERLOAD,True,97,97,97,97,97,97,97,97,97,97,97,97,97,97,97,97,97,97,97,97,97,97,97,97,97
60819676ae88e5182fc02995,68222a8de6f9ecdd07b0fb7d,FLETCHER-TERRY COMPANY LLC,DELIVERLOAD,False,69,69,69,69,69,69,69,69,69,69,69,69,69,69,69,69,69,69,69,69,69,69,69,69,69
60819676ae88e5182fc02995,68222a8de6f9ecdd07b0fb7d,FLETCHER-TERRY COMPANY LLC,DELIVERLOAD,True,130,130,130,130,130,130,130,130,130,130,130,130,130,130,130,130,130,130,130,130,130,130,130,130,130
60819676ae88e5182fc02995,68bf1eee7a8cbbad89a63629,F.M. BROWN'S SONS INC.,DELIVERLOAD,False,58,58,58,58,58,58,58,58,58,58,58,58,58,58,58,58,58,58,58,58,58,58,58,58,58
60819676ae88e5182fc02995,67b7413d5c8dfb20ac791f2b,Focus Mailing LLC,DELIVERLOAD,False,77,77,77,77,77,77,77,77,77,77,77,77,77,77,77,77,77,77,77,77,77,77,77,77,77
60819676ae88e5182fc02995,6839cd3ead48b7d7e1c746ed,FOCUS MAILING Llc.,DELIVERLOAD,False,65,65,65,65,65,65,65,65,65,65,65,65,65,65,65,65,65,65,65,65,65,65,65,65,65
60819676ae88e5182fc02995,6734e156717c318ff10844fc,FOSTER LOGISTICS TANK WAREHOUSE,DROPCONTAINER,False,33,33,33,33,33,33,33,33,33,33,33,33,33,33,33,33,33,33,33,33,33,33,33,33,33
60819676ae88e5182fc02995,668546bd9882e6e87a6ac6e3,FOX PRO SYSTEMS,DELIVERLOAD,False,51,51,51,51,51,51,51,51,51,51,51,51,51,51,51,51,51,51,51,51,51,51,51,51,51
60819676ae88e5182fc02995,668546bd9882e6e87a6ac6e3,FOX PRO SYSTEMS,DELIVERLOAD,True,60,60,60,60,60,60,60,60,60,60,60,60,60,60,60,60,60,60,60,60,60,60,60,60,60
60819676ae88e5182fc02995,6852ff70544c3ef31a6b1115,FREEMAN ENCLOSURE SYSTEMS,DELIVERLOAD,False,11,11,11,11,11,11,11,11,11,11,11,11,11,11,11,11,11,11,11,11,11,11,11,11,11
60819676ae88e5182fc02995,689f55fc70797dab382a9e1f,FUCHS LUBRICANTS CO,DELIVERLOAD,True,30,30,30,30,30,30,30,30,30,30,30,30,30,30,30,30,30,30,30,30,30,30,30,30,30
60819676ae88e5182fc02995,6564e55357958115f575d031,FUJIFILM ELECTRONIC MATERIALS INC,DELIVERLOAD,False,58,58,58,58,58,58,58,58,58,58,58,58,58,58,58,58,58,58,58,58,58,58,58,58,58
60819676ae88e5182fc02995,6564e55357958115f575d031,FUJIFILM ELECTRONIC MATERIALS INC,DELIVERLOAD,True,125,125,125,125,125,125,125,125,125,125,125,125,125,125,125,125,125,125,125,125,125,125,125,125,125
60819676ae88e5182fc02995,68b874f7171475b0aa44c681,FULFILLEMENT HOUSE,DELIVERLOAD,False,58,58,58,58,58,58,58,58,58,58,58,58,58,58,58,58,58,58,58,58,58,58,58,58,58
60819676ae88e5182fc02995,680ba9946d77c6f2643a844b,FULFILLMENT HUB USA,DELIVERLOAD,False,58,58,58,58,58,58,58,58,58,58,58,58,58,58,58,58,58,58,58,58,58,58,58,58,58
60819676ae88e5182fc02995,680ba9946d77c6f2643a844b,FULFILLMENT HUB USA,HOOKCONTAINER,False,19,19,19,19,19,19,19,19,19,19,19,19,19,19,19,19,19,19,19,19,19,19,19,19,19
60819676ae88e5182fc02995,6849e933611a88f8cd4fb23a,F & V TRUCKING N SALES LLC,DELIVERLOAD,False,80,80,80,80,80,80,80,80,80,80,80,80,80,80,80,80,80,80,80,80,80,80,80,80,80
60819676ae88e5182fc02995,6849e933611a88f8cd4fb23a,F & V TRUCKING N SALES LLC,DELIVERLOAD,True,97,97,97,97,97,97,97,97,97,97,97,97,97,97,97,97,97,97,97,97,97,97,97,97,97
60819676ae88e5182fc02995,66cc875a18ac1c38bb4f6457,FXA SUPPLY,RETURNCONTAINER,False,41,41,41,41,41,41,41,41,41,41,41,41,41,41,41,41,41,41,41,41,41,41,41,41,41
60819676ae88e5182fc02995,68404f3d3d9d55439027f9a1,GABRIELLA  UNIT D,DELIVERLOAD,False,35,35,35,35,35,35,35,35,35,35,35,35,35,35,35,35,35,35,35,35,35,35,35,35,35
60819676ae88e5182fc02995,687183461fdafff961c3395e,GALATA CHEMICALS,DELIVERLOAD,True,172,172,172,172,172,172,172,172,172,172,172,172,172,172,172,172,172,172,172,172,172,172,172,172,172
60819676ae88e5182fc02995,66ad08eccd85517acf688383,GARDEN CITY TERMINAL,DELIVERLOAD,False,43,43,43,43,43,43,43,43,43,43,43,43,43,43,43,43,43,43,43,43,43,43,43,43,43
60819676ae88e5182fc02995,66c7a8aa838298a05d8235cf,GARVEY TRANSPORT,DELIVERLOAD,True,40,40,40,40,40,40,40,40,40,40,40,40,40,40,40,40,40,40,40,40,40,40,40,40,40
60819676ae88e5182fc02995,6601bc3476f1b8c2df4934ee,G&C FOODS DISTRIBUTORS,DELIVERLOAD,False,58,58,58,58,58,58,58,58,58,58,58,58,58,58,58,58,58,58,58,58,58,58,58,58,58
60819676ae88e5182fc02995,6601bc3476f1b8c2df4934ee,G&C FOODS DISTRIBUTORS,DELIVERLOAD,True,142,142,142,142,142,142,142,142,142,142,142,142,142,142,142,142,142,142,142,142,142,142,142,142,142
60819676ae88e5182fc02995,65e5d9371df7201494b586d8,GCT BAYONNE,DELIVERLOAD,False,18,18,18,18,18,18,18,18,19,17,21,21,13,22,20,15,13,18,18,18,18,18,18,18,18
60819676ae88e5182fc02995,65e5d9371df7201494b586d8,GCT BAYONNE,DELIVERLOAD,True,25,25,25,25,25,25,25,25,25,28,25,25,25,26,25,25,13,25,25,25,25,25,25,25,25
60819676ae88e5182fc02995,65e5d9371df7201494b586d8,GCT BAYONNE,DROPCONTAINER,False,79,79,79,79,79,79,79,46,24,181,222,313,151,72,75,86,79,79,79,79,79,79,79,79,79
60819676ae88e5182fc02995,65e5d9371df7201494b586d8,GCT BAYONNE,PULLCONTAINER,False,56,56,56,56,56,47,28,39,55,71,98,74,74,94,60,56,73,44,51,56,56,56,56,56,56
60819676ae88e5182fc02995,65e5d9371df7201494b586d8,GCT BAYONNE,RETURNCONTAINER,False,72,72,72,72,72,78,62,60,34,73,58,77,65,82,77,90,80,61,72,72,72,72,72,72,72
60819676ae88e5182fc02995,65e5d9371df7201494b586d9,GCT NY,DELIVERLOAD,False,29,29,29,29,29,29,29,29,18,16,29,29,29,29,29,29,29,29,29,29,29,29,29,29,29
60819676ae88e5182fc02995,65e5d9371df7201494b586d9,GCT NY,DROPCONTAINER,False,18,18,18,18,18,18,18,18,18,16,18,18,18,18,18,18,18,18,18,18,18,18,18,18,18
60819676ae88e5182fc02995,65e5d9371df7201494b586d9,GCT NY,PULLCONTAINER,False,30,30,30,30,30,117,95,22,35,25,34,34,28,39,22,23,26,30,30,30,30,30,30,30,30
60819676ae88e5182fc02995,65e5d9371df7201494b586d9,GCT NY,RETURNCONTAINER,False,32,32,32,32,32,32,32,13,32,25,28,29,31,38,37,28,67,55,32,32,32,32,32,32,32
60819676ae88e5182fc02995,680a36ec906add4c98d12e27,GENERAL CABLE,DELIVERLOAD,False,58,58,58,58,58,58,58,58,58,58,58,58,58,58,58,58,58,58,58,58,58,58,58,58,58
60819676ae88e5182fc02995,649d81680f55c716286d874d,GENERAL CAONTINER CORP,DELIVERLOAD,False,65,65,65,65,65,65,65,65,65,65,65,65,65,65,65,65,65,65,65,65,65,65,65,65,65
60819676ae88e5182fc02995,689f35ea10d8ac898a6dac9c,GENERAL FIBRE PRODUCTS,DELIVERLOAD,False,58,58,58,58,58,58,58,58,58,58,58,58,58,58,58,58,58,58,58,58,58,58,58,58,58
60819676ae88e5182fc02995,67dd82ffe31462f5658c4e5f,GENESIS MANUFACTURING & DISTRIBUTIO,DELIVERLOAD,False,58,58,58,58,58,58,58,58,58,58,58,58,58,58,58,58,58,58,58,58,58,58,58,58,58
60819676ae88e5182fc02995,67b606cc1b94448184bc5b9d,GENSCRIPT PROBIO USA,DELIVERLOAD,False,58,58,58,58,58,58,58,58,58,58,58,58,58,58,58,58,58,58,58,58,58,58,58,58,58
60819676ae88e5182fc02995,67b606cc1b94448184bc5b9d,GENSCRIPT PROBIO USA,DELIVERLOAD,True,97,97,97,97,97,97,97,97,97,97,97,97,97,97,97,97,97,97,97,97,97,97,97,97,97
60819676ae88e5182fc02995,678531053215ff4eebb9c66d,GENTLE GIANT MOVING COMPANY,DELIVERLOAD,True,100,100,100,100,100,100,100,100,100,100,100,100,100,100,100,100,100,100,100,100,100,100,100,100,100
60819676ae88e5182fc02995,65fda50e8fe1d9a29af13524,GEORG FISCHER HARVEL LLC,DELIVERLOAD,False,48,48,48,48,48,48,48,48,48,48,48,48,48,48,48,48,48,48,48,48,48,48,48,48,48
60819676ae88e5182fc02995,65fda50e8fe1d9a29af13524,GEORG FISCHER HARVEL LLC,DELIVERLOAD,True,58,58,58,58,58,58,58,58,58,58,58,58,58,58,58,58,58,58,58,58,58,58,58,58,58
60819676ae88e5182fc02995,67bc66d85d2b88c5df634455,GFS CHEMICALS,DELIVERLOAD,True,108,108,108,108,108,108,108,108,108,108,108,108,108,108,108,108,108,108,108,108,108,108,108,108,108
60819676ae88e5182fc02995,6849cdbda3f588329fdb74eb,Gibbstown CSC - GB,DELIVERLOAD,False,18,18,18,18,18,18,18,18,18,18,18,18,18,18,18,18,18,18,18,18,18,18,18,18,18
60819676ae88e5182fc02995,6849cdbda3f588329fdb74eb,Gibbstown CSC - GB,HOOKCONTAINER,False,60,60,60,60,60,60,60,60,60,60,60,60,60,60,60,60,60,60,60,60,60,60,60,60,60
60819676ae88e5182fc02995,68960fb7ec34c0c31c87046e,GILMAN CORPORATION,DELIVERLOAD,False,58,58,58,58,58,58,58,58,58,58,58,58,58,58,58,58,58,58,58,58,58,58,58,58,58
60819676ae88e5182fc02995,67c78025bb3c27e0b48a48a1,Global Citrus Group,DELIVERLOAD,True,153,153,153,153,153,153,153,153,153,153,153,153,153,153,153,153,153,153,153,153,153,153,153,153,153
60819676ae88e5182fc02995,661ee4a2d38f52a50a8acdf8,GLOBAL INGREDIENTS,DELIVERLOAD,False,58,58,58,58,58,58,58,58,58,58,58,58,58,58,58,58,58,58,58,58,58,58,58,58,58
60819676ae88e5182fc02995,6787fbbfec675c6bcb45c27b,Global MJL,DELIVERLOAD,False,58,58,58,58,58,58,58,58,58,58,58,58,58,58,58,58,58,58,58,58,58,58,58,58,58
60819676ae88e5182fc02995,66983742781b075819aa5dfc,Globe Scientific Warehouse,DELIVERLOAD,True,40,40,40,40,40,40,40,40,40,40,40,40,40,40,40,40,40,40,40,40,40,40,40,40,40
60819676ae88e5182fc02995,6838909dda6f2b239db0d85c,GMM Pfaudler US Inc.,DELIVERLOAD,True,166,166,166,166,166,166,166,166,166,166,166,166,166,166,166,166,166,166,166,166,166,166,166,166,166
60819676ae88e5182fc02995,661e8df1d3ca8590234b539f,Gnutti Carlo USA Inc,DELIVERLOAD,True,90,90,90,90,90,90,90,90,90,90,90,90,90,90,90,90,90,90,90,90,90,90,90,90,90
60819676ae88e5182fc02995,65035b4ff259bd15f3fbe616,GODSHALLS,DELIVERLOAD,True,112,112,112,112,112,112,112,112,112,112,112,112,112,112,112,112,112,112,112,112,112,112,112,112,112
60819676ae88e5182fc02995,67e6a96d3cba23ad16cc832d,GOLDEN BARREL PRODUCTS,DELIVERLOAD,False,62,62,62,62,62,62,62,62,62,62,62,62,62,62,62,62,62,62,62,62,62,62,62,62,62
60819676ae88e5182fc02995,6744ef28e06275f1bb6f6d08,GOOD FOOD INC DISTRIBUTION CENTER,DELIVERLOAD,False,56,56,56,56,56,56,56,56,56,56,56,56,56,56,56,56,56,56,56,56,56,56,56,56,56
60819676ae88e5182fc02995,67cb4d33e785cac65ff96163,GOSIGER,DELIVERLOAD,False,32,32,32,32,32,32,32,32,32,32,32,32,32,32,32,32,32,32,32,32,32,32,32,32,32
60819676ae88e5182fc02995,66b25deee29db1b8dabd4c1d,GRACE PRESS,DELIVERLOAD,True,110,110,110,110,110,110,110,110,110,110,110,110,110,110,110,110,110,110,110,110,110,110,110,110,110
60819676ae88e5182fc02995,67bc77ec0d84ba34060be143,GRAIN BRAIN,DELIVERLOAD,False,58,58,58,58,58,58,58,58,58,58,58,58,58,58,58,58,58,58,58,58,58,58,58,58,58
60819676ae88e5182fc02995,67bc77ec0d84ba34060be143,GRAIN BRAIN,DELIVERLOAD,True,56,56,56,56,56,56,56,56,56,56,56,56,56,56,56,56,56,56,56,56,56,56,56,56,56
60819676ae88e5182fc02995,689b6159b0e5b3bd65d2b3a2,GRAND BK,DELIVERLOAD,False,58,58,58,58,58,58,58,58,58,58,58,58,58,58,58,58,58,58,58,58,58,58,58,58,58
60819676ae88e5182fc02995,686d59e61e32d5996f76f8bf,GREAT BEAR DISTRIBUTION CENTER,DELIVERLOAD,False,58,58,58,58,58,58,58,58,58,58,58,58,58,58,58,58,58,58,58,58,58,58,58,58,58
60819676ae88e5182fc02995,686d59e61e32d5996f76f8bf,GREAT BEAR DISTRIBUTION CENTER,DELIVERLOAD,True,97,97,97,97,97,97,97,97,97,97,97,97,97,97,97,97,97,97,97,97,97,97,97,97,97
60819676ae88e5182fc02995,67b8e3c75c5726eaa89b787c,GREATER OMAHA PACKING,DELIVERLOAD,False,58,58,58,58,58,58,58,58,58,58,58,58,58,58,58,58,58,58,58,58,58,58,58,58,58
60819676ae88e5182fc02995,67b8e3c75c5726eaa89b787c,GREATER OMAHA PACKING,DELIVERLOAD,True,57,57,57,57,57,57,57,57,57,57,57,57,57,57,57,57,57,57,57,57,57,57,57,57,57
60819676ae88e5182fc02995,6896486c75d89cb1533178ed,GREEN COMPUTERS RECYCLING INC,DELIVERLOAD,False,58,58,58,58,58,58,58,58,58,58,58,58,58,58,58,58,58,58,58,58,58,58,58,58,58
60819676ae88e5182fc02995,68c2dfd554f641690953f4a7,GREEN SHEEN PAINT,DELIVERLOAD,False,58,58,58,58,58,58,58,58,58,58,58,58,58,58,58,58,58,58,58,58,58,58,58,58,58
60819676ae88e5182fc02995,68c2dfd554f641690953f4a7,GREEN SHEEN PAINT,DELIVERLOAD,True,97,97,97,97,97,97,97,97,97,97,97,97,97,97,97,97,97,97,97,97,97,97,97,97,97
60819676ae88e5182fc02995,645953be8cb9f8164a8fabd0,GRIFF,DELIVERLOAD,False,58,58,58,58,58,58,58,58,58,58,58,58,58,58,58,58,58,58,58,58,58,58,58,58,58
60819676ae88e5182fc02995,68235cf1e4c32350320150b8,G&S Wholesale Distribution,DELIVERLOAD,True,97,97,97,97,97,97,97,97,97,97,97,97,97,97,97,97,97,97,97,97,97,97,97,97,97
60819676ae88e5182fc02995,669fdae1f5c21855ce15916d,GT GROUP TERMINAL,DELIVERLOAD,False,29,29,29,29,29,29,29,29,29,29,29,29,29,29,29,29,29,29,29,29,29,29,29,29,29
60819676ae88e5182fc02995,669fdae1f5c21855ce15916d,GT GROUP TERMINAL,RETURNCONTAINER,False,23,23,23,23,23,23,23,23,23,23,23,23,23,23,23,23,23,23,23,23,23,23,23,23,23
60819676ae88e5182fc02995,671aa96c0e0d3def7bfa1a36,GTG WAREHOUSE,DELIVERLOAD,True,44,44,44,44,44,44,44,44,44,44,44,44,44,44,44,44,44,44,44,44,44,44,44,44,44
60819676ae88e5182fc02995,68753bb9a3c39df26489cfc7,GTS,DELIVERLOAD,False,13,13,13,13,13,13,13,13,13,13,13,13,13,13,13,13,13,13,13,13,13,13,13,13,13
60819676ae88e5182fc02995,68753bb9a3c39df26489cfc7,GTS,HOOKCONTAINER,False,15,15,15,15,15,15,15,15,15,15,15,15,15,15,15,15,15,15,15,15,15,15,15,15,15
60819676ae88e5182fc02995,689a518d9d9d538a4040ff7e,Gusgo Transport,DELIVERLOAD,False,6,6,6,6,6,6,6,6,6,6,6,6,6,6,6,6,6,6,6,6,6,6,6,6,6
60819676ae88e5182fc02995,689a518d9d9d538a4040ff7e,Gusgo Transport,HOOKCONTAINER,False,19,19,19,19,19,19,19,19,19,19,19,19,19,19,19,19,19,19,19,19,19,19,19,19,19
60819676ae88e5182fc02995,689a518d9d9d538a4040ff7e,Gusgo Transport,RETURNCONTAINER,False,25,25,25,25,25,25,25,25,25,25,25,25,25,25,25,25,25,25,25,25,25,25,25,25,25
60819676ae88e5182fc02995,684c792454c7cf43be733293,GW Distribution LLC,DELIVERLOAD,True,40,40,40,40,40,40,40,40,40,40,40,40,40,40,40,40,40,40,40,40,40,40,40,40,40
60819676ae88e5182fc02995,6851699de5b7e1c08b2e2d02,GW Distribution LLC,DELIVERLOAD,False,58,58,58,58,58,58,58,58,58,58,58,58,58,58,58,58,58,58,58,58,58,58,58,58,58
60819676ae88e5182fc02995,6851699de5b7e1c08b2e2d02,GW Distribution LLC,DELIVERLOAD,True,67,67,67,67,67,67,67,67,67,67,67,67,67,67,67,67,67,67,67,67,67,67,67,67,67
60819676ae88e5182fc02995,63519ccb86dee215f7c13ead,HABASIT AMERICA INC,DELIVERLOAD,False,58,58,58,58,58,58,58,58,58,58,58,58,58,58,58,58,58,58,58,58,58,58,58,58,58
60819676ae88e5182fc02995,63519ccb86dee215f7c13ead,HABASIT AMERICA INC,DELIVERLOAD,True,68,68,68,68,68,68,68,68,68,68,68,68,68,68,68,68,68,68,68,68,68,68,68,68,68
60819676ae88e5182fc02995,660705860810de2507306cbf,"HADCO METAL TRADING CO., LLC",DELIVERLOAD,False,62,62,62,62,62,62,62,62,62,62,62,62,62,62,62,62,62,62,62,62,62,62,62,62,62
60819676ae88e5182fc02995,67fd1d4ecd04d52ca625c850,HAEMONETICS CORPORATION,DELIVERLOAD,True,95,95,95,95,95,95,95,95,95,95,95,95,95,95,95,95,95,95,95,95,95,95,95,95,95
60819676ae88e5182fc02995,66b3bd7770d8f92c8074e33b,HALEON US HOLDINGS LLC,DELIVERLOAD,False,58,58,58,58,58,58,58,58,58,58,58,58,58,58,58,58,58,58,58,58,58,58,58,58,58
60819676ae88e5182fc02995,66b3bd7770d8f92c8074e33b,HALEON US HOLDINGS LLC,DELIVERLOAD,True,140,140,140,140,140,140,140,140,140,140,140,140,140,140,140,140,140,140,140,140,140,140,140,140,140
60819676ae88e5182fc02995,68430f6711f6972f83e23fac,Haleon Us Inc,DELIVERLOAD,True,97,97,97,97,97,97,97,97,97,97,97,97,97,97,97,97,97,97,97,97,97,97,97,97,97
60819676ae88e5182fc02995,67b3a95e7bcdaf51c3d94d03,HALLSTAR COMPANY,DELIVERLOAD,True,62,62,62,62,62,62,62,62,62,62,62,62,62,62,62,62,62,62,62,62,62,62,62,62,62
60819676ae88e5182fc02995,6393a90714ecdc14c9954b5b,HANOVER LOGISTICS,DELIVERLOAD,False,69,69,69,69,69,69,69,59,113,38,69,69,69,69,69,69,69,69,69,69,69,69,69,69,69
60819676ae88e5182fc02995,6393a90714ecdc14c9954b5b,HANOVER LOGISTICS,DELIVERLOAD,True,58,58,58,58,58,58,58,58,58,58,58,58,58,58,58,58,58,58,58,58,58,58,58,58,58
60819676ae88e5182fc02995,6393a90714ecdc14c9954b5b,HANOVER LOGISTICS,RETURNCONTAINER,False,36,36,36,36,36,36,36,36,36,36,36,36,36,36,36,36,36,36,36,36,36,36,36,36,36
60819676ae88e5182fc02995,643f029811490915e2072134,HARNEY & SONS TEAS,DELIVERLOAD,True,103,103,103,103,103,103,103,103,103,103,103,103,103,103,103,103,103,103,103,103,103,103,103,103,103
60819676ae88e5182fc02995,63bdc44fdae8e915ed6d909b,HARRIS CORPORATION,DELIVERLOAD,False,62,62,62,62,62,62,62,62,62,62,62,62,62,62,62,62,62,62,62,62,62,62,62,62,62
60819676ae88e5182fc02995,63bee6c99ccbbf15b7e61440,HARRIS CORPORATION,DELIVERLOAD,False,58,58,58,58,58,58,58,58,58,58,58,58,58,58,58,58,58,58,58,58,58,58,58,58,58
60819676ae88e5182fc02995,63bee6c99ccbbf15b7e61440,HARRIS CORPORATION,DELIVERLOAD,True,135,135,135,135,135,135,135,135,135,135,135,135,135,135,135,135,135,135,135,135,135,135,135,135,135
60819676ae88e5182fc02995,67c091a3415347d92563ba13,HARTFORD CSC - HD,DELIVERLOAD,False,58,58,58,58,58,58,58,58,58,58,58,58,58,58,58,58,58,58,58,58,58,58,58,58,58
60819676ae88e5182fc02995,67c091a3415347d92563ba13,HARTFORD CSC - HD,HOOKCONTAINER,False,32,32,32,32,32,32,32,32,32,32,32,32,32,32,32,32,32,32,32,32,32,32,32,32,32
60819676ae88e5182fc02995,68a4e331c6e12f18d61d9d2b,HEALTHWAY GROUP,DELIVERLOAD,False,79,79,79,79,79,79,79,79,79,79,79,79,79,79,79,79,79,79,79,79,79,79,79,79,79
60819676ae88e5182fc02995,6877a3907850decf008ead20,Heartwood Solar Project,DELIVERLOAD,True,97,97,97,97,97,97,97,97,97,97,97,97,97,97,97,97,97,97,97,97,97,97,97,97,97
60819676ae88e5182fc02995,6786a93a1536b84655814b89,HEIDELBERG MATERIALS US,DELIVERLOAD,False,47,47,47,47,47,47,47,47,47,47,47,47,47,47,47,47,47,47,47,47,47,47,47,47,47
60819676ae88e5182fc02995,6786a93a1536b84655814b89,HEIDELBERG MATERIALS US,DELIVERLOAD,True,107,107,107,107,107,107,107,107,107,107,107,107,107,107,107,107,107,107,107,107,107,107,107,107,107
60819676ae88e5182fc02995,679bf220a34ed18fcd1f8bc7,HEIDELBERG USA C/O INFO LABEL,DELIVERLOAD,True,97,97,97,97,97,97,97,97,97,97,97,97,97,97,97,97,97,97,97,97,97,97,97,97,97
60819676ae88e5182fc02995,6568904d4efe81163ed06368,HENKEL CORP,DELIVERLOAD,False,58,58,58,58,58,58,58,58,58,58,58,58,58,58,58,58,58,58,58,58,58,58,58,58,58
60819676ae88e5182fc02995,6568904d4efe81163ed06368,HENKEL CORP,DELIVERLOAD,True,165,165,165,165,165,165,165,171,171,165,136,185,165,165,165,165,165,165,165,165,165,165,165,165,165
60819676ae88e5182fc02995,67b648c56498584431158f74,HERBSTREITH&FOX INC C/O SALT LOGISTICS LLC,DELIVERLOAD,True,117,117,117,117,117,117,117,117,117,117,117,117,117,117,117,117,117,117,117,117,117,117,117,117,117
60819676ae88e5182fc02995,68ae1beb5f47d9f798008e24,HIKMA,DELIVERLOAD,False,58,58,58,58,58,58,58,58,58,58,58,58,58,58,58,58,58,58,58,58,58,58,58,58,58
60819676ae88e5182fc02995,6824c195ecba847cfc251bbf,"HILL-ROM, INC",DELIVERLOAD,False,40,40,40,40,40,40,40,40,40,40,40,40,40,40,40,40,40,40,40,40,40,40,40,40,40
60819676ae88e5182fc02995,6769a1dc7de9b5dade451ce7,"HILLROM, INC.",DELIVERLOAD,True,97,97,97,97,97,97,97,97,97,97,97,97,97,97,97,97,97,97,97,97,97,97,97,97,97
60819676ae88e5182fc02995,666c9299fd04383c91d61bd9,HITECH LOGISTICS,DELIVERLOAD,False,58,58,58,58,58,58,58,58,58,58,58,58,58,58,58,58,58,58,58,58,58,58,58,58,58
60819676ae88e5182fc02995,666c9299fd04383c91d61bd9,HITECH LOGISTICS,DELIVERLOAD,True,97,97,97,97,97,97,97,97,97,97,97,97,97,97,97,97,97,97,97,97,97,97,97,97,97
60819676ae88e5182fc02995,637681f8ca496813077ec4ed,"H&M International Warehousing, Inc",PULLCONTAINER,False,47,47,47,47,47,47,47,47,47,47,47,57,66,41,53,46,47,47,47,47,47,47,47,47,47
60819676ae88e5182fc02995,67b4a504e5bb6ecbf18abceb,HOB INDUSTRIES INC,DELIVERLOAD,False,58,58,58,58,58,58,58,58,58,58,58,58,58,58,58,58,58,58,58,58,58,58,58,58,58
60819676ae88e5182fc02995,67b4a504e5bb6ecbf18abceb,HOB INDUSTRIES INC,DELIVERLOAD,True,53,53,53,53,53,53,53,53,53,53,53,53,53,53,53,53,53,53,53,53,53,53,53,53,53
60819676ae88e5182fc02995,63598ca7c6519915aede8b04,HOBOKEN BEER & SODA OUTLET,DELIVERLOAD,False,58,58,58,58,58,58,58,58,58,58,58,58,58,58,58,58,58,58,58,58,58,58,58,58,58
60819676ae88e5182fc02995,63598ca7c6519915aede8b04,HOBOKEN BEER & SODA OUTLET,DELIVERLOAD,True,174,174,174,174,174,174,174,174,174,174,174,174,174,174,174,174,174,174,174,174,174,174,174,174,174
60819676ae88e5182fc02995,664cf8d6510f7dad33dcad36,HODOGAYA CHEMICAL,DELIVERLOAD,False,58,58,58,58,58,58,58,58,58,58,58,58,58,58,58,58,58,58,58,58,58,58,58,58,58
60819676ae88e5182fc02995,6838be34c9d2904721710b83,HOLMBERG ORCHARD INC,DELIVERLOAD,False,58,58,58,58,58,58,58,58,58,58,58,58,58,58,58,58,58,58,58,58,58,58,58,58,58
60819676ae88e5182fc02995,679a58af2575b405eb642c3f,HOOVER CHEMICALS,DELIVERLOAD,False,69,69,69,69,69,69,69,69,69,69,69,69,69,69,69,69,69,69,69,69,69,69,69,69,69
60819676ae88e5182fc02995,68925aa8aef2964c86a4e428,HOPE VALLEY INDUSTRIES,DELIVERLOAD,False,58,58,58,58,58,58,58,58,58,58,58,58,58,58,58,58,58,58,58,58,58,58,58,58,58
60819676ae88e5182fc02995,68a5d9db2f5c497edc453166,HOUSEHOLD,DELIVERLOAD,True,135,135,135,135,135,135,135,135,135,135,135,135,135,135,135,135,135,135,135,135,135,135,135,135,135
60819676ae88e5182fc02995,672a795561ebdf43358e878b,HUDSON FOODS VANTUE LLC,DELIVERLOAD,False,58,58,58,58,58,58,58,58,58,58,58,58,58,58,58,58,58,58,58,58,58,58,58,58,58
60819676ae88e5182fc02995,672a795561ebdf43358e878b,HUDSON FOODS VANTUE LLC,DELIVERLOAD,True,140,140,140,140,140,140,140,140,140,140,140,140,140,140,140,140,140,140,140,140,140,140,140,140,140
60819676ae88e5182fc02995,63ee80dbf7ceb41613867e96,HUDSON VALLEY CREAMERY LLC,DELIVERLOAD,False,58,58,58,58,58,58,58,58,58,58,58,58,58,58,58,58,58,58,58,58,58,58,58,58,58
60819676ae88e5182fc02995,63ee80dbf7ceb41613867e96,HUDSON VALLEY CREAMERY LLC,DELIVERLOAD,True,174,174,174,174,174,174,174,174,174,174,174,174,174,174,174,174,174,174,174,174,174,174,174,174,174
60819676ae88e5182fc02995,66bcd52dea5e11afbfb80f72,HUDSON VALLEY FISH FARM,DELIVERLOAD,False,57,57,57,57,57,57,57,57,57,57,57,57,57,57,57,57,57,57,57,57,57,57,57,57,57
60819676ae88e5182fc02995,66bcd52dea5e11afbfb80f72,HUDSON VALLEY FISH FARM,DELIVERLOAD,True,81,81,81,81,81,81,81,81,81,81,81,81,81,81,81,81,81,81,81,81,81,81,81,81,81
60819676ae88e5182fc02995,686bde23278b39311070871a,HUNT MONTREAL,HOOKCONTAINER,False,19,19,19,19,19,19,19,19,19,19,19,19,19,19,19,19,19,19,19,19,19,19,19,19,19
60819676ae88e5182fc02995,686bd350fc50262073ab0524,HUNT REFRIGERATION TORONTO,HOOKCONTAINER,False,54,54,54,54,54,54,54,54,26,54,54,54,54,54,54,54,54,54,54,54,54,54,54,54,54
60819676ae88e5182fc02995,686bd350fc50262073ab0524,HUNT REFRIGERATION TORONTO,PULLCONTAINER,False,33,33,33,33,33,33,33,33,33,33,33,33,33,33,33,33,33,33,33,33,33,33,33,33,33
60819676ae88e5182fc02995,687fab5cca24bddf8cc8334d,Iberia Foods,DELIVERLOAD,False,58,58,58,58,58,58,58,58,58,58,58,58,58,58,58,58,58,58,58,58,58,58,58,58,58
60819676ae88e5182fc02995,687fab5cca24bddf8cc8334d,Iberia Foods,DELIVERLOAD,True,88,88,88,88,88,88,88,88,88,88,88,88,88,88,88,88,88,88,88,88,88,88,88,88,88
60819676ae88e5182fc02995,65aeac3ab182581671747c61,IBERIA FOODS,DELIVERLOAD,False,58,58,58,58,58,58,58,58,58,58,58,58,58,58,58,58,58,58,58,58,58,58,58,58,58
60819676ae88e5182fc02995,6876b0ad2830fb21a2660532,ICE CUBE COLD,DELIVERLOAD,False,58,58,58,58,58,58,58,58,58,58,58,58,58,58,58,58,58,58,58,58,58,58,58,58,58
60819676ae88e5182fc02995,6876b0ad2830fb21a2660532,ICE CUBE COLD,DELIVERLOAD,True,97,97,97,97,97,97,97,97,97,97,97,97,97,97,97,97,97,97,97,97,97,97,97,97,97
60819676ae88e5182fc02995,684b153f294ffaae481e6aef,IKONIQ,DELIVERLOAD,True,42,42,42,42,42,42,42,42,42,42,42,42,42,42,42,42,42,42,42,42,42,42,42,42,42
60819676ae88e5182fc02995,64b19e23e142a114af477634,ILLINOIS TRANSPORT,RETURNCONTAINER,False,23,23,23,23,23,23,23,23,23,23,23,23,23,23,23,23,23,23,23,23,23,23,23,23,23
60819676ae88e5182fc02995,679d268c4aba3b1c37e6fc2a,IMAGING SOLUTIONS DIRECT,DELIVERLOAD,False,88,88,88,88,88,88,88,88,88,88,88,88,88,88,88,88,88,88,88,88,88,88,88,88,88
60819676ae88e5182fc02995,648b3c1a4cc4cb166f0efad8,INDIUM CORPORATION OF AMERICA,DELIVERLOAD,False,89,89,89,89,89,89,89,89,89,83,89,89,89,89,89,89,89,89,89,89,89,89,89,89,89
60819676ae88e5182fc02995,648b3c1a4cc4cb166f0efad8,INDIUM CORPORATION OF AMERICA,DELIVERLOAD,True,92,92,92,92,92,92,92,79,161,92,92,92,92,92,92,92,92,92,92,92,92,92,92,92,92
60819676ae88e5182fc02995,65f3576a654a06c0aa879ef9,INDIUM CORPORATION OF AMERICA,DELIVERLOAD,False,47,47,47,47,47,47,47,47,47,47,47,47,47,47,47,47,47,47,47,47,47,47,47,47,47
60819676ae88e5182fc02995,65f3576a654a06c0aa879ef9,INDIUM CORPORATION OF AMERICA,DELIVERLOAD,True,50,50,50,50,50,50,50,50,50,50,50,50,50,50,50,50,50,50,50,50,50,50,50,50,50
60819676ae88e5182fc02995,63a1d8691d77aa1618065c89,INDUSTRIAL RIGGERS,DELIVERLOAD,False,58,58,58,58,58,58,58,58,58,58,58,58,58,58,58,58,58,58,58,58,58,58,58,58,58
60819676ae88e5182fc02995,63a1d8691d77aa1618065c89,INDUSTRIAL RIGGERS,DELIVERLOAD,True,138,138,138,138,138,138,138,138,138,138,138,138,138,138,138,138,138,138,138,138,138,138,138,138,138
60819676ae88e5182fc02995,686bec691e75b6dd0aa09dc9,Ingersoll Rand Buffalo Ny,DELIVERLOAD,True,102,102,102,102,102,102,102,102,102,102,102,102,102,102,102,102,102,102,102,102,102,102,102,102,102
60819676ae88e5182fc02995,673b6d8a425022f032e78d3d,INGRAM MICRO,DELIVERLOAD,False,66,66,66,66,66,66,66,66,58,66,66,66,66,66,66,66,66,66,66,66,66,66,66,66,66
60819676ae88e5182fc02995,673b6d8a425022f032e78d3d,INGRAM MICRO,DELIVERLOAD,True,97,97,97,97,97,97,97,97,97,97,97,97,97,97,97,97,97,97,97,97,97,97,97,97,97
60819676ae88e5182fc02995,67bf63dcdfe3e0673a4787d1,INGRAM MICRO MOBILITY,DELIVERLOAD,False,70,70,70,70,70,70,70,70,70,70,70,70,70,70,70,70,70,70,70,70,70,70,70,70,70
60819676ae88e5182fc02995,67bf63dcdfe3e0673a4787d1,INGRAM MICRO MOBILITY,DELIVERLOAD,True,179,179,179,179,179,179,179,179,179,179,179,179,179,179,179,179,179,179,179,179,179,179,179,179,179
60819676ae88e5182fc02995,682b5e962074127f0785eaba,INGREDION INCORPORATED,DELIVERLOAD,False,35,35,35,35,35,35,35,35,35,35,35,35,35,35,35,35,35,35,35,35,35,35,35,35,35
60819676ae88e5182fc02995,67d1f21be6937390b0fa7aa1,INLAND STAR DISTRIBUTION CENTERS INC,DELIVERLOAD,False,58,58,58,58,58,58,58,58,58,58,58,58,58,58,58,58,58,58,58,58,58,58,58,58,58
60819676ae88e5182fc02995,67d1f21be6937390b0fa7aa1,INLAND STAR DISTRIBUTION CENTERS INC,DELIVERLOAD,True,97,97,97,97,97,97,97,97,97,97,97,97,97,97,97,97,97,97,97,97,97,97,97,97,97
60819676ae88e5182fc02995,647e07c17274e91671f47f0e,INNER SPACE WAREHOUSE,DELIVERLOAD,False,58,58,58,58,58,58,58,58,58,58,58,58,58,58,58,58,58,58,58,58,58,58,58,58,58
60819676ae88e5182fc02995,647e07c17274e91671f47f0e,INNER SPACE WAREHOUSE,DELIVERLOAD,True,94,94,94,94,94,94,94,94,94,94,94,94,94,94,94,94,94,94,94,94,94,94,94,94,94
60819676ae88e5182fc02995,633dc221e3a4c815edf7146c,INTEGRATED INDUSTRIES CORP,DROPCONTAINER,False,39,39,39,39,39,39,39,39,39,39,39,39,39,39,39,39,39,39,39,39,39,39,39,39,39
60819676ae88e5182fc02995,633dc221e3a4c815edf7146c,INTEGRATED INDUSTRIES CORP,RETURNCONTAINER,False,41,41,41,41,41,41,41,41,41,41,41,41,46,41,41,41,41,41,41,41,41,41,41,41,41
60819676ae88e5182fc02995,673789acd1074fae1820b1f9,INTER-COUNTY BAKERS INC,DELIVERLOAD,False,58,58,58,58,58,58,58,58,58,58,58,58,58,58,58,58,58,58,58,58,58,58,58,58,58
60819676ae88e5182fc02995,67aa3c806a0efea72d46449e,INTERNATIONAL PAPER COMPANY,DELIVERLOAD,True,62,62,62,62,62,62,62,62,62,62,62,62,62,62,62,62,62,62,62,62,62,62,62,62,62
60819676ae88e5182fc02995,62b9d9234d9e571379e0cf95,INTERPORT,RETURNCONTAINER,False,23,23,23,23,23,23,23,23,23,23,23,23,23,23,23,23,23,23,23,23,23,23,23,23,23
60819676ae88e5182fc02995,664e450fbcd8566fc3a950b8,INTERPRINT INC,DELIVERLOAD,False,58,58,58,58,58,58,58,58,58,58,58,58,58,58,58,58,58,58,58,58,58,58,58,58,58
60819676ae88e5182fc02995,664e450fbcd8566fc3a950b8,INTERPRINT INC,DELIVERLOAD,True,97,97,97,97,97,97,97,97,97,97,97,97,97,97,97,97,97,97,97,97,97,97,97,97,97
60819676ae88e5182fc02995,657b0d9f6d957c16330a866f,Intervet Inc,DELIVERLOAD,False,32,32,32,32,32,32,32,32,32,32,32,32,32,32,32,32,32,32,32,32,32,32,32,32,32
60819676ae88e5182fc02995,68ac9b21ab1cc88606ba8bc5,Intervet Inc. d/b/a Merck Animal Health,DELIVERLOAD,False,42,42,42,42,42,42,42,42,42,42,42,42,42,42,42,42,42,42,42,42,42,42,42,42,42
60819676ae88e5182fc02995,689a41118224391c7c78a6ae,INTERWIRE BRISTOL,DELIVERLOAD,False,52,52,52,52,52,52,52,52,52,52,52,52,52,52,52,52,52,52,52,52,52,52,52,52,52
60819676ae88e5182fc02995,67e4707fb09d5cf1a5220416,Ippolito Howard Rd,DELIVERLOAD,True,60,60,60,60,60,60,60,60,60,60,60,60,60,60,60,60,60,60,60,60,60,60,60,60,60
60819676ae88e5182fc02995,67e46de9a9453a47c2e70ba2,Ippolito Transportation Inc.,DELIVERLOAD,True,113,113,113,113,113,113,113,113,113,113,113,113,113,113,113,113,113,113,113,113,113,113,113,113,113
60819676ae88e5182fc02995,6345c4aed93fed15d3e4b3cc,Ironbound Hyatt,PULLCONTAINER,False,35,35,35,35,35,35,35,35,35,35,35,35,35,35,35,35,35,35,35,35,35,35,35,35,35
60819676ae88e5182fc02995,6345c4aed93fed15d3e4b3cc,Ironbound Hyatt,RETURNCONTAINER,False,41,41,41,41,41,41,41,41,41,41,41,41,41,49,41,14,41,41,41,41,41,41,41,41,41
60819676ae88e5182fc02995,6345c4aed93fed15d3e4b3cc,Ironbound Hyatt,STOPOFF,False,8,8,8,8,8,8,8,8,8,8,8,8,8,8,8,8,8,8,8,8,8,8,8,8,8
60819676ae88e5182fc02995,68542ca7377cde6e82a1d08c,ISIS,DELIVERLOAD,False,58,58,58,58,58,58,58,58,58,58,58,58,58,58,58,58,58,58,58,58,58,58,58,58,58
60819676ae88e5182fc02995,637e39269dd5fa166851b378,ISOCHEM LOGISTICS LLC,PULLCONTAINER,False,48,48,48,48,48,48,48,48,48,48,48,48,48,48,48,48,48,48,48,48,48,48,48,48,48
60819676ae88e5182fc02995,6810fae32a9ace34e6694581,ITW Global Tire Repair,DELIVERLOAD,True,50,50,50,50,50,50,50,50,50,50,50,50,50,50,50,50,50,50,50,50,50,50,50,50,50
60819676ae88e5182fc02995,67c76dd4647ed990ad504eda,JAB TRUCKING,CHASSISPICK,False,30,30,30,30,30,30,30,30,30,30,30,30,30,30,30,30,30,30,30,30,30,30,30,30,30
60819676ae88e5182fc02995,6352c706e68cf415c5bfb342,JAKE STORAGE CONTAINERS LLC,RETURNCONTAINER,False,15,15,15,15,15,15,15,15,15,15,15,15,15,15,15,15,15,15,15,15,15,15,15,15,15
60819676ae88e5182fc02995,6818b567804719cfb197ee31,JANSEEN PHARMACEUTICAL,DELIVERLOAD,True,60,60,60,60,60,60,60,60,60,60,60,60,60,60,60,60,60,60,60,60,60,60,60,60,60
60819676ae88e5182fc02995,67f41ab2699a6f89fff7f407,JBT CORPORATION,DELIVERLOAD,False,58,58,58,58,58,58,58,58,58,58,58,58,58,58,58,58,58,58,58,58,58,58,58,58,58
60819676ae88e5182fc02995,641e0bb7776564161b6f705d,JELDWEN CANADA TORONTO,DELIVERLOAD,False,31,31,31,31,31,31,31,31,31,31,31,31,31,31,31,31,31,31,31,31,31,31,31,31,31
60819676ae88e5182fc02995,641e0bb7776564161b6f705d,JELDWEN CANADA TORONTO,DELIVERLOAD,True,97,97,97,97,97,97,97,97,97,97,97,97,97,97,97,97,97,97,97,97,97,97,97,97,97
60819676ae88e5182fc02995,671be986a83bf65b1cebed77,JELD-WEN INC,DELIVERLOAD,True,74,74,74,74,74,74,74,74,74,74,74,74,74,74,74,74,74,74,74,74,74,74,74,74,74
60819676ae88e5182fc02995,67dc81cf319a9ad0b2667b23,JEM ARCHITECTURALS,DELIVERLOAD,True,110,110,110,110,110,110,110,110,110,110,110,110,110,110,110,110,110,110,110,110,110,110,110,110,110
60819676ae88e5182fc02995,67d1791776d437b68dd0ace6,JERICO PLASTIC IND INC.,DELIVERLOAD,True,99,99,99,99,99,99,99,99,99,99,99,99,99,99,99,99,99,99,99,99,99,99,99,99,99
60819676ae88e5182fc02995,6864059bf76f9454bbef85ad,Jersey Metal Works,DELIVERLOAD,True,109,109,109,109,109,109,109,109,109,109,109,109,109,109,109,109,109,109,109,109,109,109,109,109,109
60819676ae88e5182fc02995,683f00cfb247437002bdea98,JJM PACKAGING,DELIVERLOAD,False,44,44,44,44,44,44,44,44,44,44,44,44,44,44,44,44,44,44,44,44,44,44,44,44,44
60819676ae88e5182fc02995,683f00cfb247437002bdea98,JJM PACKAGING,DELIVERLOAD,True,49,49,49,49,49,49,49,49,49,49,49,49,49,49,49,49,49,49,49,49,49,49,49,49,49
60819676ae88e5182fc02995,68b1eb446ac1279441c69481,JOB SITE NEW YORK,DELIVERLOAD,True,97,97,97,97,97,97,97,97,97,97,97,97,97,97,97,97,97,97,97,97,97,97,97,97,97
60819676ae88e5182fc02995,66f1aea1dc89d5183e8227fc,Joes House of Speed - Brick Twns,DELIVERLOAD,False,58,58,58,58,58,58,58,58,58,58,58,58,58,58,58,58,58,58,58,58,58,58,58,58,58
60819676ae88e5182fc02995,66faaa81758346f4f0fa4b93,Johnson & Johnson Surgical Vision,DELIVERLOAD,True,115,115,115,115,115,115,115,115,115,115,115,115,115,115,115,115,115,115,115,115,115,115,115,115,115
60819676ae88e5182fc02995,68ade1c006ff7a5063a6e1ff,Jojoba Desert Inc. USA c/o USA Container,DELIVERLOAD,False,58,58,58,58,58,58,58,58,58,58,58,58,58,58,58,58,58,58,58,58,58,58,58,58,58
60819676ae88e5182fc02995,684af3b85280f98f9079d31e,JONERIC PRODUCTS DBA WINTER,DELIVERLOAD,False,58,58,58,58,58,58,58,58,58,58,58,58,58,58,58,58,58,58,58,58,58,58,58,58,58
60819676ae88e5182fc02995,684af3b85280f98f9079d31e,JONERIC PRODUCTS DBA WINTER,DELIVERLOAD,True,97,97,97,97,97,97,97,97,97,97,97,97,97,97,97,97,97,97,97,97,97,97,97,97,97
60819676ae88e5182fc02995,646e746bb5249e16aae0f55e,JONESTOWN DC,DELIVERLOAD,False,58,58,58,58,58,58,58,58,58,58,58,58,58,58,58,58,58,58,58,58,58,58,58,58,58
60819676ae88e5182fc02995,646e746bb5249e16aae0f55e,JONESTOWN DC,DELIVERLOAD,True,97,97,97,97,97,97,97,97,97,97,97,97,97,97,97,97,97,97,97,97,97,97,97,97,97
60819676ae88e5182fc02995,67ec3192321e1ae01bdd9f96,"JOS H LOWENSTEIN & SONS, INC",DELIVERLOAD,False,6,6,6,6,6,6,6,6,6,6,6,6,6,6,6,6,6,6,6,6,6,6,6,6,6
60819676ae88e5182fc02995,67ec3192321e1ae01bdd9f96,"JOS H LOWENSTEIN & SONS, INC",DELIVERLOAD,True,161,161,161,161,161,161,161,161,161,161,161,161,161,161,161,161,161,161,161,161,161,161,161,161,161
60819676ae88e5182fc02995,67855b9370e3c27370674cfb,JO VIN CUSTOM WINDOW TREATMENTS,DELIVERLOAD,True,87,87,87,87,87,87,87,87,87,87,87,87,87,87,87,87,87,87,87,87,87,87,87,87,87
60819676ae88e5182fc02995,683e02a5a78c0c7f3bcadcd7,JRS PHARMA,DELIVERLOAD,False,58,58,58,58,58,58,58,58,58,58,58,58,58,58,58,58,58,58,58,58,58,58,58,58,58
60819676ae88e5182fc02995,68af652b54d97dbc012a8636,JR TRANSPORTATION,DELIVERLOAD,False,86,86,86,86,86,86,86,86,86,86,86,86,86,86,86,86,86,86,86,86,86,86,86,86,86
60819676ae88e5182fc02995,67c8bcb531c9730542af16ff,J & W TRANSFER,DELIVERLOAD,False,64,64,64,64,64,64,64,64,64,64,64,64,64,64,64,64,64,64,64,64,64,64,64,64,64
60819676ae88e5182fc02995,67c8bcb531c9730542af16ff,J & W TRANSFER,DELIVERLOAD,True,97,97,97,97,97,97,97,97,97,97,97,97,97,97,97,97,97,97,97,97,97,97,97,97,97
60819676ae88e5182fc02995,6453f25e14e7e615e5fc85ca,KAMAN COMPOSITES,DELIVERLOAD,False,30,30,30,30,30,30,30,30,30,30,30,30,30,30,30,30,30,30,30,30,30,30,30,30,30
60819676ae88e5182fc02995,6453f25e14e7e615e5fc85ca,KAMAN COMPOSITES,DELIVERLOAD,True,33,33,33,33,33,33,33,33,33,33,33,33,33,33,33,33,33,33,33,33,33,33,33,33,33
60819676ae88e5182fc02995,67c60bf0545156437a893ac4,KANI TEKSTIL IHALA,DELIVERLOAD,True,67,67,67,67,67,67,67,67,67,67,67,67,67,67,67,67,67,67,67,67,67,67,67,67,67
60819676ae88e5182fc02995,670ff37ed9d92b1cd7475b11,KARCHNER WAREHOUSE,DELIVERLOAD,False,64,64,64,64,64,64,67,56,59,65,64,64,64,64,64,64,64,64,64,64,64,64,64,64,64
60819676ae88e5182fc02995,670ff37ed9d92b1cd7475b11,KARCHNER WAREHOUSE,DELIVERLOAD,True,111,111,111,111,111,111,86,111,111,111,111,111,111,111,111,111,111,111,111,111,111,111,111,111,111
60819676ae88e5182fc02995,670ff37ed9d92b1cd7475b11,KARCHNER WAREHOUSE,DROPCONTAINER,False,59,59,59,59,59,59,59,59,59,59,59,59,59,59,59,59,59,59,59,59,59,59,59,59,59
60819676ae88e5182fc02995,670ff37ed9d92b1cd7475b11,KARCHNER WAREHOUSE,PULLCONTAINER,False,29,29,29,29,29,29,29,29,29,29,29,29,29,29,29,29,29,29,29,29,29,29,29,29,29
60819676ae88e5182fc02995,6875396624e6283e88faa79b,KATZ GLUTEN FREE,DELIVERLOAD,False,58,58,58,58,58,58,58,58,58,58,58,58,58,58,58,58,58,58,58,58,58,58,58,58,58
60819676ae88e5182fc02995,6875396624e6283e88faa79b,KATZ GLUTEN FREE,DELIVERLOAD,True,176,176,176,176,176,176,176,176,176,176,176,176,176,176,176,176,176,176,176,176,176,176,176,176,176
60819676ae88e5182fc02995,6704241b489fba45d5e434a0,KBI BIOPHARMA,DELIVERLOAD,True,59,59,59,59,59,59,59,59,59,59,59,59,59,59,59,59,59,59,59,59,59,59,59,59,59
60819676ae88e5182fc02995,67be50afa9b84f595ef40614,K-Global Food,DELIVERLOAD,True,97,97,97,97,97,97,97,97,97,97,97,97,97,97,97,97,97,97,97,97,97,97,97,97,97
60819676ae88e5182fc02995,68935d453497e64f58fb801c,KGM,DELIVERLOAD,True,97,97,97,97,97,97,97,97,97,97,97,97,97,97,97,97,97,97,97,97,97,97,97,97,97
60819676ae88e5182fc02995,6791381d41a44e0be13bdf5e,KIRBY AGRI,DELIVERLOAD,True,65,65,65,65,65,65,65,65,65,65,65,65,65,65,65,65,65,65,65,65,65,65,65,65,65
60819676ae88e5182fc02995,662ac256d8a6e03ce9f3ed72,KLINGE CORP,DELIVERLOAD,False,58,58,58,58,58,58,58,58,58,58,58,58,58,58,58,58,58,58,58,58,58,58,58,58,58
60819676ae88e5182fc02995,68a8d9d456c3b752a18d9f21,K&M JOHNSTOWN,DELIVERLOAD,False,55,55,55,55,55,55,55,55,55,55,55,55,55,55,55,55,55,55,55,55,55,55,55,55,55
60819676ae88e5182fc02995,686fd499e174c4b7819686ab,KMX INTERNATIONAL,DELIVERLOAD,False,78,78,78,78,78,78,78,78,78,78,78,78,78,78,78,78,78,78,78,78,78,78,78,78,78
60819676ae88e5182fc02995,662aa5070b485b8465befb13,KOBO PRODUCTS,DELIVERLOAD,False,72,72,72,72,72,72,72,72,72,72,72,72,72,72,72,72,72,72,72,72,72,72,72,72,72
60819676ae88e5182fc02995,662aa5070b485b8465befb13,KOBO PRODUCTS,DELIVERLOAD,True,75,75,75,75,75,75,75,75,75,75,75,75,75,75,75,75,75,75,75,75,75,75,75,75,75
60819676ae88e5182fc02995,682dd0559af6c80371d5e632,Kodak Alaris Incorporated,DELIVERLOAD,True,75,75,75,75,75,75,75,75,75,75,75,75,75,75,75,75,75,75,75,75,75,75,75,75,75
60819676ae88e5182fc02995,67fff81e2012911b43391cf4,KONTOOR MOCKSVILLE DC,DELIVERLOAD,True,126,126,126,126,126,126,126,126,126,126,126,126,126,126,126,126,126,126,126,126,126,126,126,126,126
60819676ae88e5182fc02995,67644b659ccc1a735832df92,KORE WIRELESS,DELIVERLOAD,True,85,85,85,85,85,85,85,85,85,85,85,85,85,85,85,85,85,85,85,85,85,85,85,85,85
60819676ae88e5182fc02995,67f039d3b1da9d1a10b62953,KORHANI HOME,DELIVERLOAD,True,122,122,122,122,122,122,122,122,122,122,122,122,122,122,122,122,122,122,122,122,122,122,122,122,122
60819676ae88e5182fc02995,6839c5e6e88e9b459285a8da,"Kronos, Inc",DELIVERLOAD,False,58,58,58,58,58,58,58,58,58,58,58,58,58,58,58,58,58,58,58,58,58,58,58,58,58
60819676ae88e5182fc02995,6839c5e6e88e9b459285a8da,"Kronos, Inc",DELIVERLOAD,True,130,130,130,130,130,130,130,130,130,130,130,130,130,130,130,130,130,130,130,130,130,130,130,130,130
60819676ae88e5182fc02995,6875622a98a227a74244482e,KTR GROUP INC,DELIVERLOAD,False,58,58,58,58,58,58,58,58,58,58,58,58,58,58,58,58,58,58,58,58,58,58,58,58,58
60819676ae88e5182fc02995,6875622a98a227a74244482e,KTR GROUP INC,DELIVERLOAD,True,97,97,97,97,97,97,97,97,97,97,97,97,97,97,97,97,97,97,97,97,97,97,97,97,97
60819676ae88e5182fc02995,67efc6422e79fe55e4b05b87,KUEHNE + NAGEL WHSE,DELIVERLOAD,True,97,97,97,97,97,97,97,97,97,97,97,97,97,97,97,97,97,97,97,97,97,97,97,97,97
60819676ae88e5182fc02995,662bb36d43446ba844ad5926,KUHL CORPORATION,DELIVERLOAD,True,90,90,90,90,90,90,90,90,90,90,90,90,90,90,90,90,90,90,90,90,90,90,90,90,90
60819676ae88e5182fc02995,679d32f6d9c1e58a8bc678e1,KURTAJ IMPORTS,DELIVERLOAD,False,47,47,47,47,47,47,47,47,47,47,47,47,47,47,47,47,47,47,47,47,47,47,47,47,47
60819676ae88e5182fc02995,6807f1e0a9ef8f9b86d89d93,KURT GEIGER C/O SHIP IWG,DELIVERLOAD,False,63,63,63,63,63,63,63,63,63,63,63,63,63,63,63,63,63,63,63,63,63,63,63,63,63
60819676ae88e5182fc02995,62d698fdea113f15a7d710e4,LAMBERT SPAWN CO.,DELIVERLOAD,False,78,78,78,78,78,78,78,78,78,78,78,78,78,78,78,78,78,78,78,78,78,78,78,78,78
60819676ae88e5182fc02995,62d698fdea113f15a7d710e4,LAMBERT SPAWN CO.,DELIVERLOAD,True,70,70,70,70,70,70,70,70,70,70,70,70,70,70,70,70,70,70,70,70,70,70,70,70,70
60819676ae88e5182fc02995,680666813e4f99e509f80220,LANDMARK FURNITURE COMPANY,DELIVERLOAD,False,58,58,58,58,58,58,58,58,58,58,58,58,58,58,58,58,58,58,58,58,58,58,58,58,58
60819676ae88e5182fc02995,688bad836003936e8af6f782,LC8 MARINE MANAGEMENT,DELIVERLOAD,True,97,97,97,97,97,97,97,97,97,97,97,97,97,97,97,97,97,97,97,97,97,97,97,97,97
60819676ae88e5182fc02995,67a25540a45855c8fe70851e,LCI,DELIVERLOAD,True,82,82,82,82,82,82,82,82,82,82,82,82,82,82,82,82,82,82,82,82,82,82,82,82,82
60819676ae88e5182fc02995,685b0e50f9ebe2effb43602c,LEHVOSS NORTH AMERICA INC,DELIVERLOAD,False,58,58,58,58,58,58,58,58,58,58,58,58,58,58,58,58,58,58,58,58,58,58,58,58,58
60819676ae88e5182fc02995,68388fe0594f7bfa4386592e,LEITNER POMA,DELIVERLOAD,True,70,70,70,70,70,70,70,70,70,70,70,70,70,70,70,70,70,70,70,70,70,70,70,70,70
60819676ae88e5182fc02995,6818b81892f4ef2c33db0cf8,LEVI STRAUSS & CO DIGITAL DC,DELIVERLOAD,False,58,58,58,58,58,58,58,58,58,58,58,58,58,58,58,58,58,58,58,58,58,58,58,58,58
60819676ae88e5182fc02995,6818b81892f4ef2c33db0cf8,LEVI STRAUSS & CO DIGITAL DC,DELIVERLOAD,True,101,101,101,101,101,101,101,147,101,101,101,101,101,101,101,101,101,101,101,101,101,101,101,101,101
60819676ae88e5182fc02995,6818b81892f4ef2c33db0cf8,LEVI STRAUSS & CO DIGITAL DC,HOOKCONTAINER,False,19,19,19,19,19,19,19,19,19,19,19,19,19,19,19,19,19,19,19,19,19,19,19,19,19
60819676ae88e5182fc02995,68375e05977ef56dcae301b1,LG DEALS LLC,DELIVERLOAD,True,97,97,97,97,97,97,97,97,97,97,97,97,97,97,97,97,97,97,97,97,97,97,97,97,97
60819676ae88e5182fc02995,67ad0a16d2fd43f86efd1618,LH GAULT & SON INC,DELIVERLOAD,False,62,62,62,62,62,62,62,62,62,62,62,62,62,62,62,62,62,62,62,62,62,62,62,62,62
60819676ae88e5182fc02995,68af63b7e2cbfa2f151e8d19,Liberty Moving & Storage,DELIVERLOAD,False,50,50,50,50,50,50,50,50,50,50,50,50,50,50,50,50,50,50,50,50,50,50,50,50,50
60819676ae88e5182fc02995,689a5b3ce172e3ce4ed8f236,LICO TRANSPORT,DELIVERLOAD,True,101,101,101,101,101,101,101,101,101,101,101,101,101,101,101,101,101,101,101,101,101,101,101,101,101
60819676ae88e5182fc02995,6835b6e9518c0cbebed68128,Linamar Gear,DELIVERLOAD,False,58,58,58,58,58,58,58,58,58,58,58,58,58,58,58,58,58,58,58,58,58,58,58,58,58
60819676ae88e5182fc02995,6835b6e9518c0cbebed68128,Linamar Gear,DELIVERLOAD,True,175,175,175,175,175,175,175,175,175,175,175,175,175,175,175,175,175,175,175,175,175,175,175,175,175
60819676ae88e5182fc02995,689faddf11f9144820f4b93e,Lincoln Center Theater,DELIVERLOAD,False,77,77,77,77,77,77,77,77,77,77,77,77,77,77,77,77,77,77,77,77,77,77,77,77,77
60819676ae88e5182fc02995,636a44fb7066bc15b4a3e078,"LINDE, INC",DELIVERLOAD,False,43,43,43,43,43,43,43,43,43,43,43,43,43,43,43,43,43,43,43,43,43,43,43,43,43
60819676ae88e5182fc02995,636a44fb7066bc15b4a3e078,"LINDE, INC",DROPCONTAINER,False,33,33,33,33,33,33,33,33,33,33,33,33,33,33,33,33,33,33,33,33,33,33,33,33,33
60819676ae88e5182fc02995,6352af36e68cf415c5bf8129,LINDEN BULK,DROPCONTAINER,False,33,33,33,33,33,33,33,33,33,33,33,33,33,33,33,33,33,33,33,33,33,33,33,33,33
60819676ae88e5182fc02995,6352af36e68cf415c5bf8129,LINDEN BULK,PULLCONTAINER,False,18,18,18,18,18,18,18,18,17,32,13,8,5,46,42,10,18,18,18,18,18,18,18,18,18
60819676ae88e5182fc02995,6352af36e68cf415c5bf8129,LINDEN BULK,RETURNCONTAINER,False,25,25,25,25,25,25,25,49,36,16,61,30,24,33,19,25,42,25,25,25,25,25,25,25,25
60819676ae88e5182fc02995,68431e72a7bb0c6bb566bac3,LINDENMEYR,DELIVERLOAD,False,62,62,62,62,62,62,62,62,62,62,62,62,62,62,62,62,62,62,62,62,62,62,62,62,62
60819676ae88e5182fc02995,62d698fdea113f15a7d710e7,LINDEN WAREHOUSE,DELIVERLOAD,False,58,58,58,58,58,58,58,58,58,58,58,58,58,58,58,58,58,58,58,58,58,58,58,58,58
60819676ae88e5182fc02995,664223194600d16cc7faee24,LINEAGE LOGISTICS - ELIZABETH,DELIVERLOAD,False,10,10,10,10,10,10,10,10,10,6,10,10,10,10,23,10,10,10,10,10,10,10,10,10,10
60819676ae88e5182fc02995,664223194600d16cc7faee24,LINEAGE LOGISTICS - ELIZABETH,HOOKCONTAINER,False,27,27,27,27,27,27,27,27,27,27,27,27,27,29,51,12,21,27,27,27,27,27,27,27,27
60819676ae88e5182fc02995,670008b9d13f85e638cdfddc,"LINEAGE LOGISTICS - EVERETT, MA",DELIVERLOAD,True,177,177,177,177,177,177,177,177,177,177,177,177,177,177,177,177,177,177,177,177,177,177,177,177,177
60819676ae88e5182fc02995,674f3ddbff13d52186b0bd0a,"LINEAGE LOGISTICS - EVERETT, MA",DELIVERLOAD,False,58,58,58,58,58,58,58,58,58,58,58,58,58,58,58,58,58,58,58,58,58,58,58,58,58
60819676ae88e5182fc02995,674f3ddbff13d52186b0bd0a,"LINEAGE LOGISTICS - EVERETT, MA",DELIVERLOAD,True,97,97,97,97,97,97,97,97,97,97,97,97,97,97,97,97,97,97,97,97,97,97,97,97,97
60819676ae88e5182fc02995,6659ff82629ed68ba5254b9a,LINEAGE LOGISTICS - JERSEY CITY,DELIVERLOAD,False,11,11,11,11,11,11,11,11,11,11,11,11,10,11,12,16,14,11,11,11,11,11,11,11,11
60819676ae88e5182fc02995,6659ff82629ed68ba5254b9a,LINEAGE LOGISTICS - JERSEY CITY,HOOKCONTAINER,False,22,22,22,22,22,22,22,22,22,22,22,22,21,23,18,22,15,22,22,22,22,22,22,22,22
60819676ae88e5182fc02995,66b6743b263adb37945a4bfb,LINEAGE LOGISTICS - KEARNY,DELIVERLOAD,False,5,5,5,5,5,5,5,5,5,5,5,5,5,5,5,5,5,5,5,5,5,5,5,5,5
60819676ae88e5182fc02995,66b6743b263adb37945a4bfb,LINEAGE LOGISTICS - KEARNY,HOOKCONTAINER,False,20,20,20,20,20,20,20,20,20,20,20,20,20,20,20,20,20,20,20,20,20,20,20,20,20
60819676ae88e5182fc02995,62d698fdea113f15a7d710e8,LINEAGE LOGISTICS - PERTH AMBOY ELM,DELIVERLOAD,False,30,30,30,30,30,51,30,30,30,30,30,30,30,30,30,30,30,30,30,30,30,30,30,30,30
60819676ae88e5182fc02995,62d698fdea113f15a7d710e8,LINEAGE LOGISTICS - PERTH AMBOY ELM,DELIVERLOAD,True,97,97,97,97,97,97,97,97,97,97,97,97,97,97,97,97,97,97,97,97,97,97,97,97,97
60819676ae88e5182fc02995,62d698fdea113f15a7d710e8,LINEAGE LOGISTICS - PERTH AMBOY ELM,DROPCONTAINER,False,85,85,85,85,85,85,85,85,85,85,85,85,85,85,85,85,85,85,85,85,85,85,85,85,85
60819676ae88e5182fc02995,62d698fdea113f15a7d710e8,LINEAGE LOGISTICS - PERTH AMBOY ELM,HOOKCONTAINER,False,15,15,15,15,15,15,15,15,15,15,15,15,15,15,15,15,15,15,15,15,15,15,15,15,15
60819676ae88e5182fc02995,62d698fdea113f15a7d710e8,LINEAGE LOGISTICS - PERTH AMBOY ELM,PULLCONTAINER,False,14,14,14,14,14,14,14,14,14,14,14,14,14,14,14,14,14,14,14,14,14,14,14,14,14
60819676ae88e5182fc02995,6515b0f773da50161b899598,LINEAGE LOGISTICS - PERTH AMBOY FAYETTE,DELIVERLOAD,False,8,8,8,8,8,8,8,8,8,8,8,8,8,8,8,8,8,8,8,8,8,8,8,8,8
60819676ae88e5182fc02995,6515b0f773da50161b899598,LINEAGE LOGISTICS - PERTH AMBOY FAYETTE,HOOKCONTAINER,False,19,19,19,19,19,19,19,19,19,19,19,19,19,19,19,19,19,19,19,19,19,19,19,19,19
60819676ae88e5182fc02995,66cf8e67616a34b6e000669c,"LINEAGE LOGISTICS - RAYNHAM, MA",DELIVERLOAD,False,58,58,58,58,58,58,58,58,58,58,58,58,58,58,58,58,58,58,58,58,58,58,58,58,58
60819676ae88e5182fc02995,66cf8e67616a34b6e000669c,"LINEAGE LOGISTICS - RAYNHAM, MA",DELIVERLOAD,True,97,97,97,97,97,97,97,97,97,97,97,97,97,97,97,97,97,97,97,97,97,97,97,97,97
60819676ae88e5182fc02995,688b854c20c187f6eb1e6c6d,"LINEAGE LOGISTICS - WESTFIELD, MA",DELIVERLOAD,True,97,97,97,97,97,97,97,97,97,97,97,97,97,97,97,97,97,97,97,97,97,97,97,97,97
60819676ae88e5182fc02995,66290de0c41850aa501dfbe6,LINEAGE LOGISTICS - WOODBRIDGE,DELIVERLOAD,False,7,7,7,7,7,7,7,7,7,7,7,7,7,7,7,7,7,7,7,7,7,7,7,7,7
60819676ae88e5182fc02995,66290de0c41850aa501dfbe6,LINEAGE LOGISTICS - WOODBRIDGE,DELIVERLOAD,True,111,111,111,111,111,111,111,111,111,111,111,111,111,111,111,111,111,111,111,111,111,111,111,111,111
60819676ae88e5182fc02995,66290de0c41850aa501dfbe6,LINEAGE LOGISTICS - WOODBRIDGE,HOOKCONTAINER,False,12,12,12,12,12,12,12,12,12,12,16,8,15,12,12,19,12,12,12,12,12,12,12,12,12
60819676ae88e5182fc02995,63581366b6380c15d9a4feb9,"LINEAGE, MA",DELIVERLOAD,True,108,108,108,108,108,108,108,108,108,108,108,108,108,108,108,108,108,108,108,108,108,108,108,108,108
60819676ae88e5182fc02995,635ae3cec6519915aedf368c,LIST LOGISTICS,DELIVERLOAD,False,58,58,58,58,58,58,58,58,58,58,58,58,58,58,58,58,58,58,58,58,58,58,58,58,58
60819676ae88e5182fc02995,67f421a54debb1a391dfd488,LITTLE FALLS SITE,DELIVERLOAD,False,41,41,41,41,41,41,41,41,41,41,41,41,41,41,41,41,41,41,41,41,41,41,41,41,41
60819676ae88e5182fc02995,649decda0ab9ca1661742140,LIVEO RESEARCH INC,DELIVERLOAD,False,58,58,58,58,58,58,58,58,58,58,58,58,58,58,58,58,58,58,58,58,58,58,58,58,58
60819676ae88e5182fc02995,649decda0ab9ca1661742140,LIVEO RESEARCH INC,DELIVERLOAD,True,146,146,146,146,146,146,146,146,146,126,146,146,146,146,146,146,146,146,146,146,146,146,146,146,146
60819676ae88e5182fc02995,674759bedd71b1a212357c3f,L&M WAREHOUSE,DELIVERLOAD,False,58,58,58,58,58,58,58,58,58,58,58,58,58,58,58,58,58,58,58,58,58,58,58,58,58
60819676ae88e5182fc02995,68bf22ccd00cd3783ede4b1d,LOGOPLASTE SYRACUSE LLC,DELIVERLOAD,False,76,76,76,76,76,76,76,76,76,76,76,76,76,76,76,76,76,76,76,76,76,76,76,76,76
60819676ae88e5182fc02995,68bf22ccd00cd3783ede4b1d,LOGOPLASTE SYRACUSE LLC,DELIVERLOAD,True,97,97,97,97,97,97,97,97,97,97,97,97,97,97,97,97,97,97,97,97,97,97,97,97,97
60819676ae88e5182fc02995,659ff5a594f13b165eb63344,LONDONDERRY FREEZER WAREHOUSE,DELIVERLOAD,False,58,58,58,58,58,58,58,58,58,58,58,58,58,58,58,58,58,58,58,58,58,58,58,58,58
60819676ae88e5182fc02995,688938a5182cf5e90d531cca,LONG  ISLAND RAIL ROAD,DELIVERLOAD,False,58,58,58,58,58,58,58,58,58,58,58,58,58,58,58,58,58,58,58,58,58,58,58,58,58
60819676ae88e5182fc02995,68a730b61cd39fa374cdd7c3,LOSMA INC,DELIVERLOAD,False,58,58,58,58,58,58,58,58,58,58,58,58,58,58,58,58,58,58,58,58,58,58,58,58,58
60819676ae88e5182fc02995,6818cb9d20cd08bf40f3a88b,LQ MECHATRONICS INC,DELIVERLOAD,True,97,97,97,97,97,97,97,97,97,97,97,97,97,97,97,97,97,97,97,97,97,97,97,97,97
60819676ae88e5182fc02995,634eae9dbc4a4915bc981024,"LUVATA WATERBURY,INC.",DELIVERLOAD,False,58,58,58,58,58,58,58,58,58,58,58,58,58,58,58,58,58,58,58,58,58,58,58,58,58
60819676ae88e5182fc02995,634eae9dbc4a4915bc981024,"LUVATA WATERBURY,INC.",DELIVERLOAD,True,97,97,97,97,97,97,97,97,97,97,97,97,97,97,97,97,97,97,97,97,97,97,97,97,97
60819676ae88e5182fc02995,64064799c2fb2415e5e17db2,Lyons & Sons BUILDING 455,DELIVERLOAD,False,22,22,22,22,22,22,19,16,22,43,22,22,22,22,22,22,22,22,22,22,22,22,22,22,22
60819676ae88e5182fc02995,64064799c2fb2415e5e17db2,Lyons & Sons BUILDING 455,HOOKCONTAINER,False,23,23,23,23,23,23,23,41,23,13,11,47,23,128,23,20,23,23,23,23,23,23,23,23,23
60819676ae88e5182fc02995,6427281218bae415d5711282,Lyons & Sons BUILDING 701,DELIVERLOAD,False,16,16,16,16,16,16,16,12,17,16,16,16,16,16,16,16,16,16,16,16,16,16,16,16,16
60819676ae88e5182fc02995,6427281218bae415d5711282,Lyons & Sons BUILDING 701,HOOKCONTAINER,False,19,19,19,19,19,19,19,19,19,19,19,19,19,19,19,19,19,19,19,19,19,19,19,19,19
60819676ae88e5182fc02995,63fd166170fadc1632607cec,Lyons & Sons BUILDING 8501,DELIVERLOAD,False,11,11,11,11,11,11,11,11,11,11,11,11,11,11,11,11,11,11,11,11,11,11,11,11,11
60819676ae88e5182fc02995,63fd166170fadc1632607cec,Lyons & Sons BUILDING 8501,HOOKCONTAINER,False,51,51,51,51,51,51,51,51,51,51,51,51,51,51,51,51,51,51,51,51,51,51,51,51,51
60819676ae88e5182fc02995,66282440008466731255e56e,"LYONS & SONS, INC",DELIVERLOAD,False,45,45,45,45,45,45,45,45,45,45,45,45,45,45,45,45,45,45,45,45,45,45,45,45,45
60819676ae88e5182fc02995,66282440008466731255e56e,"LYONS & SONS, INC",DELIVERLOAD,True,132,132,132,132,132,132,132,132,132,132,132,132,132,132,132,132,132,132,132,132,132,132,132,132,132
60819676ae88e5182fc02995,66282440008466731255e56e,"LYONS & SONS, INC",HOOKCONTAINER,False,9,9,9,9,9,9,9,9,9,9,9,9,9,9,9,9,9,9,9,9,9,9,9,9,9
60819676ae88e5182fc02995,6818c58233a68f971e434d49,MACKENZIE-CHILDS LLC,DELIVERLOAD,False,58,58,58,58,58,58,58,58,58,58,58,58,58,58,58,58,58,58,58,58,58,58,58,58,58
60819676ae88e5182fc02995,6818c58233a68f971e434d49,MACKENZIE-CHILDS LLC,DELIVERLOAD,True,150,150,150,150,150,150,150,150,150,150,150,150,150,150,150,150,150,150,150,150,150,150,150,150,150
60819676ae88e5182fc02995,62d69958409ce736b2b1500e,MACTAC SCRANTON,DELIVERLOAD,False,58,58,58,58,58,58,58,58,58,58,58,58,58,58,58,58,58,58,58,58,58,58,58,58,58
60819676ae88e5182fc02995,62d69958409ce736b2b1500e,MACTAC SCRANTON,DELIVERLOAD,True,97,97,97,97,97,97,97,97,97,97,97,97,97,97,97,97,97,97,97,97,97,97,97,97,97
60819676ae88e5182fc02995,68b1b41988ad31e2e7f430ee,MACYS,DELIVERLOAD,False,15,15,15,15,15,15,15,15,15,15,15,15,15,15,15,15,15,15,15,16,15,15,15,15,15
60819676ae88e5182fc02995,68b1b41988ad31e2e7f430ee,MACYS,DELIVERLOAD,True,36,36,36,36,36,36,36,36,36,36,36,36,36,36,36,36,36,36,36,36,36,36,36,36,36
60819676ae88e5182fc02995,68b1b41988ad31e2e7f430ee,MACYS,HOOKCONTAINER,False,82,82,82,82,82,82,82,20,82,82,82,105,82,82,82,89,82,28,121,82,82,82,82,82,82
60819676ae88e5182fc02995,683dcdf1a44d0f3e1266e07e,MAGNETIC TICKET & LABEL CORP.,DELIVERLOAD,True,120,120,120,120,120,120,120,120,120,120,120,120,120,120,120,120,120,120,120,120,120,120,120,120,120
60819676ae88e5182fc02995,62b9d9234d9e571379e0cf8b,MAHER,DELIVERLOAD,False,89,89,89,89,89,89,89,89,89,89,89,89,89,89,89,89,89,89,89,89,89,89,89,89,89
60819676ae88e5182fc02995,62b9d9234d9e571379e0cf8b,MAHER,DROPCONTAINER,False,54,54,54,54,54,54,54,54,54,54,54,54,54,54,54,54,54,54,54,54,54,54,54,54,54
60819676ae88e5182fc02995,62b9d9234d9e571379e0cf8b,MAHER,HOOKCONTAINER,False,40,40,40,40,40,40,40,40,40,40,40,40,40,40,40,40,40,40,40,40,40,40,40,40,40
60819676ae88e5182fc02995,62b9d9234d9e571379e0cf8b,MAHER,PULLCONTAINER,False,57,57,57,57,57,85,63,72,49,53,49,56,59,54,53,62,56,46,43,57,57,57,57,57,57
60819676ae88e5182fc02995,62b9d9234d9e571379e0cf8b,MAHER,RETURNCONTAINER,False,53,53,53,53,53,90,74,77,47,37,36,49,54,58,58,58,63,61,44,49,53,53,53,53,53
60819676ae88e5182fc02995,66eb1fa85ec89e3081659e95,MAINFREIGHT,DELIVERLOAD,False,58,58,58,58,58,58,58,58,58,58,58,58,58,58,58,58,58,58,58,58,58,58,58,58,58
60819676ae88e5182fc02995,6851dac72b243173bbc9488e,MAKX INDUSTRIAL,DELIVERLOAD,True,97,97,97,97,97,97,97,97,97,97,97,97,97,97,97,97,97,97,97,97,97,97,97,97,97
60819676ae88e5182fc02995,67dafc05f3ed936da04de94c,MAMADOU DIABY,DELIVERLOAD,False,48,48,48,48,48,48,48,48,48,48,48,48,48,48,48,48,48,48,48,48,48,48,48,48,48
60819676ae88e5182fc02995,67dafc05f3ed936da04de94c,MAMADOU DIABY,HOOKCONTAINER,False,19,19,19,19,19,19,19,19,19,19,19,19,19,19,19,19,19,19,19,19,19,19,19,19,19
60819676ae88e5182fc02995,689cbcb4757036b17d197072,"MARKET SPEED LOGISTICS, LLC",DELIVERLOAD,True,107,107,107,107,107,107,107,107,107,107,107,107,107,107,107,107,107,107,107,107,107,107,107,107,107
60819676ae88e5182fc02995,680a88b210c24bf387a78834,MASON HUB,DELIVERLOAD,False,64,64,64,64,64,64,64,64,64,64,64,64,64,64,64,64,64,64,64,64,64,64,64,64,64
60819676ae88e5182fc02995,6849a047d9816c1481e733d9,MASSIVE LLC,DELIVERLOAD,False,60,60,60,60,60,60,60,60,60,60,60,60,60,60,60,60,60,60,60,60,60,60,60,60,60
60819676ae88e5182fc02995,6849a047d9816c1481e733d9,MASSIVE LLC,HOOKCONTAINER,False,12,12,12,12,12,12,12,12,12,12,12,12,12,12,12,12,12,12,12,12,12,12,12,12,12
60819676ae88e5182fc02995,62d69958409ce736b2b15010,MASTERCOOL INC,DELIVERLOAD,False,58,58,58,58,58,58,58,58,58,58,58,58,58,58,58,58,58,58,58,58,58,58,58,58,58
60819676ae88e5182fc02995,62d69958409ce736b2b15010,MASTERCOOL INC,DELIVERLOAD,True,116,116,116,116,116,116,116,116,116,105,116,116,116,116,116,116,116,116,116,116,116,116,116,116,116
60819676ae88e5182fc02995,640a4efcd4adc315ee49e58f,Matheson Tri-Gas,DELIVERLOAD,False,83,83,83,83,83,83,83,83,83,83,83,83,83,83,83,83,83,83,83,83,83,83,83,83,83
60819676ae88e5182fc02995,640a4efcd4adc315ee49e58f,Matheson Tri-Gas,DELIVERLOAD,True,137,137,137,137,137,137,137,137,137,137,137,137,137,137,137,137,137,137,137,137,137,137,137,137,137
60819676ae88e5182fc02995,67bc957ca046aa97018731eb,MATISS INC,DELIVERLOAD,False,58,58,58,58,58,58,58,58,58,58,58,58,58,58,58,58,58,58,58,58,58,58,58,58,58
60819676ae88e5182fc02995,6475fec7b496ae164411346c,MATL DISTRIBUTION AND SHIPPING,DELIVERLOAD,False,77,77,77,77,77,77,77,77,77,77,77,77,77,77,77,77,77,77,77,77,77,77,77,77,77
60819676ae88e5182fc02995,6475fec7b496ae164411346c,MATL DISTRIBUTION AND SHIPPING,HOOKCONTAINER,False,19,19,19,19,19,19,19,19,19,19,19,19,19,19,19,19,19,19,19,19,19,19,19,19,19
60819676ae88e5182fc02995,66abe894ed921537c5ef9bee,MAX PINNACLE INC,DELIVERLOAD,False,58,58,58,58,58,58,58,58,58,58,58,58,58,58,58,58,58,58,58,58,58,58,58,58,58
60819676ae88e5182fc02995,67bf78f266677fa2ad4e6554,MAYERS BROTHERS,DELIVERLOAD,True,97,97,97,97,97,97,97,97,97,97,97,97,97,97,97,97,97,97,97,97,97,97,97,97,97
60819676ae88e5182fc02995,68128b27e85a98da7d4d6e14,MBD BRONX,DELIVERLOAD,True,83,83,83,83,83,83,83,83,83,83,83,83,83,83,83,83,83,83,83,83,83,83,83,83,83
60819676ae88e5182fc02995,6890f2b5f7e0aa1ac5e8d0c2,M CHEMICAL-HATFIELD-FLUID ENERGY,DELIVERLOAD,True,91,91,91,91,91,91,91,91,91,91,91,91,91,91,91,91,91,91,91,91,91,91,91,91,91
60819676ae88e5182fc02995,68c8805b7c8d6b42cd78e329,MCM ENTERPRISE,DELIVERLOAD,True,97,97,97,97,97,97,97,97,97,97,97,97,97,97,97,97,97,97,97,97,97,97,97,97,97
60819676ae88e5182fc02995,67f02996fe42b1b0f2df8761,M&D COATINGS LLC,DELIVERLOAD,False,81,81,81,81,81,81,81,81,81,81,81,81,81,81,81,81,81,81,81,81,81,81,81,81,81
60819676ae88e5182fc02995,682c7fb4042263743a707079,MD LOGISTICS,DELIVERLOAD,True,85,85,85,85,85,85,85,85,85,85,85,85,85,85,85,85,85,85,85,85,85,85,85,85,85
60819676ae88e5182fc02995,6818cc723e1aca7eafa8eaf2,MECHANICAL PLASTICS CORP,DELIVERLOAD,True,97,97,97,97,97,97,97,97,97,97,97,97,97,97,97,97,97,97,97,97,97,97,97,97,97
60819676ae88e5182fc02995,6801693f3bd62a44b3bcb69e,Mela Water Inc (Elizabeth),DELIVERLOAD,False,58,58,58,58,58,58,58,58,58,58,58,58,58,58,58,58,58,58,58,58,58,58,58,58,58
60819676ae88e5182fc02995,6801693f3bd62a44b3bcb69e,Mela Water Inc (Elizabeth),DELIVERLOAD,True,103,103,103,103,103,103,103,103,103,103,103,103,103,103,103,103,103,103,103,103,103,103,103,103,103
60819676ae88e5182fc02995,680166a55921b02747fb3836,Mela Water Inc Warehouse,DELIVERLOAD,False,58,58,58,58,58,58,58,58,58,58,58,58,58,58,58,58,58,58,58,58,58,58,58,58,58
60819676ae88e5182fc02995,67bcc448f0b4a85379f19b6a,MEL CHEMICALS,DELIVERLOAD,False,58,58,58,58,58,58,58,58,58,58,58,58,58,58,58,58,58,58,58,58,58,58,58,58,58
60819676ae88e5182fc02995,67bcc448f0b4a85379f19b6a,MEL CHEMICALS,DELIVERLOAD,True,82,82,82,82,82,82,82,82,82,82,82,82,82,82,82,82,82,82,82,82,82,82,82,82,82
60819676ae88e5182fc02995,66edc032f26dca399d7fcc70,MELLOTT COMPANY / JUSTIN MELLOTT,DELIVERLOAD,False,75,75,75,75,75,75,75,75,75,75,75,75,75,75,75,75,75,75,75,75,75,75,75,75,75
60819676ae88e5182fc02995,66edc032f26dca399d7fcc70,MELLOTT COMPANY / JUSTIN MELLOTT,DELIVERLOAD,True,168,168,168,168,168,168,168,168,168,168,168,168,168,168,168,168,168,168,168,168,168,168,168,168,168
60819676ae88e5182fc02995,68a4bfedf18717e7b13a7238,MERILL STEEL CAMANCHE,DELIVERLOAD,False,16,16,16,16,16,16,16,16,16,16,16,16,16,16,16,16,16,16,16,16,16,16,16,16,16
60819676ae88e5182fc02995,68a4bfedf18717e7b13a7238,MERILL STEEL CAMANCHE,HOOKCONTAINER,False,20,20,20,20,20,20,20,20,20,20,20,20,20,20,20,20,20,20,20,20,20,20,20,20,20
60819676ae88e5182fc02995,686ed6b0b8976b5001a116f0,MERSAN CORP,DELIVERLOAD,False,58,58,58,58,58,58,58,58,58,58,58,58,58,58,58,58,58,58,58,58,58,58,58,58,58
60819676ae88e5182fc02995,63d2df9b4743bf1600bd2648,MESSER GAS,DELIVERLOAD,False,58,58,58,58,58,58,58,58,58,58,58,58,58,58,58,58,58,58,58,58,58,58,58,58,58
60819676ae88e5182fc02995,685b100387f8c4c03baec81c,MESSINAS,DELIVERLOAD,False,49,49,49,49,49,49,49,49,49,49,49,49,49,49,49,49,49,49,49,49,49,49,49,49,49
60819676ae88e5182fc02995,6512e185b8909e163be78232,METRIE INC,DELIVERLOAD,False,69,69,69,69,69,69,69,69,69,69,69,69,69,69,69,69,69,69,69,69,69,69,69,69,69
60819676ae88e5182fc02995,6512e185b8909e163be78232,METRIE INC,DELIVERLOAD,True,84,84,84,84,84,84,84,84,84,84,84,84,84,84,84,84,84,84,84,84,84,84,84,84,84
60819676ae88e5182fc02995,68634c20196f916cf5744ad1,METRO NORTH RAILROAD / STOREROOM 050-HARMON BULING #14,DELIVERLOAD,False,58,58,58,58,58,58,58,58,58,58,58,58,58,58,58,58,58,58,58,58,58,58,58,58,58
60819676ae88e5182fc02995,66a2b681abb112f335dfe848,METROPOLITAN VAN AND STORAGE,DELIVERLOAD,True,97,97,97,97,97,97,97,97,97,97,97,97,97,97,97,97,97,97,97,97,97,97,97,97,97
60819676ae88e5182fc02995,65f07b9ce1fcdd3f50c375f5,MFAC,DELIVERLOAD,False,58,58,58,58,58,58,58,58,58,58,58,58,58,58,58,58,58,58,58,58,58,58,58,58,58
60819676ae88e5182fc02995,65f07b9ce1fcdd3f50c375f5,MFAC,DELIVERLOAD,True,139,139,139,139,139,139,139,139,139,138,139,139,139,139,139,139,139,139,139,139,139,139,139,139,139
60819676ae88e5182fc02995,65f07b9ce1fcdd3f50c375f5,MFAC,DROPCONTAINER,False,33,33,33,33,33,33,33,33,33,33,33,33,33,33,33,33,33,33,33,33,33,33,33,33,33
60819676ae88e5182fc02995,676db87a3c2e6b915e7b4651,MFAC LLC DBA M-F ATHLETIC,DELIVERLOAD,False,58,58,58,58,58,58,58,58,58,58,58,58,58,58,58,58,58,58,58,58,58,58,58,58,58
60819676ae88e5182fc02995,676db87a3c2e6b915e7b4651,MFAC LLC DBA M-F ATHLETIC,DELIVERLOAD,True,97,97,97,97,97,97,97,97,97,97,97,97,97,97,97,97,97,97,97,97,97,97,97,97,97
60819676ae88e5182fc02995,655e3cfad85c1b163e7a80d5,Mica Corporation,DELIVERLOAD,False,79,79,79,79,79,79,79,79,79,79,79,79,79,79,79,79,79,79,79,79,79,79,79,79,79
60819676ae88e5182fc02995,666c69793e137a9954f25eb5,Michael Halebian & Co In.,DELIVERLOAD,False,24,24,24,24,24,24,24,24,24,24,24,24,24,24,24,24,24,24,24,24,24,24,24,24,24
60819676ae88e5182fc02995,66d0b79a7104c6a0a7de4ff4,MICHAEL HALEBIAN & CO INC,DELIVERLOAD,False,58,58,58,58,58,58,58,58,58,58,58,58,58,58,58,58,58,58,58,58,58,58,58,58,58
60819676ae88e5182fc02995,66d0b79a7104c6a0a7de4ff4,MICHAEL HALEBIAN & CO INC,DELIVERLOAD,True,75,75,75,75,75,75,75,75,75,75,75,75,75,75,75,75,75,75,75,75,75,75,75,75,75
60819676ae88e5182fc02995,6892382ff862c99a69aac397,MICHAEL LEWIS COMPANY,DELIVERLOAD,True,97,97,97,97,97,97,97,97,97,97,97,97,97,97,97,97,97,97,97,97,97,97,97,97,97
60819676ae88e5182fc02995,68b9db531f3671d43e2a9811,MICRO ABRASIVES CORP,DELIVERLOAD,False,49,49,49,49,49,49,49,49,49,49,49,49,49,49,49,49,49,49,49,49,49,49,49,49,49
60819676ae88e5182fc02995,6841e175a61582f8570b27f5,MICRO POWDERS INC,DELIVERLOAD,False,58,58,58,58,58,58,58,58,58,58,58,58,58,58,58,58,58,58,58,58,58,58,58,58,58
60819676ae88e5182fc02995,64761b039ada061651b1e290,MID-ATLANTIC SHIPPING,RETURNCONTAINER,False,32,32,32,32,32,32,32,32,32,32,32,32,32,32,32,32,32,32,32,32,32,32,32,32,32
60819676ae88e5182fc02995,660b18f6a56cfc6cbd116237,Middle Atlantic Products,DELIVERLOAD,False,31,31,31,31,31,31,31,31,31,31,31,31,31,31,31,31,31,31,31,31,31,31,31,31,31
60819676ae88e5182fc02995,660b18f6a56cfc6cbd116237,Middle Atlantic Products,DELIVERLOAD,True,59,59,59,59,59,59,59,59,59,59,59,59,59,59,59,59,59,59,59,59,59,59,59,59,59
60819676ae88e5182fc02995,6685a5775bef90bf28e9de72,MIDELINE BEAUCEJOUR @3011,HOOKCONTAINER,False,76,76,76,76,76,76,76,76,76,76,76,76,76,76,76,76,76,76,76,76,76,76,76,76,76
60819676ae88e5182fc02995,669196efe633c418c11bc644,MIDSTATE BATTERY,DELIVERLOAD,True,93,93,93,93,93,93,93,93,93,93,93,93,93,93,93,93,93,93,93,93,93,93,93,93,93
60819676ae88e5182fc02995,648322bf25aa7d15fe0d9110,Millennium Marine Rail,DELIVERLOAD,False,22,22,22,22,22,22,22,22,22,22,22,22,22,22,22,22,22,22,22,22,22,22,22,22,22
60819676ae88e5182fc02995,648322bf25aa7d15fe0d9110,Millennium Marine Rail,DELIVERLOAD,True,4,4,4,4,4,4,4,4,4,4,4,4,4,4,4,4,4,4,4,4,4,4,4,4,4
60819676ae88e5182fc02995,63d40ef72de25d1624aa82ac,MILLENNIUM MARINE RAIL,DELIVERLOAD,False,6,6,6,6,6,6,8,6,6,6,4,6,8,6,4,6,6,6,6,6,6,6,6,6,6
60819676ae88e5182fc02995,63d40ef72de25d1624aa82ac,MILLENNIUM MARINE RAIL,DELIVERLOAD,True,5,5,5,5,5,5,5,5,5,5,4,7,5,5,5,5,5,5,5,5,5,5,5,5,5
60819676ae88e5182fc02995,63d40ef72de25d1624aa82ac,MILLENNIUM MARINE RAIL,HOOKCONTAINER,False,19,19,19,19,19,19,19,19,19,19,19,19,19,19,19,19,19,19,19,19,19,19,19,19,19
60819676ae88e5182fc02995,63d40ef72de25d1624aa82ac,MILLENNIUM MARINE RAIL,PULLCONTAINER,False,42,42,42,42,42,42,85,12,11,5,51,17,54,94,81,102,39,14,42,42,42,42,42,42,42
60819676ae88e5182fc02995,63d40ef72de25d1624aa82ac,MILLENNIUM MARINE RAIL,RETURNCONTAINER,False,24,24,24,24,24,24,21,30,8,24,25,24,57,49,20,13,24,24,24,24,24,24,24,24,24
60819676ae88e5182fc02995,6706fb97b3525925fe63aa67,MILLER DESIGN FURNITURE LLC,DELIVERLOAD,False,58,58,58,58,58,58,58,58,58,58,58,58,58,58,58,58,58,58,58,58,58,58,58,58,58
60819676ae88e5182fc02995,6706fb97b3525925fe63aa67,MILLER DESIGN FURNITURE LLC,DELIVERLOAD,True,150,150,150,150,150,150,150,150,150,150,150,150,150,150,150,150,150,150,150,150,150,150,150,150,150
60819676ae88e5182fc02995,68bef640d6d295a1967157a1,MILTON ROY,DELIVERLOAD,True,93,93,93,93,93,93,93,93,93,93,93,93,93,93,93,93,93,93,93,93,93,93,93,93,93
60819676ae88e5182fc02995,65f32c75bdf771103c02af76,Minteq International Inc.,DELIVERLOAD,False,63,63,63,63,63,63,63,63,63,63,63,63,63,63,63,63,63,63,63,63,63,63,63,63,63
60819676ae88e5182fc02995,67a12a75957a9eab1b81a3ed,MISSION PRODUCE,DELIVERLOAD,False,56,56,56,56,56,56,56,56,56,56,56,56,56,56,56,56,56,56,56,56,56,56,56,56,56
60819676ae88e5182fc02995,67a12a75957a9eab1b81a3ed,MISSION PRODUCE,DELIVERLOAD,True,49,49,49,49,49,49,49,49,49,49,49,49,49,49,49,49,49,49,49,49,49,49,49,49,49
60819676ae88e5182fc02995,67a12a75957a9eab1b81a3ed,MISSION PRODUCE,HOOKCONTAINER,False,19,19,19,19,19,19,19,19,19,19,19,19,19,19,19,19,19,19,19,19,19,19,19,19,19
60819676ae88e5182fc02995,6584438a2a9a2c1640299aad,MITSUBISHI FUSO TRUCK AMERICA INC,DELIVERLOAD,False,71,71,71,71,71,71,71,71,61,71,71,71,71,71,71,71,71,71,71,71,71,71,71,71,71
60819676ae88e5182fc02995,6584438a2a9a2c1640299aad,MITSUBISHI FUSO TRUCK AMERICA INC,DELIVERLOAD,True,167,167,167,167,167,167,167,167,167,167,167,167,167,167,167,167,167,167,167,167,167,167,167,167,167
60819676ae88e5182fc02995,668da430b26e8256df958b17,"MIYOSHI AMERICA, INC (FORMERLY US COSMETICS CORP.)",DELIVERLOAD,True,61,61,61,61,61,61,61,61,61,61,61,61,61,61,61,61,61,61,61,61,61,61,61,61,61
60819676ae88e5182fc02995,683e00634a37a8e0f4a64f44,MJC CONFECTIONS,DELIVERLOAD,False,58,58,58,58,58,58,58,58,58,58,58,58,58,58,58,58,58,58,58,58,58,58,58,58,58
60819676ae88e5182fc02995,64d27aaaa0f06515b337c320,MK NORTH AMERICA INC,DELIVERLOAD,False,58,58,58,58,58,58,58,58,58,58,58,58,58,58,58,58,58,58,58,58,58,58,58,58,58
60819676ae88e5182fc02995,635008d2e3388315caef5383,MODERNA THERAPEUTICS INC,DELIVERLOAD,False,47,47,47,47,47,47,47,47,47,47,47,47,47,47,47,47,47,47,47,47,47,47,47,47,47
60819676ae88e5182fc02995,635008d2e3388315caef5383,MODERNA THERAPEUTICS INC,DELIVERLOAD,True,119,119,119,119,119,119,119,119,119,119,119,119,119,119,119,119,119,119,119,119,119,119,119,119,119
60819676ae88e5182fc02995,67f929e5540a8592c1df3a70,MOLINO DENTI AMERICA CORP,DELIVERLOAD,False,58,58,58,58,58,58,58,58,58,58,58,58,58,58,58,58,58,58,58,58,58,58,58,58,58
60819676ae88e5182fc02995,647e228dad5b7f169c16d040,MONTREAL - HARLYN TRANSPORT,DELIVERLOAD,False,24,24,24,24,24,117,59,20,30,29,17,22,18,24,11,24,24,24,24,24,24,24,24,24,24
60819676ae88e5182fc02995,647e228dad5b7f169c16d040,MONTREAL - HARLYN TRANSPORT,DELIVERLOAD,True,32,32,32,32,32,32,32,32,32,32,32,32,32,32,32,32,32,32,32,32,32,32,32,32,32
60819676ae88e5182fc02995,647e228dad5b7f169c16d040,MONTREAL - HARLYN TRANSPORT,RETURNCONTAINER,False,18,18,18,18,18,18,70,13,15,36,8,20,17,31,20,18,18,18,18,18,18,18,18,18,18
60819676ae88e5182fc02995,68b749da457d5f8212b5c730,MORAN LOGISTICS,DELIVERLOAD,True,117,117,117,117,117,117,117,117,117,117,117,117,117,117,117,117,117,117,117,117,117,117,117,117,117
60819676ae88e5182fc02995,68013c81815886059916cae4,Mountville Distribution,DELIVERLOAD,False,58,58,58,58,58,58,58,58,58,58,58,58,58,58,58,58,58,58,58,58,58,58,58,58,58
60819676ae88e5182fc02995,680a4dc5cd6c69306a6764bc,MPS - Automated Egg Producers,DELIVERLOAD,True,47,47,47,47,47,47,47,47,47,47,47,47,47,47,47,47,47,47,47,47,47,47,47,47,47
60819676ae88e5182fc02995,67811d80b17599ea70036bd6,MSC TECHNOLOGY WARREN,DELIVERLOAD,True,162,162,162,162,162,162,162,162,162,162,162,162,162,162,162,162,162,162,162,162,162,162,162,162,162
60819676ae88e5182fc02995,6824b64ad8cd16c86727c0ae,M SOURCING,DELIVERLOAD,True,167,167,167,167,167,167,167,167,167,167,167,167,167,167,167,167,167,167,167,167,167,167,167,167,167
60819676ae88e5182fc02995,685d7a64d7792239f8cf570c,MTA NYCT JAMAICA,DELIVERLOAD,False,69,69,69,69,69,69,69,69,69,69,69,69,69,69,69,69,69,69,69,69,69,69,69,69,69
60819676ae88e5182fc02995,67b62816404b7251a99c87f1,MtlLINK,DELIVERLOAD,False,14,14,14,14,14,14,14,14,14,14,17,12,14,14,14,14,14,14,14,14,14,14,14,14,14
60819676ae88e5182fc02995,67b62816404b7251a99c87f1,MtlLINK,RETURNCONTAINER,False,17,17,17,17,17,17,17,17,17,17,17,33,17,17,17,17,17,17,17,17,17,17,17,17,17
60819676ae88e5182fc02995,65821011070f1516181ebede,MULTI PLASTICS,DELIVERLOAD,False,83,83,83,83,83,83,83,83,83,83,83,83,83,83,83,83,83,83,83,83,83,83,83,83,83
60819676ae88e5182fc02995,678a701910067386d8656669,MULVA CULTURAL CENTER,DELIVERLOAD,True,146,146,146,146,146,146,146,146,146,146,146,146,146,146,146,146,146,146,146,146,146,146,146,146,146
60819676ae88e5182fc02995,657a2201a57a1b163e885594,MUSKET TRANSPORT,DELIVERLOAD,False,9,9,9,9,9,9,9,12,7,10,9,9,7,4,16,68,9,9,9,9,9,9,9,9,9
60819676ae88e5182fc02995,657a2201a57a1b163e885594,MUSKET TRANSPORT,DELIVERLOAD,True,34,34,34,34,34,34,34,34,95,34,34,34,34,34,34,34,34,34,34,34,34,34,34,34,34
60819676ae88e5182fc02995,657a2201a57a1b163e885594,MUSKET TRANSPORT,DROPCONTAINER,False,33,33,33,33,33,33,33,33,33,33,33,33,33,33,33,33,33,33,33,33,33,33,33,33,33
60819676ae88e5182fc02995,657a2201a57a1b163e885594,MUSKET TRANSPORT,HOOKCONTAINER,False,19,19,19,19,19,19,19,19,19,19,19,19,19,19,19,19,19,19,19,19,19,19,19,19,19
60819676ae88e5182fc02995,657a2201a57a1b163e885594,MUSKET TRANSPORT,RETURNCONTAINER,False,16,16,16,16,16,16,16,31,13,26,19,16,8,16,15,16,16,16,16,16,16,16,16,16,16
60819676ae88e5182fc02995,658445e8b5a8d6161b5d8d98,MW INDUSTRIES INC,DELIVERLOAD,False,61,61,61,61,61,61,61,61,61,61,61,61,61,61,61,61,61,61,61,61,61,61,61,61,61
60819676ae88e5182fc02995,6818b7585b1ba236b6d597dd,MYGRANT GLASS,DELIVERLOAD,False,72,72,72,72,72,72,72,72,72,72,72,72,72,72,72,72,72,72,72,72,72,72,72,72,72
60819676ae88e5182fc02995,68b876fcaabb98008663028e,MYGRANT GLASS-KINGSTON,DELIVERLOAD,False,74,74,74,74,74,74,74,74,74,74,74,74,74,74,74,74,74,74,74,74,74,74,74,74,74
60819676ae88e5182fc02995,67aa2caa9c63a247051d47cd,"NAIAD DYNAMICS US, INC.",DELIVERLOAD,False,58,58,58,58,58,58,58,58,58,58,58,58,58,58,58,58,58,58,58,58,58,58,58,58,58
60819676ae88e5182fc02995,6877f99ab25e7ea05b244cfd,NASATKA BARRIER INC,DELIVERLOAD,False,58,58,58,58,58,58,58,58,58,58,58,58,58,58,58,58,58,58,58,58,58,58,58,58,58
60819676ae88e5182fc02995,660c5a9e219923dc8de3c067,Nasco Carpet and Rugs,DELIVERLOAD,False,58,58,58,58,58,58,58,58,58,58,58,58,58,58,58,58,58,58,58,58,58,58,58,58,58
60819676ae88e5182fc02995,6863e413c7a58d1e4756f579,NATHAN TROTTER & CO.,DELIVERLOAD,False,46,46,46,46,46,46,46,46,46,46,46,46,46,46,46,46,46,46,46,46,46,46,46,46,46
60819676ae88e5182fc02995,684c1db7cb673d75c7d26b52,NATIONAL OAK DISTRIBUTION,DELIVERLOAD,False,58,58,58,58,58,58,58,58,58,58,58,58,58,58,58,58,58,58,58,58,58,58,58,58,58
60819676ae88e5182fc02995,684c1db7cb673d75c7d26b52,NATIONAL OAK DISTRIBUTION,HOOKCONTAINER,False,19,19,19,19,19,19,19,19,19,19,19,19,19,19,19,19,19,19,19,19,19,19,19,19,19
60819676ae88e5182fc02995,643020acc3861f15e3133531,NATIONAL REFRIGERANTS INC,DELIVERLOAD,False,26,26,26,26,26,26,26,31,26,26,26,26,26,26,26,26,26,26,26,26,26,26,26,26,26
60819676ae88e5182fc02995,643020acc3861f15e3133531,NATIONAL REFRIGERANTS INC,DROPCONTAINER,False,8,8,8,8,8,8,8,8,8,8,8,8,8,8,8,8,8,8,8,8,8,8,8,8,8
60819676ae88e5182fc02995,674f69137a3daf0fd6bafe24,NATURE'S TOUCH LLC,DELIVERLOAD,False,67,67,67,67,67,67,67,67,67,67,67,67,67,67,67,67,67,67,67,67,67,67,67,67,67
60819676ae88e5182fc02995,674f69137a3daf0fd6bafe24,NATURE'S TOUCH LLC,DELIVERLOAD,True,82,82,82,82,82,82,82,82,82,82,82,82,82,82,82,82,82,82,82,82,82,82,82,82,82
60819676ae88e5182fc02995,63af6d7128095215d0fbf941,NAVSUP WEAPONS SYSTEM SUPPORT,DELIVERLOAD,False,58,58,58,58,58,58,58,58,58,58,58,58,58,58,58,58,58,58,58,58,58,58,58,58,58
60819676ae88e5182fc02995,63af6d7128095215d0fbf941,NAVSUP WEAPONS SYSTEM SUPPORT,DELIVERLOAD,True,179,179,179,179,179,179,179,179,179,179,179,179,179,179,179,179,179,179,179,179,179,179,179,179,179
60819676ae88e5182fc02995,65f2f06774b6aabaae3002a6,Nespresso USA INC (PA),DELIVERLOAD,False,58,58,58,58,58,58,58,58,58,58,58,58,58,58,58,58,58,58,58,58,58,58,58,58,58
60819676ae88e5182fc02995,65f2f06774b6aabaae3002a6,Nespresso USA INC (PA),DELIVERLOAD,True,88,88,88,88,88,88,76,150,73,120,69,114,88,88,88,88,88,88,88,88,88,88,88,88,88
60819676ae88e5182fc02995,65f2f06774b6aabaae3002a6,Nespresso USA INC (PA),DROPCONTAINER,False,33,33,33,33,33,33,33,33,33,33,33,33,33,33,33,33,33,33,33,33,33,33,33,33,33
60819676ae88e5182fc02995,65f2f06774b6aabaae3002a6,Nespresso USA INC (PA),HOOKCONTAINER,False,16,16,16,16,16,16,16,16,16,16,16,16,16,16,16,16,16,16,16,16,16,16,16,16,16
60819676ae88e5182fc02995,684c7e6a114196d7b46d3aed,NESTLE,DELIVERLOAD,False,5,5,5,5,5,5,5,5,5,5,5,5,5,5,5,5,5,5,5,5,5,5,5,5,5
60819676ae88e5182fc02995,66042e287a884ef9d6721b0b,NESTLE 555 BREINIGSVILLE,DELIVERLOAD,False,58,58,58,58,58,58,58,58,58,58,58,58,58,58,58,58,58,58,58,58,58,58,58,58,58
60819676ae88e5182fc02995,66042e287a884ef9d6721b0b,NESTLE 555 BREINIGSVILLE,DELIVERLOAD,True,97,97,97,97,97,97,97,97,97,97,97,97,97,97,97,97,97,97,97,97,97,97,97,97,97
60819676ae88e5182fc02995,688243c1c797454b57da1bfd,NESTLE HEALTH SCIENCE,DELIVERLOAD,False,58,58,58,58,58,58,58,58,58,58,58,58,58,58,58,58,58,58,58,58,58,58,58,58,58
60819676ae88e5182fc02995,64e7a9530c7c8315ae5a5039,NESTLE PURINA PETCARE COMPANY,DELIVERLOAD,True,97,97,97,97,97,97,97,97,97,97,97,97,97,97,97,97,97,97,97,97,97,97,97,97,97
60819676ae88e5182fc02995,66185a11b47492ff69ef4fad,NESTLE PURINA PETCARE COMPANY,DELIVERLOAD,True,97,97,97,97,97,97,97,97,97,97,97,97,97,97,97,97,97,97,97,97,97,97,97,97,97
60819676ae88e5182fc02995,67acde1539699226080b2651,NEWARK REFRIGERATED WAREHOUSE,DELIVERLOAD,False,58,58,58,58,58,58,58,58,58,58,58,58,58,58,58,58,58,58,58,58,58,58,58,58,58
60819676ae88e5182fc02995,67acde1539699226080b2651,NEWARK REFRIGERATED WAREHOUSE,DELIVERLOAD,True,85,85,85,85,85,85,85,85,85,85,85,85,85,85,85,85,85,85,85,85,85,85,85,85,85
60819676ae88e5182fc02995,687a91a782d891ec6f4acbe1,NEW CASTLE COLD STORAGE,DELIVERLOAD,False,58,58,58,58,58,58,58,58,58,58,58,58,58,58,58,58,58,58,58,58,58,58,58,58,58
60819676ae88e5182fc02995,687a91a782d891ec6f4acbe1,NEW CASTLE COLD STORAGE,DELIVERLOAD,True,180,180,180,180,180,180,180,160,180,121,180,180,180,180,180,180,180,180,180,180,180,180,180,180,180
60819676ae88e5182fc02995,6668bcc8677f4d4c414e74b7,New Kingstown RDC,DELIVERLOAD,False,58,58,58,58,58,58,58,58,58,58,58,58,58,58,58,58,58,58,58,58,58,58,58,58,58
60819676ae88e5182fc02995,6668bcc8677f4d4c414e74b7,New Kingstown RDC,DELIVERLOAD,True,180,180,180,180,180,180,180,180,180,180,180,180,180,180,180,180,180,180,180,180,180,180,180,180,180
60819676ae88e5182fc02995,67a256e39c4b9de67d6dbb47,N.E. WOODCRAFT,DELIVERLOAD,False,76,76,76,76,76,76,76,76,76,76,76,76,76,76,76,76,76,76,76,76,76,76,76,76,76
60819676ae88e5182fc02995,67a256e39c4b9de67d6dbb47,N.E. WOODCRAFT,DELIVERLOAD,True,97,97,97,97,97,97,97,97,97,97,97,97,97,97,97,97,97,97,97,97,97,97,97,97,97
60819676ae88e5182fc02995,684885023f6b3edec46f0f9f,NEWPORT MALL,DELIVERLOAD,True,132,132,132,132,132,132,132,132,132,132,132,132,132,132,132,132,132,132,132,132,132,132,132,132,132
60819676ae88e5182fc02995,6603271b620c41462227d1c5,"NEW YORK HOP GUILD, LLC",DELIVERLOAD,False,58,58,58,58,58,58,58,58,58,58,58,58,58,58,58,58,58,58,58,58,58,58,58,58,58
60819676ae88e5182fc02995,67a128a1a3e4bdc1e0237572,NEW YORK SUGARS,DELIVERLOAD,True,97,97,97,97,97,97,97,97,97,97,97,97,97,97,97,97,97,97,97,97,97,97,97,97,97
60819676ae88e5182fc02995,67e2cabb3a7dee29022b99ef,NEXGISTICS LLC,DELIVERLOAD,True,122,122,122,122,122,122,122,122,122,122,122,122,122,122,122,122,122,122,122,122,122,122,122,122,122
60819676ae88e5182fc02995,6808d6c0eb17a90f74ff4a9d,NEXUS WAREHOUSE CROSSDOCK,DELIVERLOAD,False,58,58,58,58,58,58,58,58,58,58,58,58,58,58,58,58,58,58,58,58,58,58,58,58,58
60819676ae88e5182fc02995,6808d6c0eb17a90f74ff4a9d,NEXUS WAREHOUSE CROSSDOCK,DELIVERLOAD,True,97,97,97,97,97,97,97,97,97,97,97,97,97,97,97,97,97,97,97,97,97,97,97,97,97
60819676ae88e5182fc02995,6722463ffff7593e10acc59a,NIGHTHAWKS,DELIVERLOAD,True,78,78,78,78,78,78,78,78,78,78,78,78,78,78,78,78,78,78,78,78,78,78,78,78,78
60819676ae88e5182fc02995,67dc6ce969f3e50dbde122c6,NIPRO PHARMAPACKAGING AMERICAS CORPORATION,DELIVERLOAD,True,77,77,77,77,77,77,77,77,77,77,77,77,77,77,77,77,77,77,77,77,77,77,77,77,77
60819676ae88e5182fc02995,65e5d9371df7201494b58754,NIT TERMINAL,DELIVERLOAD,False,44,44,44,44,44,44,44,44,44,44,44,44,44,44,44,44,44,44,44,44,44,44,44,44,44
60819676ae88e5182fc02995,65e5d9371df7201494b58754,NIT TERMINAL,RETURNCONTAINER,False,32,32,32,32,32,32,32,32,32,32,32,32,32,32,32,32,32,32,32,32,32,32,32,32,32
60819676ae88e5182fc02995,64416bf326fd49160466fce4,NJ KARZ LLC,RETURNCONTAINER,False,14,14,14,14,14,14,14,14,14,14,22,14,14,14,14,14,14,14,14,14,14,14,14,14,14
60819676ae88e5182fc02995,6700527cb5b981fe684c8173,NJ PICK PACK C/O ULTIMATE OFFICE SUPPLIES,DELIVERLOAD,True,97,97,97,97,97,97,97,97,97,97,97,97,97,97,97,97,97,97,97,97,97,97,97,97,97
60819676ae88e5182fc02995,67892a71949a804e7a44c185,NORAMCO,DELIVERLOAD,False,57,57,57,57,57,57,57,57,57,57,57,57,57,57,57,57,57,57,57,57,57,57,57,57,57
60819676ae88e5182fc02995,63a32cb0202060166576f310,NORFOLK VIRGINIA INTL GATEWAY,DELIVERLOAD,False,58,58,58,58,58,58,58,58,58,58,58,58,58,58,58,58,58,58,58,58,58,58,58,58,58
60819676ae88e5182fc02995,63a32cb0202060166576f310,NORFOLK VIRGINIA INTL GATEWAY,DROPCONTAINER,False,77,77,77,77,77,77,77,77,77,77,77,77,77,77,77,77,77,77,77,77,77,77,77,77,77
60819676ae88e5182fc02995,63a32cb0202060166576f310,NORFOLK VIRGINIA INTL GATEWAY,RETURNCONTAINER,False,32,32,32,32,32,32,32,32,32,32,32,32,32,32,32,32,32,32,32,32,32,32,32,32,32
60819676ae88e5182fc02995,68a78741f4d48a3aabdc64c3,NORTH COAST SEAFOODS MIDDLEBORO,DELIVERLOAD,False,37,37,37,37,37,37,37,37,37,37,37,37,37,37,37,37,37,37,37,37,37,37,37,37,37
60819676ae88e5182fc02995,67f56732307074f5c8b95a13,NUCOR TOWERS & STRUCTURE,DELIVERLOAD,True,97,97,97,97,97,97,97,97,97,97,97,97,97,97,97,97,97,97,97,97,97,97,97,97,97
60819676ae88e5182fc02995,6614337492e869221f4f4d6a,NUTRABIO,DELIVERLOAD,True,118,118,118,118,118,118,118,118,118,118,118,118,118,118,118,118,118,118,118,118,118,118,118,118,118
60819676ae88e5182fc02995,65f34b892aaf3b1cc58e89a5,NUTRITION DEPOT,DELIVERLOAD,False,58,58,58,58,58,58,58,58,58,58,58,58,58,58,58,58,58,58,58,58,58,58,58,58,58
60819676ae88e5182fc02995,65f34b892aaf3b1cc58e89a5,NUTRITION DEPOT,DELIVERLOAD,True,97,97,97,97,97,97,97,97,97,97,97,97,97,97,97,97,97,97,97,97,97,97,97,97,97
60819676ae88e5182fc02995,66f6ed2ce9bea9efbe12cae5,NUWAY TOBACCO COMPANY,DELIVERLOAD,False,58,58,58,58,58,58,58,58,58,58,58,58,58,58,58,58,58,58,58,58,58,58,58,58,58
60819676ae88e5182fc02995,67cb54ff6417ca34281343a3,NX AUTOMOTIVE LOGISTICS USA,DELIVERLOAD,False,8,8,8,8,8,8,8,8,8,8,8,8,8,8,8,8,8,8,8,8,8,8,8,8,8
60819676ae88e5182fc02995,67cb54ff6417ca34281343a3,NX AUTOMOTIVE LOGISTICS USA,DELIVERLOAD,True,97,97,97,97,97,97,97,97,97,97,97,97,97,97,97,97,97,97,97,97,97,97,97,97,97
60819676ae88e5182fc02995,681508d00aaa18d8fbe5438b,NYP CORP - QUAKERTOWN PA,DELIVERLOAD,False,58,58,58,58,58,58,58,58,58,58,58,58,58,58,58,58,58,58,58,58,58,58,58,58,58
60819676ae88e5182fc02995,67ab590ded0fe6972ba09f98,Oakland Int'l Container Terminal B58,RETURNCONTAINER,False,32,32,32,32,32,32,32,32,32,32,32,32,32,32,32,32,32,32,32,32,32,32,32,32,32
60819676ae88e5182fc02995,667ea819c1ec6af47d5e3eff,OAKWOOD PRODUCTS,DELIVERLOAD,True,33,33,33,33,33,33,33,33,33,33,33,33,33,33,33,33,33,33,33,33,33,33,33,33,33
60819676ae88e5182fc02995,6349934c887f02159dc2f59f,OLD BRIDGE CHEMICALS,DELIVERLOAD,False,82,82,82,82,82,82,82,82,82,82,82,82,82,82,82,82,82,82,82,82,82,82,82,82,82
60819676ae88e5182fc02995,6349934c887f02159dc2f59f,OLD BRIDGE CHEMICALS,DELIVERLOAD,True,138,138,138,138,138,138,138,138,138,138,138,138,138,138,138,138,138,138,138,138,138,138,138,138,138
60819676ae88e5182fc02995,680b8cc4224d484962e557bd,OLYMPUS CORPORATION OF THE AMERICAS,DELIVERLOAD,True,97,97,97,97,97,97,97,97,97,97,97,97,97,97,97,97,97,97,97,97,97,97,97,97,97
60819676ae88e5182fc02995,68a77e5f835ab4a64895bbfb,OMI / PHILA FURNITURE BANK,DELIVERLOAD,False,58,58,58,58,58,58,58,58,58,58,58,58,58,58,58,58,58,58,58,58,58,58,58,58,58
60819676ae88e5182fc02995,68a77e5f835ab4a64895bbfb,OMI / PHILA FURNITURE BANK,DELIVERLOAD,True,168,168,168,168,168,168,168,168,168,168,168,168,168,168,168,168,168,168,168,168,168,168,168,168,168
60819676ae88e5182fc02995,68b9c81e4ad6497e9f54099b,ONLINE MR INC,DELIVERLOAD,False,41,41,41,41,41,41,41,41,41,41,41,41,41,41,41,41,41,41,41,41,41,41,41,41,41
60819676ae88e5182fc02995,686d2f3741b510a575bdc014,OPTA GROUP COMPANY,DELIVERLOAD,True,73,73,73,73,73,73,73,73,73,73,73,73,73,73,73,73,73,73,73,73,73,73,73,73,73
60819676ae88e5182fc02995,6818bc3c8e330694488b791a,ORANGE PACKAGING,DELIVERLOAD,False,86,86,86,86,86,86,86,86,86,86,86,86,86,86,86,86,86,86,86,86,86,86,86,86,86
60819676ae88e5182fc02995,67ae689c58b33bb6970bc883,"OSF FLAVORS, INC.",DELIVERLOAD,False,41,41,41,41,41,41,41,41,41,41,41,41,41,41,41,41,41,41,41,41,41,41,41,41,41
60819676ae88e5182fc02995,67ae689c58b33bb6970bc883,"OSF FLAVORS, INC.",DELIVERLOAD,True,103,103,103,103,103,103,103,103,103,103,103,103,103,103,103,103,103,103,103,103,103,103,103,103,103
60819676ae88e5182fc02995,68a6335ee6595aed174a89d5,"OSMO LABS, PBC",DELIVERLOAD,False,58,58,58,58,58,58,58,58,58,58,58,58,58,58,58,58,58,58,58,58,58,58,58,58,58
60819676ae88e5182fc02995,682b64020e07e29330ddadee,OSRAM SYLVANIA INC.,DELIVERLOAD,True,47,47,47,47,47,47,47,47,47,47,47,47,47,47,47,47,47,47,47,47,47,47,47,47,47
60819676ae88e5182fc02995,673b455f676af31c3dc3cf2e,OTHER HALF BREWING COMPANY,DELIVERLOAD,False,58,58,58,58,58,58,58,58,58,58,58,58,58,58,58,58,58,58,58,58,58,58,58,58,58
60819676ae88e5182fc02995,673b455f676af31c3dc3cf2e,OTHER HALF BREWING COMPANY,DELIVERLOAD,True,97,97,97,97,97,97,97,97,97,97,97,97,97,97,97,97,97,97,97,97,97,97,97,97,97
60819676ae88e5182fc02995,680f85cc2dddd08fcfebfc60,OTIS TECHNOLOGY,DELIVERLOAD,False,59,59,59,59,59,59,59,59,59,59,59,59,59,59,59,59,59,59,59,59,59,59,59,59,59
60819676ae88e5182fc02995,68922eea0635f94088d0556b,OVERFLO WAREHOUSE,DELIVERLOAD,True,58,58,58,58,58,58,58,58,58,58,58,58,58,58,58,58,58,58,58,58,58,58,58,58,58
60819676ae88e5182fc02995,6707e224bafef76938549e6a,OWENS CORNING INSULTAION SYSTEMS,DELIVERLOAD,False,58,58,58,58,58,58,58,58,58,58,58,58,58,58,58,58,58,58,58,58,58,58,58,58,58
60819676ae88e5182fc02995,6372624c30b29215dd985f60,PACKER AVENUE MARINE TERMINAL,DELIVERLOAD,False,26,26,26,26,26,26,26,26,32,15,26,26,26,26,26,26,26,26,26,26,26,26,26,26,26
60819676ae88e5182fc02995,6372624c30b29215dd985f60,PACKER AVENUE MARINE TERMINAL,DELIVERLOAD,True,97,97,97,97,97,97,97,97,97,97,97,97,97,97,97,97,97,97,97,97,97,97,97,97,97
60819676ae88e5182fc02995,6372624c30b29215dd985f60,PACKER AVENUE MARINE TERMINAL,DROPCONTAINER,False,9,9,9,9,9,9,9,9,9,9,9,9,9,9,9,9,9,9,9,9,9,9,9,9,9
60819676ae88e5182fc02995,6372624c30b29215dd985f60,PACKER AVENUE MARINE TERMINAL,PULLCONTAINER,False,26,26,26,26,26,26,26,26,26,26,18,26,26,26,26,26,26,26,26,26,26,26,26,26,26
60819676ae88e5182fc02995,6372624c30b29215dd985f60,PACKER AVENUE MARINE TERMINAL,RETURNCONTAINER,False,52,52,52,52,52,52,52,137,90,39,33,39,52,79,60,52,35,52,52,52,52,52,52,52,52
60819676ae88e5182fc02995,65e5d9381df7201494b587a9,PACKER MARINE TERMINAL,DELIVERLOAD,True,97,97,97,97,97,97,97,97,97,97,97,97,97,97,97,97,97,97,97,97,97,97,97,97,97
60819676ae88e5182fc02995,65e5d9381df7201494b587a9,PACKER MARINE TERMINAL,DROPCONTAINER,False,33,33,33,33,33,33,33,33,33,33,33,33,33,33,33,33,33,33,33,33,33,33,33,33,33
60819676ae88e5182fc02995,65e5d9381df7201494b587a9,PACKER MARINE TERMINAL,HOOKCONTAINER,False,19,19,19,19,19,19,19,19,19,19,19,19,19,19,19,19,19,19,19,19,19,19,19,19,19
60819676ae88e5182fc02995,65e5d9381df7201494b587a9,PACKER MARINE TERMINAL,PULLCONTAINER,False,26,26,26,26,26,26,26,26,26,24,26,32,14,34,83,12,42,26,26,26,26,26,26,26,26
60819676ae88e5182fc02995,65e5d9381df7201494b587a9,PACKER MARINE TERMINAL,RETURNCONTAINER,False,70,70,70,70,70,70,70,56,71,51,90,76,110,75,66,61,70,70,70,70,70,70,70,70,70
60819676ae88e5182fc02995,62d69958409ce736b2b15012,PAC STRAPPING PRODUCTS,DELIVERLOAD,False,38,38,38,38,38,38,38,38,38,38,38,38,38,38,38,38,38,38,38,38,38,38,38,38,38
60819676ae88e5182fc02995,6356c02d24038715d3a0208e,PALMER INTERNATIONAL,DELIVERLOAD,False,28,28,28,28,28,28,28,28,28,28,28,28,28,28,28,28,28,28,28,28,28,28,28,28,28
60819676ae88e5182fc02995,67d997fc18a24fece82a99b2,PARADE STRAPPING AND BALING LLC,DELIVERLOAD,False,86,86,86,86,86,86,86,86,86,86,86,86,86,86,86,86,86,86,86,86,86,86,86,86,86
60819676ae88e5182fc02995,66db350a77d222cbbe703b9b,PARENT METAL HASKELL OFFICE,DELIVERLOAD,True,97,97,97,97,97,97,97,97,97,97,97,97,97,97,97,97,97,97,97,97,97,97,97,97,97
60819676ae88e5182fc02995,6882941ac32b7b6aa6c0f085,PARLUX,DELIVERLOAD,False,58,58,58,58,58,58,58,58,58,58,58,58,58,58,58,58,58,58,58,58,58,58,58,58,58
60819676ae88e5182fc02995,634da540fd8c1215a98fbe77,PCORE ELECTRIC,DELIVERLOAD,True,130,130,130,130,130,130,130,130,130,130,130,130,130,130,130,130,130,130,130,130,130,130,130,130,130
60819676ae88e5182fc02995,651eeda6f1cb8a161dcd4739,PDR,DELIVERLOAD,False,58,58,58,58,58,58,58,58,58,58,58,58,58,58,58,58,58,58,58,58,58,58,58,58,58
60819676ae88e5182fc02995,651eeda6f1cb8a161dcd4739,PDR,DELIVERLOAD,True,161,161,161,161,161,161,161,161,125,209,187,207,181,165,112,107,33,161,161,161,161,161,161,161,161
60819676ae88e5182fc02995,658b3cfd9faccd4e631b30e7,PEARLWEAVE SEGURIDAD NETTING CORP,DELIVERLOAD,False,87,87,87,87,87,87,87,87,87,87,87,87,87,87,87,87,87,87,87,87,87,87,87,87,87
60819676ae88e5182fc02995,646cdde6bc074f164011343f,PENN COLOR,DELIVERLOAD,False,64,64,64,64,64,64,64,64,64,64,64,64,64,64,64,64,64,64,64,64,64,64,64,64,64
60819676ae88e5182fc02995,68b868900135b7f7e8aafe8c,Penn Color Inc,DELIVERLOAD,False,63,63,63,63,63,63,63,63,63,63,63,63,63,63,63,63,63,63,63,63,63,63,63,63,63
60819676ae88e5182fc02995,63bc32534eb7ff162658ea70,PENN TERMINALS LLC,PULLCONTAINER,False,10,10,10,10,10,10,10,10,10,10,10,10,10,10,10,10,10,10,10,10,10,10,10,10,10
60819676ae88e5182fc02995,63bc32534eb7ff162658ea70,PENN TERMINALS LLC,RETURNCONTAINER,False,32,32,32,32,32,32,32,32,32,32,32,32,32,32,32,32,32,32,32,32,32,32,32,32,32
60819676ae88e5182fc02995,67a0fa98baf75e53fa2bee28,Pergolux Llc,DELIVERLOAD,False,58,58,58,58,58,58,58,58,58,58,58,58,58,58,58,58,58,58,58,58,58,58,58,58,58
60819676ae88e5182fc02995,67a0fa98baf75e53fa2bee28,Pergolux Llc,DELIVERLOAD,True,97,97,97,97,97,97,97,97,97,97,97,97,97,97,97,97,97,97,97,97,97,97,97,97,97
60819676ae88e5182fc02995,68125f1437ae3492d9f12f05,PEROGOLUX LLC,DELIVERLOAD,False,10,10,10,10,10,10,10,10,10,10,10,10,10,10,10,10,10,10,10,10,10,10,10,10,10
60819676ae88e5182fc02995,68125f1437ae3492d9f12f05,PEROGOLUX LLC,DROPCONTAINER,False,78,78,78,78,78,78,78,78,78,78,78,78,78,78,78,78,78,78,78,78,78,78,78,78,78
60819676ae88e5182fc02995,67b8d195f129219dbd343260,PERRYMAN COMPANY MELTING FACILITY,DELIVERLOAD,False,58,58,58,58,58,58,58,58,58,58,58,58,58,58,58,58,58,58,58,58,58,58,58,58,58
60819676ae88e5182fc02995,67b8d195f129219dbd343260,PERRYMAN COMPANY MELTING FACILITY,DELIVERLOAD,True,141,141,141,141,141,141,141,141,141,141,141,141,141,141,141,141,141,141,141,141,141,141,141,141,141
60819676ae88e5182fc02995,687e9f1e226fdab7a79c8eb2,Persam Corp.,DELIVERLOAD,True,97,97,97,97,97,97,97,97,97,97,97,97,97,97,97,97,97,97,97,97,97,97,97,97,97
60819676ae88e5182fc02995,6797ff534501ca752dff147e,PEZ CANDY,DELIVERLOAD,True,115,115,115,115,115,115,115,115,115,115,115,115,115,115,115,115,115,115,115,115,115,115,115,115,115
60819676ae88e5182fc02995,659ff1ee345b75162f063c30,Pez Logistics,DELIVERLOAD,False,55,55,55,55,55,55,55,55,55,55,55,55,55,55,55,55,55,55,55,55,55,55,55,55,55
60819676ae88e5182fc02995,659ff1ee345b75162f063c30,Pez Logistics,DELIVERLOAD,True,58,58,58,58,58,58,58,58,58,58,58,58,58,58,58,58,58,58,58,58,58,58,58,58,58
60819676ae88e5182fc02995,66db21f5989587580beadf2d,P & G LIMA PLANT,DELIVERLOAD,False,19,19,19,19,19,19,19,37,30,20,13,19,19,13,19,19,19,19,19,19,19,19,19,19,19
60819676ae88e5182fc02995,66db21f5989587580beadf2d,P & G LIMA PLANT,HOOKCONTAINER,False,23,23,23,23,23,23,23,23,10,111,158,11,17,23,23,6,23,23,23,13,23,23,23,23,23
60819676ae88e5182fc02995,685ae0c0beac25b75afbd268,"PHARMACIA & UPJOHN CO., A DIV. OF PFIZER, INC",DELIVERLOAD,True,97,97,97,97,97,97,97,97,97,97,97,97,97,97,97,97,97,97,97,97,97,97,97,97,97
60819676ae88e5182fc02995,689e44ac9c18da7f5cd7d706,PHIBRO ANIMAL HEALTH CORPORATION,DELIVERLOAD,False,56,56,56,56,56,56,56,56,56,56,56,56,56,56,56,56,56,56,56,56,56,56,56,56,56
60819676ae88e5182fc02995,689e44ac9c18da7f5cd7d706,PHIBRO ANIMAL HEALTH CORPORATION,DELIVERLOAD,True,45,45,45,45,45,45,45,45,45,45,45,45,45,45,45,45,45,45,45,45,45,45,45,45,45
60819676ae88e5182fc02995,661ee1f66615dd441cf411fb,PHILIPS MEDICAL SYSTEMS,DELIVERLOAD,False,67,67,67,67,67,67,37,112,67,67,67,67,67,67,67,67,67,67,67,67,67,67,67,67,67
60819676ae88e5182fc02995,661ee1f66615dd441cf411fb,PHILIPS MEDICAL SYSTEMS,DELIVERLOAD,True,97,97,97,97,97,97,97,97,97,97,97,97,97,97,97,97,97,97,97,97,97,97,97,97,97
60819676ae88e5182fc02995,65e5d9371df7201494b58745,PIER A,DELIVERLOAD,False,27,27,27,27,27,27,27,27,27,27,27,27,27,27,27,27,27,27,27,27,27,27,27,27,27
60819676ae88e5182fc02995,680fe31790ceb1174d1fcf85,PILLER POWER SYSTEMS,DELIVERLOAD,True,97,97,97,97,97,97,97,97,97,97,97,97,97,97,97,97,97,97,97,97,97,97,97,97,97
60819676ae88e5182fc02995,63d2df6448f153160ff18a98,PJT LOGISTICS INC,DELIVERLOAD,False,50,50,50,50,50,50,50,50,50,50,50,50,50,50,50,50,50,50,50,50,50,50,50,50,50
60819676ae88e5182fc02995,63d2df6448f153160ff18a98,PJT LOGISTICS INC,PULLCONTAINER,False,16,16,16,16,16,16,16,16,16,16,16,16,16,16,16,16,16,16,16,16,16,16,16,16,16
60819676ae88e5182fc02995,6807e009a580da5075dba34d,"PLAINVIEW GROWERS, INC",DELIVERLOAD,True,97,97,97,97,97,97,97,97,97,97,97,97,97,97,97,97,97,97,97,97,97,97,97,97,97
60819676ae88e5182fc02995,68138477487d416dadb11270,PLASPAK,DELIVERLOAD,False,23,23,23,23,23,23,23,23,23,23,23,23,23,23,23,23,23,23,23,23,23,23,23,23,23
60819676ae88e5182fc02995,68138477487d416dadb11270,PLASPAK,HOOKCONTAINER,False,78,78,78,78,78,78,78,78,78,78,78,78,78,78,78,78,78,78,78,78,78,78,78,78,78
60819676ae88e5182fc02995,68063b55b5adf34d86f074f5,PLASTICS EXPRESS,DELIVERLOAD,True,97,97,97,97,97,97,97,97,97,97,97,97,97,97,97,97,97,97,97,97,97,97,97,97,97
60819676ae88e5182fc02995,67dc624e5098fd358f7a37a3,PLATTCO CORPORATION,DELIVERLOAD,False,58,58,58,58,58,58,58,58,58,58,58,58,58,58,58,58,58,58,58,58,58,58,58,58,58
60819676ae88e5182fc02995,6388df070c5d671642f7630f,PLUG POWER,DELIVERLOAD,False,78,78,78,78,78,78,78,78,78,78,78,78,78,78,78,78,78,78,78,78,78,78,78,78,78
60819676ae88e5182fc02995,6525a4e8a1377f15fb9d2c32,"PLUG POWER, INC.",DELIVERLOAD,False,88,88,88,88,88,88,88,88,88,88,88,88,88,88,88,88,88,88,88,88,88,88,88,88,88
60819676ae88e5182fc02995,6525a4e8a1377f15fb9d2c32,"PLUG POWER, INC.",DELIVERLOAD,True,105,105,105,105,105,105,105,105,105,105,105,105,105,105,105,105,105,105,105,105,105,105,105,105,105
60819676ae88e5182fc02995,632224398a9dbe16434815da,PNCT,DELIVERLOAD,True,46,46,46,46,46,46,46,46,46,46,46,46,46,46,46,46,46,46,46,46,46,46,46,46,46
60819676ae88e5182fc02995,632224398a9dbe16434815da,PNCT,DROPCONTAINER,False,33,33,33,33,33,33,33,33,33,33,33,33,33,33,33,33,33,33,33,33,33,33,33,33,33
60819676ae88e5182fc02995,632224398a9dbe16434815da,PNCT,PULLCONTAINER,False,29,29,29,29,29,29,29,29,29,29,29,29,29,29,29,29,29,29,29,29,29,29,29,29,29
60819676ae88e5182fc02995,632224398a9dbe16434815da,PNCT,RETURNCONTAINER,False,32,32,32,32,32,32,32,32,32,32,32,32,32,32,32,32,32,32,32,32,32,32,32,32,32
60819676ae88e5182fc02995,67ec37ff7237ab617fdba873,PND (PORTNE 26),RETURNCONTAINER,False,54,54,54,54,54,68,52,64,28,42,53,52,56,61,60,54,54,54,54,54,54,54,54,54,54
60819676ae88e5182fc02995,64a5bdfce290e2165c0f58ab,POLY MOLDING,DELIVERLOAD,False,58,58,58,58,58,58,58,58,58,58,58,58,58,58,58,58,58,58,58,58,58,58,58,58,58
60819676ae88e5182fc02995,68224354bfffa840ed3fb2bd,POPULAR BATH,DELIVERLOAD,True,130,130,130,130,130,130,130,130,130,130,130,130,130,130,130,130,130,130,130,130,130,130,130,130,130
60819676ae88e5182fc02995,663a2b7432cb110204261259,PORT LIBERTY CES,PULLCONTAINER,False,23,23,23,23,23,23,23,23,23,23,23,23,23,23,23,23,23,23,23,23,23,23,23,23,23
60819676ae88e5182fc02995,6440366d98e720164f686e56,PORT NEWARK DEPOT,PULLCONTAINER,False,21,21,21,21,21,21,21,21,21,21,21,21,21,21,21,21,21,21,21,21,21,21,21,21,21
60819676ae88e5182fc02995,6440366d98e720164f686e56,PORT NEWARK DEPOT,RETURNCONTAINER,False,81,81,81,81,81,81,67,81,84,81,66,83,114,81,94,71,81,81,81,81,81,81,81,81,81
60819676ae88e5182fc02995,6841d23442c070d741e2933d,PORT OF PROVIDENCE,DELIVERLOAD,False,58,58,58,58,58,58,58,58,58,58,58,58,58,58,58,58,58,58,58,58,58,58,58,58,58
60819676ae88e5182fc02995,6841d23442c070d741e2933d,PORT OF PROVIDENCE,RETURNCONTAINER,False,32,32,32,32,32,32,32,32,32,32,32,32,32,32,32,32,32,32,32,32,32,32,32,32,32
60819676ae88e5182fc02995,6427407aa2861315cdd47e42,POTTERS INDUSTRIES LLC,DELIVERLOAD,False,76,76,76,76,76,76,76,76,76,76,76,76,76,76,76,76,76,76,76,76,76,76,76,76,76
60819676ae88e5182fc02995,635acf636fd9e015a5889939,PPG (Springdale PA),DELIVERLOAD,False,58,58,58,58,58,58,58,58,58,58,58,58,58,58,58,58,58,58,58,58,58,58,58,58,58
60819676ae88e5182fc02995,649d901d76342c163bf31b13,PRECISION FASTENERS INC,DELIVERLOAD,False,58,58,58,58,58,58,58,58,58,58,58,58,58,58,58,58,58,58,58,58,58,58,58,58,58
60819676ae88e5182fc02995,649d901d76342c163bf31b13,PRECISION FASTENERS INC,DELIVERLOAD,True,55,55,55,55,55,55,55,55,55,55,55,55,55,55,55,55,55,55,55,55,55,55,55,55,55
60819676ae88e5182fc02995,658d8d3958d572165d4db8ff,Premier Paint Roller Co. LLC,DELIVERLOAD,False,58,58,58,58,58,58,58,58,58,58,58,58,58,58,58,58,58,58,58,58,58,58,58,58,58
60819676ae88e5182fc02995,6798ef362c02533cdf7ba84f,PREMIER WHSE-HAMPSHIRE- PHAM,DELIVERLOAD,True,97,97,97,97,97,97,97,97,97,97,97,97,97,97,97,97,97,97,97,97,97,97,97,97,97
60819676ae88e5182fc02995,6509d952b2e51f16115245e5,Prestige Express Trucking,HOOKCONTAINER,False,19,19,19,19,19,19,19,19,19,19,19,19,19,19,19,19,19,19,19,19,19,19,19,19,19
60819676ae88e5182fc02995,6509d952b2e51f16115245e5,Prestige Express Trucking,PULLCONTAINER,False,14,14,14,14,14,14,14,14,14,14,14,14,14,14,14,14,14,14,14,14,14,14,14,14,14
60819676ae88e5182fc02995,683610ba8a25dced9282ab5f,PRESTIGE SERVICES INC,DELIVERLOAD,False,71,71,71,71,71,71,71,71,71,71,71,71,71,71,71,71,71,71,71,71,71,71,71,71,71
60819676ae88e5182fc02995,683610ba8a25dced9282ab5f,PRESTIGE SERVICES INC,DELIVERLOAD,True,56,56,56,56,56,56,56,56,56,56,56,56,56,56,56,56,56,56,56,56,56,56,56,56,56
60819676ae88e5182fc02995,6601ad0f46481491c8709002,PRESTONE PRODUCTS,DELIVERLOAD,False,60,60,60,60,60,58,50,63,67,60,60,60,60,60,60,60,60,60,60,60,60,60,60,60,60
60819676ae88e5182fc02995,6601ad0f46481491c8709002,PRESTONE PRODUCTS,DELIVERLOAD,True,93,93,93,93,93,93,132,72,90,93,93,93,93,93,93,93,93,93,93,93,93,93,93,93,93
60819676ae88e5182fc02995,633f38985413ef15b910f7b5,PRIMARK USA INC,DELIVERLOAD,False,21,21,21,21,21,44,18,18,22,23,24,23,19,19,18,23,21,21,21,21,21,21,21,21,21
60819676ae88e5182fc02995,633f38985413ef15b910f7b5,PRIMARK USA INC,DROPCONTAINER,False,31,31,31,31,31,31,31,31,31,31,31,31,31,31,31,31,31,31,31,31,31,31,31,31,31
60819676ae88e5182fc02995,633f38985413ef15b910f7b5,PRIMARK USA INC,HOOKCONTAINER,False,34,34,34,34,34,34,8,44,11,25,24,48,81,67,42,29,10,34,34,34,34,34,34,34,34
60819676ae88e5182fc02995,633f38985413ef15b910f7b5,PRIMARK USA INC,PULLCONTAINER,False,15,15,15,15,15,15,15,20,15,15,15,15,15,15,15,15,15,15,15,15,15,15,15,15,15
60819676ae88e5182fc02995,633f38985413ef15b910f7b5,PRIMARK USA INC,RETURNCONTAINER,False,9,9,9,9,9,9,9,21,7,9,9,9,9,9,9,9,9,9,9,9,9,9,9,9,9
60819676ae88e5182fc02995,67c0961dee04a2fdcc8cc198,PRIMESOURCE DC36,DELIVERLOAD,True,152,152,152,152,152,152,152,152,152,152,152,152,152,152,152,152,152,152,152,152,152,152,152,152,152
60819676ae88e5182fc02995,659c6db3fe67c529c6e42fda,PROCTER GAMBLE CO,DELIVERLOAD,False,58,58,58,58,58,58,58,58,58,58,58,58,58,58,58,58,58,58,58,58,58,58,58,58,58
60819676ae88e5182fc02995,659c6db3fe67c529c6e42fda,PROCTER GAMBLE CO,DELIVERLOAD,True,97,97,97,97,97,97,97,97,97,97,97,97,97,97,97,97,97,97,97,97,97,97,97,97,97
60819676ae88e5182fc02995,681528f153182354bc6310ae,PROGRESSIVE PIPELINE,DELIVERLOAD,False,58,58,58,58,58,58,58,58,58,58,58,58,58,58,58,58,58,58,58,58,58,58,58,58,58
60819676ae88e5182fc02995,6750d85edc0a858d01d6ea15,PROJECT CURE,DELIVERLOAD,False,11,11,11,11,11,11,11,11,11,11,11,11,11,11,11,11,11,11,11,11,11,11,11,11,11
60819676ae88e5182fc02995,6750d85edc0a858d01d6ea15,PROJECT CURE,HOOKCONTAINER,False,6,6,6,6,6,6,6,6,6,6,6,6,6,6,6,6,6,6,6,6,6,6,6,6,6
60819676ae88e5182fc02995,634d837e8f506e15fa2b6a3e,PROJECT C.U.R.E,DELIVERLOAD,False,49,49,49,49,49,49,49,49,49,49,49,49,49,49,49,49,49,49,49,49,49,49,49,49,49
60819676ae88e5182fc02995,634d837e8f506e15fa2b6a3e,PROJECT C.U.R.E,HOOKCONTAINER,False,70,70,70,70,70,70,70,70,70,70,70,70,70,70,70,70,70,70,70,70,70,70,70,70,70
60819676ae88e5182fc02995,675c668bd2d32d0ce5a70057,PURELAND IN.CONPLEX,DELIVERLOAD,False,48,48,48,48,48,48,48,48,48,48,48,48,48,48,48,48,48,48,48,48,48,48,48,48,48
60819676ae88e5182fc02995,675c668bd2d32d0ce5a70057,PURELAND IN.CONPLEX,DELIVERLOAD,True,101,101,101,101,101,101,101,101,101,101,101,101,101,101,101,101,101,101,101,101,101,101,101,101,101
60819676ae88e5182fc02995,67f027b05df07e260832e0ff,PURELAND IND.CONPLEX,DELIVERLOAD,False,58,58,58,58,58,58,58,58,58,58,58,58,58,58,58,58,58,58,58,58,58,58,58,58,58
60819676ae88e5182fc02995,68124fb82d181ef88b74320a,PW DOVER RESIDENTIAL B/P,DELIVERLOAD,True,88,88,88,88,88,88,88,88,88,88,88,88,88,88,88,88,88,88,88,88,88,88,88,88,88
60819676ae88e5182fc02995,67b87006bdfc817476582002,PW Intermodal,DELIVERLOAD,False,17,17,17,17,17,17,17,17,17,17,17,17,17,17,17,17,17,17,17,17,17,17,17,17,17
60819676ae88e5182fc02995,67b87006bdfc817476582002,PW Intermodal,DROPCONTAINER,False,25,25,25,25,25,25,25,25,25,25,25,25,25,25,25,25,25,25,25,25,25,25,25,25,25
60819676ae88e5182fc02995,6384ecd07b7e1c1614ac072d,PYLE WAREHOUSE,DELIVERLOAD,False,61,61,61,61,61,61,61,61,61,61,61,61,61,61,61,61,61,61,61,61,61,61,61,61,61
60819676ae88e5182fc02995,658446d4a8450d16311c3193,QUABBIN TIMBER C/O WILDWOOD RELOAD,DELIVERLOAD,False,84,84,84,84,84,84,84,84,84,84,84,84,84,84,84,84,84,84,84,84,84,84,84,84,84
60819676ae88e5182fc02995,658446d4a8450d16311c3193,QUABBIN TIMBER C/O WILDWOOD RELOAD,DELIVERLOAD,True,51,51,51,51,51,51,51,51,51,51,51,51,51,51,51,51,51,51,51,51,51,51,51,51,51
60819676ae88e5182fc02995,67b8a60f5c786b68381834b7,"QUANEX IG SYSTEMS, INC",DELIVERLOAD,True,59,59,59,59,59,59,59,59,59,59,59,59,59,59,59,59,59,59,59,59,59,59,59,59,59
60819676ae88e5182fc02995,678a7489b6463aa2783b8e13,QUANTIX,DELIVERLOAD,False,83,83,83,83,83,83,83,83,83,83,83,83,83,83,83,83,83,83,83,83,83,83,83,83,83
60819676ae88e5182fc02995,67cf0d9c47012445a8c6b114,"RADIOMETER AMERICA, INC",DELIVERLOAD,False,37,37,37,37,37,37,37,37,37,37,37,37,37,37,37,37,37,37,37,37,37,37,37,37,37
60819676ae88e5182fc02995,678fdcf9707e30dde19d79df,RAPID TRANSPORT,DELIVERLOAD,False,78,78,78,78,78,78,78,78,78,78,78,78,78,78,78,78,78,78,78,78,78,78,78,78,78
60819676ae88e5182fc02995,678fdcf9707e30dde19d79df,RAPID TRANSPORT,DELIVERLOAD,True,58,58,58,58,58,58,58,58,58,58,58,58,58,58,58,58,58,58,58,58,58,58,58,58,58
60819676ae88e5182fc02995,68c059d1b9f7012d08ec8700,Rapistak Corporation,DELIVERLOAD,False,58,58,58,58,58,58,58,58,58,58,58,58,58,58,58,58,58,58,58,58,58,58,58,58,58
60819676ae88e5182fc02995,68c059d1b9f7012d08ec8700,Rapistak Corporation,DELIVERLOAD,True,129,129,129,129,129,129,129,129,129,129,129,129,129,129,129,129,129,129,129,129,129,129,129,129,129
60819676ae88e5182fc02995,663a8d918a5a592f7c8356e5,RASTELLI GLOBAL,RETURNCONTAINER,False,90,90,90,90,90,90,90,90,90,90,90,90,90,90,90,90,90,90,90,90,90,90,90,90,90
60819676ae88e5182fc02995,66edb51b33280a073fb47498,RASTELLI GLOBAL,DELIVERLOAD,False,25,25,25,25,25,25,25,25,25,25,25,25,25,25,25,25,25,25,25,25,25,25,25,25,25
60819676ae88e5182fc02995,66edb51b33280a073fb47498,RASTELLI GLOBAL,DELIVERLOAD,True,15,15,15,15,15,15,15,15,15,15,15,15,15,15,15,15,15,15,15,15,15,15,15,15,15
60819676ae88e5182fc02995,66edb51b33280a073fb47498,RASTELLI GLOBAL,DROPCONTAINER,False,30,30,30,30,30,30,30,30,30,30,30,30,30,30,30,30,30,30,30,30,30,30,30,30,30
60819676ae88e5182fc02995,66edb51b33280a073fb47498,RASTELLI GLOBAL,HOOKCONTAINER,False,5,5,5,5,5,5,5,5,5,5,5,5,5,5,5,5,5,5,5,5,5,5,5,5,5
60819676ae88e5182fc02995,663a89d5046205303e29a1e2,RASTELLI GLOBAL (Swedesboro),DELIVERLOAD,False,14,14,14,14,14,14,5,14,14,14,13,15,14,17,24,14,14,14,14,14,14,14,14,14,14
60819676ae88e5182fc02995,663a89d5046205303e29a1e2,RASTELLI GLOBAL (Swedesboro),DELIVERLOAD,True,21,21,21,21,21,21,21,19,75,12,70,13,24,21,9,122,62,21,21,21,21,21,21,21,21
60819676ae88e5182fc02995,663a89d5046205303e29a1e2,RASTELLI GLOBAL (Swedesboro),DROPCONTAINER,False,14,14,14,14,14,14,11,16,13,26,11,17,9,4,13,14,14,14,14,14,14,14,14,14,14
60819676ae88e5182fc02995,663a89d5046205303e29a1e2,RASTELLI GLOBAL (Swedesboro),HOOKCONTAINER,False,17,17,17,17,17,17,17,17,17,5,17,17,17,17,17,17,17,17,17,17,17,17,17,17,17
60819676ae88e5182fc02995,67dc67db2e374c567fedfcfe,RDI  C/O CEVA EAST HUB,DELIVERLOAD,True,97,97,97,97,97,97,97,97,97,97,97,97,97,97,97,97,97,97,97,97,97,97,97,97,97
60819676ae88e5182fc02995,67d07b084f4bb7cceacf0dc5,REAL FACT INC,DELIVERLOAD,True,97,97,97,97,97,97,97,97,97,97,97,97,97,97,97,97,97,97,97,97,97,97,97,97,97
60819676ae88e5182fc02995,62b9d9234d9e571379e0cf97,RED HOOK NJ,RETURNCONTAINER,False,90,90,90,90,90,90,90,90,90,90,90,90,90,90,90,90,90,90,90,90,90,90,90,90,90
60819676ae88e5182fc02995,6410cb875330a2163100e8b7,"REED LANE, INC",DELIVERLOAD,False,77,77,77,77,77,77,77,77,77,77,77,77,77,77,77,77,77,77,77,77,77,77,77,77,77
60819676ae88e5182fc02995,636c17c995b94e1605680850,"REFRESCO BEVERAGES US, INC",DELIVERLOAD,True,97,97,97,97,97,97,97,97,97,97,97,97,97,97,97,97,97,97,97,97,97,97,97,97,97
60819676ae88e5182fc02995,67d08312472f129465ccd1f4,RELIABLE LOGISTICS,DELIVERLOAD,True,73,73,73,73,73,73,73,73,73,73,73,73,73,73,73,73,73,73,73,73,73,73,73,73,73
60819676ae88e5182fc02995,66995755e0215bd1ec890ba3,RELIABLE TIRE - HARTFORD,DELIVERLOAD,False,58,58,58,58,58,58,58,58,58,58,58,58,58,58,58,58,58,58,58,58,58,58,58,58,58
60819676ae88e5182fc02995,66995755e0215bd1ec890ba3,RELIABLE TIRE - HARTFORD,DELIVERLOAD,True,97,97,97,97,97,97,97,97,97,97,97,97,97,97,97,97,97,97,97,97,97,97,97,97,97
60819676ae88e5182fc02995,66e34efedfdb160684c3a0e6,REMARKETING SOLUTIONS INTERNATIONAL (RSI),DELIVERLOAD,True,97,97,97,97,97,97,97,97,97,97,97,97,97,97,97,97,97,97,97,97,97,97,97,97,97
60819676ae88e5182fc02995,63dbd0c20b290a15ffa69958,REMET PIC WAREHOUSE,DELIVERLOAD,False,46,46,46,46,46,46,46,46,46,46,46,46,46,46,46,46,46,46,46,46,46,46,46,46,46
60819676ae88e5182fc02995,63dbd0c20b290a15ffa69958,REMET PIC WAREHOUSE,DELIVERLOAD,True,56,56,56,56,56,56,56,56,56,56,56,56,56,56,56,56,56,56,56,56,56,56,56,56,56
60819676ae88e5182fc02995,66df1dde910f957436aa8543,RE MICHEL,DELIVERLOAD,False,58,58,58,58,58,58,58,58,58,58,58,58,58,58,58,58,58,58,58,58,58,58,58,58,58
60819676ae88e5182fc02995,66df1dde910f957436aa8543,RE MICHEL,DELIVERLOAD,True,97,97,97,97,97,97,97,97,97,97,97,97,97,97,97,97,97,97,97,97,97,97,97,97,97
60819676ae88e5182fc02995,6893b4228abc3d2f04236914,RENEWAL BY ANDERSEN,DELIVERLOAD,True,80,80,80,80,80,80,80,80,80,80,80,80,80,80,80,80,80,80,80,80,80,80,80,80,80
60819676ae88e5182fc02995,6793f9902eead18ac6df07b9,REPUBLIC NATIONAL DC,DELIVERLOAD,False,58,58,58,58,58,58,58,58,58,58,58,58,58,58,58,58,58,58,58,58,58,58,58,58,58
60819676ae88e5182fc02995,6793f9902eead18ac6df07b9,REPUBLIC NATIONAL DC,DELIVERLOAD,True,30,30,30,30,30,30,30,30,30,30,30,30,30,30,30,30,30,30,30,30,30,30,30,30,30
60819676ae88e5182fc02995,680941073c77339126761d98,RESIN SOLUTIONS LLC,DELIVERLOAD,False,54,54,54,54,54,54,54,54,54,54,54,54,54,54,54,54,54,54,54,54,54,54,54,54,54
60819676ae88e5182fc02995,680941073c77339126761d98,RESIN SOLUTIONS LLC,DELIVERLOAD,True,124,124,124,124,124,124,124,124,124,124,124,124,124,124,124,124,124,124,124,124,124,124,124,124,124
60819676ae88e5182fc02995,65eb3298adf6c86c49053e08,Restaurant Depot # 829,DELIVERLOAD,False,58,58,58,58,58,58,58,58,58,58,58,58,58,58,58,58,58,58,58,58,58,58,58,58,58
60819676ae88e5182fc02995,65bbaea22e1916bcf8f6bfb9,RIMOWA DISTRIBUTION INC,DELIVERLOAD,True,97,97,97,97,97,97,97,97,97,97,97,97,97,97,97,97,97,97,97,97,97,97,97,97,97
60819676ae88e5182fc02995,642f049c3f9831162b98d480,RINCHEM,DELIVERLOAD,True,153,153,153,153,153,153,153,153,153,153,153,153,153,153,153,153,153,153,153,153,153,153,153,153,153
60819676ae88e5182fc02995,6650a0296e174c65fad3d314,RINCHEM NJ,DELIVERLOAD,False,58,58,58,58,58,58,58,58,58,58,58,58,58,58,58,58,58,58,58,58,58,58,58,58,58
60819676ae88e5182fc02995,6650a0296e174c65fad3d314,RINCHEM NJ,DELIVERLOAD,True,147,147,147,147,147,147,147,180,94,134,152,130,184,120,147,147,147,147,147,147,147,147,147,147,147
60819676ae88e5182fc02995,67b7683ec8a175ed4fcf954b,RINCHEM NJ WAREHOUSE,DELIVERLOAD,True,92,92,92,92,92,92,92,92,92,92,92,92,92,92,92,92,92,92,92,92,92,92,92,92,92
60819676ae88e5182fc02995,671fc1018a1a63a0b70d4f8c,RITESCREEN CO. - PA,DELIVERLOAD,False,88,88,88,88,88,88,88,80,82,88,88,88,88,88,88,88,88,88,88,88,88,88,88,88,88
60819676ae88e5182fc02995,671fc1018a1a63a0b70d4f8c,RITESCREEN CO. - PA,DELIVERLOAD,True,97,97,97,97,97,97,97,97,97,97,97,97,97,97,97,97,97,97,97,97,97,97,97,97,97
60819676ae88e5182fc02995,6792bd7fd7dd695876b604ba,RJ MORRIS TRUCKING CO.,DELIVERLOAD,False,58,58,58,58,58,58,58,58,58,58,58,58,58,58,58,58,58,58,58,58,58,58,58,58,58
60819676ae88e5182fc02995,6536cea1639549161f42f47d,RLS DELANCO,PULLCONTAINER,False,6,6,6,6,6,6,6,6,6,6,6,6,6,6,6,6,6,6,6,6,6,6,6,6,6
60819676ae88e5182fc02995,658de213dbac4e1644135e3a,RLS LOGISTICS - DELANCO,DELIVERLOAD,False,58,58,58,58,58,58,58,58,58,58,58,58,58,58,58,58,58,58,58,58,58,58,58,58,58
60819676ae88e5182fc02995,658de213dbac4e1644135e3a,RLS LOGISTICS - DELANCO,DELIVERLOAD,True,97,97,97,97,97,97,97,97,97,97,97,97,97,97,97,97,97,97,97,97,97,97,97,97,97
60819676ae88e5182fc02995,658de213dbac4e1644135e3a,RLS LOGISTICS - DELANCO,DROPCONTAINER,False,33,33,33,33,33,33,33,33,33,33,33,33,33,33,33,33,33,33,33,33,33,33,33,33,33
60819676ae88e5182fc02995,658de213dbac4e1644135e3a,RLS LOGISTICS - DELANCO,PULLCONTAINER,False,16,16,16,16,16,16,16,16,16,16,72,16,16,16,16,16,16,16,16,16,16,16,16,16,16
60819676ae88e5182fc02995,658de213dbac4e1644135e3a,RLS LOGISTICS - DELANCO,RETURNCONTAINER,False,32,32,32,32,32,32,32,32,32,32,32,32,32,32,32,32,32,32,32,32,32,32,32,32,32
60819676ae88e5182fc02995,653180652a2f271677e626a9,RLS LOGISTICS - NEWFIELD,DELIVERLOAD,False,58,58,58,58,58,58,58,58,58,58,58,58,58,58,58,58,58,58,58,58,58,58,58,58,58
60819676ae88e5182fc02995,653180652a2f271677e626a9,RLS LOGISTICS - NEWFIELD,DELIVERLOAD,True,130,130,130,130,130,130,130,130,130,130,130,130,130,130,130,130,130,130,130,130,130,130,130,130,130
60819676ae88e5182fc02995,653180652a2f271677e626a9,RLS LOGISTICS - NEWFIELD,DROPCONTAINER,False,33,33,33,33,33,33,33,33,33,33,33,33,33,33,33,33,33,33,33,33,33,33,33,33,33
60819676ae88e5182fc02995,653180652a2f271677e626a9,RLS LOGISTICS - NEWFIELD,HOOKCONTAINER,False,31,31,31,31,31,31,31,31,31,31,31,31,31,31,31,31,31,31,31,31,31,31,31,31,31
60819676ae88e5182fc02995,653180652a2f271677e626a9,RLS LOGISTICS - NEWFIELD,PULLCONTAINER,False,6,6,6,6,6,6,6,6,6,6,6,6,6,6,6,6,6,6,6,6,6,6,6,6,6
60819676ae88e5182fc02995,6769ca150f9fbb7ee19f2244,RoadEx,HOOKCONTAINER,False,19,19,19,19,19,19,19,19,19,19,19,19,19,19,19,19,19,19,19,19,19,19,19,19,19
60819676ae88e5182fc02995,651c4bb5e844ec1617112b7b,ROAD RUNNER,RETURNCONTAINER,False,19,19,19,19,19,19,19,19,19,19,19,19,19,19,19,19,19,19,19,19,19,19,19,19,19
60819676ae88e5182fc02995,64fb2dc34b40501605da2623,ROADWOLF TRANSPORTATION,DELIVERLOAD,False,59,59,59,59,59,59,59,59,50,59,59,59,59,59,59,59,59,59,59,59,59,59,59,59,59
60819676ae88e5182fc02995,64fb2dc34b40501605da2623,ROADWOLF TRANSPORTATION,DELIVERLOAD,True,55,55,55,55,55,55,55,55,55,55,55,55,55,55,55,55,55,55,55,55,55,55,55,55,55
60819676ae88e5182fc02995,6478d233b19b4b164eee5c94,ROCHE DIAGNOSTICS OPERATIONS,DELIVERLOAD,False,16,16,16,16,16,16,16,16,16,16,16,16,16,16,16,16,16,16,16,16,16,16,16,16,16
60819676ae88e5182fc02995,6478d233b19b4b164eee5c94,ROCHE DIAGNOSTICS OPERATIONS,DELIVERLOAD,True,118,118,118,118,118,118,118,118,118,118,118,118,118,118,118,118,118,118,118,118,118,118,118,118,118
60819676ae88e5182fc02995,6835bb9a494913f5fe209ddc,ROCKTEL MANUFACTURING,DELIVERLOAD,True,132,132,132,132,132,132,132,132,132,132,132,132,132,132,132,132,132,132,132,132,132,132,132,132,132
60819676ae88e5182fc02995,67a3d7e3603f5105c3841e6c,ROGERS SERVICE GROUP,DELIVERLOAD,True,51,51,51,51,51,51,51,51,51,51,51,51,51,51,51,51,51,51,51,51,51,51,51,51,51
60819676ae88e5182fc02995,640f295695b284159cd1240b,ROHM AND HAAS ELECTRONIC MATERIALS LLC,DELIVERLOAD,True,97,97,97,97,97,97,97,97,97,97,97,97,97,97,97,97,97,97,97,97,97,97,97,97,97
60819676ae88e5182fc02995,67ae2a5d8af7e3c0cba640c7,ROHM AND HAAS EM CMP INC,DELIVERLOAD,False,58,58,58,58,58,58,58,58,58,58,58,58,58,58,58,58,58,58,58,58,58,58,58,58,58
60819676ae88e5182fc02995,67ae2a5d8af7e3c0cba640c7,ROHM AND HAAS EM CMP INC,DELIVERLOAD,True,48,48,48,48,48,48,48,48,48,48,48,48,48,48,48,48,48,48,48,48,48,48,48,48,48
60819676ae88e5182fc02995,67ae3e954a3260d53772e30b,ROMAGNOLE ELECTRICAL PRODUCTS LLC,DELIVERLOAD,False,58,58,58,58,58,58,58,58,58,58,58,58,58,58,58,58,58,58,58,58,58,58,58,58,58
60819676ae88e5182fc02995,67ae3e954a3260d53772e30b,ROMAGNOLE ELECTRICAL PRODUCTS LLC,DELIVERLOAD,True,97,97,97,97,97,97,97,97,97,97,97,97,97,97,97,97,97,97,97,97,97,97,97,97,97
60819676ae88e5182fc02995,65fc65e032a91c74853515ab,ROMARK LOGISTICS,DELIVERLOAD,True,147,147,147,147,147,147,147,147,147,147,147,147,147,147,147,147,147,147,147,147,147,147,147,147,147
60819676ae88e5182fc02995,689f85106e2fd88d2e47b80c,ROMEX NORTHEAST,DELIVERLOAD,True,110,110,110,110,110,110,110,110,110,110,110,110,110,110,110,110,110,110,110,110,110,110,110,110,110
60819676ae88e5182fc02995,665a08c623d3ee79f79ac27d,RORY KOPP LANDIS EXPRESS,DELIVERLOAD,False,58,58,58,58,58,58,58,58,58,58,58,58,58,58,58,58,58,58,58,58,58,58,58,58,58
60819676ae88e5182fc02995,68a61979f759f47c64f76bd4,ROYAL,DELIVERLOAD,False,58,58,58,58,58,58,58,58,58,58,58,58,58,58,58,58,58,58,58,58,58,58,58,58,58
60819676ae88e5182fc02995,67d1d81666a454510ab6bd89,ROYAL WHITE CEMENT,DELIVERLOAD,False,58,58,58,58,58,58,58,58,58,58,58,58,58,58,58,58,58,58,58,58,58,58,58,58,58
60819676ae88e5182fc02995,67d1d81666a454510ab6bd89,ROYAL WHITE CEMENT,DELIVERLOAD,True,97,97,97,97,97,97,97,97,97,97,97,97,97,97,97,97,97,97,97,97,97,97,97,97,97
60819676ae88e5182fc02995,6841deb5df0f9c979a73b13a,RPM WAREHOUSE,DELIVERLOAD,False,58,58,58,58,58,58,58,58,58,58,58,58,58,58,58,58,58,58,58,58,58,58,58,58,58
60819676ae88e5182fc02995,6841deb5df0f9c979a73b13a,RPM WAREHOUSE,DELIVERLOAD,True,112,112,112,112,112,112,112,112,112,112,112,112,112,112,112,112,112,112,112,112,112,112,112,112,112
60819676ae88e5182fc02995,681bb6bcc2cd3fa8d623fe4f,RUG PAD USA LLC,DELIVERLOAD,False,58,58,58,58,58,58,58,58,58,58,58,58,58,58,58,58,58,58,58,58,58,58,58,58,58
60819676ae88e5182fc02995,681bb6bcc2cd3fa8d623fe4f,RUG PAD USA LLC,DELIVERLOAD,True,58,58,58,58,58,58,58,58,58,58,58,58,58,58,58,58,58,58,58,58,58,58,58,58,58
60819676ae88e5182fc02995,65368b52ab63461670ccad09,RUSSIN LUMBER,DELIVERLOAD,False,58,58,58,58,58,58,58,58,58,58,58,58,58,58,58,58,58,58,58,58,58,58,58,58,58
60819676ae88e5182fc02995,64d69730b521031630f80c13,SABA NORTH AMERICA LLC,DELIVERLOAD,True,105,105,105,105,105,105,105,105,105,105,105,105,105,105,105,105,105,105,105,105,105,105,105,105,105
60819676ae88e5182fc02995,63d411ed76c4a315fb8f4c60,SAFC BIOSCIENCES INC,DELIVERLOAD,True,165,165,165,165,165,165,165,165,165,165,165,165,165,165,165,165,165,165,165,165,165,165,165,165,165
60819676ae88e5182fc02995,67e18996635b863ed22f9425,SAFELITE FULFILLMENT LLC,DELIVERLOAD,False,6,6,6,6,6,6,6,6,6,6,6,6,6,6,6,6,6,6,6,6,6,6,6,6,6
60819676ae88e5182fc02995,67e18996635b863ed22f9425,SAFELITE FULFILLMENT LLC,DELIVERLOAD,True,97,97,97,97,97,97,97,97,97,97,97,97,97,97,97,97,97,97,97,97,97,97,97,97,97
60819676ae88e5182fc02995,6797b4c7543e2309ca15bc5e,SAFRAN AEROSPACE COMPOSITES,DELIVERLOAD,False,13,13,13,13,13,13,13,13,13,13,13,13,13,13,13,13,13,13,13,13,13,13,13,13,13
60819676ae88e5182fc02995,637668c320768e130d0b4e24,SAIC HAAS JONESTOWN,DELIVERLOAD,False,18,18,18,18,18,18,18,18,22,18,18,18,18,18,18,18,18,18,18,18,18,18,18,18,18
60819676ae88e5182fc02995,637668c320768e130d0b4e24,SAIC HAAS JONESTOWN,HOOKCONTAINER,False,41,41,41,41,41,41,41,41,111,131,41,41,41,41,41,41,41,41,41,41,41,41,41,41,41
60819676ae88e5182fc02995,636d2f02186cf715a06f0d5c,Saint-Gobain Performance Plast,DELIVERLOAD,False,72,72,72,72,72,72,72,72,72,72,72,72,72,72,72,72,72,72,72,72,72,72,72,72,72
60819676ae88e5182fc02995,66ce39b21a865452ea13e0df,S&A MOLDERS,DELIVERLOAD,False,38,38,38,38,38,38,38,38,38,38,38,38,38,38,38,38,38,38,38,38,38,38,38,38,38
60819676ae88e5182fc02995,6408e7d1beea5115d1205a23,Sandoz Inc / Sandoz Distribution Center,DELIVERLOAD,False,58,58,58,58,58,58,58,58,58,58,58,58,58,58,58,58,58,58,58,58,58,58,58,58,58
60819676ae88e5182fc02995,687662a5a23c0da82d84f68a,SARAMAX APPAREL GROUP,DELIVERLOAD,True,97,97,97,97,97,97,97,97,97,97,97,97,97,97,97,97,97,97,97,97,97,97,97,97,97
60819676ae88e5182fc02995,6749e70e0c151ae84b07a447,SATIS PIE LLC,DELIVERLOAD,True,89,89,89,89,89,89,89,89,89,89,89,89,89,89,89,89,89,89,89,89,89,89,89,89,89
60819676ae88e5182fc02995,679a7aa73b22102ffe241f31,SCAN GLOBAL LOGISTICS,DELIVERLOAD,True,97,97,97,97,97,97,97,97,97,97,97,97,97,97,97,97,97,97,97,97,97,97,97,97,97
60819676ae88e5182fc02995,63e541e2200e741645b155fb,SCHENKER INC,DELIVERLOAD,False,58,58,58,58,58,58,58,58,58,58,58,58,58,58,58,58,58,58,58,58,58,58,58,58,58
60819676ae88e5182fc02995,63e541e2200e741645b155fb,SCHENKER INC,DELIVERLOAD,True,135,135,135,135,135,135,135,135,135,135,135,135,135,135,135,135,135,135,135,135,135,135,135,135,135
60819676ae88e5182fc02995,6362c4568ddde515b8a64779,SCHNEIDER ELECTRIC IT CO,DELIVERLOAD,False,58,58,58,58,58,58,58,58,58,58,58,58,58,58,58,58,58,58,58,58,58,58,58,58,58
60819676ae88e5182fc02995,6362c4568ddde515b8a64779,SCHNEIDER ELECTRIC IT CO,DELIVERLOAD,True,147,147,147,147,147,147,147,147,147,147,147,147,147,147,147,147,147,147,147,147,147,147,147,147,147
60819676ae88e5182fc02995,68221b33e838ee84bc0c8758,"Schneider Electric - Sun Prairie, WI",DELIVERLOAD,True,180,180,180,180,180,180,180,180,180,180,180,180,180,180,180,180,180,180,180,180,180,180,180,180,180
60819676ae88e5182fc02995,6615b10069f42de826d840ed,SCHOOL SPECIALITY,DELIVERLOAD,False,58,58,58,58,58,58,58,58,58,58,58,58,58,58,58,58,58,58,58,58,58,58,58,58,58
60819676ae88e5182fc02995,662aaf51f2f7937463b44d4e,Schweitzer Mauduit International,DELIVERLOAD,False,58,58,58,58,58,58,58,58,58,58,58,58,58,58,58,58,58,58,58,58,58,58,58,58,58
60819676ae88e5182fc02995,68b20c45b0276432ccd93b3a,S&D TRANSFER,DELIVERLOAD,False,58,58,58,58,58,58,58,58,58,58,58,58,58,58,58,58,58,58,58,58,58,58,58,58,58
60819676ae88e5182fc02995,638788584d6c1e16377d83a0,SEA BOX,RETURNCONTAINER,False,27,27,27,27,27,27,27,27,27,27,27,27,27,27,27,27,27,27,27,27,27,27,27,27,27
60819676ae88e5182fc02995,63ebb8ac9e056f1606cd0760,SEAFRIGO USA,DELIVERLOAD,False,20,20,20,20,20,20,20,20,20,20,20,20,20,20,20,20,20,20,20,20,20,20,20,20,20
60819676ae88e5182fc02995,63ebb8ac9e056f1606cd0760,SEAFRIGO USA,HOOKCONTAINER,False,37,37,37,37,37,37,37,37,37,37,37,37,37,37,37,37,37,37,37,37,37,37,37,37,37
60819676ae88e5182fc02995,64d673cdb2b6765938fce52d,SEAGIRT TERMINAL,DELIVERLOAD,False,46,46,46,46,46,46,46,104,40,46,46,46,46,46,46,46,46,46,46,46,46,46,46,46,46
60819676ae88e5182fc02995,64d673cdb2b6765938fce52d,SEAGIRT TERMINAL,DROPCONTAINER,False,33,33,33,33,33,33,33,33,33,33,33,33,33,33,33,33,33,33,33,33,33,33,33,33,33
60819676ae88e5182fc02995,64d673cdb2b6765938fce52d,SEAGIRT TERMINAL,RETURNCONTAINER,False,90,90,90,90,90,90,90,90,90,90,90,90,90,90,90,90,90,90,90,90,90,90,90,90,90
60819676ae88e5182fc02995,64f769110eee5b16045a8e9e,SEAPORT INTERMODAL ETOBICOKE,DELIVERLOAD,False,11,11,11,11,11,11,11,11,11,11,11,11,11,11,11,11,11,11,11,11,11,11,11,11,11
60819676ae88e5182fc02995,64f769110eee5b16045a8e9e,SEAPORT INTERMODAL ETOBICOKE,RETURNCONTAINER,False,79,79,79,79,79,79,79,79,79,79,79,79,79,79,79,79,79,79,79,79,79,79,79,79,79
60819676ae88e5182fc02995,64f76911f189e815b1ec67a8,SEAPORT INTERMODAL ETOBICOKE,DELIVERLOAD,False,20,20,20,20,20,20,20,20,20,20,20,20,20,20,20,20,20,20,20,20,20,20,20,20,20
60819676ae88e5182fc02995,64f76911f189e815b1ec67a8,SEAPORT INTERMODAL ETOBICOKE,DELIVERLOAD,True,17,17,17,17,17,17,17,17,17,17,17,17,17,17,17,17,17,17,17,17,17,17,17,17,17
60819676ae88e5182fc02995,64f76911f189e815b1ec67a8,SEAPORT INTERMODAL ETOBICOKE,RETURNCONTAINER,False,15,15,15,15,15,15,15,15,15,15,15,15,15,15,15,15,15,15,15,15,15,15,15,15,15
60819676ae88e5182fc02995,682ddf8434ceb1a2493aba85,SECONN FABRICATION LLC (WATEFORD CT),DELIVERLOAD,False,34,34,34,34,34,34,34,34,34,34,34,34,34,34,34,34,34,34,34,34,34,34,34,34,34
60819676ae88e5182fc02995,682ddf8434ceb1a2493aba85,SECONN FABRICATION LLC (WATEFORD CT),DELIVERLOAD,True,46,46,46,46,46,46,46,46,46,46,46,46,46,46,46,46,46,46,46,46,46,46,46,46,46
60819676ae88e5182fc02995,68308c1da7645e6b649f9207,SE DC MIDDLETOWN PA (dock doors 1-12),DELIVERLOAD,False,58,58,58,58,58,58,58,58,58,58,58,58,58,58,58,58,58,58,58,58,58,58,58,58,58
60819676ae88e5182fc02995,634d8d9c8f506e15fa2b7357,SEKISUI KYDEX LLC,DELIVERLOAD,False,70,70,70,70,70,70,70,70,77,70,70,70,70,70,70,70,70,70,70,70,70,70,70,70,70
60819676ae88e5182fc02995,634d8d9c8f506e15fa2b7357,SEKISUI KYDEX LLC,DELIVERLOAD,True,86,86,86,86,86,86,86,86,86,86,86,86,86,86,86,86,86,86,86,86,86,86,86,86,86
60819676ae88e5182fc02995,641b2e08f3f0371613169400,SEKISUI KYDEX LLC,DELIVERLOAD,False,85,85,85,85,85,85,85,85,85,85,85,85,85,85,85,85,85,85,85,85,85,85,85,85,85
60819676ae88e5182fc02995,641b2e08f3f0371613169400,SEKISUI KYDEX LLC,DELIVERLOAD,True,61,61,61,61,61,61,61,61,61,61,61,61,61,61,61,61,61,61,61,61,61,61,61,61,61
60819676ae88e5182fc02995,63521e4faa004615b4316ae5,SEKO NEW JERSEY,DELIVERLOAD,True,75,75,75,75,75,75,75,75,75,75,75,75,75,75,75,75,75,75,75,75,75,75,75,75,75
60819676ae88e5182fc02995,65df4cdddad6260af95dc615,SEPTODONT INC C/O UPS SCS C/O UPS HEALTHCARE,DELIVERLOAD,False,58,58,58,58,58,58,58,58,58,58,58,58,58,58,58,58,58,58,58,58,58,58,58,58,58
60819676ae88e5182fc02995,65df4cdddad6260af95dc615,SEPTODONT INC C/O UPS SCS C/O UPS HEALTHCARE,DELIVERLOAD,True,112,112,112,112,112,112,112,112,112,112,112,112,112,112,112,112,112,112,112,112,112,112,112,112,112
60819676ae88e5182fc02995,664394592db84a2888ac2e0e,SEW EURODRIVE INC,DELIVERLOAD,False,59,59,59,59,59,59,59,68,59,59,59,59,59,59,59,59,59,59,59,59,59,59,59,59,59
60819676ae88e5182fc02995,664394592db84a2888ac2e0e,SEW EURODRIVE INC,DELIVERLOAD,True,46,46,46,46,46,46,46,46,46,46,46,46,46,46,46,46,46,46,46,46,46,46,46,46,46
60819676ae88e5182fc02995,679135c2185c3dccc2ef467c,SHANI FASTAG DESIGN,DELIVERLOAD,False,58,58,58,58,58,58,58,58,58,58,58,58,58,58,58,58,58,58,58,58,58,58,58,58,58
60819676ae88e5182fc02995,67891f871cc5c7ef94f30a76,Shannon Auten,DELIVERLOAD,False,58,58,58,58,58,58,58,58,58,58,58,58,58,58,58,58,58,58,58,58,58,58,58,58,58
60819676ae88e5182fc02995,6797f990a4d6b8505f1f9c99,SHERWOOD LUMBER CO,HOOKCONTAINER,False,64,64,64,64,64,64,64,64,64,64,64,64,64,64,64,64,64,64,64,64,64,64,64,64,64
60819676ae88e5182fc02995,67c9c5742af1705029f62090,SID HARVEY INDUSTRIES,DELIVERLOAD,False,58,58,58,58,58,58,58,58,58,58,58,58,58,58,58,58,58,58,58,58,58,58,58,58,58
60819676ae88e5182fc02995,67c9c5742af1705029f62090,SID HARVEY INDUSTRIES,DELIVERLOAD,True,97,97,97,97,97,97,97,97,97,97,97,97,97,97,97,97,97,97,97,97,97,97,97,97,97
60819676ae88e5182fc02995,68b9f26c3d3949aac59c5e6b,SID HARVEY INDUSTRIES,DELIVERLOAD,False,58,58,58,58,58,58,58,58,58,58,58,58,58,58,58,58,58,58,58,58,58,58,58,58,58
60819676ae88e5182fc02995,68b9f26c3d3949aac59c5e6b,SID HARVEY INDUSTRIES,DELIVERLOAD,True,97,97,97,97,97,97,97,97,97,97,97,97,97,97,97,97,97,97,97,97,97,97,97,97,97
60819676ae88e5182fc02995,64c7bd98cc2b76156f3eb0fb,SIEGFRIED USA LLC,DELIVERLOAD,False,58,58,58,58,58,58,58,58,58,58,58,58,58,58,58,58,58,58,58,58,58,58,58,58,58
60819676ae88e5182fc02995,681e411c71acf1c413e4c99c,SIKORSKY COMMERCIAL C/O GXO,DELIVERLOAD,True,60,60,60,60,60,60,60,60,60,60,60,60,60,60,60,60,60,60,60,60,60,60,60,60,60
60819676ae88e5182fc02995,64d3c6d3dfa4201615b2c6bf,SILGAN DISPENSING SYSTEMS,DELIVERLOAD,False,75,75,75,75,75,75,62,88,112,43,57,75,75,75,75,75,75,75,75,75,75,75,75,75,75
60819676ae88e5182fc02995,64d3c6d3dfa4201615b2c6bf,SILGAN DISPENSING SYSTEMS,DELIVERLOAD,True,164,164,164,164,164,164,164,164,164,164,164,164,164,164,164,164,164,164,164,164,164,164,164,164,164
60819676ae88e5182fc02995,64d3c6d3dfa4201615b2c6bf,SILGAN DISPENSING SYSTEMS,RETURNCONTAINER,False,32,32,32,32,32,32,32,32,32,32,32,32,32,32,32,32,32,32,32,32,32,32,32,32,32
60819676ae88e5182fc02995,6877dcf9d9e72340a34c19f3,SKYVUE APARTMENTS,DELIVERLOAD,True,97,97,97,97,97,97,97,97,97,97,97,97,97,97,97,97,97,97,97,97,97,97,97,97,97
60819676ae88e5182fc02995,6770814fce08792d647a7489,SMC ALLSTON HOUGHTON CHEM CORP,DELIVERLOAD,True,86,86,86,86,86,86,86,86,86,86,86,86,86,86,86,86,86,86,86,86,86,86,86,86,86
60819676ae88e5182fc02995,65f875b2223b818ac8f5e32d,SMITH PACKING CO INC,HOOKCONTAINER,False,78,78,78,78,78,78,78,78,78,78,78,78,78,78,78,78,78,78,78,78,78,78,78,78,78
60819676ae88e5182fc02995,67f7f0dfb10ea3c604535bd4,SMITH PACKING/ G&C FOODS,DELIVERLOAD,False,58,58,58,58,58,58,58,58,58,58,58,58,58,58,58,58,58,58,58,58,58,58,58,58,58
60819676ae88e5182fc02995,67f7f0dfb10ea3c604535bd4,SMITH PACKING/ G&C FOODS,DELIVERLOAD,True,97,97,97,97,97,97,97,97,97,97,97,97,97,97,97,97,97,97,97,97,97,97,97,97,97
60819676ae88e5182fc02995,65030ed1c4e81115dca4b5ba,SMOOTH ON,DELIVERLOAD,False,85,85,85,85,85,85,85,85,89,109,85,85,85,85,85,85,85,85,85,85,85,85,85,85,85
60819676ae88e5182fc02995,65030ed1c4e81115dca4b5ba,SMOOTH ON,DELIVERLOAD,True,146,146,146,146,146,146,146,146,146,146,146,146,146,146,146,146,146,146,146,146,146,146,146,146,146
60819676ae88e5182fc02995,65d4dcb18a022a508afca189,SOLEPOXY,DELIVERLOAD,True,87,87,87,87,87,87,87,87,87,87,87,87,87,87,87,87,87,87,87,87,87,87,87,87,87
60819676ae88e5182fc02995,666080798db251c7e7e5a985,SOLUTIA INC,DELIVERLOAD,False,58,58,58,58,58,58,58,58,58,58,58,58,58,58,58,58,58,58,58,58,58,58,58,58,58
60819676ae88e5182fc02995,64ac6291fa334916474e4b89,SOLVAY USA INC,DELIVERLOAD,False,41,41,41,41,41,41,41,41,41,41,41,41,41,41,41,41,41,41,41,41,41,41,41,41,41
60819676ae88e5182fc02995,64ac6291fa334916474e4b89,SOLVAY USA INC,DELIVERLOAD,True,136,136,136,136,136,136,136,136,136,136,136,136,136,136,136,136,136,136,136,136,136,136,136,136,136
60819676ae88e5182fc02995,63c0737e14e0e515fe67d3b9,SONWILL DISTRIBUTION FOCUSRITE GROUP,DELIVERLOAD,False,62,62,62,62,62,62,62,62,62,62,62,62,62,62,62,62,62,62,62,62,62,62,62,62,62
60819676ae88e5182fc02995,63c0737e14e0e515fe67d3b9,SONWILL DISTRIBUTION FOCUSRITE GROUP,DELIVERLOAD,True,97,97,97,97,97,97,97,97,97,97,97,97,97,97,97,97,97,97,97,97,97,97,97,97,97
60819676ae88e5182fc02995,66e490f3644540f855b3d64b,SOURCE LOGISTICS,DELIVERLOAD,False,58,58,58,58,58,58,58,58,58,58,58,58,58,58,58,58,58,58,58,58,58,58,58,58,58
60819676ae88e5182fc02995,66e490f3644540f855b3d64b,SOURCE LOGISTICS,DELIVERLOAD,True,97,97,97,97,97,97,97,97,97,97,97,97,97,97,97,97,97,97,97,97,97,97,97,97,97
60819676ae88e5182fc02995,68a8871c0fa4c3905a78ca2d,SOUTHVIEW INDUSTRIAL PARK,DELIVERLOAD,True,131,131,131,131,131,131,131,131,131,131,131,131,131,131,131,131,131,131,131,131,131,131,131,131,131
60819676ae88e5182fc02995,6626b0e74f9e4461bca620a8,SOYVENTIS-LINDEN-JUST IN TIME CHEMICAL,DELIVERLOAD,False,64,64,64,64,64,64,64,64,64,64,64,64,64,64,64,64,64,64,64,64,64,64,64,64,64
60819676ae88e5182fc02995,6626b0e74f9e4461bca620a8,SOYVENTIS-LINDEN-JUST IN TIME CHEMICAL,DELIVERLOAD,True,53,53,53,53,53,53,53,53,53,53,53,53,53,53,53,53,53,53,53,53,53,53,53,53,53
60819676ae88e5182fc02995,67d0a0de1786017ce9dfee16,SPANX C/O GXO,DELIVERLOAD,True,97,97,97,97,97,97,97,97,97,97,97,97,97,97,97,97,97,97,97,97,97,97,97,97,97
60819676ae88e5182fc02995,67d098346ee159ca00e63e7c,SPARKLING POINTE LLC,DELIVERLOAD,False,88,88,88,88,88,88,88,88,88,88,88,88,88,88,88,88,88,88,88,88,88,88,88,88,88
60819676ae88e5182fc02995,66632e345b915a2ca7d4c91a,SPECIALTY LIGHTING GROUP,DELIVERLOAD,False,58,58,58,58,58,58,58,58,58,58,58,58,58,58,58,58,58,58,58,58,58,58,58,58,58
60819676ae88e5182fc02995,679144d6d175eef4885f238a,SPECIALTY MINERALS INC,DELIVERLOAD,False,58,58,58,58,58,58,58,58,58,58,58,58,58,58,58,58,58,58,58,58,58,58,58,58,58
60819676ae88e5182fc02995,65f9f05419dcc337b4c0ef5c,SPENCER GIFTS,DELIVERLOAD,False,20,20,20,20,20,20,20,18,19,24,22,18,25,24,21,20,18,17,19,17,11,20,20,20,20
60819676ae88e5182fc02995,65f9f05419dcc337b4c0ef5c,SPENCER GIFTS,DELIVERLOAD,True,86,86,86,86,86,86,86,86,86,86,86,86,86,86,86,86,86,86,86,86,86,86,86,86,86
60819676ae88e5182fc02995,65f9f05419dcc337b4c0ef5c,SPENCER GIFTS,HOOKCONTAINER,False,19,19,19,19,19,19,18,29,17,15,22,28,27,56,26,17,11,9,10,23,10,19,19,19,19
60819676ae88e5182fc02995,65f9f05419dcc337b4c0ef5c,SPENCER GIFTS,RETURNCONTAINER,False,7,7,7,7,7,7,7,7,7,7,7,7,7,7,7,7,7,7,7,7,7,7,7,7,7
60819676ae88e5182fc02995,647df7e6ad5b7f169c16c2b2,SPRINGFIELD FOOD SERVICE,DELIVERLOAD,False,58,58,58,58,58,58,58,58,58,58,58,58,58,58,58,58,58,58,58,58,58,58,58,58,58
60819676ae88e5182fc02995,647df7e6ad5b7f169c16c2b2,SPRINGFIELD FOOD SERVICE,DELIVERLOAD,True,97,97,97,97,97,97,97,97,97,97,97,97,97,97,97,97,97,97,97,97,97,97,97,97,97
60819676ae88e5182fc02995,682e3884011e0ed05206cb68,STACI AMERICAS - DAYTON,DELIVERLOAD,False,82,82,82,82,82,82,82,82,82,82,82,82,82,82,82,82,82,82,82,82,82,82,82,82,82
60819676ae88e5182fc02995,6877dbf33da82e15a10bd3e2,STAR POLY BAG INC,DELIVERLOAD,False,58,58,58,58,58,58,58,58,58,58,58,58,58,58,58,58,58,58,58,58,58,58,58,58,58
60819676ae88e5182fc02995,680a6a7ccafe90ed849ad0c6,Stauber Ingredients,DELIVERLOAD,True,97,97,97,97,97,97,97,97,97,97,97,97,97,97,97,97,97,97,97,97,97,97,97,97,97
60819676ae88e5182fc02995,64e8fcce24a987160a7fb290,STIEBEL ELTRON INC,DELIVERLOAD,False,68,68,68,68,68,68,78,50,36,68,68,68,68,68,68,68,68,68,68,68,68,68,68,68,68
60819676ae88e5182fc02995,64e8fcce24a987160a7fb290,STIEBEL ELTRON INC,DELIVERLOAD,True,91,91,91,91,91,91,119,70,91,91,91,91,91,91,91,91,91,91,91,91,91,91,91,91,91
60819676ae88e5182fc02995,64e8fcce24a987160a7fb290,STIEBEL ELTRON INC,HOOKCONTAINER,False,5,5,5,5,5,5,5,5,5,5,5,5,5,5,5,5,5,5,5,5,5,5,5,5,5
60819676ae88e5182fc02995,64e8fcce24a987160a7fb290,STIEBEL ELTRON INC,RETURNCONTAINER,False,32,32,32,32,32,32,32,32,32,32,32,32,32,32,32,32,32,32,32,32,32,32,32,32,32
60819676ae88e5182fc02995,68b87d8ee3da75e0e7eb4648,ST MARK COPTIC ORTHODOX CHURCH,DELIVERLOAD,True,97,97,97,97,97,97,97,97,97,97,97,97,97,97,97,97,97,97,97,97,97,97,97,97,97
60819676ae88e5182fc02995,67bf748d11cfc320ad5a0215,STONE INTERNATIONAL USA,DELIVERLOAD,False,58,58,58,58,58,58,58,58,58,58,58,58,58,58,58,58,58,58,58,58,58,58,58,58,58
60819676ae88e5182fc02995,67cf0c899a25e5363f33185a,Strong Containers Depot,RETURNCONTAINER,False,22,22,22,22,22,22,22,22,22,22,22,22,22,22,22,22,22,22,22,22,22,22,22,22,22
60819676ae88e5182fc02995,653aa66a3b75aa162eb45036,SUMMIT APPLIANCE,DELIVERLOAD,False,58,58,58,58,58,58,58,58,58,58,58,58,58,58,58,58,58,58,58,58,58,58,58,58,58
60819676ae88e5182fc02995,67d88a13bb1ccea909c704b5,SUMMIT HANDLING SYSTEMS,DELIVERLOAD,False,58,58,58,58,58,58,58,58,58,58,58,58,58,58,58,58,58,58,58,58,58,58,58,58,58
60819676ae88e5182fc02995,682ded46a69b832c70a12f55,SWM HOLDING US LLC,DELIVERLOAD,False,58,58,58,58,58,58,58,58,58,58,58,58,58,58,58,58,58,58,58,58,58,58,58,58,58
60819676ae88e5182fc02995,6855aaa26573ce29e593bea5,SWM HOLDING US LLC,DELIVERLOAD,False,58,58,58,58,58,58,58,58,58,58,58,58,58,58,58,58,58,58,58,58,58,58,58,58,58
60819676ae88e5182fc02995,6855aaa26573ce29e593bea5,SWM HOLDING US LLC,DELIVERLOAD,True,111,111,111,111,111,111,111,111,111,111,111,111,111,111,111,111,111,111,111,111,111,111,111,111,111
60819676ae88e5182fc02995,680fb6306623c47ccb13b0c4,SYNCREON,DELIVERLOAD,False,72,72,72,72,72,72,73,70,72,76,56,72,72,72,72,72,72,72,72,72,72,72,72,72,72
60819676ae88e5182fc02995,680fb6306623c47ccb13b0c4,SYNCREON,DELIVERLOAD,True,83,83,83,83,83,83,83,92,83,222,83,83,80,63,59,83,83,83,83,83,83,83,83,83,83
60819676ae88e5182fc02995,680fb6306623c47ccb13b0c4,SYNCREON,DROPCONTAINER,False,67,67,67,67,67,67,67,67,67,67,67,67,67,67,67,67,67,67,67,67,67,67,67,67,67
60819676ae88e5182fc02995,68238b92cb4e9b619cf00e33,SYNCREON (FULLING MILL RD),DELIVERLOAD,False,71,71,71,71,71,71,71,71,71,71,71,71,71,71,71,71,71,71,71,71,71,71,71,71,71
60819676ae88e5182fc02995,65e88d33f89f4df8f89074b6,TA CHEN INTERNATIONAL,DELIVERLOAD,False,58,58,58,58,58,58,58,58,58,58,58,58,58,58,58,58,58,58,58,58,58,58,58,58,58
60819676ae88e5182fc02995,65e88d33f89f4df8f89074b6,TA CHEN INTERNATIONAL,DELIVERLOAD,True,70,70,70,70,70,70,70,70,70,70,70,70,70,70,70,70,70,70,70,70,70,70,70,70,70
60819676ae88e5182fc02995,64e502011f2d552e0954070a,TAKASAGO INTERNATIONAL CORP (USA),DELIVERLOAD,False,58,58,58,58,58,58,58,58,58,58,58,58,58,58,58,58,58,58,58,58,58,58,58,58,58
60819676ae88e5182fc02995,659fedc9af5c671636a65f20,TALALAY GLOBAL INC,DELIVERLOAD,False,58,58,58,58,58,58,58,58,58,58,58,58,58,58,58,58,58,58,58,58,58,58,58,58,58
60819676ae88e5182fc02995,671942236188dd414e009e95,TBC COPIERS,DELIVERLOAD,False,58,58,58,58,58,58,58,58,58,58,58,58,58,58,58,58,58,58,58,58,58,58,58,58,58
60819676ae88e5182fc02995,634f10cdbc4a4915bc986024,TBC CORP/RELIABLE TIRE - E. HARTFORD CT,DELIVERLOAD,True,97,97,97,97,97,97,97,97,97,97,97,97,97,97,97,97,97,97,97,97,97,97,97,97,97
60819676ae88e5182fc02995,67366ea2e21c314f1fd13e1c,TECHNIC INC,DELIVERLOAD,False,58,58,58,58,58,58,58,58,58,58,58,58,58,58,58,58,58,58,58,58,58,58,58,58,58
60819676ae88e5182fc02995,67366ea2e21c314f1fd13e1c,TECHNIC INC,DELIVERLOAD,True,87,87,87,87,87,87,87,87,87,87,87,87,87,87,87,87,87,87,87,87,87,87,87,87,87
60819676ae88e5182fc02995,67bf60cb57f0caf87a3007b9,Tharanco Lifestyle Llc,DELIVERLOAD,False,58,58,58,58,58,58,58,58,58,58,58,58,58,58,58,58,58,58,58,58,58,58,58,58,58
60819676ae88e5182fc02995,67bf60cb57f0caf87a3007b9,Tharanco Lifestyle Llc,HOOKCONTAINER,False,17,17,17,17,17,17,17,17,17,17,17,17,17,17,17,17,17,17,17,17,17,17,17,17,17
60819676ae88e5182fc02995,67cf467daca8f4bce150360e,Tharanco Lifestyle Llc,DELIVERLOAD,True,41,41,41,41,41,41,41,41,41,41,41,41,41,41,41,41,41,41,41,41,41,41,41,41,41
60819676ae88e5182fc02995,67bddbfdf6d5ecfd35bf80f1,THE BLACK BEARD INC,DELIVERLOAD,True,5,5,5,5,5,5,5,5,5,5,5,5,5,5,5,5,5,5,5,5,5,5,5,5,5
60819676ae88e5182fc02995,642c1996ee4a5315f5418968,THE BRITISH SHOP,DELIVERLOAD,False,58,58,58,58,58,58,58,58,58,58,58,58,58,58,58,58,58,58,58,58,58,58,58,58,58
60819676ae88e5182fc02995,642c1996ee4a5315f5418968,THE BRITISH SHOP,DELIVERLOAD,True,97,97,97,97,97,97,97,97,97,97,97,97,97,97,97,97,97,97,97,97,97,97,97,97,97
60819676ae88e5182fc02995,681a68f778a082630df552d5,THE FITNESS RESOURCE WAREHOUSE,DELIVERLOAD,True,143,143,143,143,143,143,143,143,143,143,143,143,143,143,143,143,143,143,143,143,143,143,143,143,143
60819676ae88e5182fc02995,68b9cc92d60e84019176e247,THE FURNITURE WORLD DBA KATZ FURNITURE,DELIVERLOAD,False,90,90,90,90,90,90,90,90,90,90,90,90,90,90,90,90,90,90,90,90,90,90,90,90,90
60819676ae88e5182fc02995,682782cf4054b3cbafd7a687,THE GORILLA GLUE COMPANY,DELIVERLOAD,False,58,58,58,58,58,58,58,58,58,58,58,58,58,58,58,58,58,58,58,58,58,58,58,58,58
60819676ae88e5182fc02995,677d52405cdc95740111f206,THE HADDAD APPAREL GROUP LTD.,DELIVERLOAD,False,61,61,61,61,61,61,61,61,61,61,61,61,61,61,61,61,61,61,61,61,61,61,61,61,61
60819676ae88e5182fc02995,68768a16092908084a578417,THE MCLEAN COMPANY,DELIVERLOAD,True,112,112,112,112,112,112,112,112,112,112,112,112,112,112,112,112,112,112,112,112,112,112,112,112,112
60819676ae88e5182fc02995,67b62dcebc535fd7317d73bf,THERMO FISHER SCIENTIFIC,DELIVERLOAD,False,58,58,58,58,58,58,58,58,58,58,58,58,58,58,58,58,58,58,58,58,58,58,58,58,58
60819676ae88e5182fc02995,666892ce669de68feb4f2c4d,THE RUHOF CORPORATION,DELIVERLOAD,False,10,10,10,10,10,10,10,10,10,10,10,10,10,10,10,10,10,10,10,10,10,10,10,10,10
60819676ae88e5182fc02995,68af47da7284c56dfae35797,THE SWATCH GROUP US INC TISSOT,DELIVERLOAD,True,160,160,160,160,160,160,160,160,160,160,160,160,160,160,160,160,160,160,160,160,160,160,160,160,160
60819676ae88e5182fc02995,682217e3563463365db0aa88,"The Varona Co, dba Ocoa",DELIVERLOAD,False,69,69,69,69,69,69,69,69,69,69,69,69,69,69,69,69,69,69,69,69,69,69,69,69,69
60819676ae88e5182fc02995,689f27599ad29c177ec2f235,THE WINE GROUP,DELIVERLOAD,True,129,129,129,129,129,129,129,129,129,129,129,129,129,129,129,129,129,129,129,129,129,129,129,129,129
60819676ae88e5182fc02995,67ddd35e997f88e4326d40d6,TILCON NEW YORK INC,DELIVERLOAD,False,43,43,43,43,43,43,43,43,43,43,43,43,43,43,43,43,43,43,43,43,43,43,43,43,43
60819676ae88e5182fc02995,63443d78709704144d273bf5,TITANIUM METALS CORP,DELIVERLOAD,False,74,74,74,74,59,74,73,107,74,74,74,74,74,74,74,74,74,74,74,74,74,74,74,74,74
60819676ae88e5182fc02995,63443d78709704144d273bf5,TITANIUM METALS CORP,DELIVERLOAD,True,109,109,109,109,109,93,109,109,149,109,109,109,109,100,109,109,109,109,109,109,109,109,109,109,109
60819676ae88e5182fc02995,63443d78709704144d273bf5,TITANIUM METALS CORP,DROPCONTAINER,False,33,33,33,33,33,33,33,33,33,33,33,33,33,33,33,33,33,33,33,33,33,33,33,33,33
60819676ae88e5182fc02995,679155973c6d6d3dc4037670,TRANSCHEM INC,DELIVERLOAD,False,63,63,63,63,63,63,63,63,63,63,63,63,63,63,63,63,63,63,63,63,63,63,63,63,63
60819676ae88e5182fc02995,67a69176d378508cbe302314,TRAPAC TERMINAL CALIFORNIA,RETURNCONTAINER,False,32,32,32,32,32,32,32,32,32,32,32,32,32,32,32,32,32,32,32,32,32,32,32,32,32
60819676ae88e5182fc02995,677300d569d64f6ed47c5dd3,TRENTON TECHNOLOGIES,DELIVERLOAD,False,67,67,67,67,67,67,67,67,67,67,67,67,67,67,67,67,67,67,67,67,67,67,67,67,67
60819676ae88e5182fc02995,677300d569d64f6ed47c5dd3,TRENTON TECHNOLOGIES,DELIVERLOAD,True,73,73,73,73,73,73,73,73,73,73,73,73,73,73,73,73,73,73,73,73,73,73,73,73,73
60819676ae88e5182fc02995,676d884089db32fa09677f18,TRIBECA OVEN,DELIVERLOAD,False,84,84,84,84,84,84,84,84,84,84,84,84,84,84,84,84,84,84,84,84,84,84,84,84,84
60819676ae88e5182fc02995,68361e784326b47d6ac7f9d4,"Trident Maritime Systems - CAC, LLC",DELIVERLOAD,True,97,97,97,97,97,97,97,97,97,97,97,97,97,97,97,97,97,97,97,97,97,97,97,97,97
60819676ae88e5182fc02995,66a7cee86892a1250c29e8ab,TRI PAC,DELIVERLOAD,True,97,97,97,97,97,97,97,97,97,97,97,97,97,97,97,97,97,97,97,97,97,97,97,97,97
60819676ae88e5182fc02995,684830b5480fca4e526939da,TRI-PAC INC,DELIVERLOAD,False,65,65,65,65,65,65,65,65,65,65,65,65,65,65,65,65,65,65,65,65,65,65,65,65,65
60819676ae88e5182fc02995,684830b5480fca4e526939da,TRI-PAC INC,DELIVERLOAD,True,52,52,52,52,52,52,52,52,52,52,52,52,52,52,52,52,52,52,52,52,52,52,52,52,52
60819676ae88e5182fc02995,686ed4e6bae754cc54dbce8e,TRIPLE M FARMS,DELIVERLOAD,False,58,58,58,58,58,58,58,58,58,58,58,58,58,58,58,58,58,58,58,58,58,58,58,58,58
60819676ae88e5182fc02995,687a43fe28a6548e5a7e8f6f,Triumph Logistics,DELIVERLOAD,True,97,97,97,97,97,97,97,97,97,97,97,97,97,97,97,97,97,97,97,97,97,97,97,97,97
60819676ae88e5182fc02995,67b4f413d202616a97e22b7d,TROTTA TIRE & RUBBER CO INC,DELIVERLOAD,False,58,58,58,58,58,58,58,58,58,58,58,58,58,58,58,58,58,58,58,58,58,58,58,58,58
60819676ae88e5182fc02995,67b4f413d202616a97e22b7d,TROTTA TIRE & RUBBER CO INC,DELIVERLOAD,True,97,97,97,97,97,97,97,97,97,97,97,97,97,97,97,97,97,97,97,97,97,97,97,97,97
60819676ae88e5182fc02995,64f0f349b3513e1602135993,TRU-NATIVE/BROOKLYN PROVISIONS,DELIVERLOAD,False,14,14,14,14,14,14,14,14,14,14,14,14,14,14,14,14,14,14,14,14,14,14,14,14,14
60819676ae88e5182fc02995,68af451239df35564f7a257a,TUTTNAUER USA CO LTD,DELIVERLOAD,False,18,18,18,18,18,18,18,18,18,18,18,18,18,18,18,18,18,18,18,18,18,18,18,18,18
60819676ae88e5182fc02995,679905805d30824708420dfb,TVI,DELIVERLOAD,True,114,114,114,114,114,114,114,114,114,114,114,114,114,114,114,114,114,114,114,114,114,114,114,114,114
60819676ae88e5182fc02995,685c55cb8cbd9ca8e5579d13,TZHOHAR INC,DELIVERLOAD,True,162,162,162,162,162,162,162,162,162,162,162,162,162,162,162,162,162,162,162,162,162,162,162,162,162
60819676ae88e5182fc02995,66edd137d6bb30b39424baa6,"UCB Manufacturing, INC. C/O UNITHER MANUFACTURING LLC",DELIVERLOAD,True,97,97,97,97,97,97,97,97,97,97,97,97,97,97,97,97,97,97,97,97,97,97,97,97,97
60819676ae88e5182fc02995,688a2a5789e94dbf42ca5d58,"UNCOMMON CARRIER, OLYMPIA",DELIVERLOAD,True,44,44,44,44,44,44,44,44,44,44,44,44,44,44,44,44,44,44,44,44,44,44,44,44,44
60819676ae88e5182fc02995,678830fff81edefbe09bc3cd,Uncommon Carriers,DELIVERLOAD,True,50,50,50,50,50,50,50,50,50,50,50,50,50,50,50,50,50,50,50,50,50,50,50,50,50
60819676ae88e5182fc02995,6830872e20c2ad1fd086493e,UNILEVER HPC NA - NEWVILLE DC,DELIVERLOAD,False,58,58,58,58,58,58,58,58,58,58,58,58,58,58,58,58,58,58,58,58,58,58,58,58,58
60819676ae88e5182fc02995,6830872e20c2ad1fd086493e,UNILEVER HPC NA - NEWVILLE DC,DELIVERLOAD,True,97,97,97,97,97,97,97,97,97,97,97,97,97,97,97,97,97,97,97,97,97,97,97,97,97
60819676ae88e5182fc02995,63406bb89e3ee115a7c2ba6e,UNISTEL INDUSTRIES,DELIVERLOAD,False,78,78,78,78,78,78,78,74,74,64,78,78,78,78,78,78,78,78,78,78,78,78,78,78,78
60819676ae88e5182fc02995,63406bb89e3ee115a7c2ba6e,UNISTEL INDUSTRIES,DELIVERLOAD,True,111,111,111,111,111,111,111,111,111,111,111,111,111,111,111,111,111,111,111,111,111,111,111,111,111
60819676ae88e5182fc02995,68acc35d185e853366fdfdc7,UNITED LIQUORS - TAUNTON,DELIVERLOAD,True,84,84,84,84,84,84,84,84,84,84,84,84,84,84,84,84,84,84,84,84,84,84,84,84,84
60819676ae88e5182fc02995,681921310fa070cc4f6bda71,Univar Usa C/o Morrisville Dean Sievers Plant,DELIVERLOAD,False,80,80,80,80,80,80,80,80,80,80,80,80,80,80,80,80,80,80,80,80,80,80,80,80,80
60819676ae88e5182fc02995,64de1b2b7e1303160594c6fd,UNIVERSAL MACHINE,DELIVERLOAD,False,15,15,15,15,15,15,15,15,15,15,15,15,15,15,15,15,15,15,15,15,15,15,15,15,15
60819676ae88e5182fc02995,64ff3f679c23a815d3edb547,USA CONTAINER  SPECIALITY OILS,DELIVERLOAD,False,61,61,61,61,61,61,61,61,61,61,61,61,61,61,61,61,61,61,61,61,61,61,61,61,61
60819676ae88e5182fc02995,64ff3f679c23a815d3edb547,USA CONTAINER  SPECIALITY OILS,DELIVERLOAD,True,127,127,127,127,127,127,127,127,127,127,127,127,127,127,127,127,127,127,127,127,127,127,127,127,127
60819676ae88e5182fc02995,67b7a361a7dc685fc5e64cdb,USAGAIN PENNSYLVANIA,DELIVERLOAD,False,58,58,58,58,58,58,58,58,58,58,58,58,58,58,58,58,58,58,58,58,58,58,58,58,58
60819676ae88e5182fc02995,67e6d53d56314a7f681ea2e1,USA WAREHOUSE - PISCATAWAY,DELIVERLOAD,False,58,58,58,58,58,58,58,58,58,58,58,58,58,58,58,58,58,58,58,58,58,58,58,58,58
60819676ae88e5182fc02995,67e6d53d56314a7f681ea2e1,USA WAREHOUSE - PISCATAWAY,DELIVERLOAD,True,60,60,60,60,60,60,60,60,60,60,60,60,60,60,60,60,60,60,60,60,60,60,60,60,60
60819676ae88e5182fc02995,688cf5dfa1417c1f37095baa,US COLD STORAGE,DELIVERLOAD,False,58,58,58,58,58,58,58,58,58,58,58,58,58,58,58,58,58,58,58,58,58,58,58,58,58
60819676ae88e5182fc02995,688cf5dfa1417c1f37095baa,US COLD STORAGE,DELIVERLOAD,True,97,97,97,97,97,97,97,97,97,97,97,97,97,97,97,97,97,97,97,97,97,97,97,97,97
60819676ae88e5182fc02995,65fc9784cb4b0d63a0de28ee,USED EXPORT DURAN,DELIVERLOAD,False,58,58,58,58,58,58,58,58,58,58,58,58,58,58,58,58,58,58,58,58,58,58,58,58,58
60819676ae88e5182fc02995,65fc9784cb4b0d63a0de28ee,USED EXPORT DURAN,DELIVERLOAD,True,167,167,167,167,167,167,167,167,167,167,167,167,167,167,167,167,167,167,167,167,167,167,167,167,167
60819676ae88e5182fc02995,644973b3e93153160a70ed95,US FOODSERVICE/HANOVER FOODS,DELIVERLOAD,True,104,104,104,104,104,104,104,104,104,104,104,104,104,104,104,104,104,104,104,104,104,104,104,104,104
60819676ae88e5182fc02995,67607eb44d9a63f5f59abe00,USM U SCHAERER SONS INC,DELIVERLOAD,True,158,158,158,158,158,158,158,158,158,158,158,158,158,158,158,158,158,158,158,158,158,158,158,158,158
60819676ae88e5182fc02995,678aa9fd7b00e6ef9f9cf37d,US SILT AND SITE SUPPLY CORP,DELIVERLOAD,True,97,97,97,97,97,97,97,97,97,97,97,97,97,97,97,97,97,97,97,97,97,97,97,97,97
60819676ae88e5182fc02995,68c1dc6ce7637d2f1598bb3e,VAC PAK,DELIVERLOAD,False,58,58,58,58,58,58,58,58,58,58,58,58,58,58,58,58,58,58,58,58,58,58,58,58,58
60819676ae88e5182fc02995,64c7fef8cc2b76156f3ec82d,VALIANT INTEGRATED SERVICES,DELIVERLOAD,False,58,58,58,58,58,58,58,58,58,58,58,58,58,58,58,58,58,58,58,58,58,58,58,58,58
60819676ae88e5182fc02995,64c7fef8cc2b76156f3ec82d,VALIANT INTEGRATED SERVICES,DELIVERLOAD,True,79,79,79,79,79,79,79,79,79,79,79,79,79,79,79,79,79,79,79,79,79,79,79,79,79
60819676ae88e5182fc02995,687e9900f777b76be274bdff,Valtris Specialty Chemicals,DELIVERLOAD,True,97,97,97,97,97,97,97,97,97,97,97,97,97,97,97,97,97,97,97,97,97,97,97,97,97
60819676ae88e5182fc02995,633f3648e4ef3315b7a10d87,VANDEMARK CHEMICAL,DELIVERLOAD,False,58,58,58,58,58,58,58,58,58,58,58,58,58,58,58,58,58,58,58,58,58,58,58,58,58
60819676ae88e5182fc02995,633f3648e4ef3315b7a10d87,VANDEMARK CHEMICAL,DELIVERLOAD,True,72,72,72,72,72,72,72,72,59,103,72,72,72,72,72,72,72,72,72,72,72,72,72,72,72
60819676ae88e5182fc02995,633f3648e4ef3315b7a10d87,VANDEMARK CHEMICAL,DROPCONTAINER,False,33,33,33,33,33,33,33,33,33,33,33,33,33,33,33,33,33,33,33,33,33,33,33,33,33
60819676ae88e5182fc02995,633f3648e4ef3315b7a10d87,VANDEMARK CHEMICAL,HOOKCONTAINER,False,19,19,19,19,19,19,19,19,19,19,19,19,19,19,19,19,19,19,19,19,19,19,19,19,19
60819676ae88e5182fc02995,6638e5dcf1f9a4d748c8d135,VANDERBILT CHEMICALS C/O LINDEN WAREHOUSE,DELIVERLOAD,False,43,43,43,43,43,43,43,43,43,43,43,43,43,43,43,43,43,43,43,43,43,43,43,43,43
60819676ae88e5182fc02995,6638e5dcf1f9a4d748c8d135,VANDERBILT CHEMICALS C/O LINDEN WAREHOUSE,DELIVERLOAD,True,95,95,95,95,95,95,95,95,95,95,95,95,95,95,95,95,95,95,95,95,95,95,95,95,95
60819676ae88e5182fc02995,6838a0f7c234858ae5be766d,Vanguard Fumigation,DELIVERLOAD,True,128,128,128,128,128,128,128,128,128,128,128,128,128,128,128,128,128,128,128,128,128,128,128,128,128
60819676ae88e5182fc02995,65022247a3f5ac15ef7eeae9,VANGUARD LOGISTICS,DELIVERLOAD,False,58,58,58,58,58,58,58,58,58,58,58,58,58,58,58,58,58,58,58,58,58,58,58,58,58
60819676ae88e5182fc02995,65022247a3f5ac15ef7eeae9,VANGUARD LOGISTICS,DELIVERLOAD,True,71,71,71,71,71,71,71,71,71,71,71,71,71,71,71,71,71,71,71,71,71,71,71,71,71
60819676ae88e5182fc02995,65022247a3f5ac15ef7eeae9,VANGUARD LOGISTICS,PULLCONTAINER,False,13,13,13,13,13,13,13,13,13,13,13,13,13,13,13,13,13,13,13,13,13,13,13,13,13
60819676ae88e5182fc02995,653967f52c30621672a77bd0,VANTAGE,DELIVERLOAD,False,58,58,58,58,58,58,58,58,58,58,58,58,58,58,58,58,58,58,58,58,58,58,58,58,58
60819676ae88e5182fc02995,640fa756795d2a15ae38c02c,VANTAGE SPECIALITY,DELIVERLOAD,True,172,172,172,172,172,172,172,172,172,172,172,172,172,172,172,172,172,172,172,172,172,172,172,172,172
60819676ae88e5182fc02995,63652ac872dd7115ccff8300,VECKRIDGE CHEMICAL COMPANY INC,DELIVERLOAD,True,56,56,56,56,56,56,56,56,56,56,56,56,56,56,56,56,56,56,56,56,56,56,56,56,56
60819676ae88e5182fc02995,6786ad258860a0451cf6c155,VENTOS USA,DELIVERLOAD,False,58,58,58,58,58,58,58,58,58,58,58,58,58,58,58,58,58,58,58,58,58,58,58,58,58
60819676ae88e5182fc02995,67e1a7cd326ca8966999d918,VERICO TECHNOLOGY,DELIVERLOAD,False,82,82,82,82,82,82,82,82,82,82,82,82,82,82,82,82,82,82,82,82,82,82,82,82,82
60819676ae88e5182fc02995,67e1a7cd326ca8966999d918,VERICO TECHNOLOGY,DELIVERLOAD,True,97,97,97,97,97,97,97,97,97,97,97,97,97,97,97,97,97,97,97,97,97,97,97,97,97
60819676ae88e5182fc02995,6667450e550d99a6350d4649,VERIZON REGIONAL DISTRIBUTION CENTER,DELIVERLOAD,False,58,58,58,58,58,58,58,58,58,58,58,58,58,58,58,58,58,58,58,58,58,58,58,58,58
60819676ae88e5182fc02995,6667450e550d99a6350d4649,VERIZON REGIONAL DISTRIBUTION CENTER,DELIVERLOAD,True,97,97,97,97,97,97,97,97,97,97,97,97,97,97,97,97,97,97,97,97,97,97,97,97,97
60819676ae88e5182fc02995,6500aed95b4e7715cea4a68e,VERSUM MATERIALS US LLC,DELIVERLOAD,False,18,18,18,18,18,18,18,18,18,18,18,18,18,18,18,18,18,18,18,18,18,18,18,18,18
60819676ae88e5182fc02995,6500aed95b4e7715cea4a68e,VERSUM MATERIALS US LLC,DROPCONTAINER,False,18,18,18,18,18,18,18,18,18,18,18,18,18,18,18,18,18,18,18,18,18,18,18,18,18
60819676ae88e5182fc02995,6500aed95b4e7715cea4a68e,VERSUM MATERIALS US LLC,PULLCONTAINER,False,29,29,29,29,29,29,29,29,29,29,29,29,29,29,29,29,29,29,29,29,29,29,29,29,29
60819676ae88e5182fc02995,63e52662dfa13e163286ed7f,VIBRANTZ CORP FOR OPTO TECH,DELIVERLOAD,False,23,23,23,23,23,23,23,23,23,23,23,23,23,23,23,23,23,23,23,23,23,23,23,23,23
60819676ae88e5182fc02995,63e52662dfa13e163286ed7f,VIBRANTZ CORP FOR OPTO TECH,DELIVERLOAD,True,87,87,87,87,87,87,87,87,87,87,87,87,87,87,87,87,87,87,87,87,87,87,87,87,87
60819676ae88e5182fc02995,65fc45bb420a2676460bc565,VIctorinox Swiss Army Inc.,DELIVERLOAD,False,58,58,58,58,58,58,58,58,58,58,58,58,58,58,58,58,58,58,58,58,58,58,58,58,58
60819676ae88e5182fc02995,65fc45bb420a2676460bc565,VIctorinox Swiss Army Inc.,DELIVERLOAD,True,97,97,97,97,97,97,97,97,97,97,97,97,97,97,97,97,97,97,97,97,97,97,97,97,97
60819676ae88e5182fc02995,682b6a3065975b626f4dd703,VITRO ARCHITECTURAL GLASS,DELIVERLOAD,False,42,42,42,42,42,42,42,42,42,42,42,42,42,42,42,42,42,42,42,42,42,42,42,42,42
60819676ae88e5182fc02995,682b6a3065975b626f4dd703,VITRO ARCHITECTURAL GLASS,DELIVERLOAD,True,54,54,54,54,54,54,54,54,54,54,54,54,54,54,54,54,54,54,54,54,54,54,54,54,54
60819676ae88e5182fc02995,6830981d0391749e6f2d7c89,Voco Hotel Times Square,DELIVERLOAD,False,58,58,58,58,58,58,58,58,58,58,58,58,58,58,58,58,58,58,58,58,58,58,58,58,58
60819676ae88e5182fc02995,6830981d0391749e6f2d7c89,Voco Hotel Times Square,DELIVERLOAD,True,123,123,123,123,123,123,123,123,123,123,123,123,123,123,123,123,123,123,123,123,123,123,123,123,123
60819676ae88e5182fc02995,68b8a02a87eca8183aa98634,VOCO HOTEL TIMES SQUARE,DELIVERLOAD,False,58,58,58,58,58,58,58,58,58,58,58,58,58,58,58,58,58,58,58,58,58,58,58,58,58
60819676ae88e5182fc02995,678a9b8c0ef799eb66f6c27b,VOESTALPINE AUTOMOTIVE,DELIVERLOAD,True,97,97,97,97,97,97,97,97,97,97,97,97,97,97,97,97,97,97,97,97,97,97,97,97,97
60819676ae88e5182fc02995,63442d6055642a15af6d525e,VPV WAREHOUSE,DELIVERLOAD,False,7,7,7,7,7,7,7,7,19,5,6,5,7,5,7,6,11,8,2,4,7,7,7,7,7
60819676ae88e5182fc02995,63442d6055642a15af6d525e,VPV WAREHOUSE,DELIVERLOAD,True,4,4,4,4,4,4,4,4,4,4,4,4,4,4,4,4,4,4,4,4,4,4,4,4,4
60819676ae88e5182fc02995,63442d6055642a15af6d525e,VPV WAREHOUSE,DROPCONTAINER,False,33,33,33,33,33,33,33,33,33,33,33,33,33,33,33,33,33,33,33,33,33,33,33,33,33
60819676ae88e5182fc02995,63442d6055642a15af6d525e,VPV WAREHOUSE,HOOKCONTAINER,False,15,15,15,15,15,18,19,15,14,21,6,14,15,17,11,14,13,15,15,15,15,15,15,15,15
60819676ae88e5182fc02995,63442d6055642a15af6d525e,VPV WAREHOUSE,PULLCONTAINER,False,23,23,23,23,23,23,23,23,23,23,23,23,23,23,23,23,23,23,23,23,23,23,23,23,23
60819676ae88e5182fc02995,63442d6055642a15af6d525e,VPV WAREHOUSE,RETURNCONTAINER,False,78,78,78,78,78,78,78,78,78,78,78,78,78,78,78,78,78,78,78,78,78,78,78,78,78
60819676ae88e5182fc02995,628ba5a346d6fe6de840c39a,VPV Yard,CHASSISPICK,False,24,24,24,24,24,24,24,24,24,24,24,24,24,24,24,24,24,24,24,24,24,24,24,24,24
60819676ae88e5182fc02995,628ba5a346d6fe6de840c39a,VPV Yard,CHASSISTERMINATION,False,14,36,14,13,14,9,9,14,20,8,10,14,42,14,22,9,27,10,23,18,60,12,12,21,14
60819676ae88e5182fc02995,628ba5a346d6fe6de840c39a,VPV Yard,DROPCONTAINER,False,44,44,44,44,44,44,44,44,98,80,50,5,44,18,41,44,44,116,44,44,44,44,44,44,44
60819676ae88e5182fc02995,628ba5a346d6fe6de840c39a,VPV Yard,HOOKCONTAINER,False,14,19,16,15,15,14,15,15,14,15,14,13,14,11,11,12,14,12,18,17,14,24,27,24,19
60819676ae88e5182fc02995,628ba5a346d6fe6de840c39a,VPV Yard,RETURNCONTAINER,False,9,9,9,9,9,9,9,9,9,9,7,10,8,10,10,11,16,24,6,7,9,9,9,9,9
60819676ae88e5182fc02995,66f6fe84d9edbc63c9a943aa,VSI JFK C/O NOVA,DELIVERLOAD,False,58,58,58,58,58,58,58,58,58,58,58,58,58,58,58,58,58,58,58,58,58,58,58,58,58
60819676ae88e5182fc02995,686c14f7070f33d1fcf6eacb,WALKER STAINLESS EQUIPMENT ELROY,DELIVERLOAD,False,4,4,4,4,4,4,4,4,4,4,4,4,4,4,4,4,4,4,4,4,4,4,4,4,4
60819676ae88e5182fc02995,67ad124dee8df9b9910b5a30,WANG GLOBALNET,DELIVERLOAD,False,58,58,58,58,58,58,58,58,58,58,58,58,58,58,58,58,58,58,58,58,58,58,58,58,58
60819676ae88e5182fc02995,6745fafe2b3fb75efaee2bda,WANNEMACHER INC.,DELIVERLOAD,False,33,33,33,33,33,33,33,33,33,33,33,33,33,33,33,33,33,33,33,33,33,33,33,33,33
60819676ae88e5182fc02995,6745fafe2b3fb75efaee2bda,WANNEMACHER INC.,DELIVERLOAD,True,97,97,97,97,97,97,97,97,97,97,97,97,97,97,97,97,97,97,97,97,97,97,97,97,97
60819676ae88e5182fc02995,683a0522ed92dbb22c18a39d,"WAREHOUSE BATTERY OUTLET, INC.",DELIVERLOAD,False,34,34,34,34,34,34,34,34,34,34,34,34,34,34,34,34,34,34,34,34,34,34,34,34,34
60819676ae88e5182fc02995,65c670d18dd32fc05f11a349,Warren Trask,DELIVERLOAD,False,26,26,26,26,26,26,26,26,26,26,26,26,26,26,26,26,26,26,26,26,26,26,26,26,26
60819676ae88e5182fc02995,68c4345af225d020b1960ad7,WEAVER INDUSTRIES INC,DELIVERLOAD,False,58,58,58,58,58,58,58,58,58,58,58,58,58,58,58,58,58,58,58,58,58,58,58,58,58
60819676ae88e5182fc02995,6824b96b27de85905c53f442,Weisman Home Outlets,DELIVERLOAD,True,121,121,121,121,121,121,121,121,121,121,121,121,121,121,121,121,121,121,121,121,121,121,121,121,121
60819676ae88e5182fc02995,6352c3a3e68cf415c5bfac9c,WELCH ALLYN INC,DELIVERLOAD,False,65,65,65,65,65,65,65,65,65,65,65,65,65,65,65,65,65,65,65,65,65,65,65,65,65
60819676ae88e5182fc02995,6352c3a3e68cf415c5bfac9c,WELCH ALLYN INC,DELIVERLOAD,True,171,171,171,171,171,171,171,171,171,171,171,171,171,171,171,171,171,171,171,171,171,171,171,171,171
60819676ae88e5182fc02995,68a8677f3b835f775e201bdc,WELCOME DC-NY,DELIVERLOAD,True,140,140,140,140,140,140,140,140,140,140,140,140,140,140,140,140,140,140,140,140,140,140,140,140,140
60819676ae88e5182fc02995,63c71068af2d7e15e763b44f,WELDSHIP CORPORATION,PULLCONTAINER,False,28,28,28,28,28,28,28,28,28,28,28,28,28,28,28,28,28,28,28,28,28,28,28,28,28
60819676ae88e5182fc02995,62d69958409ce736b2b1501d,WELL LUCK,DELIVERLOAD,False,39,39,39,39,39,39,39,39,39,39,39,39,39,39,39,39,39,39,39,39,39,39,39,39,39
60819676ae88e5182fc02995,62d69958409ce736b2b1501d,WELL LUCK,HOOKCONTAINER,False,64,64,64,64,64,64,64,64,64,64,64,64,64,64,64,64,64,64,64,64,64,64,64,64,64
60819676ae88e5182fc02995,65b80cec45170a73e45282c6,WELL LUCK CO. - JERSEY CITY,DELIVERLOAD,False,12,12,12,12,12,12,12,12,12,12,12,12,12,12,12,12,12,12,12,12,12,12,12,12,12
60819676ae88e5182fc02995,65b80cec45170a73e45282c6,WELL LUCK CO. - JERSEY CITY,HOOKCONTAINER,False,15,15,15,15,15,15,15,15,15,15,15,15,15,15,15,15,15,15,15,15,15,15,15,15,15
60819676ae88e5182fc02995,62d69958409ce736b2b1501e,WESTERN CARRIERS,DELIVERLOAD,False,58,58,58,58,58,58,58,58,58,58,58,58,58,58,58,58,58,58,58,58,58,58,58,58,58
60819676ae88e5182fc02995,6532c53c3bdada164373a700,WESTERN CARRIERS C/O PARK STREET IMPORTS,DELIVERLOAD,False,58,58,58,58,58,58,58,58,58,58,58,58,58,58,58,58,58,58,58,58,58,58,58,58,58
60819676ae88e5182fc02995,67be261d1fc879dd01171e5c,WEST PHARMACEUTICAL SERV.,DELIVERLOAD,True,130,130,130,130,130,130,130,130,130,130,130,130,130,130,130,130,130,130,130,130,130,130,130,130,130
60819676ae88e5182fc02995,672d249d1ce84fac928a9a23,WHITE TOQUE,DELIVERLOAD,False,58,58,58,58,58,58,58,58,58,58,58,58,58,58,58,58,58,58,58,58,58,58,58,58,58
60819676ae88e5182fc02995,672d249d1ce84fac928a9a23,WHITE TOQUE,DELIVERLOAD,True,44,44,44,44,44,44,44,44,44,44,44,44,44,44,44,44,44,44,44,44,44,44,44,44,44
60819676ae88e5182fc02995,68879a44ae8506a2113d45bb,"WHITTEMORE COMPANY, INC.",DELIVERLOAD,True,127,127,127,127,127,127,127,127,127,127,127,127,127,127,127,127,127,127,127,127,127,127,127,127,127
60819676ae88e5182fc02995,68239354cdeb6155a8a62f40,WHOLESALE STONE SUPPLY,DELIVERLOAD,True,137,137,137,137,137,137,137,137,137,137,137,137,137,137,137,137,137,137,137,137,137,137,137,137,137
60819676ae88e5182fc02995,68126b681533a65696dd2ce3,WILLIAM PARKER ASSOCIATES,DELIVERLOAD,True,135,135,135,135,135,135,135,135,135,135,135,135,135,135,135,135,135,135,135,135,135,135,135,135,135
60819676ae88e5182fc02995,682f3a6c73603c1c2c766a5a,WILLIAMS SCOTSMAN,DROPCONTAINER,False,33,33,33,33,33,33,33,33,33,33,33,33,33,33,33,33,33,33,33,33,33,33,33,33,33
60819676ae88e5182fc02995,682f3a6c73603c1c2c766a5a,WILLIAMS SCOTSMAN,PULLCONTAINER,False,29,29,29,29,29,29,29,29,29,29,29,29,29,29,29,29,29,29,29,29,29,29,29,29,29
60819676ae88e5182fc02995,62d69958409ce736b2b1501f,WINE GROUP,DELIVERLOAD,False,83,83,83,83,83,83,83,83,83,83,83,83,83,83,83,83,83,83,83,83,83,83,83,83,83
60819676ae88e5182fc02995,62d69958409ce736b2b1501f,WINE GROUP,DELIVERLOAD,True,65,65,65,65,65,65,65,65,65,65,65,65,65,65,65,65,65,65,65,65,65,65,65,65,65
60819676ae88e5182fc02995,67819903a1ec8d4deb9be7a6,WINLINE - BROADWAY,DELIVERLOAD,True,97,97,97,97,97,97,97,97,97,97,97,97,97,97,97,97,97,97,97,97,97,97,97,97,97
60819676ae88e5182fc02995,66b29188601e4ed3d767cfcf,WINLINE HOUSTON ST. NYC,DELIVERLOAD,True,148,148,148,148,148,148,148,148,148,148,148,148,148,148,148,148,148,148,148,148,148,148,148,148,148
60819676ae88e5182fc02995,66b291a2a3e54d8e0b7141e0,WINLINE YONKERS,DELIVERLOAD,True,97,97,97,97,97,97,97,97,97,97,97,97,97,97,97,97,97,97,97,97,97,97,97,97,97
60819676ae88e5182fc02995,686683adc2416205c3df3065,WIRE & PLASTIC MACHINERY CORP,DELIVERLOAD,False,66,66,66,66,66,66,66,66,66,66,66,66,66,66,66,66,66,66,66,66,66,66,66,66,66
60819676ae88e5182fc02995,63595df7c4450515d8303f9a,WITP,DELIVERLOAD,False,58,58,58,58,58,58,58,58,58,58,58,58,58,58,58,58,58,58,58,58,58,58,58,58,58
60819676ae88e5182fc02995,63595df7c4450515d8303f9a,WITP,DELIVERLOAD,True,87,87,87,87,87,87,87,87,87,87,87,87,87,87,87,87,87,87,87,87,87,87,87,87,87
60819676ae88e5182fc02995,62d69958409ce736b2b15020,WITTMAN BATTENFIELD INC,DELIVERLOAD,False,47,47,47,47,47,47,47,43,57,45,47,47,47,47,47,47,47,47,47,47,47,47,47,47,47
60819676ae88e5182fc02995,62d69958409ce736b2b15020,WITTMAN BATTENFIELD INC,DELIVERLOAD,True,114,114,114,114,114,114,114,167,114,114,114,114,114,114,114,114,114,114,114,114,114,114,114,114,114
60819676ae88e5182fc02995,6582f225bc245d16159f69b2,Wolfspeed Jobsite,DELIVERLOAD,True,97,97,97,97,97,97,97,97,97,97,97,97,97,97,97,97,97,97,97,97,97,97,97,97,97
60819676ae88e5182fc02995,67082d9d8b85b9a58518904d,WOODRUFF COLD STORAGE,DELIVERLOAD,False,79,79,79,79,79,79,79,79,79,79,79,79,79,79,79,79,79,79,79,79,79,79,79,79,79
60819676ae88e5182fc02995,67082d9d8b85b9a58518904d,WOODRUFF COLD STORAGE,DELIVERLOAD,True,97,97,97,97,97,97,97,97,97,97,97,97,97,97,97,97,97,97,97,97,97,97,97,97,97
60819676ae88e5182fc02995,683f3957be65fd0d41b0b906,WOODSIDE,DELIVERLOAD,False,89,89,89,89,89,89,89,89,89,89,89,89,89,89,89,89,89,89,89,89,89,89,89,89,89
60819676ae88e5182fc02995,64cd683c4a641515ed791ab7,WRLD MRKTNG / GOODWEST,DELIVERLOAD,False,58,58,58,58,58,58,58,58,58,58,58,58,58,58,58,58,58,58,58,58,58,58,58,58,58
60819676ae88e5182fc02995,635aba17c6519915aedf12e6,WRLD MRKTNG/VENTURA,DELIVERLOAD,False,58,58,58,58,58,58,58,58,58,58,58,58,58,58,58,58,58,58,58,58,58,58,58,58,58
60819676ae88e5182fc02995,635aba17c6519915aedf12e6,WRLD MRKTNG/VENTURA,DELIVERLOAD,True,124,124,124,124,124,124,124,107,124,139,124,124,124,124,124,124,124,124,124,124,124,124,124,124,124
60819676ae88e5182fc02995,6585b4b0812c44167ea95213,WRLD TRDG / VENTURA CHAMBERSBU,DELIVERLOAD,True,97,97,97,97,97,97,97,97,97,97,97,97,97,97,97,97,97,97,97,97,97,97,97,97,97
60819676ae88e5182fc02995,67d33f3f9ca3c3f36d3ee01d,WURTH PERU SAC,DELIVERLOAD,True,106,106,106,106,106,106,106,106,106,106,106,106,106,106,106,106,106,106,106,106,106,106,106,106,106
60819676ae88e5182fc02995,65552ed7daaed315ce646c38,XEROX,DELIVERLOAD,False,58,58,58,58,58,58,58,58,58,58,58,58,58,58,58,58,58,58,58,58,58,58,58,58,58
60819676ae88e5182fc02995,65552ed7daaed315ce646c38,XEROX,DELIVERLOAD,True,131,131,131,131,131,131,131,131,131,131,131,131,131,131,131,131,131,131,131,131,131,131,131,131,131
60819676ae88e5182fc02995,638a3dc9f2011d161c1eeb0e,YUASA BATTERY INC,DELIVERLOAD,False,74,74,74,74,74,74,74,74,74,74,74,74,74,74,74,74,74,74,74,74,74,74,74,74,74
60819676ae88e5182fc02995,67cf0e8a0c83042503719a15,YUSEN LOGISTICS NEW YORK,DELIVERLOAD,False,58,58,58,58,58,58,58,58,58,58,58,58,58,58,58,58,58,58,58,58,58,58,58,58,58
60819676ae88e5182fc02995,669ed1ab3f0711e4001b9cd5,ZACROS AMERICA INC HEDWIN DIVISION,DELIVERLOAD,False,85,85,85,85,85,85,85,85,64,85,85,85,85,85,85,85,85,85,85,85,85,85,85,85,85
60819676ae88e5182fc02995,669ed1ab3f0711e4001b9cd5,ZACROS AMERICA INC HEDWIN DIVISION,DELIVERLOAD,True,149,149,149,149,149,149,149,149,149,149,149,149,149,149,149,149,149,149,149,149,149,149,149,149,149
60819676ae88e5182fc02995,6532aef1a6e42f167f665ab6,ZARA - ITX USA - EATSON,DELIVERLOAD,False,58,58,58,58,58,58,58,58,58,58,58,58,58,58,58,58,58,58,58,58,58,58,58,58,58
60819676ae88e5182fc02995,6532aef1a6e42f167f665ab6,ZARA - ITX USA - EATSON,DELIVERLOAD,True,97,97,97,97,97,97,97,97,97,97,97,97,97,97,97,97,97,97,97,97,97,97,97,97,97
60819676ae88e5182fc02995,6532aef1a6e42f167f665ab6,ZARA - ITX USA - EATSON,RETURNCONTAINER,False,32,32,32,32,32,32,32,32,32,32,32,32,32,32,32,32,32,32,32,32,32,32,32,32,32
60819676ae88e5182fc02995,63add0f465605d1583719a3c,ZIRCAR ZIRCONIA INC.,DELIVERLOAD,False,85,85,85,85,85,85,85,85,85,85,85,85,85,85,85,85,85,85,85,85,85,85,85,85,85
