carrier,customer_id,location,type,is_liveunload,waiting_time,00,01,02,03,04,05,06,07,08,09,10,11,12,13,14,15,16,17,18,19,20,21,22,23
61bc29302bc46a14d2c8d441,68012f7382e304ccf9691751,007 AIRSOFT - UNIT# 6,DELIVERLOAD,False,7,7,7,7,7,7,7,7,7,7,7,7,7,7,7,7,7,7,7,7,7,7,7,7,7
61bc29302bc46a14d2c8d441,68012f7382e304ccf9691751,007 AIRSOFT - UNIT# 6,HOOKCONTAINER,False,55,55,55,55,55,55,55,55,55,55,55,55,55,55,55,55,55,55,55,55,55,55,55,55,55
61bc29302bc46a14d2c8d441,632b4cc3ec88d315e77f3d23,1241719 ALBERTA LTD,DELIVERLOAD,False,57,57,57,57,57,57,57,57,57,57,57,57,57,57,57,57,57,57,57,57,57,57,57,57,57
61bc29302bc46a14d2c8d441,632b4cc3ec88d315e77f3d23,1241719 ALBERTA LTD,DELIVERLOAD,True,60,60,60,60,60,60,60,60,60,60,60,60,60,60,60,60,60,60,60,60,60,60,60,60,60
61bc29302bc46a14d2c8d441,68ac6fc107ee76d828276bf8,12541092 CANADA INC,DELIVERLOAD,False,17,17,17,17,17,17,17,17,17,17,17,17,17,17,17,17,17,17,17,17,17,17,17,17,17
61bc29302bc46a14d2c8d441,65e6226a4ce27671347e55cf,1273105 AB LTD O/A DECO RAILING  - DELIVERY,DELIVERLOAD,False,17,17,17,17,17,17,17,17,17,17,17,17,17,17,17,17,17,17,17,17,17,17,17,17,17
61bc29302bc46a14d2c8d441,65e6226a4ce27671347e55cf,1273105 AB LTD O/A DECO RAILING  - DELIVERY,HOOKCONTAINER,False,9,9,9,9,9,9,9,9,9,9,9,9,9,9,9,9,9,9,9,9,9,9,9,9,9
61bc29302bc46a14d2c8d441,65297e97a2c8e316423005b7,1310282 ALBERTA LTD CENTER FURNITURE,HOOKCONTAINER,False,15,15,15,15,15,15,15,15,15,15,15,15,15,15,15,15,15,15,15,15,15,15,15,15,15
61bc29302bc46a14d2c8d441,65d65b8772e0aea32e564164,1335092 ALBERTA LTD - DAVIES ROAD,DELIVERLOAD,False,6,6,6,6,6,6,6,6,6,6,6,6,6,6,6,6,6,6,6,6,6,6,6,6,6
61bc29302bc46a14d2c8d441,65d65b8772e0aea32e564164,1335092 ALBERTA LTD - DAVIES ROAD,HOOKCONTAINER,False,10,10,10,10,10,10,10,10,10,10,10,10,10,10,10,10,10,10,10,10,10,10,10,10,10
61bc29302bc46a14d2c8d441,661d8b6b1917e52b669a4d25,1-800-RADIATOR,DELIVERLOAD,False,16,16,16,16,16,16,16,16,16,16,16,16,16,16,16,16,16,16,16,16,16,16,16,16,16
61bc29302bc46a14d2c8d441,661d8b6b1917e52b669a4d25,1-800-RADIATOR,HOOKCONTAINER,False,11,11,11,11,11,11,11,11,11,11,11,11,11,11,11,11,11,11,11,11,11,11,11,11,11
61bc29302bc46a14d2c8d441,66f1b7836a88ac103bba2802,1-800 RADIATOR & AC,DELIVERLOAD,False,2,2,2,2,2,2,2,2,2,2,2,2,2,2,2,2,2,2,2,2,2,2,2,2,2
61bc29302bc46a14d2c8d441,66f1b7836a88ac103bba2802,1-800 RADIATOR & AC,HOOKCONTAINER,False,12,12,12,12,12,12,12,12,12,12,12,12,12,12,12,12,12,12,12,12,12,12,12,12,12
61bc29302bc46a14d2c8d441,662689d1b84e5adad2d4fd08,1862262 ALBERTA LTD - CONSIGNEE,DELIVERLOAD,True,16,16,16,16,16,16,16,16,16,16,16,16,16,16,16,16,16,16,16,16,16,16,16,16,16
61bc29302bc46a14d2c8d441,65cfc2992b2635133cabfca7,1876903 ALBERTA LTD #2 WIM DEKONING,DELIVERLOAD,False,47,47,47,47,47,47,47,47,47,47,47,47,47,47,47,47,47,47,47,47,47,47,47,47,47
61bc29302bc46a14d2c8d441,65cfc2992b2635133cabfca7,1876903 ALBERTA LTD #2 WIM DEKONING,DELIVERLOAD,True,127,127,127,127,127,127,127,127,127,127,127,127,127,127,127,127,127,127,127,127,127,127,127,127,127
61bc29302bc46a14d2c8d441,63c068679abc3315a0d3be68,18 WHEELS WAREHOUSE,DELIVERLOAD,False,7,7,7,7,7,7,7,7,7,7,7,7,7,7,7,7,7,7,7,7,7,7,7,7,7
61bc29302bc46a14d2c8d441,63c068679abc3315a0d3be68,18 WHEELS WAREHOUSE,HOOKCONTAINER,False,15,15,15,15,15,15,15,15,15,15,15,15,15,15,15,15,15,15,15,15,15,15,15,15,15
61bc29302bc46a14d2c8d441,633a488a61e39615da563cb1,21 CENTURY SEAFOOD,HOOKCONTAINER,False,14,14,14,14,14,14,14,14,14,14,14,14,14,14,14,14,14,14,14,14,14,14,14,14,14
61bc29302bc46a14d2c8d441,68812c80d5c981189c7121e2,21ST CENTURY ENTERTAINMENT,DELIVERLOAD,False,59,59,59,59,59,59,59,59,59,59,59,59,59,59,59,59,59,59,59,59,59,59,59,59,59
61bc29302bc46a14d2c8d441,67b619a7856e59ce846a3d30,2442523 ALBERTA LTD - DOC# 4 CONSIGNEE,DELIVERLOAD,False,14,14,14,14,14,14,14,14,14,14,14,14,14,14,14,14,14,14,14,14,14,14,14,14,14
61bc29302bc46a14d2c8d441,67b619a7856e59ce846a3d30,2442523 ALBERTA LTD - DOC# 4 CONSIGNEE,DELIVERLOAD,True,60,60,60,60,60,60,60,60,60,60,60,60,60,60,60,60,60,60,60,60,60,60,60,60,60
61bc29302bc46a14d2c8d441,67b619a7856e59ce846a3d30,2442523 ALBERTA LTD - DOC# 4 CONSIGNEE,HOOKCONTAINER,False,15,15,15,15,15,15,15,15,15,15,15,15,15,15,15,15,15,15,15,15,15,15,15,15,15
61bc29302bc46a14d2c8d441,66c3760f6a0dcb6ec87b22af,2535576 ALBERTA LTD,DELIVERLOAD,False,22,22,22,22,22,22,22,22,22,22,22,22,22,22,22,22,22,22,22,22,22,22,22,22,22
61bc29302bc46a14d2c8d441,66c3760f6a0dcb6ec87b22af,2535576 ALBERTA LTD,HOOKCONTAINER,False,21,21,21,21,21,21,21,21,21,21,21,21,21,21,21,21,21,21,21,21,21,21,21,21,21
61bc29302bc46a14d2c8d441,67fe663eae57da8be8d5d0be,2584928 ALBERTA LTD. (CONSIGNEE),DELIVERLOAD,True,60,60,60,60,60,60,60,60,60,60,60,60,60,60,60,60,60,60,60,60,60,60,60,60,60
61bc29302bc46a14d2c8d441,67be1042eda27777dfadb568,2626722 ALBERTA LTD - CONSIGNEE,DELIVERLOAD,False,12,12,12,12,12,12,12,12,12,12,12,12,12,12,12,12,12,12,12,12,12,12,12,12,12
61bc29302bc46a14d2c8d441,67be1042eda27777dfadb568,2626722 ALBERTA LTD - CONSIGNEE,HOOKCONTAINER,False,25,25,25,25,25,25,25,25,25,25,25,25,25,25,25,25,25,25,25,25,25,25,25,25,25
61bc29302bc46a14d2c8d441,680921c94ac9d5c6546ce603,2675642 ALBERTA LTD,DELIVERLOAD,False,17,17,17,17,17,17,17,17,17,17,17,17,17,17,17,17,17,17,17,17,17,17,17,17,17
61bc29302bc46a14d2c8d441,680921c94ac9d5c6546ce603,2675642 ALBERTA LTD,DELIVERLOAD,True,60,60,60,60,60,60,60,60,60,60,60,60,60,60,60,60,60,60,60,60,60,60,60,60,60
61bc29302bc46a14d2c8d441,684c7210de7a537d5aba7467,333618 ALBERTA LTD DBA / PURE WATER,HOOKCONTAINER,False,15,15,15,15,15,15,15,15,15,15,15,15,15,15,15,15,15,15,15,15,15,15,15,15,15
61bc29302bc46a14d2c8d441,62b614cd8d506713a275dc22,7 CANADIAN FORCES SUPPLY DEPOT,DELIVERLOAD,False,77,77,77,77,77,77,77,77,77,77,77,77,77,77,77,77,77,77,77,77,77,77,77,77,77
61bc29302bc46a14d2c8d441,62b614cd8d506713a275dc22,7 CANADIAN FORCES SUPPLY DEPOT,DELIVERLOAD,True,52,52,52,52,52,52,52,52,52,52,52,52,52,52,52,52,52,52,52,52,52,52,52,52,52
61bc29302bc46a14d2c8d441,65fdcdd66e4996205bb96ee9,886779 Alberta Ltd,DELIVERLOAD,True,107,107,107,107,107,107,107,107,107,107,107,107,107,107,107,107,107,107,107,107,107,107,107,107,107
61bc29302bc46a14d2c8d441,67f6e317ff5e9a7c54dfdee2,AAA STRIPING - RESTRICTED BRIDGE ON TWP 470,DELIVERLOAD,True,58,58,58,58,58,58,58,58,58,58,58,58,48,58,58,58,58,58,58,58,58,58,58,58,58
61bc29302bc46a14d2c8d441,681109c4dfdf32cf08dcd0f1,AADHITYAENTERPRISES LTD - CONSIGEE PARSONS ROAD,DELIVERLOAD,False,12,12,12,12,12,12,12,12,12,12,12,12,12,12,12,12,12,12,12,12,12,12,12,12,12
61bc29302bc46a14d2c8d441,681109c4dfdf32cf08dcd0f1,AADHITYAENTERPRISES LTD - CONSIGEE PARSONS ROAD,HOOKCONTAINER,False,41,41,41,41,41,41,41,41,41,41,41,41,41,41,41,41,41,41,41,41,41,41,41,41,41
61bc29302bc46a14d2c8d441,6839cd4fb04c4436591e3564,ABATEMENT TECHNOLOGIES LTD LEWIS ST,HOOKCONTAINER,False,6,6,6,6,6,6,6,6,6,6,6,6,6,6,6,6,6,6,6,6,6,6,6,6,6
61bc29302bc46a14d2c8d441,687534a7835db2ef0da75d12,AB-CAN Imports Ltd,DELIVERLOAD,False,10,10,10,10,10,10,10,10,10,10,10,10,10,10,10,10,10,10,10,10,10,10,10,10,10
61bc29302bc46a14d2c8d441,687534a7835db2ef0da75d12,AB-CAN Imports Ltd,HOOKCONTAINER,False,78,78,78,78,78,78,78,78,78,78,78,78,78,78,78,78,78,78,78,78,78,78,78,78,78
61bc29302bc46a14d2c8d441,685d5543c92cdd8862bd7268,ABC SUPPLY - ACHESON,DELIVERLOAD,True,94,94,94,94,94,94,94,94,94,94,94,94,94,94,94,94,94,94,94,94,94,94,94,94,94
61bc29302bc46a14d2c8d441,67eef0176e5012ba50bc2e59,ABC SUPPLY EDMONTON,DELIVERLOAD,True,42,42,42,42,42,42,42,42,42,42,42,42,42,42,42,42,42,42,42,42,42,42,42,42,42
61bc29302bc46a14d2c8d441,6493337155a73616651c49bd,ABEL CORPORATION - DELIVERY,DELIVERLOAD,True,64,64,64,64,64,64,64,64,64,64,64,64,64,64,64,64,64,64,64,64,64,64,64,64,64
61bc29302bc46a14d2c8d441,6581c0d487fff01624bdd745,ACCURATE SCREEN CALGARY,DELIVERLOAD,False,18,18,18,18,18,18,18,18,18,25,16,12,7,13,18,19,23,18,18,18,18,18,18,18,18
61bc29302bc46a14d2c8d441,6581c0d487fff01624bdd745,ACCURATE SCREEN CALGARY,HOOKCONTAINER,False,12,12,12,12,12,12,12,12,12,12,7,10,12,12,18,13,12,13,12,12,12,12,12,12,12
61bc29302bc46a14d2c8d441,62b615d3ab8e20384b729d3b,ACCURATE SCREEN EDMONTON,DELIVERLOAD,False,14,14,14,14,14,14,14,14,14,14,13,10,14,14,20,14,16,20,16,14,14,14,14,14,14
61bc29302bc46a14d2c8d441,62b615d3ab8e20384b729d3b,ACCURATE SCREEN EDMONTON,DELIVERLOAD,True,82,82,82,82,82,82,82,82,82,82,82,82,82,82,82,82,82,82,82,82,82,82,82,82,82
61bc29302bc46a14d2c8d441,62b615d3ab8e20384b729d3b,ACCURATE SCREEN EDMONTON,HOOKCONTAINER,False,11,11,11,11,11,11,11,11,11,11,22,18,12,11,13,11,11,8,35,11,11,11,11,11,11
61bc29302bc46a14d2c8d441,6787d5c99347a74e7bb91347,ACE FOODS - 104 STREET,DELIVERLOAD,False,2,2,2,2,2,2,2,2,2,2,2,2,2,2,2,2,2,2,2,2,2,2,2,2,2
61bc29302bc46a14d2c8d441,6787d5c99347a74e7bb91347,ACE FOODS - 104 STREET,HOOKCONTAINER,False,72,72,72,72,72,72,72,72,72,72,72,72,72,72,72,72,72,72,72,72,72,72,72,72,72
61bc29302bc46a14d2c8d441,62eecf38e9e73e15e4b739e6,ACE PACKAGING,DELIVERLOAD,False,17,17,17,17,17,17,17,17,17,17,17,17,17,17,17,17,17,17,17,17,17,17,17,17,17
61bc29302bc46a14d2c8d441,64cd0376adb29c1599ac6136,ACE TURF - UNIT# 1,DELIVERLOAD,False,15,15,15,15,15,15,15,15,15,15,15,15,15,15,15,15,15,15,15,15,15,15,15,15,15
61bc29302bc46a14d2c8d441,64cd0376adb29c1599ac6136,ACE TURF - UNIT# 1,HOOKCONTAINER,False,35,35,35,35,35,35,35,35,35,35,35,35,35,35,35,35,35,35,35,35,35,35,35,35,35
61bc29302bc46a14d2c8d441,656ccc766b1416167b42d0af,ACKLANDS-GRAINGER,DELIVERLOAD,False,21,21,21,21,21,21,21,21,21,21,21,21,21,21,21,21,21,21,21,21,21,21,21,21,21
61bc29302bc46a14d2c8d441,631d2338090ebd1651ba6ef0,ACROPOLIS WAREHOUSING - EDMONTON,DELIVERLOAD,False,38,38,38,38,38,38,38,38,38,38,38,38,38,38,38,38,33,38,38,38,38,38,38,38,38
61bc29302bc46a14d2c8d441,631d2338090ebd1651ba6ef0,ACROPOLIS WAREHOUSING - EDMONTON,DELIVERLOAD,True,29,29,29,29,29,29,29,29,29,29,29,29,29,29,29,29,29,29,29,29,29,29,29,29,29
61bc29302bc46a14d2c8d441,62b616cfab8e20384b729ecc,ACROPOLIS WAREHOUSING INC - NISKU,DELIVERLOAD,False,62,62,62,62,62,62,62,62,62,62,62,62,62,62,62,62,62,62,62,62,62,62,62,62,62
61bc29302bc46a14d2c8d441,62b616cfab8e20384b729ecc,ACROPOLIS WAREHOUSING INC - NISKU,DELIVERLOAD,True,42,42,42,42,42,42,42,42,42,42,42,42,42,42,42,42,42,42,42,42,42,42,42,42,42
61bc29302bc46a14d2c8d441,62f148c5972272162b2e4b93,ACTION CAR AND TRUCK ACCESSORIES,DELIVERLOAD,False,50,50,50,50,50,50,50,50,50,50,50,50,50,50,50,50,50,50,50,50,50,50,50,50,50
61bc29302bc46a14d2c8d441,62f148c5972272162b2e4b93,ACTION CAR AND TRUCK ACCESSORIES,DELIVERLOAD,True,97,97,97,97,97,97,97,97,97,97,97,97,97,97,97,97,97,97,97,97,97,97,97,97,97
61bc29302bc46a14d2c8d441,62f148c5972272162b2e4b93,ACTION CAR AND TRUCK ACCESSORIES,HOOKCONTAINER,False,33,33,33,33,33,33,33,33,33,33,33,33,33,33,33,33,33,33,33,33,33,33,33,33,33
61bc29302bc46a14d2c8d441,62b6176eab8e20384b729fb0,ACTIVE WAREHOUSE - 149 ST,DELIVERLOAD,False,36,36,36,36,36,36,36,36,36,36,36,36,36,36,36,36,36,36,36,36,36,36,36,36,36
61bc29302bc46a14d2c8d441,62b6176eab8e20384b729fb0,ACTIVE WAREHOUSE - 149 ST,DELIVERLOAD,True,37,37,37,37,37,37,37,37,37,37,34,35,32,47,40,30,53,37,37,37,37,37,37,37,37
61bc29302bc46a14d2c8d441,62b6176eab8e20384b729fb0,ACTIVE WAREHOUSE - 149 ST,HOOKCONTAINER,False,18,18,18,18,18,18,18,18,18,18,18,18,18,18,18,18,18,18,18,18,18,18,18,18,18
61bc29302bc46a14d2c8d441,62b617e6cb0e4613b067278d,ACTIVE WAREHOUSE (MTE),DELIVERLOAD,False,24,24,24,24,24,24,24,24,24,24,24,24,24,24,24,24,24,24,24,24,24,24,24,24,24
61bc29302bc46a14d2c8d441,62b617e6cb0e4613b067278d,ACTIVE WAREHOUSE (MTE),DELIVERLOAD,True,28,28,28,28,28,28,28,28,28,28,28,28,28,28,28,28,28,28,28,28,28,28,28,28,28
61bc29302bc46a14d2c8d441,62b617e6cb0e4613b067278d,ACTIVE WAREHOUSE (MTE),HOOKCONTAINER,False,45,45,45,45,45,45,45,45,45,45,45,45,45,45,45,45,45,45,45,45,45,45,45,45,45
61bc29302bc46a14d2c8d441,6352f1c91a5d7d15dabc5a20,ADM ALLIANCE NUTRITION,DELIVERLOAD,True,104,104,104,104,104,104,104,104,104,104,104,104,104,104,104,104,104,104,104,104,104,104,104,104,104
61bc29302bc46a14d2c8d441,644c2a83f074e516551d1cf3,AERP,DELIVERLOAD,False,17,17,17,17,17,17,17,17,17,17,17,17,17,17,17,17,17,17,17,17,17,17,17,17,17
61bc29302bc46a14d2c8d441,644c2a83f074e516551d1cf3,AERP,DELIVERLOAD,True,67,67,67,67,67,67,67,67,67,67,67,67,67,67,67,67,67,67,67,67,67,67,67,67,67
61bc29302bc46a14d2c8d441,62b61c528d506713a275e7a0,AF COLD STORAGE,DELIVERLOAD,False,22,22,22,22,22,22,22,22,22,22,22,22,22,22,22,22,22,22,22,22,22,22,22,22,22
61bc29302bc46a14d2c8d441,62b61c528d506713a275e7a0,AF COLD STORAGE,DELIVERLOAD,True,86,86,86,86,86,86,86,86,86,86,86,71,86,86,86,86,86,86,86,86,86,86,86,86,86
61bc29302bc46a14d2c8d441,62b61c528d506713a275e7a0,AF COLD STORAGE,HOOKCONTAINER,False,12,12,12,12,12,12,12,12,12,12,12,12,12,12,12,12,12,12,12,12,12,12,12,12,12
61bc29302bc46a14d2c8d441,6876a7391889e7e992f04bb8,AHL99 GLOBAL,DELIVERLOAD,True,60,60,60,60,60,60,60,60,60,60,60,60,60,60,60,60,60,60,60,60,60,60,60,60,60
61bc29302bc46a14d2c8d441,685ec21389e0025f3fb66f16,AIM Environmental Group,DELIVERLOAD,False,19,19,19,19,19,19,19,19,19,19,19,19,19,19,19,19,19,19,19,19,19,19,19,19,19
61bc29302bc46a14d2c8d441,685ec21389e0025f3fb66f16,AIM Environmental Group,HOOKCONTAINER,False,15,15,15,15,15,15,15,15,15,15,15,15,15,15,15,15,15,15,15,15,15,15,15,15,15
61bc29302bc46a14d2c8d441,64e3d054c6dea97c582e4f28,AIR CANADA CARGO,DELIVERLOAD,True,35,35,35,35,35,35,35,35,35,35,35,35,35,35,35,35,35,35,35,35,35,35,35,35,35
61bc29302bc46a14d2c8d441,677ebe4428110a65808b5b71,AIRFAST DISTRIBUTORS,DELIVERLOAD,True,55,55,55,55,55,55,55,55,55,55,55,55,55,55,55,55,55,55,55,55,55,55,55,55,55
61bc29302bc46a14d2c8d441,6470e56d373f101640ce6414,AIR LIQUIDE CANADA,DELIVERLOAD,True,145,145,145,145,145,145,145,145,145,145,145,145,145,145,145,145,145,145,145,145,145,145,145,145,145
61bc29302bc46a14d2c8d441,6570e50b09c77c165f5bcd3e,AIR LIQUIDE CANADA INC - ROPER ROAD,DELIVERLOAD,True,42,42,42,42,42,42,42,42,42,42,42,42,42,42,42,42,42,42,42,42,42,42,42,42,42
61bc29302bc46a14d2c8d441,6570e50b09c77c165f5bcd3e,AIR LIQUIDE CANADA INC - ROPER ROAD,HOOKCONTAINER,False,15,15,15,15,15,15,15,15,15,15,15,15,15,15,15,15,15,15,15,15,15,15,15,15,15
61bc29302bc46a14d2c8d441,673e24594559a7baf73d8183,AIR PRODUCTS,DELIVERLOAD,True,60,60,60,60,60,60,60,60,60,60,60,60,60,60,60,60,60,60,60,60,60,60,60,60,60
61bc29302bc46a14d2c8d441,673e243672ea33196e1c9a66,AIR PRODUCTS (SHERWOOD DRIVE),DELIVERLOAD,False,17,17,17,17,17,17,17,17,17,17,17,17,17,17,17,17,17,17,17,17,17,17,17,17,17
61bc29302bc46a14d2c8d441,673e243672ea33196e1c9a66,AIR PRODUCTS (SHERWOOD DRIVE),DELIVERLOAD,True,66,66,66,66,66,66,66,66,66,66,66,66,66,66,66,66,66,66,66,66,66,66,66,66,66
61bc29302bc46a14d2c8d441,63ea6e0fd0f7c8160d892d61,AIRWAY STORAGE YARD - CALL AHEAD 780-990-9777 780-566-8033,RETURNCONTAINER,False,34,34,34,34,34,34,34,34,34,34,34,34,34,34,34,34,34,34,34,34,34,34,34,34,34
61bc29302bc46a14d2c8d441,67fec822e9529ba3b3fd2bea,AIV INTERNATIONAL INC O/A AIV CANAD,DELIVERLOAD,True,52,52,52,52,52,52,52,52,52,52,52,52,52,52,52,52,52,52,52,52,52,52,52,52,52
61bc29302bc46a14d2c8d441,656a19212751961655cdbe8e,ALBERTA BALLET - WAREHOUSE,DELIVERLOAD,False,13,13,13,13,13,13,13,13,13,13,13,13,13,13,13,13,13,13,13,13,13,13,13,13,13
61bc29302bc46a14d2c8d441,656a19212751961655cdbe8e,ALBERTA BALLET - WAREHOUSE,HOOKCONTAINER,False,12,12,12,12,12,12,12,12,12,12,12,12,12,12,12,12,12,12,12,12,12,12,12,12,12
61bc29302bc46a14d2c8d441,62b61cefcb0e4613b0672edf,ALBERTA DISTILLERS,DELIVERLOAD,True,38,38,38,38,38,38,38,38,38,38,38,38,38,38,38,38,38,38,38,38,38,38,38,38,38
61bc29302bc46a14d2c8d441,65d8f54616ff4233a7e6b6df,ALBERTA STONE,DELIVERLOAD,False,60,60,60,60,60,60,60,60,60,60,60,60,60,60,60,60,60,60,60,60,60,60,60,60,60
61bc29302bc46a14d2c8d441,65d8f54616ff4233a7e6b6df,ALBERTA STONE,DELIVERLOAD,True,68,68,68,68,68,68,68,68,68,68,68,68,68,68,68,68,68,68,68,68,68,68,68,68,68
61bc29302bc46a14d2c8d441,67092d64ea1952bbeab49958,ALEXANDER TUBULAR,DELIVERLOAD,True,110,110,110,110,110,110,110,110,110,110,110,110,110,110,110,110,110,110,110,110,110,110,110,110,110
61bc29302bc46a14d2c8d441,67db26d85dcc8663453bcb79,ALEX - PRIVATE RESIDENCE,DELIVERLOAD,True,60,60,60,60,60,60,60,60,60,60,60,60,60,60,60,60,60,60,60,60,60,60,60,60,60
61bc29302bc46a14d2c8d441,65cbaf8f4b8e305947cd9498,ALFAGOMMA,HOOKCONTAINER,False,14,14,14,14,14,14,14,14,14,14,14,14,14,14,14,14,14,14,14,14,14,14,14,14,14
61bc29302bc46a14d2c8d441,62fd6addd41af215f6d0affe,ALLEN'S TRANSPORT,DELIVERLOAD,False,42,42,42,42,42,42,42,42,42,42,42,42,42,42,42,42,42,42,42,42,42,42,42,42,42
61bc29302bc46a14d2c8d441,62fd6addd41af215f6d0affe,ALLEN'S TRANSPORT,DELIVERLOAD,True,57,57,57,57,57,57,57,57,57,57,46,57,57,57,57,57,57,57,57,57,57,57,57,57,57
61bc29302bc46a14d2c8d441,679cfa6c634d24936182f63d,ALLIANCE DOOR PRODUCTS - 184 ST,DELIVERLOAD,True,60,60,60,60,60,60,60,60,60,60,60,60,60,60,60,60,60,60,60,60,60,60,60,60,60
61bc29302bc46a14d2c8d441,630799270f74c015e2041a4b,ALL THINGS CEDAR,DELIVERLOAD,True,78,78,78,78,78,78,78,78,78,78,78,78,78,78,78,78,78,78,78,78,78,78,78,78,78
61bc29302bc46a14d2c8d441,667ef15aff7711ec7bc1bb1a,ALL-TRA BATTERY,DELIVERLOAD,True,74,74,74,74,74,74,74,74,74,74,74,74,74,74,74,74,74,74,74,74,74,74,74,74,74
61bc29302bc46a14d2c8d441,6882470187e854188e9ceffd,ALLTRACK INC,HOOKCONTAINER,False,73,73,73,73,73,73,73,73,73,73,73,73,73,73,73,73,73,73,73,73,73,73,73,73,73
61bc29302bc46a14d2c8d441,62b4737d7f6dc21382f5ca2c,ALL WEATHER WINDOWS,DELIVERLOAD,False,17,17,17,17,17,17,17,17,17,17,17,17,17,17,17,17,17,17,17,17,17,17,17,17,17
61bc29302bc46a14d2c8d441,62b4737d7f6dc21382f5ca2c,ALL WEATHER WINDOWS,HOOKCONTAINER,False,18,18,18,18,18,18,18,18,18,18,18,18,18,18,18,18,18,18,18,18,18,18,18,18,18
61bc29302bc46a14d2c8d441,685ecb01a967612667e086a5,ALL WEST DEMOLITION,DELIVERLOAD,False,27,27,27,27,27,27,27,27,27,27,27,27,27,27,27,27,27,27,27,27,27,27,27,27,27
61bc29302bc46a14d2c8d441,685ecb01a967612667e086a5,ALL WEST DEMOLITION,HOOKCONTAINER,False,15,15,15,15,15,15,15,15,15,15,15,15,15,15,15,15,15,15,15,15,15,15,15,15,15
61bc29302bc46a14d2c8d441,65fdf55e34959631397d0d1d,ALMZ FURNITURE - EDMONTON,HOOKCONTAINER,False,15,15,15,15,15,15,15,15,15,15,15,15,15,15,15,15,15,15,15,15,15,15,15,15,15
61bc29302bc46a14d2c8d441,65bc1a35021a1340d802392e,ALPHA TIRES #3,DELIVERLOAD,False,11,11,11,11,11,11,11,11,11,11,11,11,11,11,11,11,11,11,11,11,11,11,11,11,11
61bc29302bc46a14d2c8d441,65bc1a35021a1340d802392e,ALPHA TIRES #3,HOOKCONTAINER,False,19,19,19,19,19,19,19,19,19,19,19,19,19,19,19,19,19,19,19,19,19,19,19,19,19
61bc29302bc46a14d2c8d441,62b624a98d506713a275f441,ALTASTEEL LTD,DELIVERLOAD,True,50,50,50,50,50,50,50,50,50,50,50,50,50,50,50,50,50,50,50,50,50,50,50,50,50
61bc29302bc46a14d2c8d441,685ec32ac3b1dd709c933077,AMAR DEPOT - 84 ST,PULLCONTAINER,False,41,41,41,41,41,41,41,41,41,41,41,41,41,41,41,41,41,41,41,41,41,41,41,41,41
61bc29302bc46a14d2c8d441,685ec32ac3b1dd709c933077,AMAR DEPOT - 84 ST,RETURNCONTAINER,False,11,11,11,11,11,11,11,11,11,11,11,11,11,11,11,11,11,11,11,11,11,11,11,11,11
61bc29302bc46a14d2c8d441,64501dcdbc6eec15da584a90,AMAR DEPOT - **DO NOT USE**,DELIVERLOAD,False,4,4,4,4,4,4,4,4,4,4,4,4,4,4,4,4,4,4,4,4,4,4,4,4,4
61bc29302bc46a14d2c8d441,64501dcdbc6eec15da584a90,AMAR DEPOT - **DO NOT USE**,HOOKCONTAINER,False,35,35,35,35,35,35,35,35,35,35,35,35,35,35,35,35,35,35,35,35,35,35,35,35,35
61bc29302bc46a14d2c8d441,64501dcdbc6eec15da584a90,AMAR DEPOT - **DO NOT USE**,RETURNCONTAINER,False,13,13,13,13,13,13,13,13,13,13,13,13,13,13,13,13,13,13,13,13,13,13,13,13,13
61bc29302bc46a14d2c8d441,62b625228d506713a275f51d,AMAZON - YEG1,DELIVERLOAD,True,180,180,180,180,180,180,180,180,180,180,180,180,180,180,180,180,180,180,180,180,180,180,180,180,180
61bc29302bc46a14d2c8d441,66561fd748228e8456696c3a,AMAZON - YEG2,DELIVERLOAD,False,17,17,17,17,17,17,17,17,17,17,17,17,17,17,17,17,17,17,17,17,17,17,17,17,17
61bc29302bc46a14d2c8d441,66561fd748228e8456696c3a,AMAZON - YEG2,DELIVERLOAD,True,105,105,105,105,105,105,105,105,105,105,105,105,105,105,105,105,105,105,105,105,105,105,105,105,105
61bc29302bc46a14d2c8d441,66561fd748228e8456696c3a,AMAZON - YEG2,HOOKCONTAINER,False,15,15,15,15,15,15,15,15,15,15,15,15,15,15,15,15,15,15,15,15,15,15,15,15,15
61bc29302bc46a14d2c8d441,6554f94466cf9c1699720453,AMAZON - YYC6,DELIVERLOAD,False,17,17,17,17,17,17,17,17,17,17,17,17,17,17,17,17,17,17,17,17,17,17,17,17,17
61bc29302bc46a14d2c8d441,6554f94466cf9c1699720453,AMAZON - YYC6,DELIVERLOAD,True,175,175,175,175,175,175,175,175,175,175,175,175,175,175,175,175,175,175,175,175,175,175,175,175,175
61bc29302bc46a14d2c8d441,663bd6633c1570d8c4ff7cc1,AMITY INSULATION GROUP,DELIVERLOAD,True,69,69,69,69,69,69,69,69,69,69,69,69,69,69,69,69,69,69,69,69,69,69,69,69,69
61bc29302bc46a14d2c8d441,62e831265c28f7161018b0af,AMJ EDM - DEL,DELIVERLOAD,False,11,11,11,11,11,11,11,11,11,11,11,11,11,11,11,11,11,11,11,11,11,11,11,11,11
61bc29302bc46a14d2c8d441,62e831265c28f7161018b0af,AMJ EDM - DEL,HOOKCONTAINER,False,21,21,21,21,21,21,21,21,21,21,21,21,21,21,21,21,21,21,21,21,21,21,21,21,21
61bc29302bc46a14d2c8d441,63500e15aa004615b4304a95,ANDERSON BUILDERS GROUP,DELIVERLOAD,False,13,13,13,13,13,13,13,13,13,13,13,13,13,13,13,13,13,13,13,13,13,13,13,13,13
61bc29302bc46a14d2c8d441,63500e15aa004615b4304a95,ANDERSON BUILDERS GROUP,HOOKCONTAINER,False,17,17,17,17,17,17,17,17,17,17,17,17,17,17,17,17,17,17,17,17,17,17,17,17,17
61bc29302bc46a14d2c8d441,68c04e014cbc02ed6a521765,ANDY,DELIVERLOAD,False,17,17,17,17,17,17,17,17,17,17,17,17,17,17,17,17,17,17,17,17,17,17,17,17,17
61bc29302bc46a14d2c8d441,68c04e014cbc02ed6a521765,ANDY,HOOKCONTAINER,False,10,10,10,10,10,10,10,10,10,10,10,10,10,10,10,10,10,10,10,10,10,10,10,10,10
61bc29302bc46a14d2c8d441,65df52a8b6fe339ce4aee9e9,"APC Nutrition, Ltd.",DELIVERLOAD,True,67,67,67,67,67,67,67,67,67,67,67,67,67,10,67,67,67,67,67,67,67,67,67,67,67
61bc29302bc46a14d2c8d441,6759a70bd739ab3f902b0987,APERGY CANADA ULC DBA ALBERTA OIL TOOL,DELIVERLOAD,True,61,61,61,61,61,61,61,61,61,61,61,61,61,61,61,61,61,61,61,61,61,61,61,61,61
61bc29302bc46a14d2c8d441,631ba5f7a0f99616134db9df,APEX DISTRIBUTION,DELIVERLOAD,False,42,42,42,42,42,42,42,42,42,42,42,42,42,42,42,42,42,42,42,42,42,42,42,42,42
61bc29302bc46a14d2c8d441,631ba5f7a0f99616134db9df,APEX DISTRIBUTION,DELIVERLOAD,True,36,36,36,36,36,36,36,36,36,36,36,36,36,36,36,36,36,36,36,36,36,36,36,36,36
61bc29302bc46a14d2c8d441,62b625ec8d506713a275f664,APPS CARGO CALGARY,DELIVERLOAD,False,4,4,4,4,4,4,4,4,4,4,4,4,4,4,4,4,4,4,4,4,4,4,4,4,4
61bc29302bc46a14d2c8d441,62b625ec8d506713a275f664,APPS CARGO CALGARY,HOOKCONTAINER,False,10,10,10,10,10,10,10,10,10,10,10,10,10,10,10,10,10,10,10,10,10,10,10,10,10
61bc29302bc46a14d2c8d441,686c0fd2a0fdf6cb477c80a4,ARANI CALGARY,DELIVERLOAD,True,33,33,33,33,33,33,33,33,33,33,33,33,33,33,33,33,33,33,33,33,33,33,33,33,33
61bc29302bc46a14d2c8d441,62ed2bb8663986160665378c,ARCH DISTRIBUTION - CONSIGNEE,DELIVERLOAD,True,79,79,79,79,79,79,79,79,79,79,79,79,79,79,79,79,79,79,79,79,79,79,79,79,79
61bc29302bc46a14d2c8d441,673cec7239db4f51f89ceb2f,ARCHICON CM & CONSULTING INC.,DELIVERLOAD,True,60,60,60,60,60,60,60,60,60,60,60,60,60,60,60,60,60,60,60,60,60,60,60,60,60
61bc29302bc46a14d2c8d441,62b6260c9058816625b06794,ARCHWAY CALGARY,DELIVERLOAD,False,68,68,68,68,68,68,68,68,68,68,68,68,68,68,68,68,68,68,68,68,68,68,68,68,68
61bc29302bc46a14d2c8d441,62b6260c9058816625b06794,ARCHWAY CALGARY,DELIVERLOAD,True,64,64,64,64,64,64,64,64,64,64,64,64,64,64,64,64,64,64,64,64,64,64,64,64,64
61bc29302bc46a14d2c8d441,62b6263c8d506713a275f6d3,ARGUS MACHINE,DELIVERLOAD,False,6,6,6,6,6,6,6,6,6,6,6,6,6,6,6,6,6,6,6,6,6,6,6,6,6
61bc29302bc46a14d2c8d441,62b6263c8d506713a275f6d3,ARGUS MACHINE,DELIVERLOAD,True,45,45,45,45,45,45,45,45,45,45,45,45,45,45,45,45,45,45,45,45,45,45,45,45,45
61bc29302bc46a14d2c8d441,62b6263c8d506713a275f6d3,ARGUS MACHINE,HOOKCONTAINER,False,9,9,9,9,9,9,9,9,9,9,9,9,9,9,9,9,9,9,9,9,9,9,9,9,9
61bc29302bc46a14d2c8d441,65fdbd1652d720ab43854b2b,ARNOLD WINDSHIELD (DAY CAB),DELIVERLOAD,False,11,11,11,11,11,11,11,11,11,11,11,11,11,11,10,11,11,11,11,11,11,11,11,11,11
61bc29302bc46a14d2c8d441,65fdbd1652d720ab43854b2b,ARNOLD WINDSHIELD (DAY CAB),HOOKCONTAINER,False,8,8,8,8,8,8,8,8,8,8,4,8,8,8,8,8,8,8,8,8,8,8,8,8,8
61bc29302bc46a14d2c8d441,62b626e89058816625b06886,ARTISTIC STAIR LTD.,DELIVERLOAD,False,19,19,19,19,19,19,19,19,19,19,19,19,19,19,19,19,19,19,19,19,19,19,19,19,19
61bc29302bc46a14d2c8d441,62b626e89058816625b06886,ARTISTIC STAIR LTD.,DELIVERLOAD,True,149,149,149,149,149,149,149,149,149,149,149,149,149,149,149,149,149,149,149,149,149,149,149,149,149
61bc29302bc46a14d2c8d441,62b626e89058816625b06886,ARTISTIC STAIR LTD.,HOOKCONTAINER,False,14,14,14,14,14,14,14,14,14,14,14,14,14,14,14,14,14,14,14,14,14,14,14,14,14
61bc29302bc46a14d2c8d441,6705a7a511040897e137ae53,AR WILLIAMS TRUCK,DELIVERLOAD,False,6,6,6,6,6,6,6,6,6,6,6,6,6,6,6,6,6,6,6,6,6,6,6,6,6
61bc29302bc46a14d2c8d441,6705a7a511040897e137ae53,AR WILLIAMS TRUCK,HOOKCONTAINER,False,18,18,18,18,18,18,18,18,18,18,18,18,18,18,18,18,18,18,18,18,18,18,18,18,18
61bc29302bc46a14d2c8d441,62b6270d8d506713a275f80c,ASA ALLOYS - DELIVERY,DELIVERLOAD,False,11,11,11,11,11,11,11,11,11,8,10,11,9,11,10,10,14,7,19,11,11,11,11,11,11
61bc29302bc46a14d2c8d441,62b6270d8d506713a275f80c,ASA ALLOYS - DELIVERY,DELIVERLOAD,True,36,36,36,36,36,36,36,36,36,36,36,36,36,36,36,36,36,36,36,36,36,36,36,36,36
61bc29302bc46a14d2c8d441,62b6270d8d506713a275f80c,ASA ALLOYS - DELIVERY,HOOKCONTAINER,False,13,13,13,13,13,13,13,13,13,23,14,16,10,12,37,11,13,13,13,13,13,13,13,13,13
61bc29302bc46a14d2c8d441,6846ff1f1994213fc0f5e8c3,ASK GLOBAL WAREHOUSE,DELIVERLOAD,False,10,10,10,10,10,10,10,10,10,10,10,10,10,10,10,10,10,10,10,10,10,10,10,10,10
61bc29302bc46a14d2c8d441,6846ff1f1994213fc0f5e8c3,ASK GLOBAL WAREHOUSE,HOOKCONTAINER,False,17,17,17,17,17,17,17,17,17,17,17,17,17,17,17,17,17,17,17,17,17,17,17,17,17
61bc29302bc46a14d2c8d441,678987a9cf435f7227aec87b,ASPEN GREENHOUSES,DELIVERLOAD,True,60,60,60,60,60,60,60,60,60,60,60,60,60,60,60,60,60,60,60,60,60,60,60,60,60
61bc29302bc46a14d2c8d441,68c0ae193621fe84935b170a,ASSOCIATED GROCERS,DELIVERLOAD,True,98,98,98,98,98,98,98,98,98,98,98,98,98,98,98,98,98,98,98,98,98,98,98,98,98
61bc29302bc46a14d2c8d441,67606f2c796791c84aaa9573,ASSOCIATED VALVE (DELIVERY),DELIVERLOAD,True,48,48,48,48,48,48,48,48,48,48,48,48,48,48,48,48,48,48,48,48,48,48,48,48,48
61bc29302bc46a14d2c8d441,66d8afed31807956c0c1ba74,ASTRA DEVELOPMENT(Daycab),DELIVERLOAD,False,26,26,26,26,26,26,26,26,26,26,26,26,26,26,26,26,26,26,26,26,26,26,26,26,26
61bc29302bc46a14d2c8d441,654d1193acea321570d158d6,ATLANTIC PACIFIC EQUIPMENT INC - AT-PAC,DELIVERLOAD,False,58,58,58,58,58,58,58,58,58,58,38,58,58,58,58,58,58,58,58,58,58,58,58,58,58
61bc29302bc46a14d2c8d441,654d1193acea321570d158d6,ATLANTIC PACIFIC EQUIPMENT INC - AT-PAC,DELIVERLOAD,True,72,72,72,72,72,72,72,72,72,72,72,72,72,72,72,72,72,72,72,72,72,72,72,72,72
61bc29302bc46a14d2c8d441,62b627618d506713a275f872,ATLAS TRAILER COACH PRODUCTS,DELIVERLOAD,False,17,17,17,17,17,17,17,17,17,17,17,17,17,17,17,17,17,17,17,17,17,17,17,17,17
61bc29302bc46a14d2c8d441,62b627618d506713a275f872,ATLAS TRAILER COACH PRODUCTS,DELIVERLOAD,True,60,60,60,60,60,60,60,60,60,60,60,60,60,60,60,60,60,60,60,60,60,60,60,60,60
61bc29302bc46a14d2c8d441,62b627618d506713a275f872,ATLAS TRAILER COACH PRODUCTS,HOOKCONTAINER,False,11,11,11,11,11,11,11,11,11,11,11,11,11,11,11,11,11,11,11,11,11,11,11,11,11
61bc29302bc46a14d2c8d441,62b211a7387b73412dc5d313,ATS CONTAINER - EDMONTON 780-909-4388,RETURNCONTAINER,False,13,13,13,13,13,13,13,13,13,13,13,13,13,13,13,13,13,13,13,13,13,13,13,13,13
61bc29302bc46a14d2c8d441,680fe9ff7e8143936d3c2554,ATTABOTICS INC - SUITE 105,DELIVERLOAD,False,15,15,15,15,15,15,15,15,15,15,15,15,15,15,15,15,15,15,15,15,15,15,15,15,15
61bc29302bc46a14d2c8d441,680fe9ff7e8143936d3c2554,ATTABOTICS INC - SUITE 105,HOOKCONTAINER,False,16,16,16,16,16,16,16,16,16,16,16,15,16,16,16,16,16,16,16,16,16,16,16,16,16
61bc29302bc46a14d2c8d441,659d96d44011bc6ae497f789,AURORA FURNTURE LTD,DELIVERLOAD,False,14,14,14,14,14,14,14,14,14,10,19,12,14,14,13,14,14,14,14,14,14,14,14,14,14
61bc29302bc46a14d2c8d441,659d96d44011bc6ae497f789,AURORA FURNTURE LTD,HOOKCONTAINER,False,21,21,21,21,21,21,21,21,21,37,34,12,42,21,21,20,6,21,21,21,21,21,21,21,21
61bc29302bc46a14d2c8d441,6346ecc2de441515e2fde358,Automann Heavy Duty Canada ULC,DELIVERLOAD,True,103,103,103,103,103,103,103,103,103,103,103,103,103,103,103,103,103,103,103,103,103,103,103,103,103
61bc29302bc46a14d2c8d441,678ab6b58a0c1a19db0788ca,AUTOMOTIVE PARTS DISTRIBUTORS - EDM,DELIVERLOAD,True,155,155,155,155,155,155,155,155,155,155,155,155,155,155,155,155,155,155,155,155,155,155,155,155,155
61bc29302bc46a14d2c8d441,66e446bcd21bf65ae95ca8e3,AUTOMOVES WEST LTD - UNIT 1-3 NISKU,DELIVERLOAD,False,10,10,10,10,10,10,10,10,10,10,10,10,10,10,10,10,10,10,10,10,10,10,10,10,10
61bc29302bc46a14d2c8d441,66e446bcd21bf65ae95ca8e3,AUTOMOVES WEST LTD - UNIT 1-3 NISKU,HOOKCONTAINER,False,24,24,24,24,24,24,24,24,24,24,24,24,24,24,24,24,24,24,24,24,24,24,24,24,24
61bc29302bc46a14d2c8d441,62e44aece9188f2734f260c9,AVANTE PROPERTY DEVELOPMENT LTD,DELIVERLOAD,False,24,24,24,24,24,24,24,24,24,24,24,24,24,24,24,24,24,24,24,24,24,24,24,24,24
61bc29302bc46a14d2c8d441,6866a66bbdec8e8f291c1b38,AVATARA TRADING,DELIVERLOAD,True,60,60,60,60,60,60,60,60,60,60,60,60,60,60,60,60,60,60,60,60,60,60,60,60,60
61bc29302bc46a14d2c8d441,68485e008369ef9970f6a84d,AXIOM CONCRETE FINISHING LTD - LEDUC,DELIVERLOAD,True,48,48,48,48,48,48,48,48,48,48,48,48,48,48,48,48,48,48,48,48,48,48,48,48,48
61bc29302bc46a14d2c8d441,68b0ad98baed33b7af692c4b,AXIOM SURFACE PROTECTION - AERO LINK (#180),DELIVERLOAD,False,3,3,3,3,3,3,3,3,3,3,3,3,3,3,3,3,3,3,3,3,3,3,3,3,3
61bc29302bc46a14d2c8d441,68b0ad98baed33b7af692c4b,AXIOM SURFACE PROTECTION - AERO LINK (#180),HOOKCONTAINER,False,12,12,12,12,12,12,12,12,12,12,12,12,12,12,12,12,12,12,12,12,12,12,12,12,12
61bc29302bc46a14d2c8d441,6324e4ca06a41e1623314e12,AXIOM SURFACE PROTECTION (DO NOT USE),DELIVERLOAD,False,16,16,16,16,16,16,16,16,16,16,16,16,16,16,16,16,16,10,16,16,16,16,16,16,16
61bc29302bc46a14d2c8d441,6324e4ca06a41e1623314e12,AXIOM SURFACE PROTECTION (DO NOT USE),DELIVERLOAD,True,151,151,151,151,151,151,151,151,151,151,151,151,151,151,151,151,151,151,151,151,151,151,151,151,151
61bc29302bc46a14d2c8d441,6324e4ca06a41e1623314e12,AXIOM SURFACE PROTECTION (DO NOT USE),HOOKCONTAINER,False,24,24,24,24,24,24,24,24,24,24,24,24,24,24,24,21,42,24,24,24,24,24,24,24,24
61bc29302bc46a14d2c8d441,63fccdd1f8987116383c9705,BACK ON TRACK CANADA,DELIVERLOAD,False,17,17,17,17,17,17,17,17,17,17,17,17,17,17,17,17,17,17,17,17,17,17,17,17,17
61bc29302bc46a14d2c8d441,66e368fdb8ceea32ce2302c9,BACKYARD CANADA - UNIT 1,DELIVERLOAD,False,16,16,16,16,16,16,16,16,16,16,16,16,16,16,16,16,16,16,16,16,16,16,16,16,16
61bc29302bc46a14d2c8d441,66e368fdb8ceea32ce2302c9,BACKYARD CANADA - UNIT 1,HOOKCONTAINER,False,11,11,11,11,11,11,11,11,11,11,11,11,11,11,11,11,11,11,11,11,11,11,11,11,11
61bc29302bc46a14d2c8d441,62b627af8d506713a275f8ce,BAKER PETROLITE CORP.,DELIVERLOAD,False,17,17,17,17,17,17,17,17,17,17,17,17,17,17,17,17,17,17,17,17,17,17,17,17,17
61bc29302bc46a14d2c8d441,650372bbf9e048162f091651,BARENTZ CANADA ULC,DELIVERLOAD,True,50,50,50,50,50,50,50,50,50,50,50,50,50,50,50,50,50,50,50,50,50,50,50,50,50
61bc29302bc46a14d2c8d441,62b627c88d506713a275f8e5,BARTLE & GIBSON CO LTD,DELIVERLOAD,False,12,12,12,12,12,12,12,12,12,12,12,12,12,12,12,12,12,12,12,12,12,12,12,12,12
61bc29302bc46a14d2c8d441,62b627c88d506713a275f8e5,BARTLE & GIBSON CO LTD,HOOKCONTAINER,False,11,11,11,11,11,11,11,11,11,11,11,11,11,11,11,11,11,11,11,11,11,11,11,11,11
61bc29302bc46a14d2c8d441,6314d684ad8f5915c372d0c3,BARTLE & GIBSON - EDM,DELIVERLOAD,False,16,16,16,16,16,16,16,16,16,16,16,16,16,16,16,16,16,16,16,16,16,16,16,16,16
61bc29302bc46a14d2c8d441,6314d684ad8f5915c372d0c3,BARTLE & GIBSON - EDM,HOOKCONTAINER,False,28,28,28,28,28,28,28,28,28,28,28,28,28,28,28,28,28,28,28,28,28,28,28,28,28
61bc29302bc46a14d2c8d441,634033bc9e3ee115a7c2484a,BARTLE & GIBSON - LETHBRIDGE,DELIVERLOAD,True,60,60,60,60,60,60,60,60,60,60,60,60,60,60,60,60,60,60,60,60,60,60,60,60,60
61bc29302bc46a14d2c8d441,680904fd58034307aa0ac65c,BATTLE RIVER RAIL FACILITY,DELIVERLOAD,True,124,124,124,124,124,124,124,124,124,124,124,124,124,124,124,124,124,124,124,124,124,124,124,124,124
61bc29302bc46a14d2c8d441,64c01211141df016081b474f,BAUM TOOLS (NO SIGN),DELIVERLOAD,False,50,50,50,50,50,50,50,50,50,50,50,50,50,50,50,50,50,50,50,50,50,50,50,50,50
61bc29302bc46a14d2c8d441,64c01211141df016081b474f,BAUM TOOLS (NO SIGN),DELIVERLOAD,True,52,52,52,52,52,52,52,52,52,52,52,52,52,52,52,52,52,52,52,52,52,52,52,52,52
61bc29302bc46a14d2c8d441,64c01211141df016081b474f,BAUM TOOLS (NO SIGN),HOOKCONTAINER,False,18,18,18,18,18,18,18,18,18,18,18,18,18,18,18,18,18,18,18,18,18,18,18,18,18
61bc29302bc46a14d2c8d441,68754ed6a9c5e9d174e8e731,BAUM TOOLS (NO SIGN) - 68TH AVE,DELIVERLOAD,False,37,37,37,37,37,37,37,37,37,37,37,37,37,37,37,37,37,37,37,37,37,37,37,37,37
61bc29302bc46a14d2c8d441,68754ed6a9c5e9d174e8e731,BAUM TOOLS (NO SIGN) - 68TH AVE,DELIVERLOAD,True,68,68,68,68,68,68,68,68,68,68,68,68,68,68,68,68,68,68,68,68,68,68,68,68,68
61bc29302bc46a14d2c8d441,661578644486a546dc62c550,BAYDO CONTRACTING CORPORATION (DayCab),DELIVERLOAD,False,47,47,47,47,47,47,47,47,47,47,47,47,47,47,47,47,47,47,47,47,47,47,47,47,47
61bc29302bc46a14d2c8d441,661578644486a546dc62c550,BAYDO CONTRACTING CORPORATION (DayCab),HOOKCONTAINER,False,16,16,16,16,16,16,16,16,16,16,16,16,16,16,16,16,16,16,16,16,16,16,16,16,16
61bc29302bc46a14d2c8d441,62b627f49058816625b06a34,BAYMAG,DELIVERLOAD,True,107,107,107,107,107,107,107,107,107,107,107,107,107,107,107,107,107,107,107,107,107,107,107,107,107
61bc29302bc46a14d2c8d441,6655e59ac20a2b889fa0faf8,BAYWA R.E. SOLAR SYSTEMS,DELIVERLOAD,True,54,54,54,54,54,54,54,54,54,54,54,54,54,54,54,54,54,54,54,54,54,54,54,54,54
61bc29302bc46a14d2c8d441,67c9f414edfb896f5bc065c8,BBR KARTING,DELIVERLOAD,True,144,144,144,144,144,144,144,144,144,144,144,144,144,144,144,144,144,144,144,144,144,144,144,144,144
61bc29302bc46a14d2c8d441,680a76a00d34b5459e1414a4,BBZ BUILDING ROCKYVIEW * TIRE CHAINS,DELIVERLOAD,False,56,56,56,56,56,56,56,56,56,56,56,56,56,56,56,56,56,56,56,56,56,56,56,56,56
61bc29302bc46a14d2c8d441,680a76a00d34b5459e1414a4,BBZ BUILDING ROCKYVIEW * TIRE CHAINS,DELIVERLOAD,True,68,68,68,68,68,68,68,68,68,68,68,68,68,68,68,68,68,68,68,68,68,68,68,68,68
61bc29302bc46a14d2c8d441,680a76a00d34b5459e1414a4,BBZ BUILDING ROCKYVIEW * TIRE CHAINS,HOOKCONTAINER,False,20,20,20,20,20,20,20,20,20,20,20,20,20,20,20,20,20,20,20,20,20,20,20,20,20
61bc29302bc46a14d2c8d441,67d323eda1a2eb651a214762,BBZ BUILDING SUPPLIER,DELIVERLOAD,False,24,24,24,24,24,24,24,24,24,24,24,24,24,24,24,24,24,24,24,24,24,24,24,24,24
61bc29302bc46a14d2c8d441,67d323eda1a2eb651a214762,BBZ BUILDING SUPPLIER,HOOKCONTAINER,False,22,22,22,22,22,22,22,22,22,22,22,22,22,22,22,22,22,22,22,22,22,22,22,22,22
61bc29302bc46a14d2c8d441,639e3a73a0b5071612d718ed,BBZ BUILDING SUPPLIER - #26 DELIVERY,DELIVERLOAD,False,10,10,10,10,10,10,10,10,10,10,10,10,10,10,10,10,10,10,10,10,10,10,10,10,10
61bc29302bc46a14d2c8d441,639e3a73a0b5071612d718ed,BBZ BUILDING SUPPLIER - #26 DELIVERY,HOOKCONTAINER,False,87,87,87,87,87,87,87,87,87,87,87,87,87,87,87,87,87,87,87,87,87,87,87,87,87
61bc29302bc46a14d2c8d441,661057a28d08b5da1c0d13c8,BBZ BUILDING SUPPLIER - 97ST EDM,DELIVERLOAD,False,10,10,10,10,10,10,10,10,10,10,10,10,10,10,10,10,10,10,10,10,10,10,10,10,10
61bc29302bc46a14d2c8d441,661057a28d08b5da1c0d13c8,BBZ BUILDING SUPPLIER - 97ST EDM,HOOKCONTAINER,False,10,10,10,10,10,10,10,10,10,10,10,10,10,10,10,10,10,10,10,10,10,10,10,10,10
61bc29302bc46a14d2c8d441,658f3bc1c18a781620ef1d68,BBZ BUILDING SUPPLIER LTD,DELIVERLOAD,False,9,9,9,9,9,9,9,9,9,9,9,9,9,9,9,9,9,9,9,9,9,9,9,9,9
61bc29302bc46a14d2c8d441,658f3bc1c18a781620ef1d68,BBZ BUILDING SUPPLIER LTD,HOOKCONTAINER,False,15,15,15,15,15,15,15,15,15,15,15,15,15,15,15,15,15,15,15,15,15,15,15,15,15
61bc29302bc46a14d2c8d441,67e449cd16788f43015ef64c,BEAMA VISUAL ENVIRONMENT - UNIT 9,DELIVERLOAD,True,76,76,76,76,76,76,76,76,76,76,76,76,76,76,76,76,76,76,76,76,76,76,76,76,76
61bc29302bc46a14d2c8d441,6868192d5169b92470cb2719,BEAUTIFUL SUPPLY,DELIVERLOAD,True,60,60,60,60,60,60,60,60,60,60,60,60,60,60,60,60,60,60,60,60,60,60,60,60,60
61bc29302bc46a14d2c8d441,62b6281f9058816625b06a6e,BEE MAID HONEY,DELIVERLOAD,True,54,54,54,54,54,54,54,54,54,54,54,54,54,54,54,54,54,54,54,54,54,54,54,54,54
61bc29302bc46a14d2c8d441,67c5ddb5978781bb4afeaf83,Bell Millwork LTD,DELIVERLOAD,False,10,10,10,10,10,10,10,10,10,10,10,10,10,10,10,10,10,10,10,10,10,10,10,10,10
61bc29302bc46a14d2c8d441,67c5ddb5978781bb4afeaf83,Bell Millwork LTD,HOOKCONTAINER,False,19,19,19,19,19,19,19,19,19,19,19,19,19,19,19,19,19,19,19,19,19,19,19,19,19
61bc29302bc46a14d2c8d441,66d1cc19e912b5e08a79e8a4,BERETTA FARMS,DELIVERLOAD,False,17,17,17,17,17,17,17,17,17,17,17,17,17,17,17,17,17,17,17,17,17,17,17,17,17
61bc29302bc46a14d2c8d441,66d1cc19e912b5e08a79e8a4,BERETTA FARMS,DELIVERLOAD,True,100,100,100,100,100,100,100,100,100,100,100,100,100,100,100,100,100,100,100,100,100,100,100,100,100
61bc29302bc46a14d2c8d441,6830898fd6ce47ebe3e213d3,BEST ASIA - 41 Ave,DELIVERLOAD,False,15,15,15,15,15,15,15,15,15,15,15,15,15,15,15,15,15,15,15,15,15,15,15,15,15
61bc29302bc46a14d2c8d441,6830898fd6ce47ebe3e213d3,BEST ASIA - 41 Ave,HOOKCONTAINER,False,15,15,15,15,15,15,15,15,15,15,15,15,15,15,15,15,15,15,15,15,15,15,15,15,15
61bc29302bc46a14d2c8d441,62f01b92972272162b2dbf63,BEST ASIA DAY CAB,DELIVERLOAD,False,20,20,20,20,20,20,20,20,20,20,20,20,20,20,20,20,20,20,20,20,20,20,20,20,20
61bc29302bc46a14d2c8d441,62f01b92972272162b2dbf63,BEST ASIA DAY CAB,HOOKCONTAINER,False,11,11,11,11,11,11,11,11,11,11,11,11,11,11,11,11,11,11,11,11,11,11,11,11,11
61bc29302bc46a14d2c8d441,6723f1bf9cd3009586380abe,BEST ASIA - PACIFIC,DELIVERLOAD,False,29,29,29,29,29,29,29,29,29,29,29,29,29,29,29,29,29,29,29,29,29,29,29,29,29
61bc29302bc46a14d2c8d441,6723f1bf9cd3009586380abe,BEST ASIA - PACIFIC,HOOKCONTAINER,False,65,65,65,65,65,65,65,65,65,65,65,65,65,65,65,65,65,65,65,65,65,65,65,65,65
61bc29302bc46a14d2c8d441,689cacb4153fd26c6017af4a,BEST CHOICE TIRES #2,HOOKCONTAINER,False,19,19,19,19,19,19,19,19,19,19,19,19,19,19,19,19,19,19,19,19,19,19,19,19,19
61bc29302bc46a14d2c8d441,656638b4d38b5d1656f50d1e,BEST CHOICE TIRES INC,DELIVERLOAD,False,5,5,5,5,5,5,5,5,5,5,5,5,5,5,5,5,5,5,5,5,5,5,5,5,5
61bc29302bc46a14d2c8d441,656638b4d38b5d1656f50d1e,BEST CHOICE TIRES INC,HOOKCONTAINER,False,28,28,28,28,28,28,28,28,28,28,28,28,28,28,28,28,28,28,28,28,28,28,28,28,28
61bc29302bc46a14d2c8d441,67c89048257f7ca9a0e37f76,BEST ENVIROMENTAL TECHNOLOGIES INC,DELIVERLOAD,True,60,60,60,60,60,60,60,60,60,60,60,60,60,60,60,60,60,60,60,60,60,60,60,60,60
61bc29302bc46a14d2c8d441,680800a100e838a2fe8d4cfe,BEST LIGHTING PRODUCTS,DELIVERLOAD,False,17,17,17,17,17,17,17,17,17,17,17,17,17,17,17,17,17,17,17,17,17,17,17,17,17
61bc29302bc46a14d2c8d441,67a10a76a33dda3a6bff7840,Best Office Inc c/o Gong Cha Calgary,DELIVERLOAD,False,17,17,17,17,17,17,17,17,17,17,17,17,17,17,17,17,17,17,17,17,17,17,17,17,17
61bc29302bc46a14d2c8d441,6310cbe28552e316044268be,BEST PLUMBING & HEATING,DELIVERLOAD,False,12,12,12,12,12,12,12,12,12,12,12,12,12,12,12,12,12,12,12,12,12,12,12,12,12
61bc29302bc46a14d2c8d441,6310cbe28552e316044268be,BEST PLUMBING & HEATING,HOOKCONTAINER,False,8,8,8,8,8,8,8,8,8,8,8,8,8,8,8,8,8,8,8,8,8,8,8,8,8
61bc29302bc46a14d2c8d441,636525845aeb2b15d23b34e3,BETHEL WINDOWS & DOORS LTD,DELIVERLOAD,False,17,17,17,17,17,17,17,17,17,17,17,17,17,17,17,17,17,17,17,17,17,17,17,17,17
61bc29302bc46a14d2c8d441,636525845aeb2b15d23b34e3,BETHEL WINDOWS & DOORS LTD,DELIVERLOAD,True,60,60,60,60,60,60,60,60,60,60,60,60,60,60,60,60,60,60,60,60,60,60,60,60,60
61bc29302bc46a14d2c8d441,673b793a501cdef2287455c4,BEVO FARMS - MEDICINE HAT,DELIVERLOAD,True,59,59,59,59,59,59,59,59,59,59,59,59,59,59,59,59,59,59,59,59,59,59,59,59,59
61bc29302bc46a14d2c8d441,6442b9d9b669bd160697da3f,BEVO SKY/BEVO FARMS,DELIVERLOAD,False,17,17,17,17,17,17,17,17,17,17,17,17,17,17,17,17,17,17,17,17,17,17,17,17,17
61bc29302bc46a14d2c8d441,6442b9d9b669bd160697da3f,BEVO SKY/BEVO FARMS,DELIVERLOAD,True,73,73,73,73,73,73,73,73,73,73,73,73,73,73,73,73,73,73,73,73,73,73,73,73,73
61bc29302bc46a14d2c8d441,659c75baf75ba86c20b8c989,BHATIA CLOTH (DAY CAB),DELIVERLOAD,True,60,60,60,60,60,60,60,60,60,60,60,60,60,60,60,60,60,60,60,60,60,60,60,60,60
61bc29302bc46a14d2c8d441,63a5f73e4fe063160d8b9d66,BHATIA CLOTH HOUSE *DAY CAB ONLY,DELIVERLOAD,False,4,4,4,4,4,4,4,4,4,4,4,4,4,4,4,4,4,4,4,4,4,4,4,4,4
61bc29302bc46a14d2c8d441,63a5f73e4fe063160d8b9d66,BHATIA CLOTH HOUSE *DAY CAB ONLY,HOOKCONTAINER,False,86,86,86,86,86,86,86,86,86,86,86,86,86,86,86,86,86,86,86,86,86,86,86,86,86
61bc29302bc46a14d2c8d441,65d76a3f82abd7e980ab1b55,BHD TUBULAR LTD. / Yard Hours 8 am to 3 pm,DELIVERLOAD,True,70,70,70,70,70,70,70,70,70,70,70,70,70,70,70,70,70,70,70,70,70,70,70,70,70
61bc29302bc46a14d2c8d441,63b730e855ba3615e54df32f,BHJ,DELIVERLOAD,True,36,36,36,36,36,36,36,36,36,36,36,36,36,36,36,36,36,36,36,36,36,36,36,36,36
61bc29302bc46a14d2c8d441,62e18462fd66a715d5391660,BIBBY,DELIVERLOAD,True,54,54,54,54,54,54,54,54,54,54,54,54,54,54,54,54,54,54,54,54,54,54,54,54,54
61bc29302bc46a14d2c8d441,683f352ceed6373d4b3dd750,BICO DRILLING TOOLS - NISKU,DELIVERLOAD,True,60,60,60,60,60,60,60,60,60,60,60,60,60,60,60,60,60,60,60,60,60,60,60,60,60
61bc29302bc46a14d2c8d441,665f575e83e4d2373b3c5be7,BIG STEEL BOX - 403-998-2845,DELIVERLOAD,False,17,17,17,17,17,17,17,17,17,17,17,17,17,17,17,17,17,17,17,17,17,17,17,17,17
61bc29302bc46a14d2c8d441,665f575e83e4d2373b3c5be7,BIG STEEL BOX - 403-998-2845,RETURNCONTAINER,False,9,9,9,9,9,9,9,9,9,9,9,9,9,9,9,9,9,9,9,9,9,9,9,9,9
61bc29302bc46a14d2c8d441,62b21cc277508313dacddec4,BIG STEEL BOX - EDMONTON,RETURNCONTAINER,False,22,22,22,22,22,22,22,22,22,22,22,22,22,22,22,22,22,22,22,22,22,22,22,22,22
61bc29302bc46a14d2c8d441,688a60ea87865b0babc70124,BIG STEEL BOX - RED DEER,DELIVERLOAD,False,12,12,12,12,12,12,12,12,12,12,12,12,12,12,12,12,12,12,12,12,12,12,12,12,12
61bc29302bc46a14d2c8d441,688a60ea87865b0babc70124,BIG STEEL BOX - RED DEER,HOOKCONTAINER,False,5,5,5,5,5,5,5,5,5,5,5,5,5,5,5,5,5,5,5,5,5,5,5,5,5
61bc29302bc46a14d2c8d441,685325a53bc30512bd823c5b,BILBERG IMPORTS,DELIVERLOAD,False,27,27,27,27,27,27,27,27,27,27,27,27,27,27,27,27,27,27,27,27,27,27,27,27,27
61bc29302bc46a14d2c8d441,685325a53bc30512bd823c5b,BILBERG IMPORTS,DELIVERLOAD,True,106,106,106,106,106,106,106,106,106,106,106,106,106,106,106,106,106,106,106,106,106,106,106,106,106
61bc29302bc46a14d2c8d441,685325a53bc30512bd823c5b,BILBERG IMPORTS,HOOKCONTAINER,False,6,6,6,6,6,6,6,6,6,6,6,6,6,6,6,6,6,6,6,6,6,6,6,6,6
61bc29302bc46a14d2c8d441,67dc3b1b09eb4b9ec4837278,BIONEUTRA NORTH AMERICA,DELIVERLOAD,True,147,147,147,147,147,147,147,147,147,147,147,147,147,147,147,147,147,147,147,147,147,147,147,147,147
61bc29302bc46a14d2c8d441,6655e69c7b7000da5e11f53b,BIZI TRANSPORT INC. (CONSIGNEE),DELIVERLOAD,False,35,35,35,35,35,35,35,35,35,35,35,35,35,35,35,35,35,35,35,35,35,35,35,35,35
61bc29302bc46a14d2c8d441,6655e69c7b7000da5e11f53b,BIZI TRANSPORT INC. (CONSIGNEE),DELIVERLOAD,True,73,73,73,73,73,73,73,73,73,73,73,73,73,73,73,73,73,73,73,73,73,73,73,73,73
61bc29302bc46a14d2c8d441,62e5821759f76d15e3ef02ed,BLACK EARTH HALKIRK,DELIVERLOAD,True,60,60,60,60,60,60,60,60,60,60,60,60,60,60,60,60,60,60,60,60,60,60,60,60,60
61bc29302bc46a14d2c8d441,62b629558d506713a275fb2d,BLACK EARTH RYLEY,DELIVERLOAD,True,148,148,148,148,148,148,148,148,148,148,148,148,148,148,148,148,148,148,148,148,148,148,148,148,148
61bc29302bc46a14d2c8d441,63054f4159481415c14560c9,BLACKFOOT DROP,DELIVERLOAD,False,5,5,5,5,5,5,5,5,5,5,4,7,4,5,4,3,4,7,5,5,5,5,5,5,5
61bc29302bc46a14d2c8d441,63054f4159481415c14560c9,BLACKFOOT DROP,HOOKCONTAINER,False,14,14,14,14,14,14,14,14,14,12,13,28,16,6,7,31,17,10,14,14,14,14,14,14,14
61bc29302bc46a14d2c8d441,63054b089698d015aef1dcbe,BLACKFOOT METALS,DELIVERLOAD,False,5,5,5,5,5,5,5,5,5,5,4,5,5,5,3,5,5,5,5,5,5,5,5,5,5
61bc29302bc46a14d2c8d441,63054b089698d015aef1dcbe,BLACKFOOT METALS,HOOKCONTAINER,False,19,19,19,19,19,19,19,19,19,19,19,19,35,19,19,19,19,19,19,19,19,19,19,19,19
61bc29302bc46a14d2c8d441,6751fd43fc1fa5218653ef72,BLINDFULLY WINDOW COVERINGS,DELIVERLOAD,False,21,21,21,21,21,21,21,21,21,21,21,21,21,21,21,21,21,21,21,21,21,21,21,21,21
61bc29302bc46a14d2c8d441,6751fd43fc1fa5218653ef72,BLINDFULLY WINDOW COVERINGS,HOOKCONTAINER,False,15,15,15,15,15,15,15,15,15,15,15,15,15,15,15,15,15,15,15,15,15,15,15,15,15
61bc29302bc46a14d2c8d441,6883987b89c294ae49ae3420,BLOOMEX CALGARY,DELIVERLOAD,False,14,14,14,14,14,14,14,14,14,14,14,14,14,14,14,14,14,14,14,14,14,14,14,14,14
61bc29302bc46a14d2c8d441,6883987b89c294ae49ae3420,BLOOMEX CALGARY,HOOKCONTAINER,False,6,6,6,6,6,6,6,6,6,6,6,6,6,6,6,6,6,6,6,6,6,6,6,6,6
61bc29302bc46a14d2c8d441,62b6298a9058816625b06c3a,BLUE FALLS MFG,DELIVERLOAD,True,101,101,101,101,101,101,101,101,101,101,101,101,101,101,101,101,101,101,101,101,101,101,101,101,101
61bc29302bc46a14d2c8d441,62b629aa8d506713a275fb69,BLUEWATER,DELIVERLOAD,True,55,55,55,55,55,55,55,55,55,55,55,55,55,55,55,55,55,55,55,55,55,55,55,55,55
61bc29302bc46a14d2c8d441,66db24835b16c97ea8a905e1,BMP SUPPLIES,DELIVERLOAD,False,30,30,30,30,30,30,30,30,30,30,30,30,30,30,30,30,30,30,30,30,30,30,30,30,30
61bc29302bc46a14d2c8d441,66db24835b16c97ea8a905e1,BMP SUPPLIES,HOOKCONTAINER,False,13,13,13,13,13,13,13,13,13,13,13,13,13,13,13,13,13,13,13,13,13,13,13,13,13
61bc29302bc46a14d2c8d441,63a4ed8bbe2f2915e3bece55,Boese Auto Electric Service,DELIVERLOAD,True,44,44,44,44,44,44,44,44,44,44,44,44,44,44,44,44,44,44,44,44,44,44,44,44,44
61bc29302bc46a14d2c8d441,66a6843030470e54716f1d9b,BOOT-BOY,DELIVERLOAD,False,17,17,17,17,17,17,17,17,17,17,17,17,17,17,17,17,17,17,17,17,17,17,17,17,17
61bc29302bc46a14d2c8d441,66a6843030470e54716f1d9b,BOOT-BOY,HOOKCONTAINER,False,54,54,54,54,54,54,54,54,54,54,54,54,54,54,54,54,54,54,54,54,54,54,54,54,54
61bc29302bc46a14d2c8d441,686be9cfbc3944492c0168c8,BOWDEN INSTITUTION,DELIVERLOAD,True,116,116,116,116,116,116,116,116,116,116,116,116,116,116,116,116,116,116,116,116,116,116,116,116,116
61bc29302bc46a14d2c8d441,656504fda5b0bf16784d47cc,BOW VALLEY SANITATION,DELIVERLOAD,False,17,17,17,17,17,17,17,17,17,17,17,17,17,17,17,17,17,17,17,17,17,17,17,17,17
61bc29302bc46a14d2c8d441,6769a6947c7ed48e003adc74,BP EDMONTON - 49 STREET,DELIVERLOAD,True,82,82,82,82,82,82,82,82,82,82,82,82,82,82,82,82,82,82,82,82,82,82,82,82,82
61bc29302bc46a14d2c8d441,6406684f13852b15d4ff11a6,BRANDT TRACTOR - DELIVERY,DELIVERLOAD,True,66,66,66,66,66,66,66,66,66,66,66,66,66,66,66,66,66,66,66,66,66,66,66,66,66
61bc29302bc46a14d2c8d441,64066f9f9a88c016318e88db,BRANDT TRACTOR LTD - CAL,DELIVERLOAD,True,136,136,136,136,136,136,136,136,136,136,136,136,136,136,136,136,136,136,136,136,136,136,136,136,136
61bc29302bc46a14d2c8d441,63fa93fd3221fc14a43d63a3,BRANDT TRACTOR LTD - EDM,DELIVERLOAD,True,63,63,63,63,63,63,63,63,63,63,63,63,63,63,63,63,63,63,63,63,63,63,63,63,63
61bc29302bc46a14d2c8d441,67e185406ad7368e3204ec16,BREATHE OUTDOORS,DELIVERLOAD,True,98,98,98,98,98,98,98,98,98,98,98,98,98,98,98,98,98,98,98,98,98,98,98,98,98
61bc29302bc46a14d2c8d441,6633e2a197a05e346382fe3d,BRENNTAG CALGARY,DELIVERLOAD,True,67,67,67,67,67,67,67,67,67,67,67,67,67,67,67,67,67,67,67,67,67,67,67,67,67
61bc29302bc46a14d2c8d441,6384f6818027271615eeecda,BRENNTAG CANADA INC - EDM,HOOKCONTAINER,False,12,12,12,12,12,12,12,12,12,12,12,12,12,12,12,12,12,12,12,12,12,12,12,12,12
61bc29302bc46a14d2c8d441,636bf6e495b94e160567f04f,BRENNTAG CANADA INC - LEDUC 42ST,DELIVERLOAD,False,62,62,62,62,62,62,62,62,62,62,62,62,62,62,62,62,62,62,62,62,62,62,62,62,62
61bc29302bc46a14d2c8d441,636bf6e495b94e160567f04f,BRENNTAG CANADA INC - LEDUC 42ST,DELIVERLOAD,True,50,50,50,50,50,50,50,50,50,50,50,50,50,50,50,50,50,50,50,50,50,50,50,50,50
61bc29302bc46a14d2c8d441,6400ef869f9e3515b05b06b4,BRENNTAGG CANADA - LEDUC 45ST,DELIVERLOAD,False,17,17,17,17,17,17,17,17,17,17,17,17,17,17,17,17,17,17,17,17,17,17,17,17,17
61bc29302bc46a14d2c8d441,6400ef869f9e3515b05b06b4,BRENNTAGG CANADA - LEDUC 45ST,DELIVERLOAD,True,71,71,71,71,71,71,71,71,71,71,71,71,71,71,71,71,71,71,71,71,71,71,71,71,71
61bc29302bc46a14d2c8d441,65774c08a4a7d016041971ee,BRENNTAGG CANADA - LEDUC 45ST (#2),DELIVERLOAD,True,60,60,60,60,60,60,60,60,60,60,60,60,60,60,60,60,60,60,60,60,60,60,60,60,60
61bc29302bc46a14d2c8d441,63892e533ffae31659775158,BRI-CHEM SUPPLY LTD - BLACKFALDS NO PHONE CALLS PLS,DELIVERLOAD,False,87,87,87,87,87,87,87,87,87,87,87,87,87,87,87,87,87,87,87,87,87,87,87,87,87
61bc29302bc46a14d2c8d441,63892e533ffae31659775158,BRI-CHEM SUPPLY LTD - BLACKFALDS NO PHONE CALLS PLS,DELIVERLOAD,True,99,99,99,99,99,99,99,99,99,99,99,99,99,99,99,99,99,99,99,99,99,99,99,99,99
61bc29302bc46a14d2c8d441,65cbc44c2b2635133cedbca3,BRI-STEEL,DELIVERLOAD,False,41,41,41,41,41,41,41,41,41,41,41,41,41,30,59,41,41,41,41,41,41,41,41,41,41
61bc29302bc46a14d2c8d441,65cbc44c2b2635133cedbca3,BRI-STEEL,DELIVERLOAD,True,39,39,39,39,39,39,39,39,39,44,44,30,55,35,60,35,39,39,39,39,39,39,39,39,39
61bc29302bc46a14d2c8d441,63fe51a17124b115f1b003ad,BROOKS TRANSPORTATION LTD,DELIVERLOAD,False,8,8,8,8,8,8,8,8,8,8,8,8,8,8,8,8,8,6,8,8,8,8,8,8,8
61bc29302bc46a14d2c8d441,63fe51a17124b115f1b003ad,BROOKS TRANSPORTATION LTD,HOOKCONTAINER,False,18,18,18,18,18,18,18,18,18,18,74,18,18,18,18,20,18,18,18,18,18,18,18,18,18
61bc29302bc46a14d2c8d441,689e4ca0692e046b28187666,BROTHERS TIRE SERVICE,DELIVERLOAD,False,49,49,49,49,49,49,49,49,49,49,49,49,49,49,49,49,49,49,49,49,49,49,49,49,49
61bc29302bc46a14d2c8d441,65e231563ee157434f558d44,BROTHER'S TRUCK & TRAILER SERVICES LTD.,DELIVERLOAD,False,4,4,4,4,4,4,4,4,4,4,4,4,4,4,4,4,4,4,4,4,4,4,4,4,4
61bc29302bc46a14d2c8d441,65e231563ee157434f558d44,BROTHER'S TRUCK & TRAILER SERVICES LTD.,HOOKCONTAINER,False,11,11,11,11,11,11,11,11,11,11,11,11,11,11,11,11,11,11,11,11,11,11,11,11,11
61bc29302bc46a14d2c8d441,665770d3ea8e635b6fd6b098,BRYTOR INTERNATIONAL MOVING - CAL (CONSIGNEE),DELIVERLOAD,False,13,13,13,13,13,13,13,13,13,13,13,5,13,13,13,13,13,13,13,13,13,13,13,13,13
61bc29302bc46a14d2c8d441,665770d3ea8e635b6fd6b098,BRYTOR INTERNATIONAL MOVING - CAL (CONSIGNEE),DELIVERLOAD,True,37,37,37,37,37,37,37,37,37,37,37,37,37,37,37,37,37,37,37,37,37,37,37,37,37
61bc29302bc46a14d2c8d441,665770d3ea8e635b6fd6b098,BRYTOR INTERNATIONAL MOVING - CAL (CONSIGNEE),HOOKCONTAINER,False,38,38,38,38,38,38,38,38,38,38,16,38,38,38,38,50,38,42,38,38,38,38,38,38,38
61bc29302bc46a14d2c8d441,66df2ed72b830dfd08b887f1,BSG CARRIER,DELIVERLOAD,True,47,47,47,47,47,47,47,47,47,47,47,47,47,47,47,47,47,47,47,47,47,47,47,47,47
61bc29302bc46a14d2c8d441,62e5634e59f76d15e3eef981,BUCHANAN RUBBER,DELIVERLOAD,False,11,11,11,11,11,11,11,11,11,11,11,11,11,11,11,11,11,11,11,11,11,11,11,11,11
61bc29302bc46a14d2c8d441,62e5634e59f76d15e3eef981,BUCHANAN RUBBER,DELIVERLOAD,True,45,45,45,45,45,45,45,45,45,45,45,45,45,45,45,45,45,45,45,45,45,45,45,45,45
61bc29302bc46a14d2c8d441,62e5634e59f76d15e3eef981,BUCHANAN RUBBER,HOOKCONTAINER,False,12,12,12,12,12,12,12,12,12,12,12,12,12,12,12,12,12,7,11,12,12,12,12,12,12
61bc29302bc46a14d2c8d441,63f545039642bd15e04e9fae,BUCKWOLD WESTERN,DELIVERLOAD,False,21,21,21,21,21,21,21,21,21,21,21,21,21,21,21,21,21,21,21,21,21,21,21,21,21
61bc29302bc46a14d2c8d441,63f545039642bd15e04e9fae,BUCKWOLD WESTERN,DELIVERLOAD,True,45,45,45,45,45,45,45,45,45,45,45,45,45,45,45,45,45,45,45,45,45,45,45,45,45
61bc29302bc46a14d2c8d441,63f545039642bd15e04e9fae,BUCKWOLD WESTERN,HOOKCONTAINER,False,37,37,37,37,37,37,37,37,37,37,37,37,37,37,37,37,37,37,37,37,37,37,37,37,37
61bc29302bc46a14d2c8d441,63ffc4b89849d6160a929aa4,BUCKWOLD WESTERN - DOOR# 10,DELIVERLOAD,False,7,7,7,7,7,7,7,7,7,7,7,7,7,7,7,7,7,7,7,7,7,7,7,7,7
61bc29302bc46a14d2c8d441,63ffc4b89849d6160a929aa4,BUCKWOLD WESTERN - DOOR# 10,DELIVERLOAD,True,33,33,33,33,33,33,33,33,33,30,33,33,33,33,33,33,33,33,33,33,33,33,33,33,33
61bc29302bc46a14d2c8d441,63ffc4b89849d6160a929aa4,BUCKWOLD WESTERN - DOOR# 10,HOOKCONTAINER,False,32,32,32,32,32,32,32,32,32,32,32,32,32,32,32,32,32,32,32,32,32,32,32,32,32
61bc29302bc46a14d2c8d441,67081f188887b8c6b75ea64d,BUILDING PRODUCTS OF CANADA,DELIVERLOAD,True,91,91,91,91,91,91,91,91,91,91,91,91,91,91,91,91,91,91,91,91,91,91,91,91,91
61bc29302bc46a14d2c8d441,682203f2104590cffa45ab54,BUMPER TO BUMPER DISTRIBUTION- UNIT 110,DELIVERLOAD,True,51,51,51,51,51,51,51,51,51,51,51,51,51,51,51,51,51,51,51,51,51,51,51,51,51
61bc29302bc46a14d2c8d441,646f7f869bda011655e73d95,BYB IMPEX LTD,DELIVERLOAD,False,17,17,17,17,17,17,17,17,17,17,17,17,17,17,17,17,17,17,17,17,17,17,17,17,17
61bc29302bc46a14d2c8d441,646f7f869bda011655e73d95,BYB IMPEX LTD,HOOKCONTAINER,False,54,54,54,54,54,54,54,54,54,54,54,54,54,54,54,54,54,54,54,54,54,54,54,54,54
61bc29302bc46a14d2c8d441,67f3dea43593ab03a3e0c5ba,C-5 Chadd Contractors,DELIVERLOAD,True,126,126,126,126,126,126,126,126,126,126,126,126,126,126,126,126,126,126,126,126,126,126,126,126,126
61bc29302bc46a14d2c8d441,62e803882a7ede15e051b4f4,CABELA'S CANADA CALGARY,DELIVERLOAD,False,10,10,10,10,10,10,10,10,10,10,10,10,10,10,10,10,10,10,10,10,10,10,10,10,10
61bc29302bc46a14d2c8d441,62e803882a7ede15e051b4f4,CABELA'S CANADA CALGARY,HOOKCONTAINER,False,13,13,13,13,13,13,13,13,13,13,13,13,13,13,13,13,13,13,13,13,13,13,13,13,13
61bc29302bc46a14d2c8d441,6843501b7e4e7237b7718852,CALGARY AIRPORT/AES - UNIT# 10,DELIVERLOAD,True,105,105,105,105,105,105,105,105,105,105,105,105,105,105,105,105,105,105,105,105,105,105,105,105,105
61bc29302bc46a14d2c8d441,66f43d62ea2664b68ae1b7cf,CALGARY DISTRICT HEATING #2,DELIVERLOAD,False,17,17,17,17,17,17,17,17,17,17,17,17,17,17,17,17,17,17,17,17,17,17,17,17,17
61bc29302bc46a14d2c8d441,66f43d62ea2664b68ae1b7cf,CALGARY DISTRICT HEATING #2,DELIVERLOAD,True,60,60,60,60,60,60,60,60,60,60,60,60,60,60,60,60,60,60,60,60,60,60,60,60,60
61bc29302bc46a14d2c8d441,65158a50e33a65163f3a1498,CALGARY METAL - 2828,DELIVERLOAD,True,131,131,131,131,131,131,131,131,131,131,131,131,131,131,131,131,131,131,131,131,131,131,131,131,131
61bc29302bc46a14d2c8d441,65fc8e0d420a26764620de6b,CALGARY METAL RECYCLING (CONSIGNEE),DELIVERLOAD,False,17,17,17,17,17,17,17,17,17,17,17,17,17,17,17,17,17,17,17,17,17,17,17,17,17
61bc29302bc46a14d2c8d441,65fc8e0d420a26764620de6b,CALGARY METAL RECYCLING (CONSIGNEE),DELIVERLOAD,True,93,93,93,93,93,93,93,93,93,93,96,114,121,88,106,78,85,93,93,93,93,93,93,93,93
61bc29302bc46a14d2c8d441,65fc8e0d420a26764620de6b,CALGARY METAL RECYCLING (CONSIGNEE),HOOKCONTAINER,False,62,62,62,62,62,62,62,62,62,62,62,62,62,62,62,62,62,62,62,62,62,62,62,62,62
61bc29302bc46a14d2c8d441,6581bd2ce89ceb166d0eec55,CALGARY TRACPARTS LTD,DELIVERLOAD,True,60,60,60,60,60,60,60,60,60,60,60,60,60,60,60,60,60,60,60,60,60,60,60,60,60
61bc29302bc46a14d2c8d441,62b62d11cb0e4613b0674635,CALGARY TRACTORLAND LTD.,DELIVERLOAD,True,34,34,34,34,34,34,34,34,34,34,34,34,34,34,34,34,34,34,34,34,34,34,34,34,34
61bc29302bc46a14d2c8d441,62ec17584a516815ea513fbe,Campbell R&B Moving,DELIVERLOAD,True,60,60,60,60,60,60,60,60,60,60,60,60,60,60,60,60,60,60,60,60,60,60,60,60,60
61bc29302bc46a14d2c8d441,68657b9d49092c457272a264,CANADA ETERNAL GROUP - UNIT# 5,DELIVERLOAD,False,20,20,20,20,20,20,20,20,20,20,20,20,20,20,20,20,20,20,20,20,20,20,20,20,20
61bc29302bc46a14d2c8d441,6655e83136a850d4cf9f880b,CANADA MALTING CO. LIMITED (CONSIGNEE),DELIVERLOAD,False,83,83,83,83,83,83,83,83,83,83,83,83,83,83,83,83,83,83,83,83,83,83,83,83,83
61bc29302bc46a14d2c8d441,6655e83136a850d4cf9f880b,CANADA MALTING CO. LIMITED (CONSIGNEE),DELIVERLOAD,True,105,105,105,105,105,105,105,105,105,105,105,105,105,105,105,105,105,105,105,105,105,105,105,105,105
61bc29302bc46a14d2c8d441,6655e83136a850d4cf9f880b,CANADA MALTING CO. LIMITED (CONSIGNEE),HOOKCONTAINER,False,35,35,35,35,35,35,35,35,35,35,35,35,35,35,35,35,35,35,35,35,35,35,35,35,35
61bc29302bc46a14d2c8d441,62e81ccb5c28f7161018974e,CANADIAN ENERGY AND POWER,DELIVERLOAD,True,60,60,60,60,60,60,60,60,60,60,60,60,60,60,60,60,60,60,60,60,60,60,60,60,60
61bc29302bc46a14d2c8d441,673bc390ad76e6b89a820450,CANADIAN HAY & SILAGE LTD - BARRHEAD,DELIVERLOAD,False,17,17,17,17,17,17,17,17,17,17,17,17,17,17,17,17,17,17,17,17,17,17,17,17,17
61bc29302bc46a14d2c8d441,673bc390ad76e6b89a820450,CANADIAN HAY & SILAGE LTD - BARRHEAD,DELIVERLOAD,True,81,81,81,81,81,81,81,81,81,81,81,81,81,81,81,81,81,81,81,81,81,81,81,81,81
61bc29302bc46a14d2c8d441,6812974112e8547790a4c21a,CANADIAN MANOR DEVELOPMENT - PRIVATE RESIDENCE,HOOKCONTAINER,False,15,15,15,15,15,15,15,15,15,15,15,15,15,15,15,15,15,15,15,15,15,15,15,15,15
61bc29302bc46a14d2c8d441,644edc7d3fba131669d5d053,Canadian Pups Franchise,DELIVERLOAD,False,86,86,86,86,86,86,86,86,86,86,86,86,86,86,86,86,86,86,86,86,86,86,86,86,86
61bc29302bc46a14d2c8d441,644edc7d3fba131669d5d053,Canadian Pups Franchise,DELIVERLOAD,True,77,77,77,77,77,77,77,77,77,77,77,77,77,77,77,77,77,77,77,77,77,77,77,77,77
61bc29302bc46a14d2c8d441,644edc7d3fba131669d5d053,Canadian Pups Franchise,HOOKCONTAINER,False,5,5,5,5,5,5,5,5,5,5,5,5,5,5,5,5,5,5,5,5,5,5,5,5,5
61bc29302bc46a14d2c8d441,680139f4fc8f8fddd79ccaea,CANADIAN PUPS FRANCHISE CUBEIT SPRUCE GROVE,DELIVERLOAD,False,17,17,17,17,17,17,17,17,17,17,17,17,17,17,17,17,17,17,17,17,17,17,17,17,17
61bc29302bc46a14d2c8d441,62b62ddb8d506713a27600b0,CANALTA CONTROLS LTD.,DELIVERLOAD,True,52,52,52,52,52,52,52,52,52,52,52,52,52,52,52,52,52,52,52,52,52,52,52,52,52
61bc29302bc46a14d2c8d441,6655e892c60ec2e33dd12561,CANCARB LIMITED (CONSIGNEE),DELIVERLOAD,False,46,46,46,46,46,46,46,46,46,46,46,46,46,37,46,46,46,46,46,46,46,46,46,46,46
61bc29302bc46a14d2c8d441,6655e892c60ec2e33dd12561,CANCARB LIMITED (CONSIGNEE),DELIVERLOAD,True,11,11,11,11,11,11,11,11,11,11,11,11,11,11,11,11,11,11,11,11,11,11,11,11,11
61bc29302bc46a14d2c8d441,63ea797b14ba5716481a6db6,CAN INDUSTRIAL - NISKU,DELIVERLOAD,True,53,53,53,53,53,53,53,53,53,53,53,53,53,53,53,53,53,53,53,53,53,53,53,53,53
61bc29302bc46a14d2c8d441,67914ba38a88078e11421e3e,CANMORE RESIDENCE * DAY CAB,DELIVERLOAD,False,17,17,17,17,17,17,17,17,17,17,17,17,17,17,17,17,17,17,17,17,17,17,17,17,17
61bc29302bc46a14d2c8d441,66c38905142d241999bbd0d2,CAPITAL OILFIELD EQUIPMENT INC,DELIVERLOAD,True,85,85,85,85,85,85,85,85,85,85,85,85,85,85,85,85,85,85,85,85,85,85,85,85,85
61bc29302bc46a14d2c8d441,64ea5739abfda3160dff5941,CAPTAIN SPORTS,DELIVERLOAD,False,20,20,20,20,20,20,20,20,20,20,20,20,20,20,20,20,20,20,20,20,20,20,20,20,20
61bc29302bc46a14d2c8d441,64ea5739abfda3160dff5941,CAPTAIN SPORTS,HOOKCONTAINER,False,20,20,20,20,20,20,20,20,20,20,20,20,20,20,20,20,20,20,20,20,20,20,20,20,20
61bc29302bc46a14d2c8d441,6317bdee9a7e7f15ee5d5d70,CARGILL HIGH RIVER,DELIVERLOAD,True,147,147,147,147,147,147,147,147,147,147,147,147,147,147,147,147,147,147,147,147,147,147,147,147,147
61bc29302bc46a14d2c8d441,67420096ee01b476a59e59ad,CARMANAH SIGNS,DELIVERLOAD,False,23,23,23,23,23,23,23,23,23,23,23,23,23,23,23,23,23,23,23,23,23,23,23,23,23
61bc29302bc46a14d2c8d441,67420096ee01b476a59e59ad,CARMANAH SIGNS,DELIVERLOAD,True,29,29,29,29,29,29,29,29,29,29,29,29,29,29,29,29,29,29,29,29,29,29,29,29,29
61bc29302bc46a14d2c8d441,6675d0656f8557e9bebcb7de,Cartwright Lighting,DELIVERLOAD,False,21,21,21,21,21,21,21,21,21,21,21,21,21,21,21,21,21,21,21,21,21,21,21,21,21
61bc29302bc46a14d2c8d441,6675d0656f8557e9bebcb7de,Cartwright Lighting,HOOKCONTAINER,False,16,16,16,16,16,16,16,16,16,16,16,16,16,16,16,16,16,16,16,16,16,16,16,16,16
61bc29302bc46a14d2c8d441,67eaca5f0abe02eb1cba7f9c,CARWELL INDUSDTIRES WAREHOUSE - LETHBRIDGE,DELIVERLOAD,True,124,124,124,124,124,124,124,124,124,124,124,124,124,124,124,124,124,124,124,124,124,124,124,124,124
61bc29302bc46a14d2c8d441,688ceb70ff2923e7b153ac4a,CARWELL INDUSTRIES - SPRUCE GROVE,DELIVERLOAD,False,17,17,17,17,17,17,17,17,17,17,17,17,17,17,17,17,17,17,17,17,17,17,17,17,17
61bc29302bc46a14d2c8d441,6328d7160eed5815f1126298,CASCADES EDMONTON - ONLY 23TX CHASSIS,DELIVERLOAD,False,64,64,64,64,64,64,64,64,64,64,44,64,64,64,64,64,64,64,64,64,64,64,64,64,64
61bc29302bc46a14d2c8d441,6328d7160eed5815f1126298,CASCADES EDMONTON - ONLY 23TX CHASSIS,DELIVERLOAD,True,71,71,71,71,71,71,71,71,71,55,73,80,75,62,82,84,62,71,71,71,71,71,71,71,71
61bc29302bc46a14d2c8d441,62b62e6dcb0e4613b06747c2,CASCADES RECOVERY,DELIVERLOAD,False,76,76,76,76,76,76,76,76,76,76,76,76,76,76,76,76,76,76,76,76,76,76,76,76,76
61bc29302bc46a14d2c8d441,62b62e6dcb0e4613b06747c2,CASCADES RECOVERY,DELIVERLOAD,True,66,66,66,66,66,66,66,66,66,69,67,67,62,71,61,60,54,66,66,66,66,66,66,66,66
61bc29302bc46a14d2c8d441,62b62e6dcb0e4613b06747c2,CASCADES RECOVERY,HOOKCONTAINER,False,86,86,86,86,86,86,86,86,86,86,86,86,86,86,86,86,86,86,86,86,86,86,86,86,86
61bc29302bc46a14d2c8d441,684354bf9fdbddcb59626de6,CASCADIA METALS LTD - COSIGNEE,DELIVERLOAD,False,33,33,33,33,33,33,33,33,33,33,35,32,72,33,33,33,33,33,33,33,33,33,33,33,33
61bc29302bc46a14d2c8d441,684354bf9fdbddcb59626de6,CASCADIA METALS LTD - COSIGNEE,DELIVERLOAD,True,47,47,47,47,47,47,47,47,47,47,53,47,39,52,47,56,47,47,47,47,47,47,47,47,47
61bc29302bc46a14d2c8d441,642f33343f9831162b98ddff,CBS CANADIAN BIO #2,DELIVERLOAD,True,60,60,60,60,60,60,60,60,60,60,60,60,60,60,60,60,60,60,60,60,60,60,60,60,60
61bc29302bc46a14d2c8d441,62b21df265cf76116ea9d70b,C CAN STORE DEPOT - CALGARY,RETURNCONTAINER,False,13,13,13,13,13,13,13,13,13,13,13,8,12,18,11,19,15,13,13,13,13,13,13,13,13
61bc29302bc46a14d2c8d441,62b62ed49058816625b072fe,CCTF CORPORATION-warehouse,DELIVERLOAD,False,40,40,40,40,40,40,40,40,40,40,40,40,40,40,40,40,40,40,40,40,40,40,40,40,40
61bc29302bc46a14d2c8d441,62b62ed49058816625b072fe,CCTF CORPORATION-warehouse,DELIVERLOAD,True,47,47,47,47,47,47,47,47,47,49,42,36,49,47,47,47,47,47,47,47,47,47,47,47,47
61bc29302bc46a14d2c8d441,62b62ed49058816625b072fe,CCTF CORPORATION-warehouse,HOOKCONTAINER,False,12,12,12,12,12,12,12,12,12,12,12,12,12,12,12,12,12,12,12,12,12,12,12,12,12
61bc29302bc46a14d2c8d441,683decc1c8f13ba8778ccd09,CEILING CENTRE CORPORATION - EDM,HOOKCONTAINER,False,9,9,9,9,9,9,9,9,9,9,9,9,9,9,9,9,9,9,9,9,9,9,9,9,9
61bc29302bc46a14d2c8d441,62b62efdcb0e4613b0674855,CELANESE (NEW ADDRESS),DELIVERLOAD,True,60,60,60,60,60,60,60,60,60,60,60,60,60,60,60,60,60,60,60,60,60,60,60,60,60
61bc29302bc46a14d2c8d441,67a122b92a3d23e4f19a6dd6,CELLULAR WHOLESALING CO INC - BAY 7,HOOKCONTAINER,False,55,55,55,55,55,55,55,55,55,55,55,55,55,55,55,55,55,55,55,55,55,55,55,55,55
61bc29302bc46a14d2c8d441,67cf2b396dc0a966daca346d,CENTURY TIRE DISTRIBUTORS - 105AVE,DELIVERLOAD,False,12,12,12,12,12,12,12,12,12,12,12,12,12,12,12,12,12,12,12,12,12,12,12,12,12
61bc29302bc46a14d2c8d441,67cf2b396dc0a966daca346d,CENTURY TIRE DISTRIBUTORS - 105AVE,HOOKCONTAINER,False,10,10,10,10,10,10,10,10,10,10,10,10,10,10,10,10,10,10,10,10,10,10,10,10,10
61bc29302bc46a14d2c8d441,62b62f789058816625b073b0,CHAMPION PETFOODS - EDM,DELIVERLOAD,False,17,17,17,17,17,17,17,17,17,17,17,17,17,17,17,17,17,17,17,17,17,17,17,17,17
61bc29302bc46a14d2c8d441,62b62f789058816625b073b0,CHAMPION PETFOODS - EDM,DELIVERLOAD,True,110,110,110,110,110,110,110,110,110,110,94,76,110,143,94,116,87,110,110,110,110,110,110,110,110
61bc29302bc46a14d2c8d441,62b62f789058816625b073b0,CHAMPION PETFOODS - EDM,HOOKCONTAINER,False,36,36,36,36,36,36,36,36,36,36,36,36,36,36,36,36,36,36,36,36,36,36,36,36,36
61bc29302bc46a14d2c8d441,6356f56b24038715d3a050cf,CHAMPION PETFOODS LP - 92 AVE,DELIVERLOAD,False,17,17,17,17,17,17,17,17,17,17,17,17,17,17,17,17,17,17,17,17,17,17,17,17,17
61bc29302bc46a14d2c8d441,6356f56b24038715d3a050cf,CHAMPION PETFOODS LP - 92 AVE,DELIVERLOAD,True,100,100,100,100,100,100,100,100,100,131,119,86,99,104,62,100,100,100,100,100,100,100,100,100,100
61bc29302bc46a14d2c8d441,6356f56b24038715d3a050cf,CHAMPION PETFOODS LP - 92 AVE,HOOKCONTAINER,False,11,11,11,11,11,11,11,11,11,11,11,11,11,11,11,11,11,11,11,11,11,11,11,11,11
61bc29302bc46a14d2c8d441,639a0e41b0eddd163b738dc6,ChampionX,DELIVERLOAD,True,50,50,50,50,50,50,50,50,50,50,50,50,50,50,50,50,50,50,50,50,50,50,50,50,50
61bc29302bc46a14d2c8d441,64d504dcdcefeb159822b5f0,CHAMPIONX - CALGARY - Closes 2pm,DELIVERLOAD,False,3,3,3,3,3,3,3,3,3,3,3,3,3,3,3,3,3,3,3,3,3,3,3,3,3
61bc29302bc46a14d2c8d441,64d504dcdcefeb159822b5f0,CHAMPIONX - CALGARY - Closes 2pm,HOOKCONTAINER,False,28,28,28,28,28,28,28,28,28,28,34,28,28,28,28,28,28,28,28,28,28,28,28,28,28
61bc29302bc46a14d2c8d441,6511b65cb49eba16450ef632,CHARGE SOLAR - CALGARY,DELIVERLOAD,False,76,76,76,76,76,76,76,76,76,76,76,76,76,76,76,76,76,76,76,76,76,76,76,76,76
61bc29302bc46a14d2c8d441,6511b65cb49eba16450ef632,CHARGE SOLAR - CALGARY,DELIVERLOAD,True,56,56,56,56,56,56,56,56,56,56,56,56,56,56,56,56,56,56,56,56,56,56,56,56,56
61bc29302bc46a14d2c8d441,65f1b50ac5ae65f2c78572fe,CHARGE SOLAR - EDMONTON,DELIVERLOAD,True,45,45,45,45,45,45,45,45,45,45,45,45,45,45,45,45,45,45,45,45,45,45,45,45,45
61bc29302bc46a14d2c8d441,62fe486f4386ed15df5d2bef,Chemisphere Solutions,DELIVERLOAD,True,84,84,84,84,84,84,84,84,84,84,84,84,84,84,84,84,84,84,84,84,84,84,84,84,84
61bc29302bc46a14d2c8d441,66759453006999b45a138c29,CHINOOK EQUIPMENT,DELIVERLOAD,True,172,172,172,172,172,172,172,172,172,172,172,172,172,172,172,172,172,172,172,172,172,172,172,172,172
61bc29302bc46a14d2c8d441,6839d01e829e4475ec8a9a20,CHINOOK FARM INNOVATIONS - #48,DELIVERLOAD,True,82,82,82,82,82,82,82,82,82,82,82,82,82,82,82,82,82,82,82,82,82,82,82,82,82
61bc29302bc46a14d2c8d441,67b5f08ba37e6c62401e4b6c,CHRISTOPHER FENN,DELIVERLOAD,True,41,41,41,41,41,41,41,41,41,41,41,41,41,41,41,41,41,41,41,41,41,41,41,41,41
61bc29302bc46a14d2c8d441,668e8d276d982a07bfe9dfab,CHRONICLE COFFEE (NEW LOCATION).,DELIVERLOAD,False,40,40,40,40,40,40,40,40,40,40,40,40,40,40,40,40,40,40,40,40,40,40,40,40,40
61bc29302bc46a14d2c8d441,668e8d276d982a07bfe9dfab,CHRONICLE COFFEE (NEW LOCATION).,HOOKCONTAINER,False,22,22,22,22,22,22,22,22,22,22,22,22,22,22,22,22,22,22,22,22,22,22,22,22,22
61bc29302bc46a14d2c8d441,66732d42c85896f17c2defa4,CHUANG'S C/O HARVEST TRADING,DELIVERLOAD,False,26,26,26,26,26,26,26,26,26,26,26,26,26,26,26,26,26,26,26,26,26,26,26,26,26
61bc29302bc46a14d2c8d441,66732d42c85896f17c2defa4,CHUANG'S C/O HARVEST TRADING,HOOKCONTAINER,False,15,15,15,15,15,15,15,15,15,15,15,15,15,15,15,15,15,15,15,15,15,15,15,15,15
61bc29302bc46a14d2c8d441,65c673f2e85ddbf112864028,CLAYBURN SERVICES LTD - EDMONTON,DELIVERLOAD,True,46,46,46,46,46,46,46,46,46,46,46,46,46,46,46,46,46,46,46,46,46,46,46,46,46
61bc29302bc46a14d2c8d441,6631520278347728683eb1ad,ClearTech Calgary,DELIVERLOAD,False,53,53,53,53,53,53,53,53,53,53,53,53,53,53,53,53,53,53,53,53,53,53,53,53,53
61bc29302bc46a14d2c8d441,6631520278347728683eb1ad,ClearTech Calgary,DELIVERLOAD,True,51,51,51,51,51,51,51,51,51,51,51,51,51,51,51,51,51,51,51,51,51,51,51,51,51
61bc29302bc46a14d2c8d441,665a3969d8fc6e65c23b5130,CMC GLAZING,DELIVERLOAD,False,17,17,17,17,17,17,17,17,17,17,17,17,17,17,17,17,17,17,17,17,17,17,17,17,17
61bc29302bc46a14d2c8d441,665a3969d8fc6e65c23b5130,CMC GLAZING,DELIVERLOAD,True,59,59,59,59,59,59,59,59,59,59,59,59,59,59,59,59,59,59,59,59,59,59,59,59,59
61bc29302bc46a14d2c8d441,62b3361072f59113e26c7714,CN - Calgary Logistics Park (CLP),CHASSISPICK,False,34,34,34,34,34,34,34,34,34,34,34,34,34,34,34,34,34,34,34,34,34,34,34,34,34
61bc29302bc46a14d2c8d441,62b3361072f59113e26c7714,CN - Calgary Logistics Park (CLP),DELIVERLOAD,True,60,60,60,60,60,60,60,60,60,60,60,60,60,60,60,60,60,60,60,60,60,60,60,60,60
61bc29302bc46a14d2c8d441,62b3361072f59113e26c7714,CN - Calgary Logistics Park (CLP),HOOKCONTAINER,False,15,15,15,15,15,15,15,15,15,15,15,15,15,15,15,15,15,15,15,15,15,15,15,15,15
61bc29302bc46a14d2c8d441,62b3361072f59113e26c7714,CN - Calgary Logistics Park (CLP),PULLCONTAINER,False,57,57,68,46,35,64,58,55,61,63,61,51,55,55,58,60,53,50,60,58,58,37,31,57,57
61bc29302bc46a14d2c8d441,62b3361072f59113e26c7714,CN - Calgary Logistics Park (CLP),RETURNCONTAINER,False,42,42,42,42,23,56,24,25,33,28,36,37,36,45,50,47,51,53,52,47,40,21,42,42,42
61bc29302bc46a14d2c8d441,62b1ef45a513201385559c00,CN EDMONTON,CHASSISPICK,False,36,36,36,36,36,36,36,36,36,22,36,36,36,36,36,36,36,36,36,36,36,36,36,36,36
61bc29302bc46a14d2c8d441,62b1ef45a513201385559c00,CN EDMONTON,CHASSISTERMINATION,False,5,5,5,5,5,5,5,5,5,5,5,5,5,5,5,5,5,5,5,5,5,5,5,5,5
61bc29302bc46a14d2c8d441,62b1ef45a513201385559c00,CN EDMONTON,DELIVERLOAD,True,17,17,17,17,17,17,17,17,17,17,17,17,17,17,17,17,17,17,17,17,17,17,17,17,17
61bc29302bc46a14d2c8d441,62b1ef45a513201385559c00,CN EDMONTON,DROPCONTAINER,False,37,37,37,37,37,37,37,37,37,37,37,37,37,37,37,37,37,37,37,37,37,37,37,37,37
61bc29302bc46a14d2c8d441,62b1ef45a513201385559c00,CN EDMONTON,PULLCONTAINER,False,39,39,39,39,39,39,31,58,46,38,37,38,37,40,39,39,39,38,44,41,44,26,39,39,39
61bc29302bc46a14d2c8d441,62b1ef45a513201385559c00,CN EDMONTON,RETURNCONTAINER,False,32,32,32,32,32,32,32,55,32,28,26,28,41,36,34,41,36,27,29,24,23,32,32,32,32
61bc29302bc46a14d2c8d441,63a2340bc92b1215b17a9960,CNRL WAREHOUSE HORIZON SITE LSD:7-20-96-11-W4M 780.881.9682,DELIVERLOAD,True,113,113,113,113,113,113,113,113,113,113,113,113,113,113,113,113,113,113,113,113,113,113,113,113,113
61bc29302bc46a14d2c8d441,658dea39f858081673c8d138,CNUL ALBIAN-WAREHOUSE S - SHOVELS WAREHOUSE LSD:23-95-10-W4M,DELIVERLOAD,True,38,38,38,38,38,38,38,38,38,38,38,38,38,38,38,38,38,38,38,38,38,38,38,38,38
61bc29302bc46a14d2c8d441,651718093ce406160e823975,COBRA TIRES,DELIVERLOAD,False,11,11,11,11,11,11,11,11,11,11,11,11,11,11,11,11,11,11,11,11,11,11,11,11,11
61bc29302bc46a14d2c8d441,651718093ce406160e823975,COBRA TIRES,HOOKCONTAINER,False,9,9,9,9,9,9,9,9,9,9,9,9,9,9,9,9,9,9,9,9,9,9,9,9,9
61bc29302bc46a14d2c8d441,66428bdd185feddfd648077f,C/O CGL LIMITED - CGL LIMITEE,DELIVERLOAD,True,46,46,46,46,46,46,46,46,46,46,46,46,46,46,46,46,46,46,46,46,46,46,46,46,46
61bc29302bc46a14d2c8d441,68000552ec0e2c12e34b59f8,COLOR TECH SCREEN PRINTING,DELIVERLOAD,True,23,23,23,23,23,23,23,23,23,23,23,23,23,23,23,23,23,23,23,23,23,23,23,23,23
61bc29302bc46a14d2c8d441,684c842309d4fc715561fcfd,COLSON GROUP - UNIT# 129,DELIVERLOAD,False,68,68,68,68,68,68,68,68,68,68,68,68,68,68,68,68,68,68,68,68,68,68,68,68,68
61bc29302bc46a14d2c8d441,684c842309d4fc715561fcfd,COLSON GROUP - UNIT# 129,DELIVERLOAD,True,37,37,37,37,37,37,37,37,37,37,37,37,37,37,37,37,37,37,37,37,37,37,37,37,37
61bc29302bc46a14d2c8d441,6331a4ef54c5a915ccdafb8e,COMCO - 17 ST,DELIVERLOAD,False,13,13,13,13,13,13,13,13,13,19,11,14,13,13,12,14,13,10,13,13,13,13,13,13,13
61bc29302bc46a14d2c8d441,6331a4ef54c5a915ccdafb8e,COMCO - 17 ST,DELIVERLOAD,True,55,55,55,55,55,55,55,55,55,55,55,55,55,56,55,54,39,55,55,55,55,55,55,55,55
61bc29302bc46a14d2c8d441,6331a4ef54c5a915ccdafb8e,COMCO - 17 ST,HOOKCONTAINER,False,28,28,28,28,28,28,28,28,28,14,14,33,16,44,19,25,36,43,28,28,28,28,28,28,28
61bc29302bc46a14d2c8d441,62b630d0cb0e4613b0674b05,COMCO - 53 AVE,DELIVERLOAD,False,46,46,46,46,46,46,46,46,46,46,46,46,46,46,46,46,46,46,46,46,46,46,46,46,46
61bc29302bc46a14d2c8d441,62b630d0cb0e4613b0674b05,COMCO - 53 AVE,DELIVERLOAD,True,42,42,42,42,42,42,42,42,42,42,52,81,35,42,39,42,42,42,42,42,42,42,42,42,42
61bc29302bc46a14d2c8d441,6655e9cbf0adb9f1bbddca28,COMFORTEK SEATING INC (CONSIGNEE),DELIVERLOAD,False,72,72,72,72,72,72,72,72,72,72,100,72,72,72,72,72,72,72,72,72,72,72,72,72,72
61bc29302bc46a14d2c8d441,6655e9cbf0adb9f1bbddca28,COMFORTEK SEATING INC (CONSIGNEE),DELIVERLOAD,True,60,60,60,60,60,60,60,60,60,60,60,60,60,60,60,60,60,60,60,60,60,60,60,60,60
61bc29302bc46a14d2c8d441,64ee3b78723cf1164a0ad4c3,COMPLETE SHIPPING  CONSIGNEE,DELIVERLOAD,False,26,26,26,26,26,26,26,26,26,26,26,26,26,26,26,26,26,26,26,26,26,26,26,26,26
61bc29302bc46a14d2c8d441,64ee3b78723cf1164a0ad4c3,COMPLETE SHIPPING  CONSIGNEE,HOOKCONTAINER,False,9,9,9,9,9,9,9,9,9,9,9,9,9,9,9,9,9,9,9,9,9,9,9,9,9
61bc29302bc46a14d2c8d441,62b63169cb0e4613b0674bd6,CONGEBEC,HOOKCONTAINER,False,44,44,44,44,44,44,44,44,44,44,44,44,44,44,44,44,44,44,44,44,44,44,44,44,44
61bc29302bc46a14d2c8d441,62b631b48d506713a2760616,CONNECT LOG #4,DELIVERLOAD,False,42,42,42,42,42,42,42,42,98,42,42,42,42,42,42,42,42,42,42,42,42,42,42,42,42
61bc29302bc46a14d2c8d441,62b631b48d506713a2760616,CONNECT LOG #4,DELIVERLOAD,True,75,75,75,75,75,75,75,75,75,74,75,75,75,75,75,75,75,75,75,75,75,75,75,75,75
61bc29302bc46a14d2c8d441,62b631b48d506713a2760616,CONNECT LOG #4,HOOKCONTAINER,False,24,24,24,24,24,24,24,24,24,24,24,24,24,24,24,24,24,24,24,24,24,24,24,24,24
61bc29302bc46a14d2c8d441,62b6319c9058816625b076ba,CONNECT LOG # 8,DELIVERLOAD,False,17,17,17,17,17,17,17,17,17,17,17,17,17,17,17,17,17,17,17,17,17,17,17,17,17
61bc29302bc46a14d2c8d441,62b6319c9058816625b076ba,CONNECT LOG # 8,DELIVERLOAD,True,43,43,43,43,43,43,43,43,43,44,20,85,50,43,43,43,43,43,43,43,43,43,43,43,43
61bc29302bc46a14d2c8d441,62b6319c9058816625b076ba,CONNECT LOG # 8,HOOKCONTAINER,False,9,9,9,9,9,9,9,9,9,9,9,9,9,9,9,9,9,9,9,9,9,9,9,9,9
61bc29302bc46a14d2c8d441,62b386e272f59113e26d0ae5,CONNECT LOGISTICS MAIN - CONLOG0,DELIVERLOAD,False,10,10,10,10,10,10,10,12,12,11,11,14,11,12,10,10,7,8,7,5,3,10,10,10,10
61bc29302bc46a14d2c8d441,62b386e272f59113e26d0ae5,CONNECT LOGISTICS MAIN - CONLOG0,DELIVERLOAD,True,55,55,55,55,55,55,55,55,13,30,115,153,188,55,55,187,23,55,55,55,55,55,55,55,55
61bc29302bc46a14d2c8d441,62b386e272f59113e26d0ae5,CONNECT LOGISTICS MAIN - CONLOG0,HOOKCONTAINER,False,15,15,15,15,15,15,15,15,13,19,11,19,18,14,21,11,13,13,9,25,15,15,15,15,15
61bc29302bc46a14d2c8d441,6579b18414abc71651586ddb,CONQUR INDUSTRIES,DELIVERLOAD,False,53,53,53,53,53,53,53,53,53,53,53,53,53,53,53,38,48,53,53,53,53,53,53,53,53
61bc29302bc46a14d2c8d441,6579b18414abc71651586ddb,CONQUR INDUSTRIES,DELIVERLOAD,True,49,49,49,49,49,49,49,49,49,49,49,49,49,49,49,72,96,49,49,49,49,49,49,49,49
61bc29302bc46a14d2c8d441,68922042d216005112c75c53,CONRAD VANESSEN,DELIVERLOAD,True,134,134,134,134,134,134,134,134,134,134,134,134,134,134,134,134,134,134,134,134,134,134,134,134,134
61bc29302bc46a14d2c8d441,64c3efaf8a918116352a9ff3,CONTINENTAL CHAIN & RIGGING LT,DELIVERLOAD,True,121,121,121,121,121,121,121,121,121,121,121,121,121,121,121,121,121,121,121,121,121,121,121,121,121
61bc29302bc46a14d2c8d441,638a198cbc206a164be9396f,COOL CREEK ENERGY,DELIVERLOAD,False,26,26,26,26,26,26,26,26,26,26,26,26,26,26,26,26,26,26,26,26,26,26,26,26,26
61bc29302bc46a14d2c8d441,638a198cbc206a164be9396f,COOL CREEK ENERGY,HOOKCONTAINER,False,24,24,24,24,24,24,24,24,24,24,24,24,24,24,24,24,24,24,24,24,24,24,24,24,24
61bc29302bc46a14d2c8d441,65e0f167b1257b9701818c1e,COOLIT SYSTEMS INC,DELIVERLOAD,True,48,48,48,48,48,48,48,48,48,48,48,48,48,48,48,48,48,48,48,48,48,48,48,48,48
61bc29302bc46a14d2c8d441,682618365742304b756540e3,"COOLIT SYSTEMS - UNIT 145, BAY 27 * 23TX",DELIVERLOAD,False,33,33,33,33,33,33,33,33,33,49,33,33,33,33,31,33,33,33,33,33,33,33,33,33,33
61bc29302bc46a14d2c8d441,682618365742304b756540e3,"COOLIT SYSTEMS - UNIT 145, BAY 27 * 23TX",DELIVERLOAD,True,42,42,42,42,42,42,42,42,42,45,42,42,42,42,42,42,42,42,42,42,42,42,42,42,42
61bc29302bc46a14d2c8d441,682618365742304b756540e3,"COOLIT SYSTEMS - UNIT 145, BAY 27 * 23TX",HOOKCONTAINER,False,28,28,28,28,28,28,28,28,28,28,28,28,28,28,28,28,28,28,28,28,28,28,28,28,28
61bc29302bc46a14d2c8d441,62e187303a869b1625604d32,CORE LINEPIPE,DELIVERLOAD,False,60,60,60,60,60,60,60,60,60,60,60,60,60,60,60,60,60,60,60,60,60,60,60,60,60
61bc29302bc46a14d2c8d441,62e187303a869b1625604d32,CORE LINEPIPE,DELIVERLOAD,True,56,56,56,56,56,56,56,56,56,56,56,56,56,56,56,56,56,56,56,56,56,56,56,56,56
61bc29302bc46a14d2c8d441,6465413e68c62b1620e244ad,CorNine Facility (DELIVERY LOCATION),DELIVERLOAD,True,79,79,79,79,79,79,79,79,79,79,79,79,79,79,79,79,79,79,79,79,79,79,79,79,79
61bc29302bc46a14d2c8d441,632e3584ce923c15aeea6ea9,"Corrpro Companies, Inc.",DELIVERLOAD,False,38,38,38,38,38,38,38,38,38,38,38,38,38,38,38,38,38,38,38,38,38,38,38,38,38
61bc29302bc46a14d2c8d441,632e3584ce923c15aeea6ea9,"Corrpro Companies, Inc.",DELIVERLOAD,True,53,53,53,53,53,53,53,53,53,53,53,53,53,53,53,53,53,53,53,53,53,53,53,53,53
61bc29302bc46a14d2c8d441,62f54137b1ee8615f92463d3,CORTECH QUALITY PRESENTATION,DELIVERLOAD,False,65,65,65,65,65,65,65,65,65,65,65,65,65,65,65,65,65,65,65,65,65,65,65,65,65
61bc29302bc46a14d2c8d441,62f54137b1ee8615f92463d3,CORTECH QUALITY PRESENTATION,DELIVERLOAD,True,120,120,120,120,120,120,120,120,120,120,120,120,120,120,120,120,120,120,120,120,120,120,120,120,120
61bc29302bc46a14d2c8d441,62b632728d506713a276074b,COSENTINO CANADA INC,DELIVERLOAD,False,9,9,9,9,9,9,9,9,9,9,9,9,9,9,9,9,9,9,9,9,9,9,9,9,9
61bc29302bc46a14d2c8d441,62b632728d506713a276074b,COSENTINO CANADA INC,HOOKCONTAINER,False,36,36,36,36,36,36,36,36,36,36,36,36,36,36,36,36,36,36,36,36,36,36,36,36,36
61bc29302bc46a14d2c8d441,645c0275f93a45164aae774e,COSTCO AIRDRIE,DELIVERLOAD,False,6,6,6,6,3,6,7,8,7,7,8,7,6,5,5,4,5,4,4,7,3,9,4,6,6
61bc29302bc46a14d2c8d441,645c0275f93a45164aae774e,COSTCO AIRDRIE,DELIVERLOAD,True,24,24,24,24,24,24,24,24,24,24,24,24,24,24,24,24,24,24,24,24,24,24,24,24,24
61bc29302bc46a14d2c8d441,645c0275f93a45164aae774e,COSTCO AIRDRIE,DROPCONTAINER,False,7,7,7,7,7,7,7,7,7,7,7,7,7,7,7,7,7,7,7,7,7,7,7,7,7
61bc29302bc46a14d2c8d441,645c0275f93a45164aae774e,COSTCO AIRDRIE,HOOKCONTAINER,False,14,14,14,14,39,7,43,11,20,14,12,15,12,13,15,13,16,11,9,10,15,6,14,14,14
61bc29302bc46a14d2c8d441,645c0275f93a45164aae774e,COSTCO AIRDRIE,PULLCONTAINER,False,7,7,7,7,7,7,7,7,7,7,7,7,7,7,7,7,7,7,7,7,7,7,7,7,7
61bc29302bc46a14d2c8d441,685975a4cb0dbd1a2ae507a5,COSTCO LANGLEY (MCKILLICAN BUILDING),DELIVERLOAD,False,15,15,15,15,15,15,15,15,15,15,15,15,15,15,15,15,15,15,15,15,15,15,15,15,15
61bc29302bc46a14d2c8d441,64d3f50e44e80815ba970dff,COVERALL-UNIFORM-LINEN & MATS LTD,DELIVERLOAD,False,72,72,72,72,72,72,72,72,72,72,72,72,72,72,72,72,72,72,72,72,72,72,72,72,72
61bc29302bc46a14d2c8d441,64d3f50e44e80815ba970dff,COVERALL-UNIFORM-LINEN & MATS LTD,DELIVERLOAD,True,60,60,60,60,60,60,60,60,60,60,60,60,60,60,60,60,60,60,60,60,60,60,60,60,60
61bc29302bc46a14d2c8d441,62b2263f387b73412dc5f882,CP CALGARY,PULLCONTAINER,False,42,42,42,42,42,26,73,57,42,49,47,41,42,42,39,37,36,41,40,48,35,84,42,42,42
61bc29302bc46a14d2c8d441,62b2263f387b73412dc5f882,CP CALGARY,RETURNCONTAINER,False,20,20,20,20,20,20,20,18,18,17,18,14,20,18,21,21,19,24,23,29,50,55,20,20,20
61bc29302bc46a14d2c8d441,62b2268565cf76116ea9e451,CP EDMONTON,CHASSISPICK,False,15,15,15,15,15,15,15,15,15,15,15,15,15,15,15,15,15,15,15,15,15,15,15,15,15
61bc29302bc46a14d2c8d441,62b2268565cf76116ea9e451,CP EDMONTON,CHASSISTERMINATION,False,4,4,4,4,4,4,4,4,4,4,4,4,4,4,4,4,4,4,4,4,4,4,4,4,4
61bc29302bc46a14d2c8d441,62b2268565cf76116ea9e451,CP EDMONTON,DELIVERLOAD,True,42,42,42,42,42,42,42,42,42,42,42,42,42,42,42,42,42,42,42,42,42,42,42,42,42
61bc29302bc46a14d2c8d441,62b2268565cf76116ea9e451,CP EDMONTON,PULLCONTAINER,False,27,27,27,27,27,27,27,39,41,26,23,27,23,29,31,24,25,28,21,31,5,27,27,27,27
61bc29302bc46a14d2c8d441,62b2268565cf76116ea9e451,CP EDMONTON,RETURNCONTAINER,False,27,27,27,27,27,27,27,27,26,24,31,28,25,40,27,33,30,25,24,12,21,28,27,27,27
61bc29302bc46a14d2c8d441,6740ebfb8ac736bdb6ed3b6f,CRANE SUPPLY,DELIVERLOAD,True,70,70,70,70,70,70,70,70,70,70,70,70,70,70,70,70,70,70,70,70,70,70,70,70,70
61bc29302bc46a14d2c8d441,62b633148d506713a276088a,CRATEX EDM - DELIVERY,DELIVERLOAD,False,6,6,6,6,6,6,6,6,6,6,6,6,6,6,6,6,6,6,6,6,6,6,6,6,6
61bc29302bc46a14d2c8d441,62b633148d506713a276088a,CRATEX EDM - DELIVERY,HOOKCONTAINER,False,8,8,8,8,8,8,8,8,8,8,8,8,8,8,8,8,8,8,8,8,8,8,8,8,8
61bc29302bc46a14d2c8d441,62b633329058816625b079b9,CRATEX IND - CLG,DELIVERLOAD,False,15,15,15,15,15,15,15,15,15,15,15,15,15,15,15,15,15,15,15,15,15,15,15,15,15
61bc29302bc46a14d2c8d441,62b633329058816625b079b9,CRATEX IND - CLG,DELIVERLOAD,True,43,43,43,43,43,43,43,43,43,43,43,43,43,43,43,43,43,43,43,43,43,43,43,43,43
61bc29302bc46a14d2c8d441,62b633329058816625b079b9,CRATEX IND - CLG,HOOKCONTAINER,False,28,28,28,28,28,28,28,28,28,28,28,28,28,28,28,28,28,28,28,28,28,28,28,28,28
61bc29302bc46a14d2c8d441,671c1d8b14de2baa1e1d9d5b,CRC WELLHEAD SUPPLY CO LTD,DELIVERLOAD,True,60,60,60,60,60,60,60,60,60,60,60,60,60,60,60,60,60,60,60,60,60,60,60,60,60
61bc29302bc46a14d2c8d441,67d88cf54c8a049858d49e87,CREEK SIDE SEED POTATOES,DELIVERLOAD,True,31,31,31,31,31,31,31,31,31,31,31,31,31,31,31,31,31,31,31,31,31,31,31,31,31
61bc29302bc46a14d2c8d441,683f52bc117e8cd1040b722d,CROPAC EQUIPMENT - NISKU,DELIVERLOAD,True,151,151,151,151,151,151,151,151,151,151,151,151,151,151,151,151,151,151,151,151,151,151,151,151,151
61bc29302bc46a14d2c8d441,67a25368d6f47d07fae9ab5c,CROSSROADS C&I DISTRIBUTORS INC,DELIVERLOAD,False,17,17,17,17,17,17,17,17,17,17,17,17,17,17,17,17,17,17,17,17,17,17,17,17,17
61bc29302bc46a14d2c8d441,64b5a5b6306c78145043798f,CULLIGAN OF CALGARY,DELIVERLOAD,False,19,19,19,19,19,19,19,19,19,19,19,19,19,19,19,19,19,19,19,19,19,19,19,19,19
61bc29302bc46a14d2c8d441,64b5a5b6306c78145043798f,CULLIGAN OF CALGARY,HOOKCONTAINER,False,8,8,8,8,8,8,8,8,8,8,8,8,8,8,8,8,8,8,8,8,8,8,8,8,8
61bc29302bc46a14d2c8d441,65cfd14b21cfc7bd519ce77d,CUMMINS INDUSTRIAL CENTRE,DELIVERLOAD,True,42,42,42,42,42,42,42,42,42,42,42,42,42,42,42,42,42,42,42,42,42,42,42,42,42
61bc29302bc46a14d2c8d441,630ce6a2284c5415f4536597,CUMMINS SALES & SERVICE,DELIVERLOAD,False,46,46,46,46,46,46,46,46,46,46,46,46,46,46,46,46,46,46,46,46,46,46,46,46,46
61bc29302bc46a14d2c8d441,67b8f70bc3ddc1a0ab219c0e,Currie Barracks Building 2,DELIVERLOAD,False,8,8,8,8,8,8,8,8,8,8,8,8,8,8,8,8,8,8,8,8,8,8,8,8,8
61bc29302bc46a14d2c8d441,67b8f70bc3ddc1a0ab219c0e,Currie Barracks Building 2,HOOKCONTAINER,False,8,8,8,8,8,8,8,8,8,8,8,8,8,8,8,8,8,8,8,8,8,8,8,8,8
61bc29302bc46a14d2c8d441,63503a1ce4cbb315cec89214,CUSTOM CRATING,DELIVERLOAD,False,11,11,11,11,11,11,11,11,11,11,11,11,11,11,11,11,11,11,11,11,11,11,11,11,11
61bc29302bc46a14d2c8d441,688917685f232a299461c159,DACRO TOFIELD,DELIVERLOAD,True,60,60,60,60,60,60,60,60,60,60,60,60,60,60,60,60,60,60,60,60,60,60,60,60,60
61bc29302bc46a14d2c8d441,6787d90b81a24af848a093a3,DAFCO FILTRATION GROUP,HOOKCONTAINER,False,17,17,17,17,17,17,17,17,17,17,17,17,17,17,17,17,17,17,17,17,17,17,17,17,17
61bc29302bc46a14d2c8d441,660c2940f6b8b9f5f3d9771c,DAIKIN COMFORT TECHNOLOGY #290 - EDMONTON,DELIVERLOAD,False,17,17,17,17,17,17,17,17,17,17,17,17,17,17,17,17,17,17,17,17,17,17,17,17,17
61bc29302bc46a14d2c8d441,660c2940f6b8b9f5f3d9771c,DAIKIN COMFORT TECHNOLOGY #290 - EDMONTON,HOOKCONTAINER,False,25,25,25,25,25,25,25,25,25,25,25,25,25,25,25,25,25,25,25,25,25,25,25,25,25
61bc29302bc46a14d2c8d441,6841b8e4c8a0deac9e042555,DANILO ALCARAZ - PRIVATE RESIDENCE,DELIVERLOAD,True,160,160,160,160,160,160,160,160,160,160,160,160,160,160,160,160,160,160,160,160,160,160,160,160,160
61bc29302bc46a14d2c8d441,684c267ca6e955ced0d284ee,DARING GREATLY ADVISORY SERVICES,DELIVERLOAD,False,17,17,17,17,17,17,17,17,17,17,17,17,17,17,17,17,17,17,17,17,17,17,17,17,17
61bc29302bc46a14d2c8d441,679419c4b4cad1e936c433e5,DARREN - PRIVATE RESIDENCE,HOOKCONTAINER,False,44,44,44,44,44,44,44,44,44,44,44,44,44,44,44,44,44,44,44,44,44,44,44,44,44
61bc29302bc46a14d2c8d441,6357fa9902379715cd645b58,DAWN GORDON,DELIVERLOAD,False,13,13,13,13,13,13,13,13,13,13,13,13,13,13,13,13,13,13,13,13,13,13,13,13,13
61bc29302bc46a14d2c8d441,6357fa9902379715cd645b58,DAWN GORDON,HOOKCONTAINER,False,15,15,15,15,15,15,15,15,15,15,15,15,15,15,15,15,15,15,15,15,15,15,15,15,15
61bc29302bc46a14d2c8d441,62b6342a9058816625b07ae5,DAYTON SUPERIOR - DOOR 23,DELIVERLOAD,False,13,13,13,13,13,13,13,13,13,13,13,13,13,13,13,13,13,13,13,13,13,13,13,13,13
61bc29302bc46a14d2c8d441,62b6342a9058816625b07ae5,DAYTON SUPERIOR - DOOR 23,DELIVERLOAD,True,39,39,39,39,39,39,39,39,39,39,39,39,39,39,39,39,39,39,39,39,39,39,39,39,39
61bc29302bc46a14d2c8d441,62b6342a9058816625b07ae5,DAYTON SUPERIOR - DOOR 23,HOOKCONTAINER,False,17,17,17,17,17,17,17,17,17,17,17,17,17,17,17,17,23,17,17,17,17,17,17,17,17
61bc29302bc46a14d2c8d441,6568f901ad8be115dc941189,D BUILDERS STORE CORP,DELIVERLOAD,False,13,13,13,13,13,13,13,13,13,13,13,13,13,13,13,13,13,13,13,13,13,13,13,13,13
61bc29302bc46a14d2c8d441,6568f901ad8be115dc941189,D BUILDERS STORE CORP,HOOKCONTAINER,False,38,38,38,38,38,38,38,38,38,38,38,38,38,38,38,38,38,38,38,38,38,38,38,38,38
61bc29302bc46a14d2c8d441,62b634489058816625b07b07,DC POWER CORP,DELIVERLOAD,True,30,30,30,30,30,30,30,30,30,30,30,30,30,30,30,30,30,30,30,30,30,30,30,30,30
61bc29302bc46a14d2c8d441,67f4344a0df068ef4835a8cb,DEBBIE BELL,DELIVERLOAD,True,66,66,66,66,66,66,66,66,66,66,66,66,66,66,66,66,66,66,66,66,66,66,66,66,66
61bc29302bc46a14d2c8d441,62ee92dfe9e73e15e4b71f6c,DE-CHOSEN AFRICAN MARKET,HOOKCONTAINER,False,18,18,18,18,18,18,18,18,18,18,18,18,18,18,18,18,18,18,18,18,18,18,18,18,18
61bc29302bc46a14d2c8d441,67f576807808858d9bb5298d,DEEP SKY CORPORATION,DELIVERLOAD,False,17,17,17,17,17,17,17,17,17,17,17,17,17,17,17,17,17,17,17,17,17,17,17,17,17
61bc29302bc46a14d2c8d441,67f576807808858d9bb5298d,DEEP SKY CORPORATION,DELIVERLOAD,True,46,46,46,46,46,46,46,46,46,46,46,46,46,46,46,46,46,46,46,46,46,46,46,46,46
61bc29302bc46a14d2c8d441,62b63469cb0e4613b0675083,DEFENCE RESEARCH & DEVELOPMENT,DELIVERLOAD,True,29,29,29,29,29,29,29,29,29,29,29,29,29,29,29,29,29,29,29,29,29,29,29,29,29
61bc29302bc46a14d2c8d441,68012f1468cd2b105dcffafd,DE HAVILLAND AIRCRAFT - UNIT# 125,DELIVERLOAD,False,7,7,7,7,7,7,7,7,7,7,7,7,7,7,7,7,7,7,7,7,7,7,7,7,7
61bc29302bc46a14d2c8d441,68012f1468cd2b105dcffafd,DE HAVILLAND AIRCRAFT - UNIT# 125,HOOKCONTAINER,False,14,14,14,14,14,14,14,14,14,14,14,14,14,14,14,14,14,14,14,14,14,14,14,14,14
61bc29302bc46a14d2c8d441,62b634849058816625b07b52,DEKKER OILFIELD SERVICES DELIVERY,DELIVERLOAD,True,71,71,71,71,71,71,71,71,71,71,71,71,71,71,71,71,71,71,71,71,71,71,71,71,71
61bc29302bc46a14d2c8d441,670c507629f309bd926aecad,DELX PRINTING - BAY 7,DELIVERLOAD,False,22,22,22,22,22,22,22,22,22,22,22,22,22,22,22,22,22,22,22,22,22,22,22,22,22
61bc29302bc46a14d2c8d441,670c507629f309bd926aecad,DELX PRINTING - BAY 7,HOOKCONTAINER,False,18,18,18,18,18,18,18,18,18,18,18,18,18,18,18,18,18,18,18,18,18,18,18,18,18
61bc29302bc46a14d2c8d441,67e595e7e5be137a400eaaa3,DEMIR ENGINEERING LTD.,DELIVERLOAD,True,35,35,35,35,35,35,35,35,35,35,35,35,35,35,35,35,35,35,35,35,35,35,35,35,35
61bc29302bc46a14d2c8d441,67898924967babdbc807d390,DESIRE FURNITURE MATTRESS,DELIVERLOAD,False,44,44,44,44,44,44,44,44,44,44,44,44,44,44,44,44,44,44,44,44,44,44,44,44,44
61bc29302bc46a14d2c8d441,67898924967babdbc807d390,DESIRE FURNITURE MATTRESS,HOOKCONTAINER,False,25,25,25,25,25,25,25,25,25,25,25,25,25,25,25,25,25,25,25,25,25,25,25,25,25
61bc29302bc46a14d2c8d441,67fd82ea6cb69de3125e739c,DESK'N FILE,DELIVERLOAD,False,81,81,81,81,81,81,81,81,81,81,81,81,81,81,81,81,81,81,81,81,81,81,81,81,81
61bc29302bc46a14d2c8d441,64becd86d6178a1607177fc3,DET'ON CHO LOGISTICS  check for flat deck,DELIVERLOAD,True,60,60,60,60,60,60,60,60,60,60,60,60,60,60,60,60,60,60,60,60,60,60,60,60,60
61bc29302bc46a14d2c8d441,66199fda3100034c394dd7f7,DEVERAUX DEVELOPMENTS * DAYCAB,DELIVERLOAD,True,94,94,94,94,94,94,94,94,94,94,94,94,94,94,94,94,94,94,94,94,94,94,94,94,94
61bc29302bc46a14d2c8d441,66199fda3100034c394dd7f7,DEVERAUX DEVELOPMENTS * DAYCAB,HOOKCONTAINER,False,14,14,14,14,14,14,14,14,14,14,14,14,14,14,14,14,14,14,14,14,14,14,14,14,14
61bc29302bc46a14d2c8d441,685b19499dd7f88ef9a92fc7,DIRECT FENCING INVERLAKE,DELIVERLOAD,False,13,13,13,13,13,13,13,13,13,13,13,13,13,13,13,13,13,13,13,13,13,13,13,13,13
61bc29302bc46a14d2c8d441,685b19499dd7f88ef9a92fc7,DIRECT FENCING INVERLAKE,HOOKCONTAINER,False,8,8,8,8,8,8,8,8,8,8,8,8,8,8,8,8,8,8,8,8,8,8,8,8,8
61bc29302bc46a14d2c8d441,62e821625c28f71610189d4d,DIRECT RIGHT CARTAGE,DELIVERLOAD,False,8,8,8,8,8,8,8,8,8,8,8,6,8,8,8,8,8,8,8,8,8,8,8,8,8
61bc29302bc46a14d2c8d441,62e821625c28f71610189d4d,DIRECT RIGHT CARTAGE,HOOKCONTAINER,False,18,18,18,18,18,18,18,18,18,21,18,21,18,13,16,72,18,18,18,18,18,18,18,18,18
61bc29302bc46a14d2c8d441,687e5ee755bf1c1990b437ac,DISCOUNT DAVE'S,HOOKCONTAINER,False,15,15,15,15,15,15,15,15,15,15,15,15,15,15,15,15,15,15,15,15,15,15,15,15,15
61bc29302bc46a14d2c8d441,62b635028d506713a2760ab3,DIVERSITY TECH - NISKU  NO APPT NECESSARY,DELIVERLOAD,False,46,46,46,46,46,46,46,46,46,46,46,46,46,46,46,46,46,46,46,46,46,46,46,46,46
61bc29302bc46a14d2c8d441,62b635028d506713a2760ab3,DIVERSITY TECH - NISKU  NO APPT NECESSARY,DELIVERLOAD,True,84,84,84,84,84,84,84,84,84,84,84,84,84,84,84,84,84,84,84,84,84,84,84,84,84
61bc29302bc46a14d2c8d441,652d99fbff167e15cbbac9b2,DLF MOORE SEED,DELIVERLOAD,True,97,97,97,97,97,97,97,97,97,97,97,97,97,97,97,97,97,97,97,97,97,97,97,97,97
61bc29302bc46a14d2c8d441,62b6351e9058816625b07bfa,DNOW CANADA - NISKU UNIT 100,DELIVERLOAD,True,50,50,50,50,50,50,50,50,50,50,50,50,50,50,50,50,50,50,50,50,50,50,50,50,50
61bc29302bc46a14d2c8d441,62b6351e9058816625b07bfa,DNOW CANADA - NISKU UNIT 100,HOOKCONTAINER,False,15,15,15,15,15,15,15,15,15,15,15,15,15,15,15,15,15,15,15,15,15,15,15,15,15
61bc29302bc46a14d2c8d441,63f8e162ce5e0515e877ba0f,DOMAN BUILDING MATERIALS / CANWEL - EDMONTON,HOOKCONTAINER,False,59,59,59,59,59,59,59,59,59,59,59,59,59,59,59,59,59,59,59,59,59,59,59,59,59
61bc29302bc46a14d2c8d441,65ce9eaee30f978c3f574ea2,DONG PHUONG DISTRIBUTOR,DELIVERLOAD,False,13,13,13,13,13,13,13,13,13,13,15,13,11,13,13,13,13,13,13,13,13,13,13,13,13
61bc29302bc46a14d2c8d441,65ce9eaee30f978c3f574ea2,DONG PHUONG DISTRIBUTOR,HOOKCONTAINER,False,13,13,13,13,13,13,13,13,13,13,13,10,13,13,13,13,13,13,13,13,13,13,13,13,13
61bc29302bc46a14d2c8d441,663167b653cd7faad5cfd484,DOPPELMAYR JOB SITE / LOWER JUNIPER,DELIVERLOAD,False,17,17,17,17,17,17,17,17,17,17,17,17,17,17,17,17,17,17,17,17,17,17,17,17,17
61bc29302bc46a14d2c8d441,663167b653cd7faad5cfd484,DOPPELMAYR JOB SITE / LOWER JUNIPER,DELIVERLOAD,True,60,60,60,60,60,60,60,60,60,60,60,60,60,60,60,60,60,60,60,60,60,60,60,60,60
61bc29302bc46a14d2c8d441,678140c8811427d242f7e2a4,DOUBLE STAR DRILLING,DELIVERLOAD,False,10,10,10,10,10,10,10,10,10,10,10,10,10,10,10,10,10,10,10,10,10,10,10,10,10
61bc29302bc46a14d2c8d441,678140c8811427d242f7e2a4,DOUBLE STAR DRILLING,HOOKCONTAINER,False,15,15,15,15,15,15,15,15,15,15,15,15,15,15,15,15,15,15,15,15,15,15,15,15,15
61bc29302bc46a14d2c8d441,65f1bebb7fd8d5a3e9dcbe46,DOUBLETREE BY HILTON WEST EDMONTON,DELIVERLOAD,False,58,58,58,58,58,58,58,58,58,58,58,58,58,58,58,58,58,58,58,58,58,58,58,58,58
61bc29302bc46a14d2c8d441,62b635959058816625b07c89,DOW CHEMICAL - EAST GATE,DELIVERLOAD,False,61,61,61,61,61,61,61,61,61,61,61,61,61,61,61,61,61,61,61,61,61,61,61,61,61
61bc29302bc46a14d2c8d441,62b635959058816625b07c89,DOW CHEMICAL - EAST GATE,DELIVERLOAD,True,84,84,84,84,84,84,84,84,84,80,94,82,102,88,77,72,83,84,84,84,84,84,84,84,84
61bc29302bc46a14d2c8d441,687f8e3c10f21ee02b84723e,DOW CHEMICAL - GATE 22A,DELIVERLOAD,False,22,22,22,22,22,22,22,22,22,25,20,24,25,22,22,22,22,22,22,22,22,22,22,22,22
61bc29302bc46a14d2c8d441,687f8e3c10f21ee02b84723e,DOW CHEMICAL - GATE 22A,DELIVERLOAD,True,25,25,25,25,25,25,25,25,25,25,25,25,25,25,25,25,25,25,25,25,25,25,25,25,25
61bc29302bc46a14d2c8d441,687f8e3c10f21ee02b84723e,DOW CHEMICAL - GATE 22A,HOOKCONTAINER,False,31,31,31,31,31,31,31,31,31,31,32,31,31,31,31,31,31,31,31,31,31,31,31,31,31
61bc29302bc46a14d2c8d441,685b0ac10261492d70766d4c,DOW CHEMICAL - MAIN GATE,DELIVERLOAD,True,73,73,73,73,73,73,73,73,73,73,73,73,73,73,73,73,73,73,73,73,73,73,73,73,73
61bc29302bc46a14d2c8d441,67d31a624fee35566b8c51bf,DOW FS2 P2ZC PROJECT c/o PCL FABRICATION SHOP GATE #4,DELIVERLOAD,True,60,60,60,60,60,60,60,60,60,60,60,60,60,60,60,60,60,60,60,60,60,60,60,60,60
61bc29302bc46a14d2c8d441,65368220d7dbba16304704ac,DOWNTOWN ENTERPRISES,DELIVERLOAD,False,14,14,14,14,14,14,14,14,14,14,14,14,14,14,14,14,14,14,14,14,14,14,14,14,14
61bc29302bc46a14d2c8d441,65368220d7dbba16304704ac,DOWNTOWN ENTERPRISES,HOOKCONTAINER,False,9,9,9,9,9,9,9,9,9,9,9,9,9,9,9,9,9,9,9,9,9,9,9,9,9
61bc29302bc46a14d2c8d441,67cb454555d994d5a6fbc908,Dr. Kidane,DELIVERLOAD,False,25,25,25,25,25,25,25,25,25,25,25,25,25,25,25,25,25,25,25,25,25,25,25,25,25
61bc29302bc46a14d2c8d441,67cb454555d994d5a6fbc908,Dr. Kidane,HOOKCONTAINER,False,78,78,78,78,78,78,78,78,78,78,78,78,78,78,78,78,78,78,78,78,78,78,78,78,78
61bc29302bc46a14d2c8d441,65830c0984b874163d4ab31f,DSV SOLUTIONS,DELIVERLOAD,True,60,60,60,60,60,60,60,60,60,60,60,60,60,60,60,60,60,60,60,60,60,60,60,60,60
61bc29302bc46a14d2c8d441,6318af721a17b3160e9ebb26,DURABUILT WINDOWS AND DOORS,DELIVERLOAD,True,60,60,60,60,60,60,60,60,60,60,60,60,60,60,60,60,60,60,60,60,60,60,60,60,60
61bc29302bc46a14d2c8d441,68223cb98ce1901875e4971e,DURABUILT WINDOWS & DOORS INC - 163 ST,DELIVERLOAD,True,94,94,94,94,94,94,94,94,94,94,94,94,94,94,94,94,94,94,94,94,94,94,94,94,94
61bc29302bc46a14d2c8d441,68223cb98ce1901875e4971e,DURABUILT WINDOWS & DOORS INC - 163 ST,HOOKCONTAINER,False,7,7,7,7,7,7,7,7,7,7,7,7,7,7,7,7,7,7,7,7,7,7,7,7,7
61bc29302bc46a14d2c8d441,6834b1b3139e8568b156dc0b,EAGLE CREST,DELIVERLOAD,False,18,18,18,18,18,18,18,18,18,18,18,18,18,18,18,18,18,18,18,18,18,18,18,18,18
61bc29302bc46a14d2c8d441,6834b1b3139e8568b156dc0b,EAGLE CREST,HOOKCONTAINER,False,15,15,15,15,15,15,15,15,15,15,15,15,15,15,15,15,15,15,15,15,15,15,15,15,15
61bc29302bc46a14d2c8d441,62fd217701b9e215557db8e1,EAGLE DALLAS - LOW CHASSIS- Only 1 dock,DELIVERLOAD,False,74,74,74,74,74,74,74,74,74,74,74,74,74,74,74,74,74,74,74,74,74,74,74,74,74
61bc29302bc46a14d2c8d441,62fd217701b9e215557db8e1,EAGLE DALLAS - LOW CHASSIS- Only 1 dock,DELIVERLOAD,True,50,50,50,50,50,50,50,50,50,50,50,50,50,50,50,50,50,50,50,50,50,50,50,50,50
61bc29302bc46a14d2c8d441,62b636479058816625b07d34,EARTH CARE PRODUCTS,DELIVERLOAD,False,8,8,8,8,8,8,8,8,8,8,8,8,8,8,8,8,8,8,8,8,8,8,8,8,8
61bc29302bc46a14d2c8d441,62b636479058816625b07d34,EARTH CARE PRODUCTS,HOOKCONTAINER,False,15,15,15,15,15,15,15,15,15,15,15,15,15,15,15,15,15,15,15,15,15,15,15,15,15
61bc29302bc46a14d2c8d441,6412219fcecf2a162ef52ae3,Earth Smart Solutions,DELIVERLOAD,True,57,57,57,57,57,57,57,57,57,57,57,57,57,57,57,57,57,57,57,57,57,57,57,57,57
61bc29302bc46a14d2c8d441,633200bba7569115ecae858c,EAST WEST EXPRESS,DELIVERLOAD,True,45,45,45,45,45,45,45,45,45,45,45,45,45,45,45,45,45,45,45,45,45,45,45,45,45
61bc29302bc46a14d2c8d441,66edbdf07d1168978b308a4a,EASY AMZ PREP CENTER,DELIVERLOAD,True,60,60,60,60,60,60,60,60,60,60,60,60,60,60,60,60,60,60,60,60,60,60,60,60,60
61bc29302bc46a14d2c8d441,6601d7434a2a31a462d12c8d,EAU CLAIRE DISTILLERY #2,DELIVERLOAD,True,60,60,60,60,60,60,60,60,60,60,60,60,60,60,60,60,60,60,60,60,60,60,60,60,60
61bc29302bc46a14d2c8d441,644bd1b746465415e300cc27,ECCO MANUFACTURING,DELIVERLOAD,False,31,31,31,31,31,31,31,31,31,31,31,31,31,31,31,31,31,31,31,31,31,31,31,31,31
61bc29302bc46a14d2c8d441,644bd1b746465415e300cc27,ECCO MANUFACTURING,DELIVERLOAD,True,174,174,174,174,174,174,174,174,174,174,174,174,174,174,174,174,174,174,174,174,174,174,174,174,174
61bc29302bc46a14d2c8d441,644bd1b746465415e300cc27,ECCO MANUFACTURING,HOOKCONTAINER,False,17,17,17,17,17,17,17,17,17,17,17,17,17,17,17,17,17,17,17,17,17,17,17,17,17
61bc29302bc46a14d2c8d441,68b9cb21751df357c12e6ec2,ECOPLY INC - UNIT 5,DELIVERLOAD,False,34,34,34,34,34,34,34,34,34,34,34,34,34,34,34,34,34,34,34,34,34,34,34,34,34
61bc29302bc46a14d2c8d441,62b6386d9058816625b07f74,ECOSTONE #2 *USE TX CHASSIS,DELIVERLOAD,False,6,6,6,6,6,6,6,6,6,6,6,6,6,6,6,6,6,6,6,6,6,6,6,6,6
61bc29302bc46a14d2c8d441,62b6386d9058816625b07f74,ECOSTONE #2 *USE TX CHASSIS,DELIVERLOAD,True,42,42,42,42,42,42,42,42,42,42,42,42,42,42,42,42,42,42,42,42,42,42,42,42,42
61bc29302bc46a14d2c8d441,62b6386d9058816625b07f74,ECOSTONE #2 *USE TX CHASSIS,HOOKCONTAINER,False,7,7,7,7,7,7,7,7,7,7,7,7,7,7,7,7,7,7,7,7,7,7,7,7,7
61bc29302bc46a14d2c8d441,63558abb24038715d39fd35a,ED BOBOCEL LUMBER (1993) LTD,DELIVERLOAD,True,55,55,55,55,55,55,55,55,55,55,55,55,55,55,55,55,55,55,55,55,55,55,55,55,55
61bc29302bc46a14d2c8d441,67b8c406bdfc817476644a91,EDGE CRAFT INDUSTRIES INC - BAY 4 CARSTAIRS,DELIVERLOAD,False,16,16,16,16,16,16,16,16,16,16,16,16,16,16,16,16,16,16,16,16,16,16,16,16,16
61bc29302bc46a14d2c8d441,67b8c406bdfc817476644a91,EDGE CRAFT INDUSTRIES INC - BAY 4 CARSTAIRS,HOOKCONTAINER,False,8,8,8,8,8,8,8,8,8,8,8,8,8,8,8,8,8,8,8,8,8,8,8,8,8
61bc29302bc46a14d2c8d441,683da216c604558f713cdd88,EDGE ENERGY YARD,DELIVERLOAD,True,60,60,60,60,60,60,60,60,60,60,60,60,60,60,60,60,60,60,60,60,60,60,60,60,60
61bc29302bc46a14d2c8d441,62b63660cb0e4613b06752e2,EDGE TRANSPORT,DELIVERLOAD,False,57,57,57,57,57,57,57,57,57,57,57,29,57,57,57,57,57,57,57,57,57,57,57,57,57
61bc29302bc46a14d2c8d441,62b63660cb0e4613b06752e2,EDGE TRANSPORT,DELIVERLOAD,True,38,38,38,38,38,38,38,38,38,38,49,38,41,37,48,38,38,38,38,38,38,38,38,38,38
61bc29302bc46a14d2c8d441,62e405b2b2e3a315d3169d90,EDMONTON KUBOTA LTD,DELIVERLOAD,False,63,63,63,63,63,63,63,63,63,63,63,63,63,63,63,63,63,63,63,63,63,63,63,63,63
61bc29302bc46a14d2c8d441,62e405b2b2e3a315d3169d90,EDMONTON KUBOTA LTD,DELIVERLOAD,True,46,46,46,46,46,46,46,46,46,46,46,46,46,46,46,46,46,46,46,46,46,46,46,46,46
61bc29302bc46a14d2c8d441,64bfcef52c9c691624462eab,EECOL ELECTRIC CORP,DELIVERLOAD,True,60,60,60,60,60,60,60,60,60,60,60,60,60,60,60,60,60,60,60,60,60,60,60,60,60
61bc29302bc46a14d2c8d441,6366bb1f18bcda15e81b6b96,EECOL ELECTRIC LTD,DELIVERLOAD,False,60,60,60,60,60,60,60,60,60,60,60,60,60,60,60,60,60,60,60,60,60,60,60,60,60
61bc29302bc46a14d2c8d441,6366bb1f18bcda15e81b6b96,EECOL ELECTRIC LTD,DELIVERLOAD,True,60,60,60,60,60,60,60,60,60,60,60,60,60,60,60,60,60,60,60,60,60,60,60,60,60
61bc29302bc46a14d2c8d441,67fea4035cb566bba7ff4b51,EFC YEG CARGO SERVICES,DELIVERLOAD,True,60,60,60,60,60,60,60,60,60,60,60,60,60,60,60,60,60,60,60,60,60,60,60,60,60
61bc29302bc46a14d2c8d441,64ee015c297ab8161135f3cd,ELECGREEN SOLUTIONS,DELIVERLOAD,True,82,82,82,82,82,82,82,82,82,82,82,82,82,82,82,82,82,82,82,82,82,82,82,82,82
61bc29302bc46a14d2c8d441,66313a0853a7b38d4aeb9cc3,ELECTROLUX,DELIVERLOAD,False,10,10,10,10,10,10,10,10,6,11,8,10,10,10,18,9,10,10,10,10,10,10,10,10,10
61bc29302bc46a14d2c8d441,66313a0853a7b38d4aeb9cc3,ELECTROLUX,DELIVERLOAD,True,54,54,54,54,54,54,54,54,54,54,54,54,54,54,54,54,54,54,54,54,54,54,54,54,54
61bc29302bc46a14d2c8d441,66313a0853a7b38d4aeb9cc3,ELECTROLUX,HOOKCONTAINER,False,14,14,14,14,14,14,14,32,47,70,23,14,11,8,17,8,13,14,12,14,14,14,14,14,14
61bc29302bc46a14d2c8d441,68756160e33adcc0165b9ca7,ELECTRONIC RECYCLING ASSOCIATION,DELIVERLOAD,False,46,46,46,46,46,46,46,46,46,46,46,46,46,46,46,46,46,46,46,46,46,46,46,46,46
61bc29302bc46a14d2c8d441,68756160e33adcc0165b9ca7,ELECTRONIC RECYCLING ASSOCIATION,HOOKCONTAINER,False,20,20,20,20,20,20,20,20,20,20,20,20,20,20,20,20,20,20,20,20,20,20,20,20,20
61bc29302bc46a14d2c8d441,687e649b4b72547248e4fa1c,ELEMENTAL ENERGY SOLUTIONS - Consignee,DELIVERLOAD,False,17,17,17,17,17,17,17,17,17,17,17,17,17,17,17,17,17,17,17,17,17,17,17,17,17
61bc29302bc46a14d2c8d441,687e649b4b72547248e4fa1c,ELEMENTAL ENERGY SOLUTIONS - Consignee,DELIVERLOAD,True,60,60,60,60,60,60,60,60,60,60,60,60,60,60,60,60,60,60,60,60,60,60,60,60,60
61bc29302bc46a14d2c8d441,65d66904b3ba619edc18933d,ELEMENT OILFIELD TECHNOLOGIES,DELIVERLOAD,True,48,48,48,48,48,48,48,48,48,48,48,48,48,48,48,48,48,48,48,48,48,48,48,48,48
61bc29302bc46a14d2c8d441,66356442168f25b9827313d5,ELY'S TIRE SHOP,DELIVERLOAD,False,11,11,11,11,11,11,11,11,11,11,11,11,11,11,11,11,11,11,11,11,11,11,11,11,11
61bc29302bc46a14d2c8d441,66356442168f25b9827313d5,ELY'S TIRE SHOP,HOOKCONTAINER,False,7,7,7,7,7,7,7,7,7,7,7,7,7,7,7,7,7,7,7,7,7,7,7,7,7
61bc29302bc46a14d2c8d441,63b9b5ba8cdb7b15c27dc227,EMCO CORPORATION,DELIVERLOAD,False,17,17,17,17,17,17,17,17,17,17,17,17,17,17,17,17,17,17,17,17,17,17,17,17,17
61bc29302bc46a14d2c8d441,63b9b5ba8cdb7b15c27dc227,EMCO CORPORATION,DELIVERLOAD,True,60,60,60,60,60,60,60,60,60,60,60,60,60,60,60,60,60,60,60,60,60,60,60,60,60
61bc29302bc46a14d2c8d441,6390f31d8660d91645e25e1a,EMCO PLUMBING & HYDRONICS,DELIVERLOAD,False,39,39,39,39,39,39,39,39,39,39,39,39,39,39,39,39,39,39,39,39,39,39,39,39,39
61bc29302bc46a14d2c8d441,6390f31d8660d91645e25e1a,EMCO PLUMBING & HYDRONICS,DELIVERLOAD,True,66,66,66,66,66,66,66,66,66,66,66,66,66,66,66,66,66,66,66,66,66,66,66,66,66
61bc29302bc46a14d2c8d441,6390f31d8660d91645e25e1a,EMCO PLUMBING & HYDRONICS,HOOKCONTAINER,False,14,14,14,14,14,14,14,14,14,14,14,14,14,14,14,14,14,14,14,14,14,14,14,14,14
61bc29302bc46a14d2c8d441,6887b822512856c80a097f0b,EMINENT COLLEGE,DELIVERLOAD,True,80,80,80,80,80,80,80,80,80,80,80,80,80,80,80,80,80,80,80,80,80,80,80,80,80
61bc29302bc46a14d2c8d441,659d7b096bb41d1645d1f379,EMIR TILE AND STONE,DELIVERLOAD,False,12,12,12,12,12,12,12,12,12,12,12,12,12,12,12,12,12,12,12,12,12,12,12,12,12
61bc29302bc46a14d2c8d441,659d7b096bb41d1645d1f379,EMIR TILE AND STONE,HOOKCONTAINER,False,15,15,15,15,15,15,15,15,15,15,15,15,15,15,15,15,15,15,15,15,15,15,15,15,15
61bc29302bc46a14d2c8d441,62f1674a6c4c2416436ebc3e,EMMANUEL FOUNDATION,DELIVERLOAD,False,28,28,28,28,28,28,28,28,28,28,28,28,28,28,28,28,28,28,28,28,28,28,28,28,28
61bc29302bc46a14d2c8d441,6807d53718e7f3db2f24010f,ENBRIDGE INC.,DELIVERLOAD,False,6,6,6,6,6,6,6,6,6,6,6,6,6,6,6,6,6,6,6,6,6,6,6,6,6
61bc29302bc46a14d2c8d441,65fca76aefc2bee0fb241272,ENCORE METALS - EDM,DELIVERLOAD,True,89,89,89,89,89,89,89,89,89,89,89,89,89,89,89,89,89,89,89,89,89,89,89,89,89
61bc29302bc46a14d2c8d441,6397a62d7fff45163cb3f8fb,END OF THE ROLL NORTH,DELIVERLOAD,False,41,41,41,41,41,41,41,41,41,41,41,41,41,41,41,41,41,41,41,41,41,41,41,41,41
61bc29302bc46a14d2c8d441,67e5cc3de4b8b9d26498fe7f,ENERFLEX - EDSON,DELIVERLOAD,False,17,17,17,17,17,17,17,17,17,17,17,17,17,17,17,17,17,17,17,17,17,17,17,17,17
61bc29302bc46a14d2c8d441,680ff5d83cbd136bf2201726,ENERGETIC SERVICES,DELIVERLOAD,True,60,60,60,60,60,60,60,60,60,60,60,60,60,60,60,60,60,60,60,60,60,60,60,60,60
61bc29302bc46a14d2c8d441,657cbfcc8afd8f160ef52528,Energy Saving Products #2,DELIVERLOAD,True,109,109,109,109,109,109,109,109,109,109,109,109,109,109,109,109,109,109,109,109,109,109,109,109,109
61bc29302bc46a14d2c8d441,656df5a92c04e015eca3894a,ENERGY SAVING PRODUCTS LTD,HOOKCONTAINER,False,12,12,12,12,12,12,12,12,12,12,12,12,12,12,12,12,12,12,12,12,12,12,12,12,12
61bc29302bc46a14d2c8d441,65f08d59917385ab46935526,ENGINEERED AIR,DELIVERLOAD,True,176,176,176,176,176,176,176,176,176,176,176,176,176,176,176,176,176,176,176,176,176,176,176,176,176
61bc29302bc46a14d2c8d441,6843108625e47170ea1cace2,ENGINEERED AIR - CALGARY,DELIVERLOAD,False,64,64,64,64,64,64,64,64,64,64,64,64,64,64,64,64,64,64,64,64,64,64,64,64,64
61bc29302bc46a14d2c8d441,6843108625e47170ea1cace2,ENGINEERED AIR - CALGARY,DELIVERLOAD,True,85,85,85,85,85,85,85,85,85,85,85,85,85,85,85,85,85,85,85,85,85,85,85,85,85
61bc29302bc46a14d2c8d441,67853d310bc60a9e491890c0,ENNING BLINDS,HOOKCONTAINER,False,28,28,28,28,28,28,28,28,28,28,28,28,28,28,28,28,28,28,28,28,28,28,28,28,28
61bc29302bc46a14d2c8d441,65675945b03ec616406d0333,ENTERPRISE PAPER,DELIVERLOAD,False,45,45,45,45,45,45,45,45,45,45,45,45,45,45,45,45,45,45,45,45,45,45,45,45,45
61bc29302bc46a14d2c8d441,65675945b03ec616406d0333,ENTERPRISE PAPER,HOOKCONTAINER,False,12,12,12,12,12,12,12,12,12,12,12,12,12,12,12,12,12,12,12,12,12,12,12,12,12
61bc29302bc46a14d2c8d441,6596f76b7797fe16920c4629,ENTERPRISE PAPER EDMONTON WAREHOUSE,DELIVERLOAD,False,4,4,4,4,4,4,4,4,4,4,4,4,4,4,4,4,4,4,4,4,4,4,4,4,4
61bc29302bc46a14d2c8d441,6596f76b7797fe16920c4629,ENTERPRISE PAPER EDMONTON WAREHOUSE,HOOKCONTAINER,False,5,5,5,5,5,5,5,5,5,5,5,5,5,5,5,5,5,5,5,5,5,5,5,5,5
61bc29302bc46a14d2c8d441,66d78de835f345fd4c437c13,EPIC KIDZ PLAY SOLUTIONS,DELIVERLOAD,False,15,15,15,15,15,15,15,15,15,15,15,15,15,15,15,15,15,15,15,15,15,15,15,15,15
61bc29302bc46a14d2c8d441,66d78de835f345fd4c437c13,EPIC KIDZ PLAY SOLUTIONS,HOOKCONTAINER,False,18,18,18,18,18,18,18,18,18,18,18,18,18,18,18,18,18,18,18,18,18,18,18,18,18
61bc29302bc46a14d2c8d441,67f96455eda989995a3e1221,EPITOME SUPPLY CHAIN SOLUTIONS INC,HOOKCONTAINER,False,82,82,82,82,82,82,82,82,82,82,82,82,82,82,82,82,82,82,82,82,82,82,82,82,82
61bc29302bc46a14d2c8d441,65c2bd1e0653478533e2aa6c,EPSILON CHEMICALS,DELIVERLOAD,False,22,22,22,22,22,22,22,22,22,22,22,22,22,22,22,22,22,22,22,22,22,22,22,22,22
61bc29302bc46a14d2c8d441,65c2bd1e0653478533e2aa6c,EPSILON CHEMICALS,DELIVERLOAD,True,92,92,92,92,92,92,92,92,92,92,92,92,92,92,92,92,92,92,92,92,92,92,92,92,92
61bc29302bc46a14d2c8d441,64f24b92351ca015eb884710,ESCO CANADA LIMITED,DELIVERLOAD,True,60,60,60,60,60,60,60,60,60,60,60,60,60,60,60,60,60,60,60,60,60,60,60,60,60
61bc29302bc46a14d2c8d441,67d098b9b66d6caf1313b760,ESCO LIMITED EQUIPMENT SALES & SERVICE,DELIVERLOAD,True,60,60,60,60,60,60,60,60,60,60,60,60,60,60,60,60,60,60,60,60,60,60,60,60,60
61bc29302bc46a14d2c8d441,67a3a98d5b6875a9e04eb8b4,ESSEX LEASE,HOOKCONTAINER,False,82,82,82,82,82,82,82,82,82,82,82,82,82,82,82,82,82,82,82,82,82,82,82,82,82
61bc29302bc46a14d2c8d441,65d6464aed7785929b3ba1cb,EUROSHIELD,DELIVERLOAD,False,75,75,75,75,75,75,75,75,75,75,75,75,75,75,75,75,75,75,75,75,75,75,75,75,75
61bc29302bc46a14d2c8d441,65d6464aed7785929b3ba1cb,EUROSHIELD,DELIVERLOAD,True,54,54,54,54,54,54,54,54,54,54,54,54,54,54,54,54,54,54,54,54,54,54,54,54,54
61bc29302bc46a14d2c8d441,64d50ee0881d1c1617d9e56f,EVANS CONSOLES CORPORATION,HOOKCONTAINER,False,14,14,14,14,14,14,14,14,14,14,14,14,14,14,14,14,14,14,14,14,14,14,14,14,14
61bc29302bc46a14d2c8d441,680a40774cbc959aa195e133,EVERGREEN SERVICE CANADA LTD - UNIT 130,DELIVERLOAD,False,3,3,3,3,3,3,3,3,3,3,3,3,3,3,3,3,3,3,3,3,3,3,3,3,3
61bc29302bc46a14d2c8d441,680a40774cbc959aa195e133,EVERGREEN SERVICE CANADA LTD - UNIT 130,HOOKCONTAINER,False,17,17,17,17,17,17,17,17,17,17,17,17,17,17,17,17,17,17,17,17,17,17,17,17,17
61bc29302bc46a14d2c8d441,62f54507c1bf01161a02f29c,EVONIK DEGUSSA CANADA INC - HYDROGEN PEROXIDE PLANT  8AM-4PM,DELIVERLOAD,False,49,49,49,49,49,49,49,49,49,49,49,49,49,49,49,49,49,49,49,49,49,49,49,49,49
61bc29302bc46a14d2c8d441,62f54507c1bf01161a02f29c,EVONIK DEGUSSA CANADA INC - HYDROGEN PEROXIDE PLANT  8AM-4PM,DELIVERLOAD,True,76,76,76,76,76,76,76,76,76,76,76,76,76,76,76,76,76,76,76,76,76,76,76,76,76
61bc29302bc46a14d2c8d441,62f54507c1bf01161a02f29c,EVONIK DEGUSSA CANADA INC - HYDROGEN PEROXIDE PLANT  8AM-4PM,HOOKCONTAINER,False,29,29,29,29,29,29,29,29,29,29,29,29,29,29,29,29,29,29,29,29,29,29,29,29,29
61bc29302bc46a14d2c8d441,657c8d2c1aaa3d16126eb88f,EVONIK - MEDICINE HAT,DELIVERLOAD,True,60,60,60,60,60,60,60,60,60,60,60,60,60,60,60,60,60,60,60,60,60,60,60,60,60
61bc29302bc46a14d2c8d441,6877bf8d4229b3c53b9779cf,Executive Millwork,DELIVERLOAD,True,81,81,81,81,81,81,81,81,81,81,81,81,81,81,81,81,81,81,81,81,81,81,81,81,81
61bc29302bc46a14d2c8d441,68658f89d6d20ea8881abbff,EXHAUST MASTERS,DELIVERLOAD,False,16,16,16,16,16,16,16,16,16,16,16,16,16,16,16,16,16,16,16,16,16,16,16,16,16
61bc29302bc46a14d2c8d441,68658f89d6d20ea8881abbff,EXHAUST MASTERS,HOOKCONTAINER,False,30,30,30,30,30,30,30,30,30,30,30,30,30,30,30,30,30,30,30,30,30,30,30,30,30
61bc29302bc46a14d2c8d441,6463ae6ec59c33163512bd82,EXOCOR EDMONTON WESTERN DISTRIBUTION,DELIVERLOAD,True,44,44,44,44,44,44,44,44,44,44,44,44,44,44,44,44,44,44,44,44,44,44,44,44,44
61bc29302bc46a14d2c8d441,6305523f9698d015aef1e318,EXPEDITORS,DELIVERLOAD,False,13,13,13,13,13,13,13,13,13,13,13,13,13,13,13,13,13,13,13,13,13,13,13,13,13
61bc29302bc46a14d2c8d441,6305523f9698d015aef1e318,EXPEDITORS,HOOKCONTAINER,False,23,23,23,23,23,23,23,23,23,23,23,23,23,23,23,23,23,23,23,23,23,23,23,23,23
61bc29302bc46a14d2c8d441,67afbb25e2479575ca18cf53,EXPOCRETE,DELIVERLOAD,True,60,60,60,60,60,60,60,60,60,60,60,60,60,60,60,60,60,60,60,60,60,60,60,60,60
61bc29302bc46a14d2c8d441,688298527b6d0087eb92dfdb,EZ DEF,DELIVERLOAD,False,17,17,17,17,17,17,17,17,17,17,17,17,17,17,17,17,17,17,17,17,17,17,17,17,17
61bc29302bc46a14d2c8d441,685dbcfc48fc085dcc4fdc56,FAB-CUT SYSTEMS,DELIVERLOAD,True,60,60,60,60,60,60,60,60,60,60,60,60,60,60,60,60,60,60,60,60,60,60,60,60,60
61bc29302bc46a14d2c8d441,63f9417022a210161037a3c9,Factor Forms & Labels - CONSIGNEE,DELIVERLOAD,True,60,60,60,60,60,60,60,60,60,60,60,60,60,60,60,60,60,60,60,60,60,60,60,60,60
61bc29302bc46a14d2c8d441,68b85f2268b8070b2aefad4c,FAIRVILLE FARMING,DELIVERLOAD,False,17,17,17,17,17,17,17,17,17,17,17,17,17,17,17,17,17,17,17,17,17,17,17,17,17
61bc29302bc46a14d2c8d441,68b85f2268b8070b2aefad4c,FAIRVILLE FARMING,DELIVERLOAD,True,58,58,58,58,58,58,58,58,58,58,58,58,58,58,58,58,58,58,58,58,58,58,58,58,58
61bc29302bc46a14d2c8d441,6866e6aeadcb21da15e85711,FANCY WINDOWS,DELIVERLOAD,False,9,9,9,9,9,9,9,9,9,9,9,9,9,9,9,9,9,9,9,9,9,9,9,9,9
61bc29302bc46a14d2c8d441,6866e6aeadcb21da15e85711,FANCY WINDOWS,HOOKCONTAINER,False,3,3,3,3,3,3,3,3,3,3,3,3,3,3,3,3,3,3,3,3,3,3,3,3,3
61bc29302bc46a14d2c8d441,6655f1b3c9c6820eb7591843,FANDI IMPORT EXPORT LTD (CONSIGNEE),DELIVERLOAD,False,17,17,17,17,17,17,17,17,17,17,17,17,17,17,17,17,17,17,17,17,17,17,17,17,17
61bc29302bc46a14d2c8d441,6655f1b3c9c6820eb7591843,FANDI IMPORT EXPORT LTD (CONSIGNEE),HOOKCONTAINER,False,19,19,19,19,19,19,19,19,19,19,19,19,19,19,19,19,19,19,19,19,19,19,19,19,19
61bc29302bc46a14d2c8d441,689f8f4691d9ef64b6ba6f9d,FARAGE FURNITURE & UPHOLSTERY,DELIVERLOAD,False,14,14,14,14,14,14,14,14,14,14,14,14,14,14,14,14,14,14,14,14,14,14,14,14,14
61bc29302bc46a14d2c8d441,689f8f4691d9ef64b6ba6f9d,FARAGE FURNITURE & UPHOLSTERY,HOOKCONTAINER,False,7,7,7,7,7,7,7,7,7,7,7,7,7,7,7,7,7,7,7,7,7,7,7,7,7
61bc29302bc46a14d2c8d441,684af30f42157f1865a041c8,FAST FENCE RENTALS - 125A AVE,DELIVERLOAD,False,15,15,15,15,15,15,15,15,15,15,15,15,15,15,15,15,15,15,15,15,15,15,15,15,15
61bc29302bc46a14d2c8d441,684af30f42157f1865a041c8,FAST FENCE RENTALS - 125A AVE,HOOKCONTAINER,False,10,10,10,10,10,10,10,10,10,10,10,10,10,10,10,10,10,10,10,10,10,10,10,10,10
61bc29302bc46a14d2c8d441,62ad7ebc4f6d0b7f9d331334,FAST FENCE RENTALS LTD - YELLOWHEAD TRAIL,DELIVERLOAD,False,9,9,9,9,9,9,9,9,9,9,9,9,9,9,9,9,9,9,9,9,9,9,9,9,9
61bc29302bc46a14d2c8d441,62ad7ebc4f6d0b7f9d331334,FAST FENCE RENTALS LTD - YELLOWHEAD TRAIL,HOOKCONTAINER,False,48,48,48,48,48,48,48,48,48,48,48,48,48,48,48,48,48,48,48,48,48,48,48,48,48
61bc29302bc46a14d2c8d441,6427461c887fd11621404793,FASTFRATE EDMONTON,DELIVERLOAD,True,43,43,43,43,43,43,43,43,43,43,43,43,43,43,43,43,43,43,43,43,43,43,43,43,43
61bc29302bc46a14d2c8d441,67b78b3298765a846d217847,FASTLANE TRANSPORT #2,DELIVERLOAD,False,19,19,19,19,19,19,19,19,19,19,19,19,19,19,19,19,19,19,19,19,19,19,19,19,19
61bc29302bc46a14d2c8d441,67b78b3298765a846d217847,FASTLANE TRANSPORT #2,DELIVERLOAD,True,42,42,42,42,42,42,42,42,42,42,42,42,42,42,42,42,42,42,42,42,42,42,42,42,42
61bc29302bc46a14d2c8d441,67b78b3298765a846d217847,FASTLANE TRANSPORT #2,HOOKCONTAINER,False,21,21,21,21,21,21,21,21,21,21,21,21,21,21,21,21,21,21,21,21,21,21,21,21,21
61bc29302bc46a14d2c8d441,62b63a5fcb0e4613b0675726,FEDERATED COOP,DELIVERLOAD,False,17,17,17,17,17,17,17,17,17,17,17,17,17,17,17,17,17,17,17,17,17,17,17,17,17
61bc29302bc46a14d2c8d441,62b63a5fcb0e4613b0675726,FEDERATED COOP,DELIVERLOAD,True,48,48,48,48,48,48,48,48,48,48,48,48,48,48,48,48,48,48,48,48,48,48,48,48,48
61bc29302bc46a14d2c8d441,62b63a728d506713a276110d,FEDERATED COOP LTD,DELIVERLOAD,False,8,8,8,8,8,8,8,8,8,5,8,8,8,8,8,8,8,8,8,8,8,8,8,8,8
61bc29302bc46a14d2c8d441,62b63a728d506713a276110d,FEDERATED COOP LTD,HOOKCONTAINER,False,11,11,11,11,11,11,11,11,11,11,5,11,11,11,11,11,11,11,11,11,11,11,11,11,11
61bc29302bc46a14d2c8d441,62e8387c5c28f7161018ba79,FENCELINE RENTAL,DELIVERLOAD,False,8,8,8,8,8,8,8,8,8,8,9,5,9,4,8,7,8,8,8,8,8,8,8,8,8
61bc29302bc46a14d2c8d441,62e8387c5c28f7161018ba79,FENCELINE RENTAL,HOOKCONTAINER,False,12,12,12,12,12,12,12,12,12,12,11,12,10,12,28,12,15,9,12,12,12,12,12,12,12
61bc29302bc46a14d2c8d441,689125416f7e96009976ad6d,FHN INC,DELIVERLOAD,True,60,60,60,60,60,60,60,60,60,60,60,60,60,60,60,60,60,60,60,60,60,60,60,60,60
61bc29302bc46a14d2c8d441,673e08c1191ac9121fb47415,FINNING CAT - 170 ST,DELIVERLOAD,True,138,138,138,138,138,138,138,138,138,138,138,138,138,138,138,138,138,138,138,138,138,138,138,138,138
61bc29302bc46a14d2c8d441,65666e7463df7b15fc10bc14,FLEXAHOPPER PLASTICS,DELIVERLOAD,True,60,60,60,60,60,60,60,60,60,60,60,60,60,60,60,60,60,60,60,60,60,60,60,60,60
61bc29302bc46a14d2c8d441,67e59f5be3c2ae99cd782a80,FLEX BRICKS * DAY CAB,DELIVERLOAD,False,72,72,72,72,72,72,72,72,72,72,72,72,72,72,72,72,72,72,72,72,72,72,72,72,72
61bc29302bc46a14d2c8d441,67e59f5be3c2ae99cd782a80,FLEX BRICKS * DAY CAB,DELIVERLOAD,True,83,83,83,83,83,83,83,83,83,83,83,83,83,83,83,83,83,83,83,83,83,83,83,83,83
61bc29302bc46a14d2c8d441,67e59f5be3c2ae99cd782a80,FLEX BRICKS * DAY CAB,HOOKCONTAINER,False,15,15,15,15,15,15,15,15,15,15,15,15,15,15,15,15,15,15,15,15,15,15,15,15,15
61bc29302bc46a14d2c8d441,65fde83c312a9fb18a42ecb5,FLEXCIM MANUFACTURING SERVICES (CONSIGNEE),DELIVERLOAD,True,94,94,94,94,94,94,94,94,94,94,94,94,94,94,94,94,94,94,94,94,94,94,94,94,94
61bc29302bc46a14d2c8d441,67e1d0c2764c53bedbcde051,FLEXCIM MANUFACTURING SERVICES - ROPER RD,DELIVERLOAD,True,108,108,108,108,108,108,108,108,108,108,108,108,108,108,108,108,108,108,108,108,108,108,108,108,108
61bc29302bc46a14d2c8d441,68a4960b86bb408f8bec00af,FLEXMASTER - CALGARY,DELIVERLOAD,False,35,35,35,35,35,35,35,35,35,35,35,35,35,35,35,35,35,35,35,35,35,35,35,35,35
61bc29302bc46a14d2c8d441,62eaea8c2cc1af160c496e75,FLEXPIPE (DYNASTY/SHAWCOR),DELIVERLOAD,True,82,82,82,82,82,82,82,82,82,82,82,82,82,82,82,82,82,82,82,82,82,82,82,82,82
61bc29302bc46a14d2c8d441,6642714ca6ec7b7a5727ffe1,FLEXTECH - CONSIGNEE,DELIVERLOAD,False,17,17,17,17,17,17,17,17,17,17,17,17,17,17,17,17,17,17,17,17,17,17,17,17,17
61bc29302bc46a14d2c8d441,6642714ca6ec7b7a5727ffe1,FLEXTECH - CONSIGNEE,HOOKCONTAINER,False,7,7,7,7,7,7,7,7,7,7,7,7,7,7,7,7,7,7,7,7,7,7,7,7,7
61bc29302bc46a14d2c8d441,67f6886a69aca73b2065af1a,FLEXXAIRE INC - EDM,DELIVERLOAD,False,14,14,14,14,14,14,14,14,14,14,14,14,14,14,14,14,14,14,14,14,14,14,14,14,14
61bc29302bc46a14d2c8d441,67f6886a69aca73b2065af1a,FLEXXAIRE INC - EDM,HOOKCONTAINER,False,24,24,24,24,24,24,24,24,24,24,24,24,24,24,24,24,24,24,24,24,24,24,24,24,24
61bc29302bc46a14d2c8d441,68a63338bf2915fd6d97a07c,FLSmidth facility,DELIVERLOAD,True,26,26,26,26,26,26,26,26,26,26,26,26,26,26,26,26,26,26,26,26,26,26,26,26,26
61bc29302bc46a14d2c8d441,64c1599012427415df9505f4,FLUID ENERGY GROUP,DELIVERLOAD,False,66,66,66,66,66,66,66,66,66,66,66,66,72,66,66,66,66,66,66,66,66,66,66,66,66
61bc29302bc46a14d2c8d441,64c1599012427415df9505f4,FLUID ENERGY GROUP,DELIVERLOAD,True,44,44,44,44,44,44,44,44,44,44,53,44,43,44,44,44,44,44,44,44,44,44,44,44,44
61bc29302bc46a14d2c8d441,683889cf531f260f67f248d8,FLYNN CANADA,HOOKCONTAINER,False,17,17,17,17,17,17,17,17,17,17,17,17,17,17,17,17,17,17,17,17,17,17,17,17,17
61bc29302bc46a14d2c8d441,62b63b298d506713a2761222,FMI,DELIVERLOAD,False,90,90,90,90,90,90,90,90,90,90,90,90,90,90,90,90,90,90,90,90,90,90,90,90,90
61bc29302bc46a14d2c8d441,62b63b298d506713a2761222,FMI,HOOKCONTAINER,False,5,5,5,5,5,5,5,5,5,5,5,5,5,5,5,5,5,5,5,5,5,5,5,5,5
61bc29302bc46a14d2c8d441,62b63b3acb0e4613b067580b,FMI LOGISTICS,DELIVERLOAD,False,20,20,20,20,20,20,20,20,20,35,16,20,20,20,20,20,20,20,20,20,20,20,20,20,20
61bc29302bc46a14d2c8d441,62b63b3acb0e4613b067580b,FMI LOGISTICS,DELIVERLOAD,True,84,84,84,84,84,84,84,84,84,84,84,84,84,84,84,84,84,84,84,84,84,84,84,84,84
61bc29302bc46a14d2c8d441,62b63b3acb0e4613b067580b,FMI LOGISTICS,HOOKCONTAINER,False,11,11,11,11,11,11,11,11,11,11,11,11,11,11,11,11,11,11,11,11,11,11,11,11,11
61bc29302bc46a14d2c8d441,62b63b5b8d506713a2761279,FMI LOGISTICS INC,DELIVERLOAD,True,75,75,75,75,75,75,75,75,75,75,75,75,75,75,75,75,75,75,75,75,75,75,75,75,75
61bc29302bc46a14d2c8d441,6660ac057597c409e5514f8f,FOOTHILLS STEEL FOUNDRY LTD,HOOKCONTAINER,False,12,12,12,12,12,12,12,12,12,12,12,12,12,12,12,12,12,12,12,12,12,12,12,12,12
61bc29302bc46a14d2c8d441,63f8ec66a0382515be8fcad8,FORCE INSPECTION - SOUTH NISKU,DELIVERLOAD,True,121,121,121,121,121,121,121,121,121,121,121,121,121,121,121,121,121,121,121,121,121,121,121,121,121
61bc29302bc46a14d2c8d441,6365529099edb115fdef2229,FOREMOST,DELIVERLOAD,False,10,10,10,10,10,10,10,10,10,10,10,10,10,10,10,10,10,10,10,10,10,10,10,10,10
61bc29302bc46a14d2c8d441,6365529099edb115fdef2229,FOREMOST,HOOKCONTAINER,False,8,8,8,8,8,8,8,8,8,8,8,8,8,8,8,8,8,8,8,8,8,8,8,8,8
61bc29302bc46a14d2c8d441,62b63b8fcb0e4613b067587e,FORMATIONS - EDM,DELIVERLOAD,False,14,14,14,14,14,14,14,14,14,14,14,14,14,14,14,14,14,14,14,14,14,14,14,14,14
61bc29302bc46a14d2c8d441,62b63b8fcb0e4613b067587e,FORMATIONS - EDM,DELIVERLOAD,True,37,37,37,37,37,37,37,37,37,37,37,37,37,37,37,37,37,37,37,37,37,37,37,37,37
61bc29302bc46a14d2c8d441,62b63b8fcb0e4613b067587e,FORMATIONS - EDM,HOOKCONTAINER,False,11,11,11,11,11,11,11,11,11,11,11,11,11,11,11,14,11,11,11,11,11,11,11,11,11
61bc29302bc46a14d2c8d441,62b63ba18d506713a27612c7,FORMATIONS INC,DELIVERLOAD,True,47,47,47,47,47,47,47,47,47,47,47,47,47,47,47,47,47,47,47,47,47,47,47,47,47
61bc29302bc46a14d2c8d441,62b63bb48d506713a27612d9,FORMULA POWELL - BLACKFALDS,DELIVERLOAD,True,52,52,52,52,52,52,52,52,52,52,52,52,52,52,52,52,52,52,52,52,52,52,52,52,52
61bc29302bc46a14d2c8d441,62e188780abfb860d646d6e2,FORT GARRY INDUSTRIES LTD EDMONTON,DELIVERLOAD,True,60,60,60,60,60,60,60,60,60,60,60,60,60,60,60,60,60,60,60,60,60,60,60,60,60
61bc29302bc46a14d2c8d441,6318b1e9392d211629e2bbd5,FOUNTAIN TIRE DIST - ACHESON,DELIVERLOAD,False,11,11,11,11,11,11,11,11,11,17,13,12,5,4,11,11,11,11,11,11,11,11,11,11,11
61bc29302bc46a14d2c8d441,6318b1e9392d211629e2bbd5,FOUNTAIN TIRE DIST - ACHESON,HOOKCONTAINER,False,12,12,12,12,12,12,12,12,12,14,16,12,12,18,12,7,10,12,12,12,12,12,12,12,12
61bc29302bc46a14d2c8d441,66c7504866f52f02d5f370e1,FOUNTAIN TIRE HEAD OFFICE,DELIVERLOAD,False,14,14,14,14,14,14,14,14,14,14,14,14,14,14,14,14,14,14,14,14,14,14,14,14,14
61bc29302bc46a14d2c8d441,66c7504866f52f02d5f370e1,FOUNTAIN TIRE HEAD OFFICE,HOOKCONTAINER,False,55,55,55,55,55,55,55,55,55,55,55,55,55,55,55,55,55,55,55,55,55,55,55,55,55
61bc29302bc46a14d2c8d441,66843215ac2b04fe5ca9cf3b,Fountain Tire Supply,DELIVERLOAD,False,12,12,12,12,12,12,12,12,17,11,16,12,12,12,12,12,12,12,12,12,12,12,12,12,12
61bc29302bc46a14d2c8d441,66843215ac2b04fe5ca9cf3b,Fountain Tire Supply,DELIVERLOAD,True,4,4,4,4,4,4,4,4,4,4,4,4,4,4,4,4,4,4,4,4,4,4,4,4,4
61bc29302bc46a14d2c8d441,66843215ac2b04fe5ca9cf3b,Fountain Tire Supply,HOOKCONTAINER,False,20,20,20,20,20,20,20,20,20,20,20,31,20,20,17,22,12,20,20,20,20,20,20,20,20
61bc29302bc46a14d2c8d441,686d622bb8412ec5fb43897e,FOUR WHEEL FREEDOM,DELIVERLOAD,True,60,60,60,60,60,60,60,60,60,60,60,60,60,60,60,60,60,60,60,60,60,60,60,60,60
61bc29302bc46a14d2c8d441,62b63bd7cb0e4613b06758bb,FOX HEAD CANADA INC,DELIVERLOAD,False,10,10,10,10,10,10,10,10,4,13,55,10,10,10,7,10,10,10,10,10,10,10,10,10,10
61bc29302bc46a14d2c8d441,62b63bd7cb0e4613b06758bb,FOX HEAD CANADA INC,HOOKCONTAINER,False,12,12,12,12,12,12,12,12,12,12,23,12,12,12,13,26,11,12,12,12,12,12,12,12,12
61bc29302bc46a14d2c8d441,665a63f52f890c567d6cac29,Frankensolar Americas Inc.,DELIVERLOAD,True,54,54,54,54,54,54,54,54,54,54,54,54,54,54,54,54,54,54,54,54,54,54,54,54,54
61bc29302bc46a14d2c8d441,6414e5261fa6231603101435,FRANK STORAGE,DELIVERLOAD,False,29,29,29,29,29,29,29,29,29,29,29,29,29,29,29,29,29,29,29,29,29,29,29,29,29
61bc29302bc46a14d2c8d441,6414e5261fa6231603101435,FRANK STORAGE,HOOKCONTAINER,False,14,14,14,14,14,14,14,14,14,14,14,14,14,14,14,14,14,14,14,14,14,14,14,14,14
61bc29302bc46a14d2c8d441,62e844990d215816073c4767,FUTURE TRANSFER,DELIVERLOAD,False,44,44,44,44,44,44,44,44,44,44,29,44,44,44,44,49,44,44,44,44,44,44,44,44,44
61bc29302bc46a14d2c8d441,62e844990d215816073c4767,FUTURE TRANSFER,DELIVERLOAD,True,48,48,48,48,48,48,48,48,48,48,48,48,48,48,48,48,28,48,48,48,48,48,48,48,48
61bc29302bc46a14d2c8d441,68001dbb4f0616c5e7469ff2,FUZE LOGISTICS - UNIT# 109,DELIVERLOAD,False,17,17,17,17,17,17,17,17,17,17,17,17,17,17,17,17,17,17,17,17,17,17,17,17,17
61bc29302bc46a14d2c8d441,68001dbb4f0616c5e7469ff2,FUZE LOGISTICS - UNIT# 109,DELIVERLOAD,True,65,65,65,65,65,65,65,65,65,65,65,65,65,65,65,65,65,65,65,65,65,65,65,65,65
61bc29302bc46a14d2c8d441,6824b82c677f127ff601d0a1,GABA STONE - UNIT 29,DELIVERLOAD,False,16,16,16,16,16,16,16,16,16,16,16,16,16,16,16,16,16,16,16,16,16,16,16,16,16
61bc29302bc46a14d2c8d441,6824b82c677f127ff601d0a1,GABA STONE - UNIT 29,HOOKCONTAINER,False,13,13,13,13,13,13,13,13,13,13,13,13,13,13,13,13,13,13,13,13,13,13,13,13,13
61bc29302bc46a14d2c8d441,63950508c63c1415f2347563,GALPERTI CANADA *DAY CAB,DELIVERLOAD,False,29,29,29,29,29,29,29,29,29,29,29,29,29,29,29,29,29,29,29,29,29,29,29,29,29
61bc29302bc46a14d2c8d441,63950508c63c1415f2347563,GALPERTI CANADA *DAY CAB,DELIVERLOAD,True,29,29,29,29,29,29,29,29,29,29,29,29,29,29,29,29,29,29,29,29,29,29,29,29,29
61bc29302bc46a14d2c8d441,684325e421cfe07ad98f304e,GARAGE STRATEGIES,DELIVERLOAD,True,131,131,131,131,131,131,131,131,131,131,131,131,131,131,131,131,131,131,131,131,131,131,131,131,131
61bc29302bc46a14d2c8d441,630551129698d015aef1e1a5,GASKIA AFRICAN FASHION - CONSIGNEE,DELIVERLOAD,False,41,41,41,41,41,41,41,41,41,41,41,41,41,41,41,41,41,41,41,41,41,41,41,41,41
61bc29302bc46a14d2c8d441,630551129698d015aef1e1a5,GASKIA AFRICAN FASHION - CONSIGNEE,HOOKCONTAINER,False,15,15,15,15,15,15,15,15,15,15,15,15,15,15,15,15,15,15,15,15,15,15,15,15,15
61bc29302bc46a14d2c8d441,68791650c33850e2d566a369,Gator Fire & Safety Inc,DELIVERLOAD,True,149,149,149,149,149,149,149,149,149,149,149,149,149,149,149,149,149,149,149,149,149,149,149,149,149
61bc29302bc46a14d2c8d441,6495ab1a3ae4c315e8a80f53,GDL LOGISTIX - EDMONTON,DELIVERLOAD,False,24,24,24,24,24,24,24,24,24,24,24,24,24,24,24,24,24,24,24,24,24,24,24,24,24
61bc29302bc46a14d2c8d441,6495ab1a3ae4c315e8a80f53,GDL LOGISTIX - EDMONTON,DELIVERLOAD,True,115,115,115,115,115,115,115,115,115,115,115,115,115,115,115,115,115,115,115,115,115,115,115,115,115
61bc29302bc46a14d2c8d441,6495ab1a3ae4c315e8a80f53,GDL LOGISTIX - EDMONTON,HOOKCONTAINER,False,7,7,7,7,7,7,7,7,7,7,7,7,7,7,7,7,7,7,7,7,7,7,7,7,7
61bc29302bc46a14d2c8d441,6302be3e15a9c615d269c24a,GEM SILAGE PRODUCTS,DELIVERLOAD,False,36,36,36,36,36,36,36,36,36,36,36,36,36,36,36,36,36,36,36,36,36,36,36,36,36
61bc29302bc46a14d2c8d441,6302be3e15a9c615d269c24a,GEM SILAGE PRODUCTS,DELIVERLOAD,True,30,30,30,30,30,30,30,30,30,30,30,30,30,30,30,30,30,30,30,30,30,30,30,30,30
61bc29302bc46a14d2c8d441,6655f3f370f18fda4357510a,GENALTA RECYCLING (CONSIGNEE),DELIVERLOAD,False,24,24,24,24,24,24,24,24,24,24,24,24,24,24,24,24,24,24,24,24,24,24,24,24,24
61bc29302bc46a14d2c8d441,6655f3f370f18fda4357510a,GENALTA RECYCLING (CONSIGNEE),DELIVERLOAD,True,7,7,7,7,7,7,7,7,7,7,7,7,10,7,7,4,7,7,7,7,7,7,7,7,7
61bc29302bc46a14d2c8d441,6655f3f370f18fda4357510a,GENALTA RECYCLING (CONSIGNEE),HOOKCONTAINER,False,15,15,15,15,15,15,15,15,15,15,15,15,15,15,15,15,15,15,15,15,15,15,15,15,15
61bc29302bc46a14d2c8d441,62eab9cd1e412915fbd7388e,GENESIS CHEMICALS - 403-487-4223 OR 403-866-0960,DELIVERLOAD,True,60,60,60,60,60,60,60,60,60,60,60,60,60,60,60,60,60,60,60,60,60,60,60,60,60
61bc29302bc46a14d2c8d441,673cbba980c3ab2e4de2eabc,GENICS,DELIVERLOAD,False,17,17,17,17,17,17,17,17,17,17,17,17,17,17,17,17,17,17,17,17,17,17,17,17,17
61bc29302bc46a14d2c8d441,673cbba980c3ab2e4de2eabc,GENICS,DELIVERLOAD,True,67,67,67,67,67,67,67,67,67,67,67,67,67,67,67,67,67,67,67,67,67,67,67,67,67
61bc29302bc46a14d2c8d441,673cbba980c3ab2e4de2eabc,GENICS,HOOKCONTAINER,False,7,7,7,7,7,7,7,7,7,7,7,7,7,7,7,7,7,7,7,7,7,7,7,7,7
61bc29302bc46a14d2c8d441,68a5fe107b04cc3bd6954214,GEOSIGHT INC - UNIT 150,HOOKCONTAINER,False,81,81,81,81,81,81,81,81,81,81,81,81,81,81,81,81,81,81,81,81,81,81,81,81,81
61bc29302bc46a14d2c8d441,62b63cdf8d506713a2761400,GESCO CALGARY,DELIVERLOAD,False,14,14,14,14,14,14,14,14,14,14,14,14,14,14,14,14,14,14,14,14,14,14,14,14,14
61bc29302bc46a14d2c8d441,62b63cdf8d506713a2761400,GESCO CALGARY,DELIVERLOAD,True,47,47,47,47,47,47,47,47,47,47,52,47,47,47,47,47,47,47,47,47,47,47,47,47,47
61bc29302bc46a14d2c8d441,62b63cdf8d506713a2761400,GESCO CALGARY,HOOKCONTAINER,False,10,10,10,10,10,10,10,10,10,10,10,10,10,10,10,10,10,10,10,10,10,10,10,10,10
61bc29302bc46a14d2c8d441,662fe6c89bb16ae03f7b9a25,GFL ENVIRONMENTAL INC - 84 AVE,DELIVERLOAD,False,22,22,22,22,22,22,22,22,22,22,22,22,22,22,22,22,22,22,22,22,22,22,22,22,22
61bc29302bc46a14d2c8d441,647f7629b28ba4160dd0ae17,GIANT OIL TOOLS LTD,DELIVERLOAD,True,135,135,135,135,135,135,135,135,135,135,135,135,135,135,135,135,135,135,135,135,135,135,135,135,135
61bc29302bc46a14d2c8d441,63b23459bb8e1915f1135d65,GIMSAP AFRICA ASIAN MARKET *DAY CAB,DELIVERLOAD,False,28,28,28,28,28,28,28,28,28,28,28,28,28,28,28,28,28,28,28,28,28,28,28,28,28
61bc29302bc46a14d2c8d441,63b23459bb8e1915f1135d65,GIMSAP AFRICA ASIAN MARKET *DAY CAB,HOOKCONTAINER,False,15,15,15,15,15,15,15,15,15,15,15,15,15,15,15,15,15,15,15,15,15,15,15,15,15
61bc29302bc46a14d2c8d441,6797bd9881b39cdcd070edd1,GIZZIE - PRIVATE RESIDENCE,DELIVERLOAD,False,17,17,17,17,17,17,17,17,17,17,17,17,17,17,17,17,17,17,17,17,17,17,17,17,17
61bc29302bc46a14d2c8d441,689f6c43aa374eeb9943c27d,GLASS DOCTOR #3,DELIVERLOAD,False,18,18,18,18,18,18,18,18,18,18,18,18,18,18,18,18,18,18,18,18,18,18,18,18,18
61bc29302bc46a14d2c8d441,689f6c43aa374eeb9943c27d,GLASS DOCTOR #3,HOOKCONTAINER,False,11,11,11,11,11,11,11,11,11,11,11,11,11,11,11,11,11,11,11,11,11,11,11,11,11
61bc29302bc46a14d2c8d441,67dc2eaec4e95bbef1869a92,GLASS DOCTOR - 42 ST,DELIVERLOAD,False,63,63,63,63,63,63,63,63,63,63,63,63,63,63,63,63,63,63,63,63,63,63,63,63,63
61bc29302bc46a14d2c8d441,67dc2eaec4e95bbef1869a92,GLASS DOCTOR - 42 ST,HOOKCONTAINER,False,15,15,15,15,15,15,15,15,15,15,15,15,15,15,15,15,15,15,15,15,15,15,15,15,15
61bc29302bc46a14d2c8d441,6655f5dc10c2452b724bf6d9,GLC MOVING & STORAGE (CONSIGNEE),DELIVERLOAD,False,11,11,11,11,11,11,11,11,11,11,11,11,11,11,11,11,11,11,11,11,11,11,11,11,11
61bc29302bc46a14d2c8d441,6655f5dc10c2452b724bf6d9,GLC MOVING & STORAGE (CONSIGNEE),HOOKCONTAINER,False,13,13,13,13,13,13,13,13,13,13,13,13,13,13,13,13,13,13,13,13,13,13,13,13,13
61bc29302bc46a14d2c8d441,62ec78e0663986160664b68f,GLOBAL HYDRAULIC SOLUTIONS,DELIVERLOAD,False,35,35,35,35,35,35,35,35,35,35,35,35,35,35,35,35,35,35,35,35,35,35,35,35,35
61bc29302bc46a14d2c8d441,62ec78e0663986160664b68f,GLOBAL HYDRAULIC SOLUTIONS,DELIVERLOAD,True,57,57,57,57,57,57,57,57,57,57,57,57,57,57,57,57,57,57,57,57,57,57,57,57,57
61bc29302bc46a14d2c8d441,62ec78e0663986160664b68f,GLOBAL HYDRAULIC SOLUTIONS,HOOKCONTAINER,False,5,5,5,5,5,5,5,5,5,5,5,5,5,5,5,5,5,5,5,5,5,5,5,5,5
61bc29302bc46a14d2c8d441,682656a46acc393be86c0cc7,GMC,DELIVERLOAD,True,30,30,30,30,30,30,30,30,30,30,41,30,30,30,30,30,30,30,30,30,30,30,30,30,30
61bc29302bc46a14d2c8d441,681a358fb83243f149688bd0,GMCC FORT SASKATCHEWAN,DELIVERLOAD,True,60,60,60,60,60,60,60,60,60,60,60,60,60,60,60,60,60,60,60,60,60,60,60,60,60
61bc29302bc46a14d2c8d441,646521839a9f211625bac09a,GN CORPORATIONS INC,DELIVERLOAD,True,36,36,36,36,36,36,36,36,36,36,36,36,36,36,36,36,36,36,36,36,36,36,36,36,36
61bc29302bc46a14d2c8d441,68b74bca2bd256e389984c99,GNOMEHOMESINC,DELIVERLOAD,True,98,98,98,98,98,98,98,98,98,98,98,98,98,98,98,98,98,98,98,98,98,98,98,98,98
61bc29302bc46a14d2c8d441,685999c0830aaff90261e8ef,GO DIRECT,DELIVERLOAD,True,74,74,74,74,74,74,74,74,74,74,74,74,74,74,74,74,74,74,74,74,74,74,74,74,74
61bc29302bc46a14d2c8d441,68ac796607ee76d82829f907,GODLOB KAUNOZONDUNGE,DELIVERLOAD,False,18,18,18,18,18,18,18,18,18,18,18,18,18,18,18,18,18,18,18,18,18,18,18,18,18
61bc29302bc46a14d2c8d441,68ac796607ee76d82829f907,GODLOB KAUNOZONDUNGE,HOOKCONTAINER,False,33,33,33,33,33,33,33,33,33,33,33,33,33,33,33,33,33,33,33,33,33,33,33,33,33
61bc29302bc46a14d2c8d441,67127f4a8e4371bd8c143264,GOLD RAIN PROCESSORS,DELIVERLOAD,False,59,59,59,59,59,59,59,59,59,59,59,59,59,59,59,59,59,59,59,59,59,59,59,59,59
61bc29302bc46a14d2c8d441,67127f4a8e4371bd8c143264,GOLD RAIN PROCESSORS,DELIVERLOAD,True,72,72,72,72,72,72,72,72,72,72,72,72,72,72,72,72,72,72,72,72,72,72,72,72,72
61bc29302bc46a14d2c8d441,63d2b3284743bf1600bd1ea5,GOLDRAY INDUSTRIES,DELIVERLOAD,False,43,43,43,43,43,43,43,43,43,43,43,43,43,43,43,43,43,43,43,43,43,43,43,43,43
61bc29302bc46a14d2c8d441,63d2b3284743bf1600bd1ea5,GOLDRAY INDUSTRIES,DELIVERLOAD,True,39,39,39,39,39,39,39,39,39,39,39,39,39,39,39,39,39,39,39,39,39,39,39,39,39
61bc29302bc46a14d2c8d441,63d2b3284743bf1600bd1ea5,GOLDRAY INDUSTRIES,HOOKCONTAINER,False,14,14,14,14,14,14,14,14,14,14,14,14,14,14,14,14,14,14,14,14,14,14,14,14,14
61bc29302bc46a14d2c8d441,6310cf8510b33d15f7433297,GONG CHA DOWNTOWN (DAY CAB),DELIVERLOAD,False,17,17,17,17,17,17,17,17,17,17,17,17,17,17,17,17,17,17,17,17,17,17,17,17,17
61bc29302bc46a14d2c8d441,62b63db28d506713a27614cd,GOODFELLOW INC,DELIVERLOAD,False,11,11,11,11,11,11,11,11,11,11,11,11,11,11,11,11,11,11,11,11,11,11,11,11,11
61bc29302bc46a14d2c8d441,62b63db28d506713a27614cd,GOODFELLOW INC,DELIVERLOAD,True,61,61,61,61,61,61,61,61,61,61,61,61,61,61,61,61,61,61,61,61,61,61,61,61,61
61bc29302bc46a14d2c8d441,62b63db28d506713a27614cd,GOODFELLOW INC,HOOKCONTAINER,False,76,76,76,76,76,76,76,76,76,76,76,76,76,76,76,76,76,76,76,76,76,76,76,76,76
61bc29302bc46a14d2c8d441,636a845d2ce40b15d6f51d1a,GOODFELLOW INC - EDMONTON,DELIVERLOAD,True,101,101,101,101,101,101,101,101,101,101,101,101,101,101,101,101,101,101,101,101,101,101,101,101,101
61bc29302bc46a14d2c8d441,67607a523473d42370739abf,GOODTIMES - BAY D,DELIVERLOAD,False,10,10,10,10,10,10,10,10,10,10,10,10,10,10,10,10,10,10,10,10,10,10,10,10,10
61bc29302bc46a14d2c8d441,67607a523473d42370739abf,GOODTIMES - BAY D,HOOKCONTAINER,False,19,19,19,19,19,19,19,19,19,19,19,19,19,19,19,19,19,19,19,19,19,19,19,19,19
61bc29302bc46a14d2c8d441,68bee1c15ebed69a51c01550,GRANDE PRAIRIE KUBOTA,DELIVERLOAD,True,60,60,60,60,60,60,60,60,60,60,60,60,60,60,60,60,60,60,60,60,60,60,60,60,60
61bc29302bc46a14d2c8d441,663286f082968b85cedbe52d,GRANITE GALLERY,DELIVERLOAD,False,17,17,17,17,17,17,17,17,17,10,19,24,17,17,17,28,15,15,17,17,17,17,17,17,17
61bc29302bc46a14d2c8d441,663286f082968b85cedbe52d,GRANITE GALLERY,DELIVERLOAD,True,31,31,31,31,31,31,31,31,31,31,31,31,31,31,31,31,31,31,31,31,31,31,31,31,31
61bc29302bc46a14d2c8d441,663286f082968b85cedbe52d,GRANITE GALLERY,HOOKCONTAINER,False,17,17,17,17,17,17,17,17,17,12,17,52,39,11,11,13,22,45,17,17,17,17,17,17,17
61bc29302bc46a14d2c8d441,675b0d7d62c2e7dad7a86868,GRANITE STAR LTD - DAY CAB,DELIVERLOAD,False,54,54,54,54,54,54,54,54,54,54,54,54,54,54,54,54,54,54,54,54,54,54,54,54,54
61bc29302bc46a14d2c8d441,675b0d7d62c2e7dad7a86868,GRANITE STAR LTD - DAY CAB,HOOKCONTAINER,False,38,38,38,38,38,38,38,38,38,38,38,38,38,38,38,38,38,38,38,38,38,38,38,38,38
61bc29302bc46a14d2c8d441,65cd02948752d9e8970639f5,GRANITE WORX INC,DELIVERLOAD,True,33,33,33,33,33,33,33,33,33,33,33,33,33,33,33,33,33,33,33,33,33,33,33,33,33
61bc29302bc46a14d2c8d441,66182bb26542f17f5865a317,GRATTON COULEE AGRI PARTS LTD - DELIVERY,DELIVERLOAD,True,30,30,30,30,30,30,30,30,30,30,30,30,30,30,30,30,30,30,30,30,30,30,30,30,30
61bc29302bc46a14d2c8d441,67d1ae27e43ee7176aaf3360,GRAY FASTENERS,DELIVERLOAD,True,87,87,87,87,87,87,87,87,87,87,87,87,87,87,87,87,87,87,87,87,87,87,87,87,87
61bc29302bc46a14d2c8d441,6807dde6d28499abf75ac62a,GRAY FASTENERS,DELIVERLOAD,False,83,83,83,83,83,83,83,83,83,83,83,83,83,83,83,83,83,83,83,83,83,83,83,83,83
61bc29302bc46a14d2c8d441,6807dde6d28499abf75ac62a,GRAY FASTENERS,DELIVERLOAD,True,68,68,68,68,68,68,68,68,68,68,68,68,68,68,68,68,68,68,68,68,68,68,68,68,68
61bc29302bc46a14d2c8d441,6501e1943e205515fa000155,GRD ENTERPRISES,DELIVERLOAD,True,106,106,106,106,106,106,106,106,106,106,106,106,106,106,106,106,106,106,106,106,106,106,106,106,106
61bc29302bc46a14d2c8d441,65087b78eaeee916015686db,"GRD ENTERPRISES Beiseker, Alberta",DELIVERLOAD,False,17,17,17,17,17,17,17,17,17,17,17,17,17,17,17,17,17,17,17,17,17,17,17,17,17
61bc29302bc46a14d2c8d441,65087b78eaeee916015686db,"GRD ENTERPRISES Beiseker, Alberta",DELIVERLOAD,True,98,98,98,98,98,98,98,98,98,98,98,98,98,98,98,98,98,98,98,98,98,98,98,98,98
61bc29302bc46a14d2c8d441,636ae55097b3e815d2968d77,GRD ENTERPRISES - UNIT 2170,DELIVERLOAD,False,14,14,14,14,14,14,14,14,14,14,14,14,14,14,14,14,14,14,14,14,14,14,14,14,14
61bc29302bc46a14d2c8d441,636ae55097b3e815d2968d77,GRD ENTERPRISES - UNIT 2170,DELIVERLOAD,True,75,75,75,75,75,75,75,75,75,75,75,75,75,64,75,71,98,75,75,75,75,75,75,75,75
61bc29302bc46a14d2c8d441,636ae55097b3e815d2968d77,GRD ENTERPRISES - UNIT 2170,HOOKCONTAINER,False,15,15,15,15,15,15,15,15,15,15,15,15,15,15,15,15,15,15,15,15,15,15,15,15,15
61bc29302bc46a14d2c8d441,6568dbe199364716639a1816,GREEN BIOPACK - DAY CAB ONLY,DELIVERLOAD,False,14,14,14,14,14,14,14,14,14,14,14,14,14,14,14,14,14,14,14,14,14,14,14,14,14
61bc29302bc46a14d2c8d441,6568dbe199364716639a1816,GREEN BIOPACK - DAY CAB ONLY,HOOKCONTAINER,False,15,15,15,15,15,15,15,15,15,15,15,15,15,15,15,15,15,15,15,15,15,15,15,15,15
61bc29302bc46a14d2c8d441,68a4abc083340d551979d1dd,GREEN HILLS CONSTRUCTION,DELIVERLOAD,True,38,38,38,38,38,38,38,38,38,38,38,38,38,38,38,38,38,38,38,38,38,38,38,38,38
61bc29302bc46a14d2c8d441,68bb0575d42595690a8b9426,GREEN HILLS - TWO HILLS,DELIVERLOAD,True,125,125,125,125,125,125,125,125,125,125,125,125,125,125,125,125,125,125,125,125,125,125,125,125,125
61bc29302bc46a14d2c8d441,63d01a775765e0160a6a3260,GREENLANDE RESOURCES,DELIVERLOAD,True,41,41,41,41,41,41,41,41,41,41,41,41,41,41,41,41,41,41,41,41,41,41,41,41,41
61bc29302bc46a14d2c8d441,62e7f67929da9c1613043d2a,GREEN LINE HOSE  OPEN YARD,DELIVERLOAD,False,12,12,12,12,12,12,12,12,12,12,12,12,14,17,11,21,12,11,10,12,12,12,12,12,12
61bc29302bc46a14d2c8d441,62e7f67929da9c1613043d2a,GREEN LINE HOSE  OPEN YARD,DELIVERLOAD,True,46,46,46,46,46,46,46,46,46,46,46,46,46,46,46,46,46,46,46,46,46,46,46,46,46
61bc29302bc46a14d2c8d441,62e7f67929da9c1613043d2a,GREEN LINE HOSE  OPEN YARD,HOOKCONTAINER,False,10,10,10,10,10,10,10,10,10,10,10,10,15,6,33,9,6,6,10,10,10,10,10,10,10
61bc29302bc46a14d2c8d441,661ea6a44a1cf94b93369b02,GREEN PRAIRIE PET PRODUCTS - LETHBRIDGE AB,DELIVERLOAD,True,61,61,61,61,61,61,61,61,61,61,61,61,61,61,61,61,61,61,61,61,61,61,61,61,61
61bc29302bc46a14d2c8d441,6439b9dabb052716369e2e5d,GREGG DISTRIBUTION,DELIVERLOAD,False,32,32,32,32,32,32,32,32,32,32,32,32,32,32,32,32,32,32,32,32,32,32,32,32,32
61bc29302bc46a14d2c8d441,6439b9dabb052716369e2e5d,GREGG DISTRIBUTION,DELIVERLOAD,True,27,27,27,27,27,27,27,27,27,27,27,27,27,27,27,27,27,27,27,27,27,27,27,27,27
61bc29302bc46a14d2c8d441,6439b9dabb052716369e2e5d,GREGG DISTRIBUTION,HOOKCONTAINER,False,12,12,12,12,12,12,12,12,12,12,12,12,12,12,12,12,12,12,12,12,12,12,12,12,12
61bc29302bc46a14d2c8d441,683dde8ad6f91be5e1f54e00,GREY GOAT - UNIT# 248,DELIVERLOAD,False,17,17,17,17,17,17,17,17,17,17,17,17,17,17,17,17,17,17,17,17,17,17,17,17,17
61bc29302bc46a14d2c8d441,683dde8ad6f91be5e1f54e00,GREY GOAT - UNIT# 248,HOOKCONTAINER,False,13,13,13,13,13,13,13,13,13,13,13,13,13,13,13,13,13,13,13,13,13,13,13,13,13
61bc29302bc46a14d2c8d441,64dba5845798471637be8e00,GROUPE TOUCHETTE - CALGARY,DELIVERLOAD,False,20,20,20,20,20,20,20,20,20,20,25,20,20,20,20,20,20,20,20,20,20,20,20,20,20
61bc29302bc46a14d2c8d441,64dba5845798471637be8e00,GROUPE TOUCHETTE - CALGARY,DELIVERLOAD,True,4,4,4,4,4,4,4,4,4,4,4,4,4,4,4,4,4,4,4,4,4,4,4,4,4
61bc29302bc46a14d2c8d441,64dba5845798471637be8e00,GROUPE TOUCHETTE - CALGARY,HOOKCONTAINER,False,23,23,23,23,23,23,23,23,23,23,23,23,23,23,23,23,17,23,23,23,23,23,23,23,23
61bc29302bc46a14d2c8d441,62b63e408d506713a2761542,GROUPE TOUCHETTE INC - 1070,DELIVERLOAD,False,16,16,16,16,16,16,16,16,16,25,17,14,16,16,16,16,16,16,16,16,16,16,16,16,16
61bc29302bc46a14d2c8d441,62b63e408d506713a2761542,GROUPE TOUCHETTE INC - 1070,DELIVERLOAD,True,20,20,20,20,20,20,20,20,20,20,20,20,20,20,20,20,20,20,20,20,20,20,20,20,20
61bc29302bc46a14d2c8d441,62b63e408d506713a2761542,GROUPE TOUCHETTE INC - 1070,HOOKCONTAINER,False,13,13,13,13,13,13,13,13,11,13,12,27,16,13,12,13,13,10,13,13,13,13,13,13,13
61bc29302bc46a14d2c8d441,686c3f27809e57d298d23a0d,GROUP SIX TECHNOLOGIES INC.,HOOKCONTAINER,False,15,15,15,15,15,15,15,15,15,15,15,15,15,15,15,15,15,15,15,15,15,15,15,15,15
61bc29302bc46a14d2c8d441,67c78086a5a2bddd3c276591,GROWSAFE SYSTEMS LTD - BAY #3,DELIVERLOAD,True,36,36,36,36,36,36,36,36,36,36,36,36,36,36,36,36,36,36,36,36,36,36,36,36,36
61bc29302bc46a14d2c8d441,659d91c1e414d721446d4432,GUILLEVIN ELECTRICAL & AUTOMATION - EDMONTON,DELIVERLOAD,True,58,58,58,58,58,58,58,58,58,58,58,58,58,58,58,58,58,58,58,58,58,58,58,58,58
61bc29302bc46a14d2c8d441,642dea551c96f01609ec5d0d,GUILLEVIN GREEN TECH #2,DELIVERLOAD,True,32,32,32,32,32,32,32,32,32,32,32,32,32,32,32,32,32,32,32,32,32,32,32,32,32
61bc29302bc46a14d2c8d441,681e763952eafa878d273a96,H2O PURE LTD,DELIVERLOAD,True,96,96,96,96,96,96,96,96,96,96,96,96,96,96,96,96,96,96,96,96,96,96,96,96,96
61bc29302bc46a14d2c8d441,689b595bc1893c00a70013fa,HAPPY HIPPO BATH CO.,DELIVERLOAD,True,178,178,178,178,178,178,178,178,178,178,178,178,178,178,178,178,178,178,178,178,178,178,178,178,178
61bc29302bc46a14d2c8d441,6793a8be2758a1f838dd2601,HARDWOODS LP - EDMONTON,DELIVERLOAD,True,116,116,116,116,116,116,116,116,116,116,116,116,116,116,116,116,116,116,116,116,116,116,116,116,116
61bc29302bc46a14d2c8d441,62b63efbcb0e4613b0675c4a,HARDWOODS SPECIALTY,DELIVERLOAD,False,46,46,46,46,46,46,46,46,46,46,46,46,46,46,46,46,46,46,46,46,46,46,46,46,46
61bc29302bc46a14d2c8d441,62b63efbcb0e4613b0675c4a,HARDWOODS SPECIALTY,DELIVERLOAD,True,34,34,34,34,34,34,34,34,34,34,34,34,34,34,34,34,34,34,34,34,34,34,34,34,34
61bc29302bc46a14d2c8d441,62b63efbcb0e4613b0675c4a,HARDWOODS SPECIALTY,HOOKCONTAINER,False,9,9,9,9,9,9,9,9,9,9,9,12,9,9,9,9,9,9,9,9,9,9,9,9,9
61bc29302bc46a14d2c8d441,6318c4d2b981e215c0267f30,HARVEST TRADING (CONSIGNEE),DELIVERLOAD,False,7,7,7,7,7,7,7,7,7,7,7,7,7,7,7,7,7,7,7,7,7,7,7,7,7
61bc29302bc46a14d2c8d441,6318c4d2b981e215c0267f30,HARVEST TRADING (CONSIGNEE),HOOKCONTAINER,False,15,15,15,15,15,15,15,15,15,15,15,15,15,15,15,15,15,15,15,15,15,15,15,15,15
61bc29302bc46a14d2c8d441,64fb76eec2948115fcac599b,HAVENS FEED CANADA LTD,DELIVERLOAD,True,48,48,48,48,48,48,48,48,48,48,48,48,48,48,48,48,48,48,48,48,48,48,48,48,48
61bc29302bc46a14d2c8d441,66313bd3ebe3b8d149426360,HEARTLAND DISPOSAL - OPEN 24/7,DELIVERLOAD,False,8,8,8,8,8,8,8,8,8,8,8,8,8,8,8,8,8,8,8,8,8,8,8,8,8
61bc29302bc46a14d2c8d441,66313bd3ebe3b8d149426360,HEARTLAND DISPOSAL - OPEN 24/7,HOOKCONTAINER,False,9,9,9,9,9,9,9,9,9,9,9,9,9,9,9,9,9,9,9,9,9,9,9,9,9
61bc29302bc46a14d2c8d441,672cf62243f36ecc52b530ca,HEATLINK GROUP - UNIT 115,DELIVERLOAD,False,16,16,16,16,16,16,16,16,16,16,16,16,16,16,16,16,16,16,16,16,16,16,16,16,16
61bc29302bc46a14d2c8d441,672cf62243f36ecc52b530ca,HEATLINK GROUP - UNIT 115,DELIVERLOAD,True,107,107,107,107,107,107,107,107,107,107,107,107,107,107,107,107,107,107,107,107,107,107,107,107,107
61bc29302bc46a14d2c8d441,672cf62243f36ecc52b530ca,HEATLINK GROUP - UNIT 115,HOOKCONTAINER,False,41,41,41,41,41,41,41,41,41,41,41,41,41,41,41,41,41,41,41,41,41,41,41,41,41
61bc29302bc46a14d2c8d441,6797ee3eb27483010add1427,Heidelberg Materials Canada Limited,DELIVERLOAD,True,60,60,60,60,60,60,60,60,60,60,60,60,60,60,60,60,60,60,60,60,60,60,60,60,60
61bc29302bc46a14d2c8d441,6841a366c1a152e1e2624b58,HERC EQUIPMENT RENTAL 8505,DELIVERLOAD,False,69,69,69,69,69,69,69,69,69,69,69,69,69,69,69,69,69,69,69,69,69,69,69,69,69
61bc29302bc46a14d2c8d441,63692a73a8c15515b10dc3f8,HEXION,DELIVERLOAD,True,118,118,118,118,118,118,118,118,118,118,118,118,118,118,118,118,118,118,118,118,118,118,118,118,118
61bc29302bc46a14d2c8d441,6675a6d8c4f94cdbaa58e351,HH&C TRADING CO LTD - 95 ST *DAYCAB,DELIVERLOAD,False,25,25,25,25,25,25,25,25,25,25,25,25,25,25,25,25,25,25,25,25,25,25,25,25,25
61bc29302bc46a14d2c8d441,6675a6d8c4f94cdbaa58e351,HH&C TRADING CO LTD - 95 ST *DAYCAB,DELIVERLOAD,True,37,37,37,37,37,37,37,37,37,37,37,37,37,37,37,37,37,37,37,37,37,37,37,37,37
61bc29302bc46a14d2c8d441,6675a6d8c4f94cdbaa58e351,HH&C TRADING CO LTD - 95 ST *DAYCAB,HOOKCONTAINER,False,15,15,15,15,15,15,15,15,15,15,15,15,15,15,15,15,15,15,15,15,15,15,15,15,15
61bc29302bc46a14d2c8d441,6824cd1c01a535da3b321fdc,HH&C TRADING CO LTD - CONSIGNEE,DELIVERLOAD,False,9,9,9,9,9,9,9,9,9,9,9,9,9,9,9,9,9,9,9,9,9,9,9,9,9
61bc29302bc46a14d2c8d441,6824cd1c01a535da3b321fdc,HH&C TRADING CO LTD - CONSIGNEE,HOOKCONTAINER,False,12,12,12,12,12,12,12,12,12,12,12,12,12,12,12,12,12,12,12,12,12,12,12,12,12
61bc29302bc46a14d2c8d441,65eb8593fe38855c9bca73ae,HIDE AWAY INC - 142 ST,HOOKCONTAINER,False,50,50,50,50,50,50,50,50,50,50,50,50,50,50,50,50,50,50,50,50,50,50,50,50,50
61bc29302bc46a14d2c8d441,688920e35408d21ea74d160a,HIGHLANDER VAC SUPPLY - UNIT# 120,DELIVERLOAD,False,17,17,17,17,17,17,17,17,17,17,17,17,17,17,17,17,17,17,17,17,17,17,17,17,17
61bc29302bc46a14d2c8d441,687517938125d17155623657,HIGHMARK MECHANICAL INC,DELIVERLOAD,True,34,34,34,34,34,34,34,34,34,34,34,34,34,34,34,34,34,34,34,34,34,34,34,34,34
61bc29302bc46a14d2c8d441,64e3dc835e286c1602d9fd27,HI-HOG FARM & EQUIPMENT LTD,DELIVERLOAD,False,11,11,11,11,11,11,11,11,11,11,11,11,11,11,11,11,11,11,11,11,11,11,11,11,11
61bc29302bc46a14d2c8d441,64e3dc835e286c1602d9fd27,HI-HOG FARM & EQUIPMENT LTD,HOOKCONTAINER,False,18,18,18,18,18,18,18,18,18,18,18,18,18,18,18,18,18,18,18,18,18,18,18,18,18
61bc29302bc46a14d2c8d441,6852c8cea6bbbc4d990a4f95,HOLDEN HUTTERITE COLONY,DELIVERLOAD,True,33,33,33,33,33,33,33,33,33,33,33,33,33,33,33,33,33,33,33,33,33,33,33,33,33
61bc29302bc46a14d2c8d441,6499f726e8ff4c1627dfbc67,HOLY CROSS CENTER *DAYCAB*,DELIVERLOAD,False,8,8,8,8,8,8,8,8,8,8,8,8,8,8,8,8,8,8,8,8,8,8,8,8,8
61bc29302bc46a14d2c8d441,6499f726e8ff4c1627dfbc67,HOLY CROSS CENTER *DAYCAB*,HOOKCONTAINER,False,11,11,11,11,11,11,11,11,11,11,11,11,11,11,11,11,11,11,11,11,11,11,11,11,11
61bc29302bc46a14d2c8d441,68a6419006157d00611acbbe,HOME FLOORING *LOW CHASSIS,DELIVERLOAD,True,60,60,60,60,60,60,60,60,60,60,60,60,60,60,60,60,60,60,60,60,60,60,60,60,60
61bc29302bc46a14d2c8d441,62b63faecb0e4613b0675cfc,HOME HARDWARE - WETASKIWIN,DELIVERLOAD,False,9,9,9,9,9,9,9,9,9,14,7,8,5,4,6,8,8,11,10,15,9,9,9,9,9
61bc29302bc46a14d2c8d441,62b63faecb0e4613b0675cfc,HOME HARDWARE - WETASKIWIN,DELIVERLOAD,True,53,53,53,53,53,53,53,53,53,53,53,53,53,53,53,53,53,53,53,53,53,53,53,53,53
61bc29302bc46a14d2c8d441,62b63faecb0e4613b0675cfc,HOME HARDWARE - WETASKIWIN,HOOKCONTAINER,False,16,16,16,16,16,16,16,16,85,13,34,18,19,18,16,15,18,17,14,16,14,16,16,16,16
61bc29302bc46a14d2c8d441,649b5a9b61fb6e1634542c1c,HONDA CANADA C/O KN WAREHOUSE,DELIVERLOAD,False,2,2,2,2,2,2,2,2,2,2,2,2,2,2,2,2,2,2,2,2,2,2,2,2,2
61bc29302bc46a14d2c8d441,649b5a9b61fb6e1634542c1c,HONDA CANADA C/O KN WAREHOUSE,DELIVERLOAD,True,57,57,57,57,57,57,57,57,57,56,57,57,57,57,57,57,57,57,57,57,57,57,57,57,57
61bc29302bc46a14d2c8d441,63ee89eff060a7161bd07b9a,HONDA EXTREME,DELIVERLOAD,False,39,39,39,39,39,39,39,39,39,39,39,39,39,39,39,39,39,39,39,39,39,39,39,39,39
61bc29302bc46a14d2c8d441,63ee89eff060a7161bd07b9a,HONDA EXTREME,DELIVERLOAD,True,27,27,27,27,27,27,27,27,27,27,27,26,27,27,27,27,27,27,27,27,27,27,27,27,27
61bc29302bc46a14d2c8d441,681a305ee2abc7bf12b46684,HOTTO CONTRACTING LTD,DELIVERLOAD,False,18,18,18,18,18,18,18,18,18,18,18,18,18,18,18,18,18,18,18,18,18,18,18,18,18
61bc29302bc46a14d2c8d441,681a305ee2abc7bf12b46684,HOTTO CONTRACTING LTD,HOOKCONTAINER,False,16,16,16,16,16,16,16,16,16,16,16,16,16,16,16,16,16,16,16,16,16,16,16,16,16
61bc29302bc46a14d2c8d441,685188dda98343999d85c8f0,HR-EX,HOOKCONTAINER,False,57,57,57,57,57,57,57,57,57,57,57,57,57,57,57,57,57,57,57,57,57,57,57,57,57
61bc29302bc46a14d2c8d441,66465f639bf645cdd9ae320e,HUBER AG EQUIPMENT,DELIVERLOAD,True,60,60,60,60,60,60,60,60,60,60,60,60,60,60,60,60,60,60,60,60,60,60,60,60,60
61bc29302bc46a14d2c8d441,65fdcc14ea049e54dcde96ec,HULI SHIPPING - CALGARY,DELIVERLOAD,False,35,35,35,35,35,35,35,35,35,35,35,35,35,35,35,35,35,35,35,35,35,35,35,35,35
61bc29302bc46a14d2c8d441,65fdcc14ea049e54dcde96ec,HULI SHIPPING - CALGARY,DELIVERLOAD,True,5,5,5,5,5,5,5,5,5,5,5,5,5,5,5,5,5,5,5,5,5,5,5,5,5
61bc29302bc46a14d2c8d441,65fdcc14ea049e54dcde96ec,HULI SHIPPING - CALGARY,HOOKCONTAINER,False,28,28,28,28,28,28,28,28,28,28,28,28,28,28,28,28,28,28,28,28,28,28,28,28,28
61bc29302bc46a14d2c8d441,62b6421ccb0e4613b0675ea0,HUNTER LOGISTICS,DELIVERLOAD,False,12,12,12,12,12,12,12,12,12,17,11,14,12,10,9,13,11,12,8,12,12,12,12,12,12
61bc29302bc46a14d2c8d441,62b6421ccb0e4613b0675ea0,HUNTER LOGISTICS,DELIVERLOAD,True,75,75,75,75,75,75,75,75,75,75,75,75,75,75,75,75,75,75,75,75,75,75,75,75,75
61bc29302bc46a14d2c8d441,62b6421ccb0e4613b0675ea0,HUNTER LOGISTICS,HOOKCONTAINER,False,21,21,21,21,21,21,21,21,21,14,22,26,30,19,30,24,22,17,17,22,21,21,21,21,21
61bc29302bc46a14d2c8d441,637fb27843e43815d2884196,HUNT REFRIGERATION,DELIVERLOAD,True,177,177,177,177,177,177,177,177,177,177,177,177,177,177,177,177,177,177,177,177,177,177,177,177,177
61bc29302bc46a14d2c8d441,636993fa5b17a615d2b2ee36,HUTCH INTERNATIONAL INC,DELIVERLOAD,False,54,54,54,54,54,54,54,54,54,54,54,54,54,54,54,54,54,54,54,54,54,54,54,54,54
61bc29302bc46a14d2c8d441,636993fa5b17a615d2b2ee36,HUTCH INTERNATIONAL INC,HOOKCONTAINER,False,16,16,16,16,16,16,16,16,16,16,16,16,16,16,16,16,16,16,16,16,16,16,16,16,16
61bc29302bc46a14d2c8d441,67bf7e9330903402b4302007,HUTTERVILLE COLONY,DELIVERLOAD,False,78,78,78,78,78,78,78,78,78,78,78,78,78,78,78,78,78,78,78,78,78,78,78,78,78
61bc29302bc46a14d2c8d441,67bf7e9330903402b4302007,HUTTERVILLE COLONY,DELIVERLOAD,True,169,169,169,169,169,169,169,169,169,169,169,169,169,169,169,169,169,169,169,169,169,169,169,169,169
61bc29302bc46a14d2c8d441,6661ec340d1f6f78c24d59b2,HW METALS AND SALVAGE LTD. (CONSIGNEE),DELIVERLOAD,True,123,123,123,123,123,123,123,123,123,123,123,123,123,123,123,123,123,123,123,123,123,123,123,123,123
61bc29302bc46a14d2c8d441,684b20bfaa7ecc6643ac9450,HYATT PLACE EDMONTON WEST,DELIVERLOAD,False,17,17,17,17,17,17,17,17,17,17,17,17,17,17,17,17,17,17,17,17,17,17,17,17,17
61bc29302bc46a14d2c8d441,67cb9757fdb3d57cff9e557a,I Beam Irrigation,DELIVERLOAD,False,17,17,17,17,17,17,17,17,17,17,17,17,17,17,17,17,17,17,17,17,17,17,17,17,17
61bc29302bc46a14d2c8d441,67cb9757fdb3d57cff9e557a,I Beam Irrigation,DELIVERLOAD,True,92,92,92,92,92,92,92,92,92,92,92,92,92,92,92,92,92,92,92,92,92,92,92,92,92
61bc29302bc46a14d2c8d441,662961bc7ad1b22b050e46c5,ICB DEPOT 403-617-3597(Rene-receiver),DELIVERLOAD,True,7,7,7,7,7,7,7,7,7,7,7,7,7,7,7,7,7,7,7,7,7,7,7,7,7
61bc29302bc46a14d2c8d441,683870438a4bd352073f1d4b,ICON CONTRACT CORP,DELIVERLOAD,False,62,62,62,62,62,62,62,62,62,62,62,62,62,62,62,62,62,62,62,62,62,62,62,62,62
61bc29302bc46a14d2c8d441,62e8367029da9c161304997a,ID FOODS2,DELIVERLOAD,False,19,19,19,19,19,19,19,19,19,19,19,19,19,19,19,19,19,19,19,19,19,19,19,19,19
61bc29302bc46a14d2c8d441,62e8367029da9c161304997a,ID FOODS2,DELIVERLOAD,True,48,48,48,48,48,48,48,48,48,48,48,48,48,48,48,48,48,48,48,48,48,48,48,48,48
61bc29302bc46a14d2c8d441,62e8367029da9c161304997a,ID FOODS2,HOOKCONTAINER,False,10,10,10,10,10,10,10,10,10,10,10,10,10,10,10,10,10,10,10,10,10,10,10,10,10
61bc29302bc46a14d2c8d441,66c4b4b7daf9f7b299affe38,ID Foods #3,DELIVERLOAD,False,69,69,69,69,69,69,69,69,69,69,69,69,69,69,69,69,69,69,69,69,69,69,69,69,69
61bc29302bc46a14d2c8d441,66c4b4b7daf9f7b299affe38,ID Foods #3,DELIVERLOAD,True,32,32,32,32,32,32,32,32,32,32,32,32,32,32,32,32,32,32,32,32,32,32,32,32,32
61bc29302bc46a14d2c8d441,66c4b4b7daf9f7b299affe38,ID Foods #3,HOOKCONTAINER,False,19,19,19,19,19,19,19,19,19,19,19,19,19,19,19,19,19,19,19,19,19,19,19,19,19
61bc29302bc46a14d2c8d441,67a10127fe0e4b384b469f61,IGLOO BUILDING SUPPLIES - 111 AVE,DELIVERLOAD,True,60,60,60,60,60,60,60,60,60,60,60,60,60,60,60,60,60,60,60,60,60,60,60,60,60
61bc29302bc46a14d2c8d441,62b642b28d506713a27619fd,IG MACHINE & FIBERS,DELIVERLOAD,False,17,17,17,17,17,17,17,17,17,17,17,17,17,17,17,17,17,17,17,17,17,17,17,17,17
61bc29302bc46a14d2c8d441,67a3c8abe4cdfee84935d3a9,I & K IMPORTS INC - CONSIGNEE,DELIVERLOAD,False,26,26,26,26,26,26,26,26,26,26,26,26,26,26,26,26,26,26,26,26,26,26,26,26,26
61bc29302bc46a14d2c8d441,67a3c8abe4cdfee84935d3a9,I & K IMPORTS INC - CONSIGNEE,HOOKCONTAINER,False,6,6,6,6,6,6,6,6,6,6,6,6,6,6,6,6,6,6,6,6,6,6,6,6,6
61bc29302bc46a14d2c8d441,66562c272a5b46da68928974,IMAGINARIUM PLUS LTD (CONSIGNEE),DELIVERLOAD,False,30,30,30,30,30,30,30,30,30,30,30,30,30,30,30,30,30,30,30,30,30,30,30,30,30
61bc29302bc46a14d2c8d441,66562c272a5b46da68928974,IMAGINARIUM PLUS LTD (CONSIGNEE),HOOKCONTAINER,False,22,22,22,22,22,22,22,22,22,22,22,22,22,22,22,22,22,22,22,22,22,22,22,22,22
61bc29302bc46a14d2c8d441,64a6d5f17f19da15f738be91,IMPERIAL DADE CANADA INC (CALGARY),DELIVERLOAD,False,17,17,17,17,17,17,17,17,17,17,17,17,17,17,17,17,17,17,17,17,17,17,17,17,17
61bc29302bc46a14d2c8d441,64a6d5f17f19da15f738be91,IMPERIAL DADE CANADA INC (CALGARY),DELIVERLOAD,True,23,23,23,23,23,23,23,23,23,23,23,23,23,23,23,23,23,23,23,23,23,23,23,23,23
61bc29302bc46a14d2c8d441,64a6d5f17f19da15f738be91,IMPERIAL DADE CANADA INC (CALGARY),HOOKCONTAINER,False,46,46,46,46,46,46,46,46,46,46,46,46,46,46,46,46,46,46,46,46,46,46,46,46,46
61bc29302bc46a14d2c8d441,62ec6d5ee9e73e15e4b4f0ca,IMPERIAL GROUP - EDMONTON,DELIVERLOAD,True,49,49,49,49,49,49,49,49,49,49,49,49,49,49,49,49,49,49,49,49,49,49,49,49,49
61bc29302bc46a14d2c8d441,68126f83695718652f121444,IMPERIAL LEGACY MANAGEMENT INC - UNIT 101,DELIVERLOAD,True,77,77,77,77,77,77,77,77,77,77,77,77,77,77,77,77,77,77,77,77,77,77,77,77,77
61bc29302bc46a14d2c8d441,67b8dc263a3b129556f8de59,IMPERIAL OIL AMISK WAREHOUSE 111,DELIVERLOAD,True,65,65,65,65,65,65,65,65,65,65,65,65,65,65,65,65,65,65,65,65,65,65,65,65,65
61bc29302bc46a14d2c8d441,68b8453925c3e78fd4e6360f,INCAN GLOBAL CORP LTD (CONSIGNEE) - DAYCAB,HOOKCONTAINER,False,10,10,10,10,10,10,10,10,10,10,10,10,10,10,10,10,10,10,10,10,10,10,10,10,10
61bc29302bc46a14d2c8d441,6849a856d9f8796c1279c91b,INFLATE YOUR BUSINESS INC,DELIVERLOAD,False,52,52,52,52,52,52,52,52,52,52,52,52,52,52,52,52,52,52,52,52,52,52,52,52,52
61bc29302bc46a14d2c8d441,6377d76d748d92165253242b,INGENIA POLYMERS,DELIVERLOAD,True,88,88,88,88,88,88,88,88,88,88,88,88,88,88,88,88,88,88,88,88,88,88,88,88,88
61bc29302bc46a14d2c8d441,66ae843e726cd538681e2ef9,INLAND INDUSTRIAL SUPPLY,DELIVERLOAD,True,83,83,83,83,83,83,83,83,83,83,83,83,83,83,83,83,83,83,83,83,83,83,83,83,83
61bc29302bc46a14d2c8d441,67be3d6ed3f54deb99ae47ee,INLAND PLASTICS,DELIVERLOAD,True,60,60,60,60,60,60,60,60,60,60,60,60,60,60,60,60,60,60,60,60,60,60,60,60,60
61bc29302bc46a14d2c8d441,631a40446d572f15ebb9a3d3,INLAND TECHNOLOGIES YYC,HOOKCONTAINER,False,73,73,73,73,73,73,73,73,73,73,73,73,73,73,73,73,73,73,73,73,73,73,73,73,73
61bc29302bc46a14d2c8d441,6793d73939b9a2bc97fd437d,INNOVATION BUILDING GROUP #2,DELIVERLOAD,True,118,118,118,118,118,118,118,118,118,118,118,118,118,118,118,118,118,118,118,118,118,118,118,118,118
61bc29302bc46a14d2c8d441,64db8ab18fd8fd15b8295edc,INNOVATIVE MECHANICAL SOLUTIONS INC,DELIVERLOAD,True,17,17,17,17,17,17,17,17,17,17,17,17,17,17,17,17,17,17,17,17,17,17,17,17,17
61bc29302bc46a14d2c8d441,66465da48076e8674fd87966,INTEGRITY PRODUCTS & SUPPLIES,DELIVERLOAD,False,26,26,26,26,26,26,26,26,26,26,26,26,26,26,26,26,26,26,26,26,26,26,26,26,26
61bc29302bc46a14d2c8d441,66465da48076e8674fd87966,INTEGRITY PRODUCTS & SUPPLIES,HOOKCONTAINER,False,16,16,16,16,16,16,16,16,16,16,16,16,16,16,16,16,16,16,16,16,16,16,16,16,16
61bc29302bc46a14d2c8d441,66f32671d3c2a019570428d3,INTEGRITY WASTE SOLUTIONS - CONSIGNEE,DELIVERLOAD,True,49,49,49,49,49,49,49,49,49,49,49,49,49,49,49,49,49,49,49,49,49,49,49,49,49
61bc29302bc46a14d2c8d441,62f92048ab02ce16072e72f2,INTER-CONTINENTAL GEAR & BRAKE INC,DELIVERLOAD,True,36,36,36,36,36,36,36,36,36,36,36,36,36,36,36,36,36,36,36,36,36,36,36,36,36
61bc29302bc46a14d2c8d441,64501fabbc6eec15da584adb,INTERNATIONAL COOLING TOWER,DELIVERLOAD,True,101,101,101,101,101,101,101,101,101,101,101,101,101,101,101,101,101,101,101,101,101,101,101,101,101
61bc29302bc46a14d2c8d441,62b64324cb0e4613b0675fc2,IRON CREEK COLONY,DELIVERLOAD,True,60,60,60,60,60,60,60,60,60,60,60,60,60,60,60,60,60,60,60,60,60,60,60,60,60
61bc29302bc46a14d2c8d441,62fabc10eb75db15f27d27c5,ITALIAN CENTRE SHOP LTD,DELIVERLOAD,False,9,9,9,9,9,9,9,9,9,9,9,9,9,9,9,9,9,9,9,9,9,9,9,9,9
61bc29302bc46a14d2c8d441,62fabc10eb75db15f27d27c5,ITALIAN CENTRE SHOP LTD,DELIVERLOAD,True,55,55,55,55,55,55,55,55,55,55,55,55,55,55,55,55,55,55,55,55,55,55,55,55,55
61bc29302bc46a14d2c8d441,62fabc10eb75db15f27d27c5,ITALIAN CENTRE SHOP LTD,HOOKCONTAINER,False,15,15,15,15,15,15,15,15,15,15,15,15,15,15,15,15,15,15,15,15,15,15,15,15,15
61bc29302bc46a14d2c8d441,68b21ed0adefebeb8631dc68,I-XL BUILDING PRODUCTS,DELIVERLOAD,True,69,69,69,69,69,69,69,69,69,69,69,69,69,69,69,69,69,69,69,69,69,69,69,69,69
61bc29302bc46a14d2c8d441,63f5285b31ad4f15de54b1ef,JACK CARTER POWERSPORTS SOUTH,DELIVERLOAD,False,41,41,41,41,41,41,41,41,41,41,41,41,41,41,41,41,41,41,41,41,41,41,41,41,41
61bc29302bc46a14d2c8d441,63f5285b31ad4f15de54b1ef,JACK CARTER POWERSPORTS SOUTH,DELIVERLOAD,True,23,23,23,23,23,23,23,23,23,23,23,23,23,31,19,27,23,23,23,23,23,23,23,23,23
61bc29302bc46a14d2c8d441,6841ea89dd7a83cca35e1100,JANET - PRIVATE RESIDENCE,DELIVERLOAD,True,129,129,129,129,129,129,129,129,129,129,129,129,129,129,129,129,129,129,129,129,129,129,129,129,129
61bc29302bc46a14d2c8d441,63974f77a1a0cc16472d1163,JAPA EQUIPMENT,DELIVERLOAD,False,17,17,17,17,17,17,17,17,17,17,17,17,17,17,17,17,17,17,17,17,17,17,17,17,17
61bc29302bc46a14d2c8d441,63974f77a1a0cc16472d1163,JAPA EQUIPMENT,DELIVERLOAD,True,60,60,60,60,60,60,60,60,60,60,60,60,60,60,60,60,60,60,60,60,60,60,60,60,60
61bc29302bc46a14d2c8d441,686fde618a3e9b3a4aef89d5,JARVIS CANADA,DELIVERLOAD,True,44,44,44,44,44,44,44,44,44,44,44,44,44,44,44,44,44,44,44,44,44,44,44,44,44
61bc29302bc46a14d2c8d441,686fde618a3e9b3a4aef89d5,JARVIS CANADA,HOOKCONTAINER,False,15,15,15,15,15,15,15,15,15,15,15,15,15,15,15,15,15,15,15,15,15,15,15,15,15
61bc29302bc46a14d2c8d441,62b643748d506713a2761a9a,JBS PROCESSING PLANT,DELIVERLOAD,False,17,17,17,17,17,17,17,17,17,17,17,17,17,17,17,17,17,17,17,17,17,17,17,17,17
61bc29302bc46a14d2c8d441,62b643748d506713a2761a9a,JBS PROCESSING PLANT,DELIVERLOAD,True,97,97,97,97,97,97,97,97,120,89,84,84,101,87,103,124,116,104,83,103,97,97,97,97,97
61bc29302bc46a14d2c8d441,64de3f655e638d161c15902a,JCI FILTRATION & SEPARATION INC - CAL,DELIVERLOAD,False,60,60,60,60,60,60,60,60,60,60,60,60,60,60,60,60,60,60,60,60,60,60,60,60,60
61bc29302bc46a14d2c8d441,64de3f655e638d161c15902a,JCI FILTRATION & SEPARATION INC - CAL,DELIVERLOAD,True,35,35,35,35,35,35,35,35,35,35,35,35,35,35,35,35,35,35,35,35,35,35,35,35,35
61bc29302bc46a14d2c8d441,672e7753ae860fd793dfcf3b,JDD ELECTRIC,DELIVERLOAD,False,11,11,11,11,11,11,11,11,11,11,11,11,11,11,11,11,11,11,11,11,11,11,11,11,11
61bc29302bc46a14d2c8d441,672e7753ae860fd793dfcf3b,JDD ELECTRIC,DELIVERLOAD,True,47,47,47,47,47,47,47,47,47,47,47,47,47,47,47,47,47,47,47,47,47,47,47,47,47
61bc29302bc46a14d2c8d441,672e7753ae860fd793dfcf3b,JDD ELECTRIC,HOOKCONTAINER,False,22,22,22,22,22,22,22,22,22,22,22,22,22,22,22,22,22,22,22,22,22,22,22,22,22
61bc29302bc46a14d2c8d441,657cc198b88d50163a394cc1,J & D FOOD - DELIVERY,DELIVERLOAD,False,16,16,16,16,16,16,16,16,16,16,16,16,16,16,16,16,16,16,16,16,16,16,16,16,16
61bc29302bc46a14d2c8d441,657cc198b88d50163a394cc1,J & D FOOD - DELIVERY,DELIVERLOAD,True,23,23,23,23,23,23,23,23,23,23,23,23,23,23,23,23,23,23,23,23,23,23,23,23,23
61bc29302bc46a14d2c8d441,657cc198b88d50163a394cc1,J & D FOOD - DELIVERY,HOOKCONTAINER,False,10,10,10,10,10,10,10,10,10,10,10,10,10,10,10,10,10,10,10,10,10,10,10,10,10
61bc29302bc46a14d2c8d441,62f02da1a416a8160be7e99f,J&D FOOD SERVICES CALGARY,DELIVERLOAD,True,48,48,48,48,48,48,48,48,48,48,48,48,48,48,48,48,48,48,48,48,48,48,48,48,48
61bc29302bc46a14d2c8d441,688baeb3528360721ecaab2b,JDM AUTO,DELIVERLOAD,False,15,15,15,15,15,15,15,15,15,15,15,15,15,15,15,15,15,15,15,15,15,15,15,15,15
61bc29302bc46a14d2c8d441,688baeb3528360721ecaab2b,JDM AUTO,HOOKCONTAINER,False,22,22,22,22,22,22,22,22,22,22,22,22,22,22,22,22,22,22,22,22,22,22,22,22,22
61bc29302bc46a14d2c8d441,677ea6534c20a82207df0950,JIS FOOD AND BEVERAGE (BAY 3),DELIVERLOAD,False,12,12,12,12,12,12,12,12,12,12,12,12,12,12,12,12,12,12,12,12,12,12,12,12,12
61bc29302bc46a14d2c8d441,677ea6534c20a82207df0950,JIS FOOD AND BEVERAGE (BAY 3),HOOKCONTAINER,False,29,29,29,29,29,29,29,29,29,29,29,29,29,29,29,29,29,29,29,29,29,29,29,29,29
61bc29302bc46a14d2c8d441,6797c5f3fba68d95140ac932,JORGE ALBERTO VASQUEZ,DELIVERLOAD,False,16,16,16,16,16,16,16,16,16,16,16,16,16,16,16,16,16,16,16,16,16,16,16,16,16
61bc29302bc46a14d2c8d441,6797c5f3fba68d95140ac932,JORGE ALBERTO VASQUEZ,HOOKCONTAINER,False,35,35,35,35,35,35,35,35,35,35,35,35,35,35,35,35,35,35,35,35,35,35,35,35,35
61bc29302bc46a14d2c8d441,682de58531e25f7c9349d5e4,JR CONSTRUCTION,HOOKCONTAINER,False,24,24,24,24,24,24,24,24,24,24,24,24,24,24,24,24,24,24,24,24,24,24,24,24,24
61bc29302bc46a14d2c8d441,67aa63d691e64b1119ade452,KADAK CAFE INC - CONSIGNEE,DELIVERLOAD,False,21,21,21,21,21,21,21,21,21,21,21,21,21,21,21,21,21,21,21,21,21,21,21,21,21
61bc29302bc46a14d2c8d441,67aa63d691e64b1119ade452,KADAK CAFE INC - CONSIGNEE,HOOKCONTAINER,False,12,12,12,12,12,12,12,12,12,12,12,12,12,12,12,12,12,12,12,12,12,12,12,12,12
61bc29302bc46a14d2c8d441,673f86de549e181ac8404763,KADRIAN IMPORTS INC,DELIVERLOAD,False,9,9,9,9,9,9,9,9,9,9,9,9,9,9,9,9,9,9,9,9,9,9,9,9,9
61bc29302bc46a14d2c8d441,673f86de549e181ac8404763,KADRIAN IMPORTS INC,DELIVERLOAD,True,35,35,35,35,35,35,35,35,35,35,35,35,35,35,35,35,35,35,35,35,35,35,35,35,35
61bc29302bc46a14d2c8d441,673f86de549e181ac8404763,KADRIAN IMPORTS INC,HOOKCONTAINER,False,16,16,16,16,16,16,16,16,16,16,16,16,16,16,16,16,16,16,16,16,16,16,16,16,16
61bc29302bc46a14d2c8d441,66589ad7bddb47012177d99a,KAISER HOLZ INC,DELIVERLOAD,False,17,17,17,17,17,17,17,17,17,17,17,17,17,17,17,17,17,17,17,17,17,17,17,17,17
61bc29302bc46a14d2c8d441,66589ad7bddb47012177d99a,KAISER HOLZ INC,HOOKCONTAINER,False,16,16,16,16,16,16,16,16,16,16,16,16,16,16,16,16,16,16,16,16,16,16,16,16,16
61bc29302bc46a14d2c8d441,62b644059058816625b08a80,KAL TIRE - ACHESON WAREHOUSE,DELIVERLOAD,False,9,9,9,9,9,9,9,9,11,11,9,9,9,11,6,9,7,9,9,9,9,9,9,9,9
61bc29302bc46a14d2c8d441,62b644059058816625b08a80,KAL TIRE - ACHESON WAREHOUSE,HOOKCONTAINER,False,13,13,13,13,13,13,13,13,28,11,13,12,14,15,18,15,16,12,13,13,13,13,13,13,13
61bc29302bc46a14d2c8d441,62b644188d506713a2761b0a,KAL TIRE - RETREAD WAREHOUSE,DELIVERLOAD,True,6,6,6,6,6,6,6,6,6,6,6,6,6,6,6,6,6,6,6,6,6,6,6,6,6
61bc29302bc46a14d2c8d441,67abd51104a5e13d1fa17a5f,KAMCO INTERIRORS - BAY F,DELIVERLOAD,False,10,10,10,10,10,10,10,10,10,10,10,10,10,10,10,10,10,10,10,10,10,10,10,10,10
61bc29302bc46a14d2c8d441,67abd51104a5e13d1fa17a5f,KAMCO INTERIRORS - BAY F,HOOKCONTAINER,False,54,54,54,54,54,54,54,54,54,54,54,54,54,54,54,54,54,54,54,54,54,54,54,54,54
61bc29302bc46a14d2c8d441,65b12b093c57eb16455e7de7,KANDREA INSULATION AND SCAFFOLDING - NISKU,DELIVERLOAD,False,8,8,8,8,8,8,8,8,8,8,6,8,8,8,8,8,8,8,8,8,8,8,8,8,8
61bc29302bc46a14d2c8d441,65b12b093c57eb16455e7de7,KANDREA INSULATION AND SCAFFOLDING - NISKU,DELIVERLOAD,True,52,52,52,52,52,52,52,52,52,52,52,52,52,52,52,52,52,52,52,52,52,52,52,52,52
61bc29302bc46a14d2c8d441,65b12b093c57eb16455e7de7,KANDREA INSULATION AND SCAFFOLDING - NISKU,HOOKCONTAINER,False,33,33,33,33,33,33,33,33,33,33,33,33,33,33,33,33,33,33,33,33,33,33,33,33,33
61bc29302bc46a14d2c8d441,66562eb8305417931a71b8d0,KANE VETERINARY SUPPLIES (CONSIGNEE),HOOKCONTAINER,False,24,24,24,24,24,24,24,24,24,24,24,24,24,24,24,24,24,24,24,24,24,24,24,24,24
61bc29302bc46a14d2c8d441,67ddde2f937efeb0e7ffeb36,KANSAS RIDGE TRUCKING - 16#,DELIVERLOAD,True,60,60,60,60,60,60,60,60,60,60,60,60,60,60,60,60,60,60,60,60,60,60,60,60,60
61bc29302bc46a14d2c8d441,66f6d9c3c28a9ff143551c8a,KASOA TROPICAL FOOD MARKET LTD - CORONET RD DOLLY PADS NEEDED,DELIVERLOAD,False,17,17,17,17,17,17,17,17,17,17,17,17,17,17,17,17,17,17,17,17,17,17,17,17,17
61bc29302bc46a14d2c8d441,66f6d9c3c28a9ff143551c8a,KASOA TROPICAL FOOD MARKET LTD - CORONET RD DOLLY PADS NEEDED,HOOKCONTAINER,False,30,30,30,30,30,30,30,30,30,30,30,30,30,30,30,30,30,30,30,30,30,30,30,30,30
61bc29302bc46a14d2c8d441,62b6444c9058816625b08a9a,KATOEN NATIE CANADA,DELIVERLOAD,False,17,17,17,17,17,17,17,17,17,17,17,17,17,17,17,17,17,17,17,17,17,17,17,17,17
61bc29302bc46a14d2c8d441,62b6444c9058816625b08a9a,KATOEN NATIE CANADA,DELIVERLOAD,True,90,90,90,90,90,90,90,90,90,90,90,90,90,90,90,90,90,90,90,90,90,90,90,90,90
61bc29302bc46a14d2c8d441,67092a2eb460442e8a022c7b,KAYESIDE INC,DELIVERLOAD,False,15,15,15,15,15,15,15,15,15,15,15,15,15,15,15,15,15,15,15,15,15,15,15,15,15
61bc29302bc46a14d2c8d441,67092a2eb460442e8a022c7b,KAYESIDE INC,HOOKCONTAINER,False,21,21,21,21,21,21,21,21,21,21,21,21,21,21,21,21,21,21,21,21,21,21,21,21,21
61bc29302bc46a14d2c8d441,62f54890b1ee8615f9246e44,KAYTECH VINYL INC,DELIVERLOAD,True,67,67,67,67,67,67,67,67,67,67,67,67,67,67,67,67,67,67,67,67,67,67,67,67,67
61bc29302bc46a14d2c8d441,62f54890b1ee8615f9246e44,KAYTECH VINYL INC,HOOKCONTAINER,False,11,11,11,11,11,11,11,11,11,11,11,11,11,11,11,11,11,11,11,11,11,11,11,11,11
61bc29302bc46a14d2c8d441,685b17a3f407503a646344e8,KBM FLOORING,DELIVERLOAD,False,26,26,26,26,26,26,26,26,26,26,26,26,26,26,26,26,26,26,26,26,26,26,26,26,26
61bc29302bc46a14d2c8d441,6657310a24def21d3a8d88b7,KEDDCO MFG (CONSIGNEE),DELIVERLOAD,True,59,59,59,59,59,59,59,59,59,59,59,59,59,59,59,59,59,59,59,59,59,59,59,59,59
61bc29302bc46a14d2c8d441,67bc8d19d062aab5833eb53a,KEDDIE'S TACK AND WESTERN WEAR,DELIVERLOAD,True,96,96,96,96,96,96,96,96,96,96,96,96,96,96,96,96,96,96,96,96,96,96,96,96,96
61bc29302bc46a14d2c8d441,66fea132c58f071b96e3284c,KEMI WHOLESALE RED DEER #2,DELIVERLOAD,True,110,110,110,110,110,110,110,110,110,110,110,110,110,110,110,110,110,110,110,110,110,110,110,110,110
61bc29302bc46a14d2c8d441,67e5b5cd58e99e617fc80174,KEN CHALUK CONTRACTING CORPORATION,DELIVERLOAD,True,149,149,149,149,149,149,149,149,149,149,149,149,149,149,149,149,149,149,149,149,149,149,149,149,149
61bc29302bc46a14d2c8d441,62f56cd26852021507722d88,KEYMAY INDUSTRIES,DELIVERLOAD,False,10,10,10,10,10,10,10,10,10,10,10,10,10,10,10,10,10,10,10,10,10,10,10,10,10
61bc29302bc46a14d2c8d441,62f56cd26852021507722d88,KEYMAY INDUSTRIES,HOOKCONTAINER,False,30,30,30,30,30,30,30,30,30,30,30,30,30,30,30,30,30,30,30,30,30,30,30,30,30
61bc29302bc46a14d2c8d441,687eb19c4b72547248f67f8b,K&F ROLLSHUTTER MANUFACTURING **DAYCAB**,DELIVERLOAD,False,13,13,13,13,13,13,13,13,13,13,13,13,13,13,13,13,13,13,13,13,13,13,13,13,13
61bc29302bc46a14d2c8d441,687eb19c4b72547248f67f8b,K&F ROLLSHUTTER MANUFACTURING **DAYCAB**,HOOKCONTAINER,False,12,12,12,12,12,12,12,12,12,12,12,12,12,12,12,12,12,12,12,12,12,12,12,12,12
61bc29302bc46a14d2c8d441,687938b2540828de6ecf97e5,KIM LYLA MACDONALD RESIDENCE,DELIVERLOAD,True,34,34,34,34,34,34,34,34,34,34,34,34,34,34,34,34,34,34,34,34,34,34,34,34,34
61bc29302bc46a14d2c8d441,62e58cf759f76d15e3ef05eb,KIMPEX CALGARY,DELIVERLOAD,False,22,22,22,22,22,22,22,22,22,21,22,22,22,22,22,22,22,22,22,22,22,22,22,22,22
61bc29302bc46a14d2c8d441,62e58cf759f76d15e3ef05eb,KIMPEX CALGARY,DELIVERLOAD,True,115,115,115,115,115,115,115,115,115,115,115,115,115,115,115,115,115,115,115,115,115,115,115,115,115
61bc29302bc46a14d2c8d441,62e58cf759f76d15e3ef05eb,KIMPEX CALGARY,HOOKCONTAINER,False,14,14,14,14,14,14,14,14,14,14,14,14,14,14,14,13,10,14,14,14,14,14,14,14,14
61bc29302bc46a14d2c8d441,62e7fafc2a7ede15e051a74b,KINGSDOWN MATTRESSES,DELIVERLOAD,False,12,12,12,12,12,12,12,12,12,12,12,12,12,12,12,12,12,12,12,12,12,12,12,12,12
61bc29302bc46a14d2c8d441,62e7fafc2a7ede15e051a74b,KINGSDOWN MATTRESSES,HOOKCONTAINER,False,35,35,35,35,35,35,35,35,35,35,35,35,35,35,35,35,35,35,35,35,35,35,35,35,35
61bc29302bc46a14d2c8d441,633dafcfe3a4c815edf70458,KINGSLAKE COLONY EXT: 303,DELIVERLOAD,True,60,60,60,60,60,60,60,60,60,60,60,60,60,60,60,60,60,60,60,60,60,60,60,60,60
61bc29302bc46a14d2c8d441,687a5f6b28444768cc6f9305,KINOSOO RIDGE RESORT,DELIVERLOAD,True,60,60,60,60,60,60,60,60,60,60,60,60,60,60,60,60,60,60,60,60,60,60,60,60,60
61bc29302bc46a14d2c8d441,62b643c8cb0e4613b067602a,K&K RECYCLING SERVICES,DELIVERLOAD,False,17,17,17,17,17,17,17,17,17,17,17,17,17,17,17,17,17,17,17,17,17,17,17,17,17
61bc29302bc46a14d2c8d441,62b643c8cb0e4613b067602a,K&K RECYCLING SERVICES,DELIVERLOAD,True,142,142,142,142,142,142,142,142,142,142,142,142,142,142,142,142,142,142,142,142,142,142,142,142,142
61bc29302bc46a14d2c8d441,62e010b31281c315d84c8d8a,KOOTENAY GRANITE,DELIVERLOAD,True,60,60,60,60,60,60,60,60,60,60,60,60,60,60,60,60,60,60,60,60,60,60,60,60,60
61bc29302bc46a14d2c8d441,6716c9b0724879e516ca4a69,KUEHNE & NAGEL LTD - ACHESON BUILDING 4,DELIVERLOAD,True,81,81,81,81,81,81,81,81,81,81,81,81,81,81,81,81,81,81,81,81,81,81,81,81,81
61bc29302bc46a14d2c8d441,6489dbe6ae625016750ad2c1,KUEHNE & NAGEL WAREHOUSE - 184 ST NEW ADDRESS,DELIVERLOAD,False,63,63,63,63,63,63,63,63,63,63,44,63,63,63,63,63,63,63,63,63,63,63,63,63,63
61bc29302bc46a14d2c8d441,6489dbe6ae625016750ad2c1,KUEHNE & NAGEL WAREHOUSE - 184 ST NEW ADDRESS,DELIVERLOAD,True,43,43,43,43,43,43,43,43,43,52,43,36,34,43,43,43,43,43,43,43,43,43,43,43,43
61bc29302bc46a14d2c8d441,66d0c4d7ab16ede42fc4f3b8,KUNG FU PANDA *DO NOT USE*,DELIVERLOAD,False,10,10,10,10,10,10,10,10,10,10,10,10,10,10,10,10,10,10,10,10,10,10,10,10,10
61bc29302bc46a14d2c8d441,66d0c4d7ab16ede42fc4f3b8,KUNG FU PANDA *DO NOT USE*,HOOKCONTAINER,False,8,8,8,8,8,8,8,8,8,8,8,8,8,8,8,8,8,8,8,8,8,8,8,8,8
61bc29302bc46a14d2c8d441,67c757ef04f36c3211351489,KUNG FU PANDA MOVING (DOCK 62-64),DELIVERLOAD,False,10,10,10,10,10,10,10,10,10,10,10,10,10,10,10,10,10,10,10,10,10,10,10,10,10
61bc29302bc46a14d2c8d441,67c757ef04f36c3211351489,KUNG FU PANDA MOVING (DOCK 62-64),HOOKCONTAINER,False,10,10,10,10,10,10,10,10,10,10,10,10,10,10,10,10,10,10,10,10,10,10,10,10,10
61bc29302bc46a14d2c8d441,6659e02352c984bc3619931c,KWE,DELIVERLOAD,False,10,10,10,10,10,10,10,10,10,18,8,7,10,10,10,10,10,10,10,10,10,10,10,10,10
61bc29302bc46a14d2c8d441,6659e02352c984bc3619931c,KWE,HOOKCONTAINER,False,34,34,34,34,34,34,34,34,34,34,35,49,34,18,24,21,35,34,34,34,34,34,34,34,34
61bc29302bc46a14d2c8d441,6852f98cf622bf4fdfd0265f,LA EXCAVATING & BOBCAT SERVICES,HOOKCONTAINER,False,15,15,15,15,15,15,15,15,15,15,15,15,15,15,15,15,15,15,15,15,15,15,15,15,15
61bc29302bc46a14d2c8d441,68309730ee4ece7efc47af9c,LAMMLE'S WESTERN WEAR,DELIVERLOAD,False,50,50,50,50,50,50,50,50,50,50,50,50,50,50,50,50,50,50,50,50,50,50,50,50,50
61bc29302bc46a14d2c8d441,68309730ee4ece7efc47af9c,LAMMLE'S WESTERN WEAR,HOOKCONTAINER,False,5,5,5,5,5,5,5,5,5,5,5,5,5,5,5,5,5,5,5,5,5,5,5,5,5
61bc29302bc46a14d2c8d441,6793e5dfbb6b483f2005d99e,LANCASHIRE DISTRIBUTION,DELIVERLOAD,True,84,84,84,84,84,84,84,84,84,84,84,84,84,84,84,84,84,84,84,84,84,84,84,84,84
61bc29302bc46a14d2c8d441,67bcd7bfe29a85e058aa93b7,LANCASHIRE DISTRIBUTIONS - CAL (BAY 4),DELIVERLOAD,True,89,89,89,89,89,89,89,89,89,89,89,89,89,89,89,89,89,89,89,89,89,89,89,89,89
61bc29302bc46a14d2c8d441,665731757e4b1c0bedad53f8,LANDTRAN LOGISTICS INC (CONSIGNEE)  EIKO BOOKS,DELIVERLOAD,False,17,17,17,17,17,17,17,17,17,17,17,17,17,17,17,17,17,17,17,17,17,17,17,17,17
61bc29302bc46a14d2c8d441,665731757e4b1c0bedad53f8,LANDTRAN LOGISTICS INC (CONSIGNEE)  EIKO BOOKS,DELIVERLOAD,True,57,57,57,57,57,57,57,57,57,57,57,57,57,46,57,57,57,57,57,57,57,57,57,57,57
61bc29302bc46a14d2c8d441,68598a05a4c71ece7fcfda7a,LAPRAIRIE CRANE,DELIVERLOAD,False,10,10,10,10,10,10,10,10,10,10,10,10,10,10,8,10,10,10,10,10,10,10,10,10,10
61bc29302bc46a14d2c8d441,68598a05a4c71ece7fcfda7a,LAPRAIRIE CRANE,HOOKCONTAINER,False,15,15,15,15,15,15,15,15,15,15,15,15,15,15,15,15,15,15,15,15,15,15,15,15,15
61bc29302bc46a14d2c8d441,62b645a3cb0e4613b067612d,LARANJA CHEMICAL CORPORATION,DELIVERLOAD,False,59,59,59,59,59,59,59,59,59,59,59,59,59,59,59,59,59,59,59,59,59,59,59,59,59
61bc29302bc46a14d2c8d441,62b645a3cb0e4613b067612d,LARANJA CHEMICAL CORPORATION,DELIVERLOAD,True,50,50,50,50,50,50,50,50,50,50,50,50,50,50,50,50,50,50,50,50,50,50,50,50,50
61bc29302bc46a14d2c8d441,62b645bacb0e4613b0676149,LAST MILE LOGISTICS,DELIVERLOAD,True,65,65,65,65,65,65,65,65,65,65,65,65,65,65,65,65,65,65,65,65,65,65,65,65,65
61bc29302bc46a14d2c8d441,62ed41d7e9e73e15e4b5bc54,LA TRUCKING - UNIT# 131,DELIVERLOAD,False,9,9,9,9,9,9,9,9,9,9,9,9,9,9,9,9,9,9,9,9,9,9,9,9,9
61bc29302bc46a14d2c8d441,62ed41d7e9e73e15e4b5bc54,LA TRUCKING - UNIT# 131,HOOKCONTAINER,False,11,11,11,11,11,11,11,11,11,11,11,11,11,11,11,11,11,11,11,11,11,11,11,11,11
61bc29302bc46a14d2c8d441,662afac2dc4cc492ac834fef,"LA-Z-BOY CANADA RETAIL, LTD.",DELIVERLOAD,False,7,7,7,7,7,7,7,7,7,7,7,7,7,7,7,7,7,7,7,7,7,7,7,7,7
61bc29302bc46a14d2c8d441,662afac2dc4cc492ac834fef,"LA-Z-BOY CANADA RETAIL, LTD.",DELIVERLOAD,True,69,69,69,69,69,69,69,69,69,69,69,69,69,69,69,69,69,69,69,69,69,69,69,69,69
61bc29302bc46a14d2c8d441,662afac2dc4cc492ac834fef,"LA-Z-BOY CANADA RETAIL, LTD.",HOOKCONTAINER,False,5,5,5,5,5,5,5,5,5,5,5,5,5,5,5,5,5,5,5,5,5,5,5,5,5
61bc29302bc46a14d2c8d441,6849f580dfa320b63d4a98ab,LAZ-FAB-LTD - EDM,DELIVERLOAD,False,17,17,17,17,17,17,17,17,17,17,17,17,17,17,17,17,17,17,17,17,17,17,17,17,17
61bc29302bc46a14d2c8d441,6838c983057d96af5fee2ce4,LBC BAKERY - UNIT# 105,DELIVERLOAD,False,49,49,49,49,49,49,49,49,49,49,49,49,49,49,49,49,49,49,49,49,49,49,49,49,49
61bc29302bc46a14d2c8d441,6838c983057d96af5fee2ce4,LBC BAKERY - UNIT# 105,DELIVERLOAD,True,75,75,75,75,75,75,75,75,75,75,75,75,75,75,75,75,75,75,75,75,75,75,75,75,75
61bc29302bc46a14d2c8d441,62e83b4b29da9c161304a001,LD FILTRATION,DELIVERLOAD,True,100,100,100,100,100,100,100,100,100,100,100,100,100,100,100,100,100,100,100,100,100,100,100,100,100
61bc29302bc46a14d2c8d441,653ab77b3971ba160ac2e8c1,LEAF ENVIROMENTAL PRODUCTS INC,DELIVERLOAD,False,13,13,13,13,13,13,13,13,13,13,13,13,13,13,13,13,13,13,13,13,13,13,13,13,13
61bc29302bc46a14d2c8d441,653ab77b3971ba160ac2e8c1,LEAF ENVIROMENTAL PRODUCTS INC,DELIVERLOAD,True,58,58,58,58,58,58,58,58,58,58,58,58,58,58,58,58,58,58,58,58,58,58,58,58,58
61bc29302bc46a14d2c8d441,653ab77b3971ba160ac2e8c1,LEAF ENVIROMENTAL PRODUCTS INC,HOOKCONTAINER,False,43,43,43,43,43,43,43,43,43,43,43,43,43,43,43,43,43,43,43,43,43,43,43,43,43
61bc29302bc46a14d2c8d441,631f585427de3715ff801916,LEAVITT MACHINERY RED DEER,DELIVERLOAD,True,49,49,49,49,49,49,49,49,49,49,49,49,49,49,49,49,49,49,49,49,49,49,49,49,49
61bc29302bc46a14d2c8d441,67ae06592a1fe7ee1fcd50ca,LEDUC SERVICE CENTER,DELIVERLOAD,True,79,79,79,79,79,79,79,79,79,79,79,79,79,79,79,79,79,79,79,79,79,79,79,79,79
61bc29302bc46a14d2c8d441,665731f30f84224a4356f077,LEGAL ALFALFA PRODUCTS LTD. (CONSIGNEE),DELIVERLOAD,False,74,74,74,74,74,74,74,74,74,74,74,74,74,74,74,74,74,74,74,74,74,74,74,74,74
61bc29302bc46a14d2c8d441,665731f30f84224a4356f077,LEGAL ALFALFA PRODUCTS LTD. (CONSIGNEE),DELIVERLOAD,True,47,47,47,47,47,47,47,47,47,47,47,47,47,47,47,47,47,47,47,47,47,47,47,47,47
61bc29302bc46a14d2c8d441,62b64618cb0e4613b0676199,LEONS - EDM,HOOKCONTAINER,False,5,5,5,5,5,5,5,5,5,5,5,5,5,5,5,5,5,5,5,5,5,5,5,5,5
61bc29302bc46a14d2c8d441,62b9ba42bbb69c14181272d1,LETHBRIDGE BIOGAS,DELIVERLOAD,True,60,60,60,60,60,60,60,60,60,60,60,60,60,60,60,60,60,60,60,60,60,60,60,60,60
61bc29302bc46a14d2c8d441,68b8af56171475b0aa519e6e,LETS ROLL CONSULTING - LEDUC,DELIVERLOAD,True,57,57,57,57,57,57,57,57,57,57,57,57,57,57,57,57,57,57,57,57,57,57,57,57,57
61bc29302bc46a14d2c8d441,669abe86bfd4e42380f7f8c7,LETS ROLLING CONSULTING - REDWATER,DELIVERLOAD,False,64,64,64,64,64,64,64,64,64,64,64,64,64,64,64,64,64,64,64,64,64,64,64,64,64
61bc29302bc46a14d2c8d441,669abe86bfd4e42380f7f8c7,LETS ROLLING CONSULTING - REDWATER,DELIVERLOAD,True,30,30,30,30,30,30,30,30,30,30,30,30,30,30,30,30,30,30,30,30,30,30,30,30,30
61bc29302bc46a14d2c8d441,65fdcfde00253ca420667733,LGG INDUSTRIAL - UNIT# 11,DELIVERLOAD,False,10,10,10,10,10,10,10,10,10,10,10,10,10,10,10,10,10,10,10,10,10,10,10,10,10
61bc29302bc46a14d2c8d441,65fdcfde00253ca420667733,LGG INDUSTRIAL - UNIT# 11,DELIVERLOAD,True,83,83,83,83,83,83,83,83,83,83,83,83,83,83,83,83,83,83,83,83,83,83,83,83,83
61bc29302bc46a14d2c8d441,65fdcfde00253ca420667733,LGG INDUSTRIAL - UNIT# 11,HOOKCONTAINER,False,13,13,13,13,13,13,13,13,13,13,13,13,13,13,13,13,13,13,13,13,13,13,13,13,13
61bc29302bc46a14d2c8d441,66d7226d0037ff03b2ba1814,LHYRA WAREHOUSE,DELIVERLOAD,True,53,53,53,53,53,53,53,53,53,53,53,53,53,53,53,53,53,53,53,53,53,53,53,53,53
61bc29302bc46a14d2c8d441,64c435d2ec91fa15cf3112a2,LIFTING SOLUTIONS,DELIVERLOAD,True,83,83,83,83,83,83,83,83,83,83,83,83,83,83,83,83,83,83,83,83,83,83,83,83,83
61bc29302bc46a14d2c8d441,669e648df400b313893327f6,Lift King (New),DELIVERLOAD,False,10,10,10,10,10,10,10,10,10,10,10,10,10,10,10,10,10,10,10,10,10,10,10,10,10
61bc29302bc46a14d2c8d441,669e648df400b313893327f6,Lift King (New),DELIVERLOAD,True,179,179,179,179,179,179,179,179,179,179,179,179,179,179,179,179,179,179,179,179,179,179,179,179,179
61bc29302bc46a14d2c8d441,669e648df400b313893327f6,Lift King (New),HOOKCONTAINER,False,14,14,14,14,14,14,14,14,14,14,14,14,14,14,14,14,14,14,14,14,14,14,14,14,14
61bc29302bc46a14d2c8d441,6855a0453ecb3d9ac1589a03,LINDE PROCESS PLANT CANADA - DOW CHEMICALS CANADA (EAST GATE),DELIVERLOAD,True,138,138,138,138,138,138,138,138,138,138,138,138,138,138,138,138,138,138,138,138,138,138,138,138,138
61bc29302bc46a14d2c8d441,6835c1ecad6930c722a0058f,LINDE PROCESS PLANT CANADA - DOW CHEMICALS CANADA (GATE 22A),DELIVERLOAD,True,114,114,114,114,114,114,114,114,114,114,114,114,114,114,114,114,114,114,114,114,114,114,114,114,114
61bc29302bc46a14d2c8d441,669028b9c5af0ee7b71f6497,LINEAGE - CALGARY FOOTHILLS,DELIVERLOAD,False,31,31,31,31,31,31,31,31,31,31,31,31,31,31,31,31,31,31,31,31,31,31,31,31,31
61bc29302bc46a14d2c8d441,669028b9c5af0ee7b71f6497,LINEAGE - CALGARY FOOTHILLS,DELIVERLOAD,True,88,88,88,88,88,88,88,88,88,88,88,88,88,88,88,88,88,88,88,88,88,88,88,88,88
61bc29302bc46a14d2c8d441,669028b9c5af0ee7b71f6497,LINEAGE - CALGARY FOOTHILLS,HOOKCONTAINER,False,53,53,53,53,53,53,53,53,53,53,53,53,53,53,53,53,53,53,53,53,53,53,53,53,53
61bc29302bc46a14d2c8d441,6644d658620b52011723cd29,LINEAGE COLD STORAGE (VERSA),DELIVERLOAD,False,16,16,16,16,16,16,16,16,16,16,16,16,16,16,16,16,16,16,16,16,16,16,16,16,16
61bc29302bc46a14d2c8d441,6644d658620b52011723cd29,LINEAGE COLD STORAGE (VERSA),DELIVERLOAD,True,31,31,31,31,31,31,31,31,31,31,31,31,31,31,31,31,31,31,31,31,31,31,31,31,31
61bc29302bc46a14d2c8d441,6644d658620b52011723cd29,LINEAGE COLD STORAGE (VERSA),HOOKCONTAINER,False,9,9,9,9,9,9,9,9,9,9,9,9,9,9,9,9,8,9,9,9,9,9,9,9,9
61bc29302bc46a14d2c8d441,65ba9298d508b27e413ab7de,LIQUIDATION WHOLESALE INC - EDMONTON,DELIVERLOAD,False,18,18,18,18,18,18,18,18,18,18,18,18,18,18,18,18,18,18,18,18,18,18,18,18,18
61bc29302bc46a14d2c8d441,65ba9298d508b27e413ab7de,LIQUIDATION WHOLESALE INC - EDMONTON,HOOKCONTAINER,False,8,8,8,8,8,8,8,8,8,8,8,8,8,8,8,8,8,8,8,8,8,8,8,8,8
61bc29302bc46a14d2c8d441,63cb16db33516b15aab11cf2,LMS REINFORCING STEEL LTD.,DELIVERLOAD,False,10,10,10,10,10,10,10,10,10,10,10,10,10,10,10,10,10,10,10,10,10,10,10,10,10
61bc29302bc46a14d2c8d441,63cb16db33516b15aab11cf2,LMS REINFORCING STEEL LTD.,DELIVERLOAD,True,49,49,49,49,49,49,49,49,49,49,49,49,49,49,49,49,49,49,49,49,49,49,49,49,49
61bc29302bc46a14d2c8d441,63cb16db33516b15aab11cf2,LMS REINFORCING STEEL LTD.,HOOKCONTAINER,False,12,12,12,12,12,12,12,12,12,12,12,12,12,12,12,12,12,12,12,12,12,12,12,12,12
61bc29302bc46a14d2c8d441,689251bbaf3b6270b0dd307b,LOBLAWS DC50,DELIVERLOAD,False,17,17,17,17,17,17,17,17,17,17,17,17,17,17,17,17,17,17,17,17,17,17,17,17,17
61bc29302bc46a14d2c8d441,67e45adb9a06417ecefd3fd8,LOW IMPACK OFF-ROAD SERVICES,DELIVERLOAD,True,48,48,48,48,48,48,48,48,48,48,48,48,48,48,48,48,48,48,48,48,48,48,48,48,48
61bc29302bc46a14d2c8d441,67c0d4dc12651e3659709875,LOWRY SALES AB LTD,DELIVERLOAD,True,60,60,60,60,60,60,60,60,60,60,60,60,60,60,60,60,60,60,60,60,60,60,60,60,60
61bc29302bc46a14d2c8d441,6503301fec453e161d2c9619,LRMMAN-MANUFACTURING,DELIVERLOAD,True,141,141,141,141,141,141,141,141,141,141,141,141,141,141,141,141,141,141,141,141,141,141,141,141,141
61bc29302bc46a14d2c8d441,67fd602ba7f8314e7e7954d4,LUXE KITCHEN CABINETS - #116,DELIVERLOAD,False,17,17,17,17,17,17,17,17,17,17,17,17,17,17,17,17,17,17,17,17,17,17,17,17,17
61bc29302bc46a14d2c8d441,662699b16f0ce921b35597bf,LYNN THACKER AG CORP,DELIVERLOAD,True,64,64,64,64,64,64,64,64,64,64,64,64,64,64,64,64,64,64,64,64,64,64,64,64,64
61bc29302bc46a14d2c8d441,62b626e78d506713a275f7dc,LYNX BRAND FENCE PRODUCTS,DELIVERLOAD,False,34,34,34,34,34,34,34,34,34,34,34,34,34,34,34,34,34,34,34,34,34,34,34,34,34
61bc29302bc46a14d2c8d441,6835f689c1dd2e10c51ce06a,MACBUILD FASTENERS,DELIVERLOAD,True,45,45,45,45,45,45,45,45,45,45,45,45,45,45,45,45,45,45,45,45,45,45,45,45,45
61bc29302bc46a14d2c8d441,68751d1ee4e391d8d27e7832,Mac Plastics Ltd,DELIVERLOAD,False,31,31,31,31,31,31,31,31,31,31,31,31,31,31,31,31,31,31,31,31,31,31,31,31,31
61bc29302bc46a14d2c8d441,68751d1ee4e391d8d27e7832,Mac Plastics Ltd,HOOKCONTAINER,False,10,10,10,10,10,10,10,10,10,10,10,10,10,10,10,10,10,10,10,10,10,10,10,10,10
61bc29302bc46a14d2c8d441,6662199581c9672dee2d8cdb,MAGMA NORTH AMERICA INC BUILDING C UNIT 16,DELIVERLOAD,False,17,17,17,17,17,17,17,17,17,17,17,17,17,17,17,17,17,17,17,17,17,17,17,17,17
61bc29302bc46a14d2c8d441,6662199581c9672dee2d8cdb,MAGMA NORTH AMERICA INC BUILDING C UNIT 16,DELIVERLOAD,True,51,51,51,51,51,51,51,51,51,51,51,51,51,51,51,51,51,51,51,51,51,51,51,51,51
61bc29302bc46a14d2c8d441,67bf9841230db86be56a6f87,MAINSTREAM,DELIVERLOAD,False,17,17,17,17,17,17,17,17,17,17,17,17,17,17,17,17,17,17,17,17,17,17,17,17,17
61bc29302bc46a14d2c8d441,62f122bc6c4c2416436e5a47,MAJOR PIPE - NISKU COMMAND ENERGY YARD open til  5,DELIVERLOAD,False,12,12,12,12,12,12,12,12,12,12,12,12,12,14,12,15,12,12,12,12,12,12,12,12,12
61bc29302bc46a14d2c8d441,62f122bc6c4c2416436e5a47,MAJOR PIPE - NISKU COMMAND ENERGY YARD open til  5,DELIVERLOAD,True,46,46,46,46,46,46,46,46,46,46,46,46,46,46,46,46,46,46,46,46,46,46,46,46,46
61bc29302bc46a14d2c8d441,62f122bc6c4c2416436e5a47,MAJOR PIPE - NISKU COMMAND ENERGY YARD open til  5,HOOKCONTAINER,False,13,13,13,13,13,13,13,13,13,13,49,13,13,13,8,17,13,13,13,13,13,13,13,13,13
61bc29302bc46a14d2c8d441,6761fcf9d5fc8c63d824f6fc,MAMMOET CANADA WESTERN,DELIVERLOAD,True,58,58,58,58,58,58,58,58,58,58,58,58,58,58,58,58,58,58,58,58,58,58,58,58,58
61bc29302bc46a14d2c8d441,67fe9bd9063337037c6b2080,MANAT ENTERPRISES LTD - # 42 a*DAY CAB,DELIVERLOAD,False,17,17,17,17,17,17,17,17,17,17,17,17,17,17,17,17,17,17,17,17,17,17,17,17,17
61bc29302bc46a14d2c8d441,67fe9bd9063337037c6b2080,MANAT ENTERPRISES LTD - # 42 a*DAY CAB,HOOKCONTAINER,False,52,52,52,52,52,52,52,52,52,52,52,52,52,52,52,52,52,52,52,52,52,52,52,52,52
61bc29302bc46a14d2c8d441,683a30691bc0694c890a2d88,MANITOULIN TRANSPORT - RED DEER,DELIVERLOAD,True,59,59,59,59,59,59,59,59,59,59,59,59,59,59,59,59,59,59,59,59,59,59,59,59,59
61bc29302bc46a14d2c8d441,62b62a038d506713a275fbd8,MANLUK INDUSTRIES,DELIVERLOAD,True,60,60,60,60,60,60,60,60,60,60,60,60,60,60,60,60,60,60,60,60,60,60,60,60,60
61bc29302bc46a14d2c8d441,679a4443f4ce44bc21d58e8b,MANLUK INDUSTRIES 2008 INC - 42ND AVE,DELIVERLOAD,True,159,159,159,159,159,159,159,159,159,159,159,159,159,159,159,159,159,159,159,159,159,159,159,159,159
61bc29302bc46a14d2c8d441,63cac1b0f6ebc915a1634e43,MANUS ABRASIVE SYSTEMS,DELIVERLOAD,True,60,60,60,60,60,60,60,60,60,60,60,60,60,60,60,60,60,60,60,60,60,60,60,60,60
61bc29302bc46a14d2c8d441,63cac1b0f6ebc915a1634e43,MANUS ABRASIVE SYSTEMS,HOOKCONTAINER,False,29,29,29,29,29,29,29,29,29,29,29,29,29,29,29,29,29,29,29,29,29,29,29,29,29
61bc29302bc46a14d2c8d441,658d94f4978b57160d5e7694,MANUS ABRASIVE SYSTEMS INC/ALLREDI - LEDUC,DELIVERLOAD,False,63,63,63,63,63,63,63,63,63,63,63,63,63,63,63,63,63,63,63,63,63,63,63,63,63
61bc29302bc46a14d2c8d441,658d94f4978b57160d5e7694,MANUS ABRASIVE SYSTEMS INC/ALLREDI - LEDUC,DELIVERLOAD,True,59,59,59,59,59,59,59,59,59,59,59,59,59,59,59,59,59,59,59,59,59,59,59,59,59
61bc29302bc46a14d2c8d441,685b020cc2033ab1fd587ee2,MAPLE CRAFT INC. *DAYCAB*,DELIVERLOAD,False,14,14,14,14,14,14,14,14,14,14,14,14,14,14,14,14,14,14,14,14,14,14,14,14,14
61bc29302bc46a14d2c8d441,685b020cc2033ab1fd587ee2,MAPLE CRAFT INC. *DAYCAB*,HOOKCONTAINER,False,19,19,19,19,19,19,19,19,19,19,19,19,19,19,19,19,19,19,19,19,19,19,19,19,19
61bc29302bc46a14d2c8d441,62b62ac2cb0e4613b0674362,MAPLE LEAF METAL,DELIVERLOAD,False,12,12,12,12,12,12,12,12,12,9,8,3,20,6,19,14,12,8,15,12,12,12,12,12,12
61bc29302bc46a14d2c8d441,62b62ac2cb0e4613b0674362,MAPLE LEAF METAL,DELIVERLOAD,True,38,38,38,38,38,38,38,38,38,38,48,47,33,38,41,28,36,38,38,38,38,38,38,38,38
61bc29302bc46a14d2c8d441,62b62ac2cb0e4613b0674362,MAPLE LEAF METAL,HOOKCONTAINER,False,11,11,11,11,11,11,11,11,11,11,12,11,31,9,6,4,11,11,26,11,11,11,11,11,11
61bc29302bc46a14d2c8d441,6318fa231a17b3160e9ef21f,MAPLE LEAF STORAGE - COUNTRY HILLS,DELIVERLOAD,False,27,27,27,27,27,27,27,27,27,27,26,27,27,27,27,27,27,27,27,27,27,27,27,27,27
61bc29302bc46a14d2c8d441,6318fa231a17b3160e9ef21f,MAPLE LEAF STORAGE - COUNTRY HILLS,HOOKCONTAINER,False,12,12,12,12,12,12,12,12,12,12,12,12,12,12,12,12,12,12,12,12,12,12,12,12,12
61bc29302bc46a14d2c8d441,67882d812874c24fb744f67c,"MARCONE - UNIT 132, BUILDING E",DELIVERLOAD,True,40,40,40,40,40,40,40,40,40,40,40,40,40,40,40,40,40,40,40,40,40,40,40,40,40
61bc29302bc46a14d2c8d441,6512f09d6e9d5415c1652994,Mared Seed Services,DELIVERLOAD,True,60,60,60,60,60,60,60,60,60,60,60,60,60,60,60,60,60,60,60,60,60,60,60,60,60
61bc29302bc46a14d2c8d441,65bd27dc94056fa6d5fd85e9,MARMON KEYSTONE CANADA,DELIVERLOAD,True,54,54,54,54,54,54,54,54,54,54,54,66,54,54,54,54,54,54,54,54,54,54,54,54,54
61bc29302bc46a14d2c8d441,62e41f2ce9188f2734f21b51,MARSHALL FABRICS,DELIVERLOAD,False,17,17,17,17,17,17,17,17,17,17,17,17,17,17,17,17,17,17,17,17,17,17,17,17,17
61bc29302bc46a14d2c8d441,670c420270d4c7e6623110d3,MARVELLEOUS LOADING WAREHOUSE,DELIVERLOAD,False,17,17,17,17,17,17,17,17,17,17,17,17,17,17,17,17,17,17,17,17,17,17,17,17,17
61bc29302bc46a14d2c8d441,670c420270d4c7e6623110d3,MARVELLEOUS LOADING WAREHOUSE,DELIVERLOAD,True,60,60,60,60,60,60,60,60,60,60,60,60,60,60,60,60,60,60,60,60,60,60,60,60,60
61bc29302bc46a14d2c8d441,62b62aeb8d506713a275fd20,MASTER FLO VALVE,DELIVERLOAD,True,26,26,26,26,26,26,26,26,26,26,26,26,26,26,26,26,26,26,26,26,26,26,26,26,26
61bc29302bc46a14d2c8d441,664df4bbae496af778c03023,MASTER GROUP CALGARY,DELIVERLOAD,False,11,11,11,11,11,11,11,11,16,12,11,11,11,11,11,11,11,11,11,11,11,11,11,11,11
61bc29302bc46a14d2c8d441,664df4bbae496af778c03023,MASTER GROUP CALGARY,DELIVERLOAD,True,41,41,41,41,41,41,41,41,41,41,41,41,41,41,41,41,41,41,41,41,41,41,41,41,41
61bc29302bc46a14d2c8d441,664df4bbae496af778c03023,MASTER GROUP CALGARY,HOOKCONTAINER,False,51,51,51,51,51,51,51,51,51,51,51,51,51,51,33,51,51,51,51,51,51,51,51,51,51
61bc29302bc46a14d2c8d441,6449516edc0f2a1677e5bb94,MATCO MOVING SOLUTIONS,DELIVERLOAD,False,10,10,10,10,10,10,10,10,10,10,10,10,10,10,10,10,10,10,10,10,10,10,10,10,10
61bc29302bc46a14d2c8d441,6449516edc0f2a1677e5bb94,MATCO MOVING SOLUTIONS,DELIVERLOAD,True,60,60,60,60,60,60,60,60,60,60,60,60,60,60,60,60,60,60,60,60,60,60,60,60,60
61bc29302bc46a14d2c8d441,6449516edc0f2a1677e5bb94,MATCO MOVING SOLUTIONS,HOOKCONTAINER,False,21,21,21,21,21,21,21,21,21,21,21,21,21,21,21,21,21,21,21,21,21,21,21,21,21
61bc29302bc46a14d2c8d441,64e4db64a2385e2ecea6b8c6,MATCO MOVING SOLUTIONS - EDMONTON,DELIVERLOAD,False,15,15,15,15,15,15,15,15,15,15,15,15,15,15,15,15,15,15,15,15,15,15,15,15,15
61bc29302bc46a14d2c8d441,64e4db64a2385e2ecea6b8c6,MATCO MOVING SOLUTIONS - EDMONTON,DELIVERLOAD,True,46,46,46,46,46,46,46,46,46,46,46,46,46,46,46,46,46,46,46,46,46,46,46,46,46
61bc29302bc46a14d2c8d441,64e4db64a2385e2ecea6b8c6,MATCO MOVING SOLUTIONS - EDMONTON,HOOKCONTAINER,False,12,12,12,12,12,12,12,12,12,12,12,12,12,12,12,12,12,12,12,12,12,12,12,12,12
61bc29302bc46a14d2c8d441,6807d6fefa160845bff73db6,MATRIX ENVIRONMENTAL,DELIVERLOAD,True,51,51,51,51,51,51,51,51,51,51,51,51,51,51,51,51,51,51,51,51,51,51,51,51,51
61bc29302bc46a14d2c8d441,6806c01adc59e293ef7e2cf8,MATRIX ENVIRONMENTAL SOLUTIONS,DELIVERLOAD,True,100,100,100,100,100,100,100,100,100,100,100,100,100,100,100,100,100,100,100,100,100,100,100,100,100
61bc29302bc46a14d2c8d441,645d1e1d6df32f1612b6973a,MATRIX LOGISTICS,DELIVERLOAD,True,98,98,98,98,98,98,98,98,98,98,98,98,98,98,98,98,98,98,98,98,98,98,98,98,98
61bc29302bc46a14d2c8d441,683f12b4a7541dc1e9be746a,MAXFIELD LP,DELIVERLOAD,True,60,60,60,60,60,60,60,60,60,60,60,60,60,60,60,60,60,60,60,60,60,60,60,60,60
61bc29302bc46a14d2c8d441,6760867cb0d2637bc90acd21,MCKERRAL HAY AND GRAIN,DELIVERLOAD,False,29,29,29,29,29,29,29,29,29,29,29,29,29,29,29,29,29,29,29,29,29,29,29,29,29
61bc29302bc46a14d2c8d441,6760867cb0d2637bc90acd21,MCKERRAL HAY AND GRAIN,DELIVERLOAD,True,38,38,38,38,38,38,38,38,38,38,38,38,38,38,38,38,38,38,38,38,38,38,38,38,38
61bc29302bc46a14d2c8d441,6346f4346cce1715e4dbe3c5,MCKESSON CANADA,DELIVERLOAD,True,78,78,78,78,78,78,78,78,78,78,78,78,78,78,78,78,78,78,78,78,78,78,78,78,78
61bc29302bc46a14d2c8d441,6598779472af6916620539fc,Meatex#2,DELIVERLOAD,False,13,13,13,13,13,13,13,13,13,13,13,13,13,13,13,13,13,13,13,13,13,13,13,13,13
61bc29302bc46a14d2c8d441,6598779472af6916620539fc,Meatex#2,HOOKCONTAINER,False,8,8,8,8,8,8,8,8,8,8,8,8,8,8,8,8,8,8,8,8,8,8,8,8,8
61bc29302bc46a14d2c8d441,6737b545bf0692d8cfea567a,MEMORY EXPRESS,DELIVERLOAD,True,37,37,37,37,37,37,37,37,37,37,37,37,37,37,37,37,37,37,37,37,37,37,37,37,37
61bc29302bc46a14d2c8d441,6867fa533ea8e0c7266d0d99,MEMORY EXPRESS,HOOKCONTAINER,False,13,13,13,13,13,13,13,13,13,13,13,13,13,13,13,13,13,13,13,13,13,13,13,13,13
61bc29302bc46a14d2c8d441,65fc395acddda8c96084a7b2,MERITOR AFTERMARKET CANADA INC,DELIVERLOAD,False,26,26,26,26,26,26,26,26,26,26,26,26,26,26,26,26,26,26,26,26,26,26,26,26,26
61bc29302bc46a14d2c8d441,65fc395acddda8c96084a7b2,MERITOR AFTERMARKET CANADA INC,DELIVERLOAD,True,52,52,52,52,52,52,52,52,52,52,52,52,52,52,52,52,52,52,52,52,52,52,52,52,52
61bc29302bc46a14d2c8d441,68795352c33850e2d5758358,Metric Farm Solutions,DELIVERLOAD,False,50,50,50,50,50,50,50,50,50,50,50,50,50,50,50,50,50,50,50,50,50,50,50,50,50
61bc29302bc46a14d2c8d441,632df44f3cb96915afcb02ed,METRIE CANADA 1,DELIVERLOAD,False,6,6,6,6,6,6,6,6,6,6,6,6,6,6,6,6,6,6,6,6,6,6,6,6,6
61bc29302bc46a14d2c8d441,632df44f3cb96915afcb02ed,METRIE CANADA 1,DELIVERLOAD,True,142,142,142,142,142,142,142,142,142,142,142,142,142,142,142,142,142,142,142,142,142,142,142,142,142
61bc29302bc46a14d2c8d441,632df44f3cb96915afcb02ed,METRIE CANADA 1,HOOKCONTAINER,False,41,41,41,41,41,41,41,41,41,41,41,41,41,41,41,41,41,41,41,41,41,41,41,41,41
61bc29302bc46a14d2c8d441,672e5743332c9cc041a0b1f8,METRO ROCKYVIEW - DC13,DELIVERLOAD,False,6,6,6,6,6,6,6,6,6,6,6,6,6,6,6,6,6,6,6,6,6,6,6,6,6
61bc29302bc46a14d2c8d441,672e5743332c9cc041a0b1f8,METRO ROCKYVIEW - DC13,HOOKCONTAINER,False,16,16,16,16,16,16,16,16,16,16,16,16,16,16,16,16,16,16,16,16,16,16,16,16,16
61bc29302bc46a14d2c8d441,62b62d978d506713a2760064,METRO SUPPLY CHAIN GROUP,DELIVERLOAD,False,45,45,45,45,45,45,45,45,45,45,45,45,45,45,45,45,45,45,45,45,45,45,45,45,45
61bc29302bc46a14d2c8d441,62b62d978d506713a2760064,METRO SUPPLY CHAIN GROUP,DELIVERLOAD,True,34,34,34,34,34,34,34,34,34,34,34,34,34,34,34,34,34,34,34,34,34,34,34,34,34
61bc29302bc46a14d2c8d441,685055a816a264da9d7b24fc,MICHELLE LAW - PRIVATE RESIDENCE,DELIVERLOAD,True,36,36,36,36,36,36,36,36,36,36,36,36,36,36,36,36,36,36,36,36,36,36,36,36,36
61bc29302bc46a14d2c8d441,67e427608ba26fcdbda17b29,MIDLAND COLONY,DELIVERLOAD,True,86,86,86,86,86,86,86,86,86,86,86,86,86,86,86,86,86,86,86,86,86,86,86,86,86
61bc29302bc46a14d2c8d441,688d392a06680446910db2ee,MIKHAIEL LOGISTICS,DELIVERLOAD,False,17,17,17,17,17,17,17,17,17,17,17,17,17,17,17,17,17,17,17,17,17,17,17,17,17
61bc29302bc46a14d2c8d441,688d392a06680446910db2ee,MIKHAIEL LOGISTICS,HOOKCONTAINER,False,16,16,16,16,16,16,16,16,16,16,16,16,16,16,16,16,16,16,16,16,16,16,16,16,16
61bc29302bc46a14d2c8d441,67bf7d87a06ddb59bf93c617,MILFORD COLONY,DELIVERLOAD,False,50,50,50,50,50,50,50,50,50,50,50,50,50,50,50,50,50,50,50,50,50,50,50,50,50
61bc29302bc46a14d2c8d441,67bf7d87a06ddb59bf93c617,MILFORD COLONY,DELIVERLOAD,True,127,127,127,127,127,127,127,127,127,127,127,127,127,127,127,127,127,127,127,127,127,127,127,127,127
61bc29302bc46a14d2c8d441,68067b5096a7798c1fa93305,MILICA KUKIC - PRIVATE RESIDENCE,DELIVERLOAD,False,17,17,17,17,17,17,17,17,17,17,17,17,17,17,17,17,17,17,17,17,17,17,17,17,17
61bc29302bc46a14d2c8d441,67cb1613d7e5a1293469f67f,MILLBORN SEEDS,DELIVERLOAD,True,96,96,96,96,96,96,96,96,96,96,96,96,96,96,96,96,96,96,96,96,96,96,96,96,96
61bc29302bc46a14d2c8d441,62b62e5e9058816625b07268,MILLER SUPPLY,DELIVERLOAD,False,79,79,79,79,79,79,79,79,79,79,79,79,79,79,79,79,79,79,79,79,79,79,79,79,79
61bc29302bc46a14d2c8d441,62b62e5e9058816625b07268,MILLER SUPPLY,DELIVERLOAD,True,141,141,141,141,141,141,141,141,141,141,141,141,141,141,141,141,141,141,141,141,141,141,141,141,141
61bc29302bc46a14d2c8d441,63348a0bccb46515ae9e9ddd,MILLTIRE - 35 AVE,DELIVERLOAD,False,19,19,19,19,19,19,19,19,19,19,19,19,19,19,19,19,19,19,19,19,19,19,19,19,19
61bc29302bc46a14d2c8d441,63348a0bccb46515ae9e9ddd,MILLTIRE - 35 AVE,HOOKCONTAINER,False,11,11,11,11,11,11,11,11,11,11,11,11,11,11,11,11,11,11,11,11,11,11,11,11,11
61bc29302bc46a14d2c8d441,62b62e939058816625b072bb,MILLTRADE BUILDING PRODUCTS,DELIVERLOAD,True,68,68,68,68,68,68,68,68,68,68,68,68,68,68,68,68,68,68,68,68,68,68,68,68,68
61bc29302bc46a14d2c8d441,62b62e939058816625b072bb,MILLTRADE BUILDING PRODUCTS,HOOKCONTAINER,False,15,15,15,15,15,15,15,15,15,15,15,15,15,15,15,15,15,15,15,15,15,15,15,15,15
61bc29302bc46a14d2c8d441,64272c4a6a4b4315eaa2e921,MINHAS FURNITURE,DELIVERLOAD,False,15,15,15,15,15,15,15,15,15,15,15,15,15,15,15,15,15,15,15,15,15,15,15,15,15
61bc29302bc46a14d2c8d441,64272c4a6a4b4315eaa2e921,MINHAS FURNITURE,HOOKCONTAINER,False,21,21,21,21,21,21,21,21,21,21,21,21,21,21,21,21,21,21,21,21,21,21,21,21,21
61bc29302bc46a14d2c8d441,67b62daffa0f70eeea914283,MIRA TIMBER FRAME - STONY PLAIN,DELIVERLOAD,True,172,172,172,172,172,172,172,172,172,172,172,172,172,172,172,172,172,172,172,172,172,172,172,172,172
61bc29302bc46a14d2c8d441,68517a028b57ee8888a3fe2e,MISSENS INTERIOR INC,DELIVERLOAD,False,32,32,32,32,32,32,32,32,32,32,32,32,32,32,32,32,32,32,32,32,32,32,32,32,32
61bc29302bc46a14d2c8d441,68517a028b57ee8888a3fe2e,MISSENS INTERIOR INC,HOOKCONTAINER,False,38,38,38,38,38,38,38,38,38,38,38,38,38,38,38,38,38,38,38,38,38,38,38,38,38
61bc29302bc46a14d2c8d441,62f568350f45a3160d1b8895,MI SWACO (MI DRILLING),DELIVERLOAD,True,60,60,60,60,60,60,60,60,60,60,60,60,60,60,60,60,60,60,60,60,60,60,60,60,60
61bc29302bc46a14d2c8d441,673f715d6c3a4e4a4cfcaa48,MITEY TITAN INDUSTRIES INC.,DELIVERLOAD,True,60,60,60,60,60,60,60,60,60,60,60,60,60,60,60,60,60,60,60,60,60,60,60,60,60
61bc29302bc46a14d2c8d441,62f15c78a416a8160be88d2b,MJP FABRICATIONS INC.,DELIVERLOAD,False,13,13,13,13,13,13,13,13,13,13,13,13,13,13,13,13,13,13,13,13,13,13,13,13,13
61bc29302bc46a14d2c8d441,62f15c78a416a8160be88d2b,MJP FABRICATIONS INC.,HOOKCONTAINER,False,15,15,15,15,15,15,15,15,15,15,15,15,15,15,15,15,8,15,15,15,15,15,15,15,15
61bc29302bc46a14d2c8d441,685412db9643905deb691d5d,M-KITE INTERNATIONAL INC - GATE 7,DELIVERLOAD,False,44,44,44,44,44,44,44,44,44,44,44,44,44,44,44,44,44,44,44,44,44,44,44,44,44
61bc29302bc46a14d2c8d441,685412db9643905deb691d5d,M-KITE INTERNATIONAL INC - GATE 7,DELIVERLOAD,True,70,70,70,70,70,70,70,70,70,70,70,70,70,70,70,70,70,70,70,70,70,70,70,70,70
61bc29302bc46a14d2c8d441,63656c9a99edb115fdef39b7,MMD MINERAL SIZING CANADA,DELIVERLOAD,False,27,27,27,27,27,27,27,27,27,27,27,27,27,27,27,27,27,27,27,27,27,27,27,27,27
61bc29302bc46a14d2c8d441,63656c9a99edb115fdef39b7,MMD MINERAL SIZING CANADA,DELIVERLOAD,True,116,116,116,116,116,116,116,116,116,116,116,116,116,116,116,116,116,116,116,116,116,116,116,116,116
61bc29302bc46a14d2c8d441,63656c9a99edb115fdef39b7,MMD MINERAL SIZING CANADA,HOOKCONTAINER,False,13,13,13,13,13,13,13,13,13,13,13,13,13,13,13,13,13,13,13,13,13,13,13,13,13
61bc29302bc46a14d2c8d441,6481e2f91004df167a7c6d68,MOBIS,DELIVERLOAD,False,16,16,16,16,16,16,16,16,16,10,25,16,16,16,32,46,15,10,14,14,7,16,16,16,16
61bc29302bc46a14d2c8d441,6481e2f91004df167a7c6d68,MOBIS,DELIVERLOAD,True,50,50,50,50,50,50,50,50,50,50,50,50,50,50,50,54,17,52,50,50,50,50,50,50,50
61bc29302bc46a14d2c8d441,6481e2f91004df167a7c6d68,MOBIS,HOOKCONTAINER,False,14,14,14,14,14,14,14,14,67,21,31,12,29,8,53,16,8,30,15,7,14,14,14,14,14
61bc29302bc46a14d2c8d441,684354d4734c8c163d3fe724,MOBIS - UNIT# 2,DELIVERLOAD,False,38,38,38,38,38,38,38,38,38,38,68,66,49,36,34,29,42,37,30,28,38,38,38,38,38
61bc29302bc46a14d2c8d441,684354d4734c8c163d3fe724,MOBIS - UNIT# 2,DELIVERLOAD,True,30,30,30,30,30,30,30,30,30,30,30,30,30,30,30,30,30,30,30,30,30,30,30,30,30
61bc29302bc46a14d2c8d441,684354d4734c8c163d3fe724,MOBIS - UNIT# 2,HOOKCONTAINER,False,5,5,5,5,5,5,5,5,5,5,5,5,5,5,5,5,5,5,5,5,5,5,5,5,5
61bc29302bc46a14d2c8d441,638eaf4c1de55a15fc741dff,MODERN BEAUTY,DELIVERLOAD,False,13,13,13,13,13,13,13,13,13,13,13,13,13,13,13,13,13,13,13,13,13,13,13,13,13
61bc29302bc46a14d2c8d441,638eaf4c1de55a15fc741dff,MODERN BEAUTY,HOOKCONTAINER,False,11,11,11,11,11,11,11,11,11,11,11,11,11,11,11,11,11,11,11,11,11,11,11,11,11
61bc29302bc46a14d2c8d441,66745d2b572480c08bd54801,MODERN GRANITE & MARBLE INC,DELIVERLOAD,False,66,66,66,66,66,66,66,66,66,66,66,66,66,66,66,66,66,66,66,66,66,66,66,66,66
61bc29302bc46a14d2c8d441,66745d2b572480c08bd54801,MODERN GRANITE & MARBLE INC,HOOKCONTAINER,False,11,11,11,11,11,11,11,11,11,11,11,11,11,11,11,11,11,11,11,11,11,11,11,11,11
61bc29302bc46a14d2c8d441,65bd1883c49fff996ea6ea89,MODERN HOUSEWARE (ROCKYVIEW),DELIVERLOAD,False,14,14,14,14,14,14,14,14,14,14,14,14,14,14,14,14,14,14,14,14,14,14,14,14,14
61bc29302bc46a14d2c8d441,65bd1883c49fff996ea6ea89,MODERN HOUSEWARE (ROCKYVIEW),HOOKCONTAINER,False,65,65,65,65,65,65,65,65,65,65,65,65,65,65,65,65,65,65,65,65,65,65,65,65,65
61bc29302bc46a14d2c8d441,67ae437edb7a14a8daac54e8,MOHAMAD DENI (DAYCAB ONLY),DELIVERLOAD,False,17,17,17,17,17,17,17,17,17,17,17,17,17,17,17,17,17,17,17,17,17,17,17,17,17
61bc29302bc46a14d2c8d441,6793c27640a5096e0fe85462,MOKHA COFFEE HOUSE - CONSIGNEE,DELIVERLOAD,False,16,16,16,16,16,16,16,16,16,16,16,16,16,16,16,16,16,16,16,16,16,16,16,16,16
61bc29302bc46a14d2c8d441,6793c27640a5096e0fe85462,MOKHA COFFEE HOUSE - CONSIGNEE,HOOKCONTAINER,False,12,12,12,12,12,12,12,12,12,12,12,12,12,12,12,12,12,12,12,12,12,12,12,12,12
61bc29302bc46a14d2c8d441,6809552725a47261a53e2939,MOKHA COFFEE HOUSE - SECOND STORE,DELIVERLOAD,False,10,10,10,10,10,10,10,10,10,10,10,10,10,10,10,10,10,10,10,10,10,10,10,10,10
61bc29302bc46a14d2c8d441,6809552725a47261a53e2939,MOKHA COFFEE HOUSE - SECOND STORE,HOOKCONTAINER,False,9,9,9,9,9,9,9,9,9,9,9,9,9,9,9,9,9,9,9,9,9,9,9,9,9
61bc29302bc46a14d2c8d441,6500dd7c0f86b216118da282,MONKI BISTRO - UNIT 114,DELIVERLOAD,False,8,8,8,8,8,8,8,8,8,8,8,8,8,8,8,8,8,8,8,8,8,8,8,8,8
61bc29302bc46a14d2c8d441,68752200fea34f4b23bfbb94,MOTION,DELIVERLOAD,True,60,60,60,60,60,60,60,60,60,60,60,60,60,60,60,60,60,60,60,60,60,60,60,60,60
61bc29302bc46a14d2c8d441,664fab7ef2700c705d8c203b,MOUNTAINVIEW COLONY,DELIVERLOAD,True,57,57,57,57,57,57,57,57,57,57,57,57,57,57,57,57,57,57,57,57,57,57,57,57,57
61bc29302bc46a14d2c8d441,665733d4ad050d37b53b583b,MOUNTAINVIEW STAINLESS LTD (CONSIGNEE),DELIVERLOAD,False,65,65,65,65,65,65,65,65,65,65,65,65,65,65,65,65,65,65,65,65,65,65,65,65,65
61bc29302bc46a14d2c8d441,665733d4ad050d37b53b583b,MOUNTAINVIEW STAINLESS LTD (CONSIGNEE),DELIVERLOAD,True,87,87,87,87,87,87,87,87,87,87,87,87,87,87,87,87,87,87,87,87,87,87,87,87,87
61bc29302bc46a14d2c8d441,62b631719058816625b0766d,MTE 9 (0730 - 1630 FOR EXPORT),DELIVERLOAD,False,66,66,66,66,66,66,66,66,66,66,68,20,66,66,66,80,66,66,66,66,66,66,66,66,66
61bc29302bc46a14d2c8d441,62b631719058816625b0766d,MTE 9 (0730 - 1630 FOR EXPORT),DELIVERLOAD,True,80,80,80,80,80,80,80,80,80,80,80,80,80,80,80,80,80,80,80,80,80,80,80,80,80
61bc29302bc46a14d2c8d441,62b631719058816625b0766d,MTE 9 (0730 - 1630 FOR EXPORT),HOOKCONTAINER,False,16,16,16,16,16,16,16,16,16,16,16,16,16,16,16,16,22,16,16,16,16,16,16,16,16
61bc29302bc46a14d2c8d441,62b23a7877508313dace0e8f,MTE LOGISTICS - 128 AVE,DELIVERLOAD,False,30,30,30,30,30,30,30,30,30,30,30,30,30,30,30,30,30,30,30,30,30,30,30,30,30
61bc29302bc46a14d2c8d441,62b23a7877508313dace0e8f,MTE LOGISTICS - 128 AVE,DELIVERLOAD,True,88,88,88,88,88,88,88,88,88,88,88,88,88,88,88,88,88,88,88,88,88,88,88,88,88
61bc29302bc46a14d2c8d441,62b23a7877508313dace0e8f,MTE LOGISTICS - 128 AVE,HOOKCONTAINER,False,16,16,16,16,16,16,16,16,16,16,16,16,16,16,16,16,16,16,16,16,16,16,16,16,16
61bc29302bc46a14d2c8d441,62b9b3198e534e13a13597d3,MTE LOGISTIX - 48 ST,DELIVERLOAD,False,15,15,15,15,15,15,15,15,10,18,15,15,15,15,15,15,15,15,15,15,15,15,15,15,15
61bc29302bc46a14d2c8d441,62b9b3198e534e13a13597d3,MTE LOGISTIX - 48 ST,DELIVERLOAD,True,96,96,96,96,96,96,96,96,96,96,96,96,96,96,96,96,96,96,96,96,96,96,96,96,96
61bc29302bc46a14d2c8d441,62b9b3198e534e13a13597d3,MTE LOGISTIX - 48 ST,HOOKCONTAINER,False,11,11,11,11,11,11,11,11,11,11,48,11,11,11,11,11,11,11,11,11,11,11,11,11,11
61bc29302bc46a14d2c8d441,630d05a27342d71604c36e7c,MTE LOGISTIX - 69 AVE,DELIVERLOAD,False,8,8,8,8,8,8,8,8,8,8,8,8,8,8,8,8,8,8,8,8,8,8,8,8,8
61bc29302bc46a14d2c8d441,630d05a27342d71604c36e7c,MTE LOGISTIX - 69 AVE,DELIVERLOAD,True,23,23,23,23,23,23,23,23,23,23,23,23,23,23,23,23,23,23,23,23,23,23,23,23,23
61bc29302bc46a14d2c8d441,630d05a27342d71604c36e7c,MTE LOGISTIX - 69 AVE,HOOKCONTAINER,False,6,6,6,6,6,6,6,6,6,6,6,6,6,6,6,6,6,6,6,6,6,6,6,6,6
61bc29302bc46a14d2c8d441,62e45dabf2b91d1600f8ba35,MTE WAREHOUSE 17,DELIVERLOAD,True,70,70,70,70,70,70,70,70,70,70,70,70,70,70,70,70,70,70,70,70,70,70,70,70,70
61bc29302bc46a14d2c8d441,6333476d40d4ae15c7ae6593,MTE WAREHOUSE 5 (BDL),DELIVERLOAD,False,14,14,14,14,14,14,14,14,14,14,14,14,14,14,14,14,14,14,14,14,14,14,14,14,14
61bc29302bc46a14d2c8d441,6333476d40d4ae15c7ae6593,MTE WAREHOUSE 5 (BDL),DELIVERLOAD,True,57,57,57,57,57,57,57,57,57,57,57,83,36,27,64,47,57,57,57,57,57,57,57,57,57
61bc29302bc46a14d2c8d441,6333476d40d4ae15c7ae6593,MTE WAREHOUSE 5 (BDL),HOOKCONTAINER,False,17,17,17,17,17,17,17,17,17,17,17,17,17,17,17,17,17,17,17,17,17,17,17,17,17
61bc29302bc46a14d2c8d441,63c9a903b5868d15dd265252,MTT RECYCLING LTD,DELIVERLOAD,True,34,34,34,34,34,34,34,34,34,34,29,34,34,34,34,34,34,34,34,34,34,34,34,34,34
61bc29302bc46a14d2c8d441,62b9b3b2bbb69c1418126a9e,MULLEN EDMONTON,DELIVERLOAD,False,12,12,12,12,12,12,12,12,12,13,6,12,12,16,16,12,12,12,12,12,12,12,12,12,12
61bc29302bc46a14d2c8d441,62b9b3b2bbb69c1418126a9e,MULLEN EDMONTON,DELIVERLOAD,True,32,32,32,32,32,32,32,32,32,32,32,32,32,32,32,32,32,32,32,32,32,32,32,32,32
61bc29302bc46a14d2c8d441,62b9b3b2bbb69c1418126a9e,MULLEN EDMONTON,HOOKCONTAINER,False,13,13,13,13,13,13,13,13,13,16,12,13,24,10,13,61,13,13,13,13,13,13,13,13,13
61bc29302bc46a14d2c8d441,632a349588e17e160d8ae5be,MULLEN YARD 2,DELIVERLOAD,False,14,14,14,14,14,14,14,14,14,14,14,14,14,14,14,14,19,14,14,14,14,14,14,14,14
61bc29302bc46a14d2c8d441,632a349588e17e160d8ae5be,MULLEN YARD 2,DELIVERLOAD,True,28,28,28,28,28,28,28,28,28,28,22,42,28,23,28,28,28,28,28,28,28,28,28,28,28
61bc29302bc46a14d2c8d441,632a349588e17e160d8ae5be,MULLEN YARD 2,HOOKCONTAINER,False,10,10,10,10,10,10,10,10,10,12,12,10,7,10,10,10,10,10,10,10,10,10,10,10,10
61bc29302bc46a14d2c8d441,657c8a06550f8915f6b6ee73,MX INNOVATION,DELIVERLOAD,False,12,12,12,12,12,12,12,12,12,12,12,12,12,12,12,12,12,12,12,12,12,12,12,12,12
61bc29302bc46a14d2c8d441,657c8a06550f8915f6b6ee73,MX INNOVATION,HOOKCONTAINER,False,18,18,18,18,18,18,18,18,18,18,18,18,18,18,18,18,18,18,18,18,18,18,18,18,18
61bc29302bc46a14d2c8d441,67f6fc81aa2cb778e3fda4ad,MX Innovation 2,DELIVERLOAD,False,24,24,24,24,24,24,24,24,24,24,24,24,24,24,24,24,24,24,24,24,24,24,24,24,24
61bc29302bc46a14d2c8d441,67f6fc81aa2cb778e3fda4ad,MX Innovation 2,HOOKCONTAINER,False,7,7,7,7,7,7,7,7,7,7,7,7,7,7,7,7,7,7,7,7,7,7,7,7,7
61bc29302bc46a14d2c8d441,679bad0e6303b2c8f392a9ad,MYSHAK CRANE & RIGGING - ACHESON,DELIVERLOAD,False,35,35,35,35,35,35,35,35,35,35,35,35,35,35,35,35,35,35,35,35,35,35,35,35,35
61bc29302bc46a14d2c8d441,679bad0e6303b2c8f392a9ad,MYSHAK CRANE & RIGGING - ACHESON,DELIVERLOAD,True,27,27,27,27,27,27,27,27,27,27,27,27,27,27,27,27,27,27,27,27,27,27,27,27,27
61bc29302bc46a14d2c8d441,67b609bd8c60d45d27dc7d19,MYSHAK WAREHOUSE - SPRUCE GROVE,DELIVERLOAD,True,28,28,28,28,28,28,28,28,28,28,28,28,28,28,28,28,28,28,28,28,28,28,28,28,28
61bc29302bc46a14d2c8d441,65fdf5c5d99c2c62ebbe4905,MYTICKIE,DELIVERLOAD,True,156,156,156,156,156,156,156,156,156,156,156,156,156,156,156,156,156,156,156,156,156,156,156,156,156
61bc29302bc46a14d2c8d441,6614373c06a3a5f64ebcf9ec,M & Z INDUSTRIAL SUPPLY LTD - CONSIGNEE,DELIVERLOAD,False,9,9,9,9,9,9,9,9,9,9,9,9,9,9,9,9,9,9,9,9,9,9,9,9,9
61bc29302bc46a14d2c8d441,6614373c06a3a5f64ebcf9ec,M & Z INDUSTRIAL SUPPLY LTD - CONSIGNEE,DELIVERLOAD,True,37,37,37,37,37,37,37,37,37,37,37,37,37,37,37,37,37,37,37,37,37,37,37,37,37
61bc29302bc46a14d2c8d441,6614373c06a3a5f64ebcf9ec,M & Z INDUSTRIAL SUPPLY LTD - CONSIGNEE,HOOKCONTAINER,False,12,12,12,12,12,12,12,12,12,12,12,12,12,12,12,12,12,12,12,12,12,12,12,12,12
61bc29302bc46a14d2c8d441,66db30d17b3f1eacd91aef0d,NAPA/LAPRAIRIE INTEGRATED SUPPLY - #734,DELIVERLOAD,True,32,32,32,32,32,32,32,32,32,32,32,32,32,32,32,32,32,32,32,32,32,32,32,32,32
61bc29302bc46a14d2c8d441,681e2cc4abc4587c3f362ac4,NATIONAL GLASS - UNIT# 118,DELIVERLOAD,False,20,20,20,20,20,20,20,20,20,20,20,20,20,20,20,20,20,20,20,20,20,20,20,20,20
61bc29302bc46a14d2c8d441,681e2cc4abc4587c3f362ac4,NATIONAL GLASS - UNIT# 118,HOOKCONTAINER,False,21,21,21,21,21,21,21,21,21,21,21,21,21,21,21,21,21,21,21,21,21,21,21,21,21
61bc29302bc46a14d2c8d441,62b9b4498e534e13a13598fc,NATIONAL TANK SERVICES,DELIVERLOAD,False,6,6,6,6,6,6,6,6,6,8,5,6,5,7,5,6,7,5,5,9,6,6,6,6,6
61bc29302bc46a14d2c8d441,62b9b4498e534e13a13598fc,NATIONAL TANK SERVICES,HOOKCONTAINER,False,11,11,11,11,11,11,11,11,11,8,9,12,13,11,15,14,10,10,8,16,11,11,11,11,11
61bc29302bc46a14d2c8d441,62b9d07b4d9e571379e0c357,NATIONAL TANK SERVICES - CALGARY,DELIVERLOAD,False,7,7,7,7,7,7,7,7,7,7,7,7,7,7,7,7,7,7,7,7,7,7,7,7,7
61bc29302bc46a14d2c8d441,62b9d07b4d9e571379e0c357,NATIONAL TANK SERVICES - CALGARY,DELIVERLOAD,True,60,60,60,60,60,60,60,60,60,60,60,60,60,60,60,60,60,60,60,60,60,60,60,60,60
61bc29302bc46a14d2c8d441,62b9d07b4d9e571379e0c357,NATIONAL TANK SERVICES - CALGARY,HOOKCONTAINER,False,36,36,36,36,36,36,36,36,36,27,36,36,36,36,36,36,36,36,36,36,36,36,36,36,36
61bc29302bc46a14d2c8d441,66426f5da5369a6ca8e6b7f8,NAVAJO METALS (CONSIGNEE),DELIVERLOAD,True,116,116,116,116,116,116,116,116,116,116,116,116,116,116,116,116,116,116,116,116,116,116,116,116,116
61bc29302bc46a14d2c8d441,6382794590455216214d4037,NEERALTA MANUFACTURING,DELIVERLOAD,True,159,159,159,159,159,159,159,159,159,159,159,159,159,159,159,159,159,159,159,159,159,159,159,159,159
61bc29302bc46a14d2c8d441,67f6b844a37b22290fbd9e28,NELLA WEST INC,DELIVERLOAD,False,86,86,86,86,86,86,86,86,86,86,86,86,86,86,86,86,86,86,86,86,86,86,86,86,86
61bc29302bc46a14d2c8d441,67f6b844a37b22290fbd9e28,NELLA WEST INC,HOOKCONTAINER,False,21,21,21,21,21,21,21,21,21,21,21,21,21,21,21,21,21,21,21,21,21,21,21,21,21
61bc29302bc46a14d2c8d441,66e9e489b73b74769163e5e8,NERVAL,DELIVERLOAD,False,18,18,18,18,18,18,18,18,18,18,18,18,18,18,18,18,18,18,18,18,18,18,18,18,18
61bc29302bc46a14d2c8d441,66e9e489b73b74769163e5e8,NERVAL,HOOKCONTAINER,False,16,16,16,16,16,16,16,16,16,16,16,16,10,16,16,16,16,16,16,16,16,16,16,16,16
61bc29302bc46a14d2c8d441,67af6c7f29cefc4894b9be25,NEW AGE OILFIELD SERVICES INC.,DELIVERLOAD,True,25,25,25,25,25,25,25,25,25,25,25,25,25,25,25,25,25,25,25,25,25,25,25,25,25
61bc29302bc46a14d2c8d441,64de850bd4bb7215a5caf6c6,NEW ALMANIC - SECOND WAREHOUSE,DELIVERLOAD,False,22,22,22,22,22,22,22,22,22,22,22,22,22,22,22,22,22,22,22,22,22,22,22,22,22
61bc29302bc46a14d2c8d441,64de850bd4bb7215a5caf6c6,NEW ALMANIC - SECOND WAREHOUSE,HOOKCONTAINER,False,6,6,6,6,6,6,6,6,6,6,6,6,6,6,6,6,6,6,6,6,6,6,6,6,6
61bc29302bc46a14d2c8d441,67894c8b79cdf60d84dce4e4,NEWBIT TECHNOLOGY INC.,DELIVERLOAD,True,108,108,108,108,108,108,108,108,108,108,108,108,108,108,108,108,108,108,108,108,108,108,108,108,108
61bc29302bc46a14d2c8d441,67dddcf4937efeb0e7ffbcbb,NEW HORIZON MALL,DELIVERLOAD,False,9,9,9,9,9,9,9,9,9,9,9,9,9,9,9,9,9,9,9,9,9,9,9,9,9
61bc29302bc46a14d2c8d441,67dddcf4937efeb0e7ffbcbb,NEW HORIZON MALL,HOOKCONTAINER,False,15,15,15,15,15,15,15,15,15,15,15,15,15,15,15,15,15,15,15,15,15,15,15,15,15
61bc29302bc46a14d2c8d441,646cdff7d8254a169ae51ca2,NEW METADOR,DELIVERLOAD,False,12,12,12,12,12,12,12,12,12,12,12,12,12,12,12,12,12,12,12,12,12,12,12,12,12
61bc29302bc46a14d2c8d441,646cdff7d8254a169ae51ca2,NEW METADOR,HOOKCONTAINER,False,15,15,15,15,15,15,15,15,15,15,15,15,15,15,15,15,15,15,15,15,15,15,15,15,15
61bc29302bc46a14d2c8d441,6382660594d90c164e601c62,NEW MILLENIUM TIRE,DELIVERLOAD,False,19,19,19,19,19,19,19,19,19,19,19,19,19,19,19,19,19,19,19,19,19,19,19,19,19
61bc29302bc46a14d2c8d441,6382660594d90c164e601c62,NEW MILLENIUM TIRE,HOOKCONTAINER,False,18,18,18,18,18,18,18,18,18,18,18,18,18,18,18,18,18,18,18,18,18,18,18,18,18
61bc29302bc46a14d2c8d441,63a356cc4a92d41656ae6f6a,NEW MILLENIUM TIRE CENTRE,DELIVERLOAD,False,19,19,19,19,19,19,19,19,19,19,19,19,19,19,19,19,19,19,19,19,19,19,19,19,19
61bc29302bc46a14d2c8d441,63a356cc4a92d41656ae6f6a,NEW MILLENIUM TIRE CENTRE,HOOKCONTAINER,False,20,20,20,20,20,20,20,20,20,20,20,20,20,20,20,20,20,20,20,20,20,20,20,20,20
61bc29302bc46a14d2c8d441,62b9b59d065c2113a45f5121,NEWPORT BUILDING SUPPLY (Day Cab),DELIVERLOAD,False,10,10,10,10,10,10,10,10,10,10,10,10,10,10,10,10,10,10,10,10,10,10,10,10,10
61bc29302bc46a14d2c8d441,62b9b59d065c2113a45f5121,NEWPORT BUILDING SUPPLY (Day Cab),DELIVERLOAD,True,35,35,35,35,35,35,35,35,35,35,35,35,35,35,35,35,35,35,35,35,35,35,35,35,35
61bc29302bc46a14d2c8d441,62b9b59d065c2113a45f5121,NEWPORT BUILDING SUPPLY (Day Cab),HOOKCONTAINER,False,17,17,17,17,17,17,17,17,17,17,17,17,17,17,17,17,17,17,17,17,17,17,17,17,17
61bc29302bc46a14d2c8d441,6866b7d6a65ab0b6e11c51f5,NEW WESTERN ATHABASCA,DELIVERLOAD,False,17,17,17,17,17,17,17,17,17,17,17,17,17,17,17,17,17,17,17,17,17,17,17,17,17
61bc29302bc46a14d2c8d441,6866b7d6a65ab0b6e11c51f5,NEW WESTERN ATHABASCA,DELIVERLOAD,True,91,91,91,91,91,91,91,91,91,91,91,91,91,91,91,91,91,91,91,91,91,91,91,91,91
61bc29302bc46a14d2c8d441,66f436775dd54e3e6446f687,NEXGEN MACHINERY LTD. OLSA TOOLS - NISKU,DELIVERLOAD,False,20,20,20,20,20,20,20,20,20,20,20,20,20,20,20,20,20,20,20,20,20,20,20,20,20
61bc29302bc46a14d2c8d441,6326377b3397eb15e6134ecf,NEXT CHAPTER ENERGY SERVICES INC    EXT 202,DELIVERLOAD,False,17,17,17,17,17,17,17,17,17,17,17,17,17,17,17,17,17,17,17,17,17,17,17,17,17
61bc29302bc46a14d2c8d441,6326377b3397eb15e6134ecf,NEXT CHAPTER ENERGY SERVICES INC    EXT 202,DELIVERLOAD,True,40,40,40,40,40,40,40,40,40,40,40,40,40,40,40,40,40,40,40,40,40,40,40,40,40
61bc29302bc46a14d2c8d441,637c0646db89c2161c8b8173,NEXT COMPRESSION,DELIVERLOAD,True,165,165,165,165,165,165,165,165,165,165,165,165,165,165,165,165,165,165,165,165,165,165,165,165,165
61bc29302bc46a14d2c8d441,6602f55ce85a2a02f555874c,NICKS FLOORING,DELIVERLOAD,False,15,15,15,15,15,15,15,15,15,15,15,15,15,15,15,15,15,15,15,15,15,15,15,15,15
61bc29302bc46a14d2c8d441,6602f55ce85a2a02f555874c,NICKS FLOORING,HOOKCONTAINER,False,8,8,8,8,8,8,8,8,8,8,8,8,8,8,8,8,8,8,8,8,8,8,8,8,8
61bc29302bc46a14d2c8d441,6373e58fbafee2159c0661fc,NIGHTHAWK MFG - LOCKED GATES,DELIVERLOAD,False,10,10,10,10,10,10,10,10,10,10,10,10,10,10,10,10,10,10,10,10,10,10,10,10,10
61bc29302bc46a14d2c8d441,6373e58fbafee2159c0661fc,NIGHTHAWK MFG - LOCKED GATES,HOOKCONTAINER,False,11,11,11,11,11,11,11,11,11,11,11,11,11,11,11,11,11,11,11,11,11,11,11,11,11
61bc29302bc46a14d2c8d441,6482414fc2f987169aaed474,NJ MONUMENTS INC EDMONTON CROSS DOCK,DELIVERLOAD,False,50,50,50,50,50,50,50,50,50,50,50,50,50,50,50,50,50,50,50,50,50,50,50,50,50
61bc29302bc46a14d2c8d441,6482414fc2f987169aaed474,NJ MONUMENTS INC EDMONTON CROSS DOCK,HOOKCONTAINER,False,11,11,11,11,11,11,11,11,11,11,11,11,11,11,11,11,11,11,11,11,11,11,11,11,11
61bc29302bc46a14d2c8d441,679103ddc2ac88b4a4503b8f,NORBORD INC (WEST FRASER),DELIVERLOAD,True,177,177,177,177,177,177,177,177,177,177,177,177,177,177,177,177,177,177,177,177,177,177,177,177,177
61bc29302bc46a14d2c8d441,6806505b6df1cf685bbd6d70,NORHEIM RANCHING - LLOYDMINSTER,DELIVERLOAD,True,73,73,73,73,73,73,73,73,73,73,73,73,73,73,73,73,73,73,73,73,73,73,73,73,73
61bc29302bc46a14d2c8d441,63addb436eab6b161b8e81a2,NOROME BUILDING SUPPLY LTD,DELIVERLOAD,False,68,68,68,68,68,68,68,68,68,68,68,68,68,68,68,68,68,68,68,68,68,68,68,68,68
61bc29302bc46a14d2c8d441,63addb436eab6b161b8e81a2,NOROME BUILDING SUPPLY LTD,DELIVERLOAD,True,104,104,104,104,104,104,104,104,104,104,104,104,104,104,104,104,104,104,104,104,104,104,104,104,104
61bc29302bc46a14d2c8d441,62b9b5fa065c2113a45f51b2,NORTH AMERICAN CONSTRUCTION,DELIVERLOAD,False,13,13,13,13,13,13,13,13,13,13,13,13,13,13,13,13,13,13,13,13,13,13,13,13,13
61bc29302bc46a14d2c8d441,62b9b5fa065c2113a45f51b2,NORTH AMERICAN CONSTRUCTION,HOOKCONTAINER,False,20,20,20,20,20,20,20,20,20,20,20,20,20,20,20,20,20,20,20,20,20,20,20,20,20
61bc29302bc46a14d2c8d441,66c4a5c7a945e4e19f1d14fa,NORTH COUNTRY TIRE #2,DELIVERLOAD,False,11,11,11,11,11,11,11,11,11,11,11,11,11,11,11,11,11,11,11,11,11,11,11,11,11
61bc29302bc46a14d2c8d441,66c4a5c7a945e4e19f1d14fa,NORTH COUNTRY TIRE #2,HOOKCONTAINER,False,10,10,10,10,10,10,10,10,10,10,17,12,7,7,10,12,10,10,10,10,10,10,10,10,10
61bc29302bc46a14d2c8d441,62b9b654065c2113a45f5245,NORTH COUNTRY TIRE - EDM,DELIVERLOAD,False,13,13,13,13,13,13,13,13,13,9,13,13,12,13,13,13,13,13,13,13,13,13,13,13,13
61bc29302bc46a14d2c8d441,62b9b654065c2113a45f5245,NORTH COUNTRY TIRE - EDM,DELIVERLOAD,True,26,26,26,26,26,26,26,26,26,26,26,26,26,26,26,26,26,26,26,26,26,26,26,26,26
61bc29302bc46a14d2c8d441,62b9b654065c2113a45f5245,NORTH COUNTRY TIRE - EDM,HOOKCONTAINER,False,9,9,9,9,9,9,9,9,9,9,7,6,10,9,9,9,9,9,9,9,9,9,9,9,9
61bc29302bc46a14d2c8d441,6814dedf0ac9fda7b0f41355,NORTHERN GIFTS,HOOKCONTAINER,False,10,10,10,10,10,10,10,10,10,10,10,10,10,10,10,10,10,10,10,10,10,10,10,10,10
61bc29302bc46a14d2c8d441,66c3597a5623efdacc836935,NORTHLAND FORGE,DELIVERLOAD,True,47,47,47,47,47,47,47,47,47,47,47,47,47,47,47,47,47,47,47,47,47,47,47,47,47
61bc29302bc46a14d2c8d441,6307a9b5b5cf0d15eefd4318,NORTH OKANAGAN VALLEY GLEANERS SOCIETY,DELIVERLOAD,False,17,17,17,17,17,17,17,17,17,17,17,17,17,17,17,17,17,17,17,17,17,17,17,17,17
61bc29302bc46a14d2c8d441,6307a9b5b5cf0d15eefd4318,NORTH OKANAGAN VALLEY GLEANERS SOCIETY,DELIVERLOAD,True,60,60,60,60,60,60,60,60,60,60,60,60,60,60,60,60,60,60,60,60,60,60,60,60,60
61bc29302bc46a14d2c8d441,6830ecce0dd4a915c9afe0aa,NORTHPEAK ENTERPRISES - MORINVILLE,DELIVERLOAD,True,60,60,60,60,60,60,60,60,60,60,60,60,60,60,60,60,60,60,60,60,60,60,60,60,60
61bc29302bc46a14d2c8d441,62bb1b37928d8d13d6764d5e,NOVA CHEMICALS,DELIVERLOAD,True,102,102,102,102,102,102,102,102,102,102,102,102,102,102,102,102,102,102,102,102,102,102,102,102,102
61bc29302bc46a14d2c8d441,62b9b6a8bbb69c1418126ddc,NOVA COLD LOGISTICS,DELIVERLOAD,False,69,69,69,69,69,69,69,69,69,69,69,69,69,69,69,69,69,69,69,69,69,69,69,69,69
61bc29302bc46a14d2c8d441,62b9b6a8bbb69c1418126ddc,NOVA COLD LOGISTICS,DELIVERLOAD,True,97,97,97,97,97,97,97,97,97,97,97,111,97,89,97,95,97,97,97,97,97,97,97,97,97
61bc29302bc46a14d2c8d441,68bb21380d7fe0dce610d8e2,NOV CANADA,DELIVERLOAD,True,60,60,60,60,60,60,60,60,60,60,60,60,60,60,60,60,60,60,60,60,60,60,60,60,60
61bc29302bc46a14d2c8d441,6849ba1e181167084da5da7c,NOV CANADA - ENERGY EQUIPMENT PROCESS AND FLOW TECHNOLOGIES,DELIVERLOAD,True,60,60,60,60,60,60,60,60,60,60,60,60,60,60,60,60,60,60,60,60,60,60,60,60,60
61bc29302bc46a14d2c8d441,66b5166fb07360ac3a331ed8,NOVUS MEDICAL CALGARY  (DAY CAB),DELIVERLOAD,True,121,121,121,121,121,121,121,121,121,121,121,121,121,121,121,121,121,121,121,121,121,121,121,121,121
61bc29302bc46a14d2c8d441,686839622315e09b3cea6541,NRGREEN POWER,DELIVERLOAD,True,60,60,60,60,60,60,60,60,60,60,60,60,60,60,60,60,60,60,60,60,60,60,60,60,60
61bc29302bc46a14d2c8d441,62e6fd9829da9c161303c3ae,NTD (NATIONAL TIRE) - EDMONTON,DELIVERLOAD,False,18,18,18,18,18,18,18,18,18,29,12,11,18,18,18,18,18,18,18,18,18,18,18,18,18
61bc29302bc46a14d2c8d441,62e6fd9829da9c161303c3ae,NTD (NATIONAL TIRE) - EDMONTON,DELIVERLOAD,True,60,60,60,60,60,60,60,60,60,60,60,60,60,60,60,60,60,60,60,60,60,60,60,60,60
61bc29302bc46a14d2c8d441,62e6fd9829da9c161303c3ae,NTD (NATIONAL TIRE) - EDMONTON,HOOKCONTAINER,False,15,15,15,15,15,15,15,15,15,15,19,15,33,15,11,45,18,7,22,15,15,15,15,15,15
61bc29302bc46a14d2c8d441,66e9d714f397a287adc33adc,NUCOR VULCRAFT CANADA. INC,DELIVERLOAD,True,62,62,62,62,62,62,62,62,62,62,62,62,62,62,62,62,62,62,62,62,62,62,62,62,62
61bc29302bc46a14d2c8d441,62f5286d685202150771d390,NUTRISOURCE - GRANUM,DELIVERLOAD,True,45,45,45,45,45,45,45,45,45,45,45,45,45,45,45,45,45,45,45,45,45,45,45,45,45
61bc29302bc46a14d2c8d441,631d0bb5f00d46160bf71811,NUTRI SOURCE - PONOKA MILL,DELIVERLOAD,True,51,51,51,51,51,51,51,51,51,51,51,51,51,51,51,51,51,51,51,51,51,51,51,51,51
61bc29302bc46a14d2c8d441,62b9f5c0065c2113a45fb1c8,OCTS - ACHESON MAIN YARD,CHASSISPICK,False,20,20,20,20,20,20,20,20,11,14,33,18,28,26,15,14,20,10,20,20,20,20,20,20,20
61bc29302bc46a14d2c8d441,62b9f5c0065c2113a45fb1c8,OCTS - ACHESON MAIN YARD,CHASSISTERMINATION,False,8,8,8,8,8,8,8,8,8,8,15,7,13,10,7,6,8,18,8,4,8,8,8,8,8
61bc29302bc46a14d2c8d441,62b9f5c0065c2113a45fb1c8,OCTS - ACHESON MAIN YARD,DELIVERLOAD,False,7,7,7,7,7,7,7,7,7,7,7,6,7,8,11,7,5,7,7,7,7,7,7,7,7
61bc29302bc46a14d2c8d441,62b9f5c0065c2113a45fb1c8,OCTS - ACHESON MAIN YARD,DELIVERLOAD,True,8,8,8,8,8,8,8,8,8,8,8,8,8,8,8,4,8,8,8,8,8,8,8,8,8
61bc29302bc46a14d2c8d441,62b9f5c0065c2113a45fb1c8,OCTS - ACHESON MAIN YARD,HOOKCONTAINER,False,19,19,19,19,19,19,43,27,22,19,15,19,18,22,20,19,17,17,20,23,12,14,19,19,19
61bc29302bc46a14d2c8d441,62b9f5c0065c2113a45fb1c8,OCTS - ACHESON MAIN YARD,PULLCONTAINER,False,19,19,19,19,19,19,19,19,39,23,18,28,16,16,17,26,17,17,23,17,19,19,19,19,19
61bc29302bc46a14d2c8d441,62b9f5c0065c2113a45fb1c8,OCTS - ACHESON MAIN YARD,RETURNCONTAINER,False,16,16,16,16,16,16,16,16,32,12,13,16,20,18,14,16,16,20,17,29,16,16,16,16,16
61bc29302bc46a14d2c8d441,62ae43d6ed6ed835adf0636e,OCTS - CALGARY MAIN YARD,CHASSISPICK,False,19,19,19,19,19,19,19,19,7,110,19,16,19,19,8,19,61,19,19,19,19,19,19,19,19
61bc29302bc46a14d2c8d441,62ae43d6ed6ed835adf0636e,OCTS - CALGARY MAIN YARD,CHASSISTERMINATION,False,8,8,8,8,8,8,8,8,8,8,8,8,8,8,8,8,10,8,8,8,8,8,8,8,8
61bc29302bc46a14d2c8d441,62ae43d6ed6ed835adf0636e,OCTS - CALGARY MAIN YARD,DELIVERLOAD,False,16,16,16,16,16,16,16,16,16,16,16,16,16,16,16,16,16,16,16,16,16,16,16,16,16
61bc29302bc46a14d2c8d441,62ae43d6ed6ed835adf0636e,OCTS - CALGARY MAIN YARD,DELIVERLOAD,True,19,19,19,19,19,19,19,19,19,19,19,19,19,19,19,20,19,19,19,19,19,19,19,19,19
61bc29302bc46a14d2c8d441,62ae43d6ed6ed835adf0636e,OCTS - CALGARY MAIN YARD,HOOKCONTAINER,False,17,17,17,17,17,29,24,29,19,20,15,16,16,17,16,14,16,13,15,18,12,14,17,17,17
61bc29302bc46a14d2c8d441,62ae43d6ed6ed835adf0636e,OCTS - CALGARY MAIN YARD,PULLCONTAINER,False,19,19,19,19,19,19,19,19,56,28,25,14,14,15,15,19,28,19,19,19,19,19,19,19,19
61bc29302bc46a14d2c8d441,62ae43d6ed6ed835adf0636e,OCTS - CALGARY MAIN YARD,RETURNCONTAINER,False,9,9,9,9,9,9,9,9,9,9,8,9,9,6,8,10,9,10,7,5,9,9,9,9,9
61bc29302bc46a14d2c8d441,6332f13bccb46515ae9dc361,OCTS - CALGARY YARD 2 / 7:00 to 6:45 - Sat 8:00 to 16:00,HOOKCONTAINER,False,3,3,3,3,3,3,3,3,3,3,3,3,3,3,3,3,3,3,3,3,3,3,3,3,3
61bc29302bc46a14d2c8d441,62b235d077508313dace0886,OCTS - EDMONTON SOUTH YARD,CHASSISPICK,False,20,20,20,20,20,20,20,20,15,7,20,20,20,20,45,20,20,20,20,20,20,20,20,20,20
61bc29302bc46a14d2c8d441,62b235d077508313dace0886,OCTS - EDMONTON SOUTH YARD,CHASSISTERMINATION,False,10,10,10,10,10,10,10,10,10,10,10,10,10,10,17,10,10,10,6,10,10,10,10,10,10
61bc29302bc46a14d2c8d441,62b235d077508313dace0886,OCTS - EDMONTON SOUTH YARD,DELIVERLOAD,False,15,15,15,15,15,15,15,15,15,15,15,15,15,15,15,15,15,15,15,15,15,15,15,15,15
61bc29302bc46a14d2c8d441,62b235d077508313dace0886,OCTS - EDMONTON SOUTH YARD,HOOKCONTAINER,False,16,16,16,16,16,16,16,16,19,15,11,8,16,24,14,28,9,16,16,16,16,16,16,16,16
61bc29302bc46a14d2c8d441,62b235d077508313dace0886,OCTS - EDMONTON SOUTH YARD,RETURNCONTAINER,False,13,13,13,13,13,13,13,13,13,13,13,13,13,13,13,13,13,13,13,13,13,13,13,13,13
61bc29302bc46a14d2c8d441,62b9f4828e534e13a135f8de,OCTS - OVERFLOW YARD - CALGARY,CHASSISPICK,False,34,34,34,34,53,15,17,62,29,33,28,44,43,33,21,33,41,60,34,34,34,34,34,34,34
61bc29302bc46a14d2c8d441,62b9f4828e534e13a135f8de,OCTS - OVERFLOW YARD - CALGARY,CHASSISTERMINATION,False,4,4,4,4,4,4,4,4,4,4,4,4,4,4,4,4,4,8,3,4,4,4,4,4,4
61bc29302bc46a14d2c8d441,62b9f4828e534e13a135f8de,OCTS - OVERFLOW YARD - CALGARY,HOOKCONTAINER,False,58,58,58,58,58,58,58,58,58,58,58,58,58,58,58,58,58,58,58,58,58,58,58,58,58
61bc29302bc46a14d2c8d441,62b9f4828e534e13a135f8de,OCTS - OVERFLOW YARD - CALGARY,PULLCONTAINER,False,5,5,5,5,5,5,5,5,5,5,5,5,5,5,5,5,5,5,5,5,5,5,5,5,5
61bc29302bc46a14d2c8d441,62b9f4828e534e13a135f8de,OCTS - OVERFLOW YARD - CALGARY,RETURNCONTAINER,False,11,11,11,11,11,11,11,11,11,11,11,11,11,11,11,11,11,11,11,11,11,11,11,11,11
61bc29302bc46a14d2c8d441,62e2ad8eaddc1115f9f41112,OCTS/TRANSLOAD EDM,DELIVERLOAD,False,8,8,8,8,8,8,8,8,21,8,9,9,9,8,7,10,7,12,8,11,5,8,8,8,8
61bc29302bc46a14d2c8d441,62e2ad8eaddc1115f9f41112,OCTS/TRANSLOAD EDM,DELIVERLOAD,True,46,46,46,46,46,46,46,46,46,46,46,46,46,46,46,46,46,46,46,46,46,46,46,46,46
61bc29302bc46a14d2c8d441,62e2ad8eaddc1115f9f41112,OCTS/TRANSLOAD EDM,DROPCONTAINER,False,28,28,28,28,28,28,28,28,28,28,28,28,28,28,28,28,28,28,28,28,28,28,28,28,28
61bc29302bc46a14d2c8d441,62e2ad8eaddc1115f9f41112,OCTS/TRANSLOAD EDM,HOOKCONTAINER,False,23,23,23,23,23,23,23,23,53,28,21,25,24,23,23,26,23,18,16,30,23,23,23,23,23
61bc29302bc46a14d2c8d441,62e2ad8eaddc1115f9f41112,OCTS/TRANSLOAD EDM,PULLCONTAINER,False,20,20,20,20,20,20,20,20,20,27,21,14,20,23,73,26,16,18,20,20,20,20,20,20,20
61bc29302bc46a14d2c8d441,62e2ad8eaddc1115f9f41112,OCTS/TRANSLOAD EDM,RETURNCONTAINER,False,14,14,14,14,14,14,14,14,14,14,30,9,7,12,14,14,14,14,14,14,14,14,14,14,14
61bc29302bc46a14d2c8d441,66855b2d458e3cf40c2654fb,"OCTS WAREHOUSE (DOORS 24,25)",DELIVERLOAD,False,9,9,9,9,9,9,9,9,9,9,8,9,9,9,9,9,9,9,9,9,9,9,9,9,9
61bc29302bc46a14d2c8d441,66855b2d458e3cf40c2654fb,"OCTS WAREHOUSE (DOORS 24,25)",DELIVERLOAD,True,52,52,52,52,52,52,52,52,52,52,60,52,52,52,52,52,52,52,52,52,52,52,52,52,52
61bc29302bc46a14d2c8d441,66855b2d458e3cf40c2654fb,"OCTS WAREHOUSE (DOORS 24,25)",DROPCONTAINER,False,29,29,29,29,29,29,29,29,29,29,29,29,29,29,29,29,29,29,29,29,29,29,29,29,29
61bc29302bc46a14d2c8d441,66855b2d458e3cf40c2654fb,"OCTS WAREHOUSE (DOORS 24,25)",HOOKCONTAINER,False,20,20,20,20,20,20,20,20,20,20,20,20,24,20,12,20,32,20,20,20,20,20,20,20,20
61bc29302bc46a14d2c8d441,66855b2d458e3cf40c2654fb,"OCTS WAREHOUSE (DOORS 24,25)",PULLCONTAINER,False,20,20,20,20,20,20,20,20,20,20,20,20,20,20,20,20,20,20,20,20,20,20,20,20,20
61bc29302bc46a14d2c8d441,66855b2d458e3cf40c2654fb,"OCTS WAREHOUSE (DOORS 24,25)",RETURNCONTAINER,False,10,10,10,10,10,10,10,10,10,10,10,10,10,10,10,10,10,10,10,10,10,10,10,10,10
61bc29302bc46a14d2c8d441,62b9b73a065c2113a45f5373,OERLIKON METCO (WAS SULZER),DELIVERLOAD,False,17,17,17,17,17,17,17,17,17,17,17,17,17,17,17,17,17,17,17,17,17,17,17,17,17
61bc29302bc46a14d2c8d441,62b9b73a065c2113a45f5373,OERLIKON METCO (WAS SULZER),DELIVERLOAD,True,52,52,52,52,52,52,52,52,52,52,52,52,52,52,52,52,52,52,52,52,52,52,52,52,52
61bc29302bc46a14d2c8d441,631913001a17b3160e9f0234,OIL LIFT TECHNOLOGY INC,DELIVERLOAD,False,45,45,45,45,45,45,45,45,45,45,45,45,45,45,45,45,45,45,45,45,45,45,45,45,45
61bc29302bc46a14d2c8d441,631913001a17b3160e9f0234,OIL LIFT TECHNOLOGY INC,DELIVERLOAD,True,36,36,36,36,36,36,36,36,36,36,36,36,36,36,36,36,36,36,36,36,36,36,36,36,36
61bc29302bc46a14d2c8d441,68ad0b39e0c6246d8cfade83,OKAPLY INDUSTRIES,DELIVERLOAD,False,11,11,11,11,11,11,11,11,11,11,11,11,11,11,11,11,11,11,11,11,11,11,11,11,11
61bc29302bc46a14d2c8d441,68ad0b39e0c6246d8cfade83,OKAPLY INDUSTRIES,HOOKCONTAINER,False,15,15,15,15,15,15,15,15,15,15,15,15,15,15,15,15,15,15,15,15,15,15,15,15,15
61bc29302bc46a14d2c8d441,6504c783ec453e161d2cfa5f,OK TIRES - CALGARY,DELIVERLOAD,False,13,13,13,13,13,13,13,13,13,14,13,13,13,13,13,13,13,13,13,13,13,13,13,13,13
61bc29302bc46a14d2c8d441,6504c783ec453e161d2cfa5f,OK TIRES - CALGARY,HOOKCONTAINER,False,13,13,13,13,13,13,13,13,13,13,13,13,13,13,13,13,8,13,13,13,13,13,13,13,13
61bc29302bc46a14d2c8d441,62e42edcf2b91d1600f88574,OK TIRE ST. ALBERT,DELIVERLOAD,False,12,12,12,12,12,12,12,12,12,15,10,7,12,12,12,12,12,12,12,12,12,12,12,12,12
61bc29302bc46a14d2c8d441,62e42edcf2b91d1600f88574,OK TIRE ST. ALBERT,HOOKCONTAINER,False,10,10,10,10,10,10,10,10,10,10,6,12,17,10,61,10,8,48,10,10,10,10,10,10,10
61bc29302bc46a14d2c8d441,63c6d0dcaf2d7e15e763a7d3,OLD ELM FARMING,DELIVERLOAD,False,19,19,19,19,19,19,19,19,19,19,19,19,19,19,19,19,19,19,19,19,19,19,19,19,19
61bc29302bc46a14d2c8d441,63c6d0dcaf2d7e15e763a7d3,OLD ELM FARMING,DELIVERLOAD,True,103,103,103,103,103,103,103,103,103,103,103,103,103,103,103,103,103,103,103,103,103,103,103,103,103
61bc29302bc46a14d2c8d441,677ed64d3b014ec9d45eb511,OLT CALGARY (OIL LIFT TECHNOLOGY INC),DELIVERLOAD,True,60,60,60,60,60,60,60,60,60,60,60,60,60,60,60,60,60,60,60,60,60,60,60,60,60
61bc29302bc46a14d2c8d441,6749f7bbc6534d5f9d37042a,ONE SERVICE BATTALION,DELIVERLOAD,True,60,60,60,60,60,60,60,60,60,60,60,60,60,60,60,60,60,60,60,60,60,60,60,60,60
61bc29302bc46a14d2c8d441,65cfbe7ce7f5b48d3accc468,ORION PLASTICS - LOW CHASSIS,DELIVERLOAD,True,91,91,91,91,91,91,91,91,91,91,91,91,91,91,91,91,91,91,91,91,91,91,91,91,91
61bc29302bc46a14d2c8d441,6320948e6c993615f9c5be12,OSTREM CHEMICALS,DELIVERLOAD,True,119,119,119,119,119,119,119,119,119,119,119,119,119,119,119,119,119,119,119,119,119,119,119,119,119
61bc29302bc46a14d2c8d441,67e6f03199561158061c7eda,OTR ENGINEERED SOLUTIONS,DELIVERLOAD,False,79,79,79,79,79,79,79,79,79,79,79,79,79,79,79,79,79,79,79,79,79,79,79,79,79
61bc29302bc46a14d2c8d441,67e6f03199561158061c7eda,OTR ENGINEERED SOLUTIONS,DELIVERLOAD,True,117,117,117,117,117,117,117,117,117,117,117,117,117,117,117,117,117,117,117,117,117,117,117,117,117
61bc29302bc46a14d2c8d441,65fdf349941ae98d10de6e9c,OTS AUTO ELECTRIC,DELIVERLOAD,False,17,17,17,17,17,17,17,17,17,17,17,17,17,17,17,17,17,17,17,17,17,17,17,17,17
61bc29302bc46a14d2c8d441,65fdf349941ae98d10de6e9c,OTS AUTO ELECTRIC,HOOKCONTAINER,False,11,11,11,11,11,11,11,11,11,11,11,11,11,11,11,11,11,11,11,11,11,11,11,11,11
61bc29302bc46a14d2c8d441,62b9b819bbb69c1418126fce,OUTLOOK STORAGE,DELIVERLOAD,True,72,72,72,72,72,72,72,72,72,60,95,120,61,72,72,72,72,72,72,72,72,72,72,72,72
61bc29302bc46a14d2c8d441,68068376f6d20f9892dd2b0b,Oxford Machine & Welding Ltd,DELIVERLOAD,True,60,60,60,60,60,60,60,60,60,60,60,60,60,60,60,60,60,60,60,60,60,60,60,60,60
61bc29302bc46a14d2c8d441,68113e3c5883c14c9a22549a,OX LOGISTICS - UNIT# 60,DELIVERLOAD,False,25,25,25,25,25,25,25,25,25,25,25,25,25,25,25,25,25,25,25,25,25,25,25,25,25
61bc29302bc46a14d2c8d441,68113e3c5883c14c9a22549a,OX LOGISTICS - UNIT# 60,HOOKCONTAINER,False,15,15,15,15,15,15,15,15,15,15,15,15,15,15,15,15,15,15,15,15,15,15,15,15,15
61bc29302bc46a14d2c8d441,62b9b849bbb69c141812701e,PACIFICA PILING (CONSIGNEE),DELIVERLOAD,False,63,63,63,63,63,63,63,63,63,66,63,56,67,63,57,96,38,38,63,63,63,63,63,63,63
61bc29302bc46a14d2c8d441,62b9b849bbb69c141812701e,PACIFICA PILING (CONSIGNEE),DELIVERLOAD,True,54,54,54,54,54,54,54,54,54,51,54,44,70,52,46,63,69,55,54,54,54,54,54,54,54
61bc29302bc46a14d2c8d441,67b894b4965e5f50dc5efa4c,PACIFIC COAST DISTRIBUTION,DELIVERLOAD,False,12,12,12,12,12,12,12,12,12,12,12,12,12,12,12,12,12,12,12,12,12,12,12,12,12
61bc29302bc46a14d2c8d441,67b894b4965e5f50dc5efa4c,PACIFIC COAST DISTRIBUTION,HOOKCONTAINER,False,12,12,12,12,12,12,12,12,12,12,12,12,12,12,12,12,12,12,12,12,12,12,12,12,12
61bc29302bc46a14d2c8d441,63e2925f7249b51628cfdb47,PACIFIC COAST WAREHOUSE,DELIVERLOAD,False,17,17,17,17,17,17,17,17,17,17,17,17,17,17,17,17,17,17,17,17,17,17,17,17,17
61bc29302bc46a14d2c8d441,63e2925f7249b51628cfdb47,PACIFIC COAST WAREHOUSE,DELIVERLOAD,True,46,46,46,46,46,46,46,46,46,46,46,46,46,46,46,46,46,46,46,46,46,46,46,46,46
61bc29302bc46a14d2c8d441,656a0ace2751961655cdb446,PACIFIC STONE FABRICATION,HOOKCONTAINER,False,83,83,83,83,83,83,83,83,83,83,83,83,83,83,83,83,83,83,83,83,83,83,83,83,83
61bc29302bc46a14d2c8d441,62b9b8858e534e13a1359dfb,PACRIM STEEL (CONSIGNEE),DELIVERLOAD,True,52,52,52,52,52,52,52,52,52,52,52,52,52,52,52,52,52,52,52,52,52,52,52,52,52
61bc29302bc46a14d2c8d441,662fa9c89a07e8b956c7af79,PACTIV CALGARY - UNIT# 166,DELIVERLOAD,False,14,14,14,14,14,14,14,14,14,14,14,14,14,14,14,14,14,14,14,14,14,14,14,14,14
61bc29302bc46a14d2c8d441,662fa9c89a07e8b956c7af79,PACTIV CALGARY - UNIT# 166,HOOKCONTAINER,False,30,30,30,30,30,30,30,30,30,30,30,30,30,30,30,30,30,30,30,30,30,30,30,30,30
61bc29302bc46a14d2c8d441,689faeafb4c91976a71aee28,PALESHI AUTO PARTS & RECYLING,DELIVERLOAD,False,11,11,11,11,11,11,11,11,11,11,11,11,11,11,11,11,11,11,11,11,11,11,11,11,11
61bc29302bc46a14d2c8d441,689faeafb4c91976a71aee28,PALESHI AUTO PARTS & RECYLING,HOOKCONTAINER,False,9,9,9,9,9,9,9,9,9,9,9,9,9,9,9,9,9,9,9,9,9,9,9,9,9
61bc29302bc46a14d2c8d441,644ab22eff83581628ff26aa,PAN PACIFIC PET,DELIVERLOAD,False,12,12,12,12,12,12,12,12,12,12,12,12,12,12,12,11,12,12,12,12,12,12,12,12,12
61bc29302bc46a14d2c8d441,644ab22eff83581628ff26aa,PAN PACIFIC PET,HOOKCONTAINER,False,16,16,16,16,16,16,16,16,16,16,16,16,16,16,16,16,16,16,16,16,16,16,16,16,16
61bc29302bc46a14d2c8d441,6545351311d2bb15913371d9,PANTOS LOGISTICS WHSE# 190,DELIVERLOAD,False,7,7,7,7,7,7,7,7,7,7,13,7,7,7,7,7,7,7,7,7,7,7,7,7,7
61bc29302bc46a14d2c8d441,6545351311d2bb15913371d9,PANTOS LOGISTICS WHSE# 190,HOOKCONTAINER,False,10,10,10,10,10,10,10,10,10,10,6,10,10,10,10,10,10,10,10,10,10,10,10,10,10
61bc29302bc46a14d2c8d441,6830c41dbb6045c95065a1e1,PARADISE HILL & WESTERN WEAR,DELIVERLOAD,True,88,88,88,88,88,88,88,88,88,88,88,88,88,88,88,88,88,88,88,88,88,88,88,88,88
61bc29302bc46a14d2c8d441,68262ba60f07b8ab45f4017f,PARKLAND NURSERY & LANDSCAPE SERVICES,DELIVERLOAD,True,60,60,60,60,60,60,60,60,60,60,60,60,60,60,60,60,60,60,60,60,60,60,60,60,60
61bc29302bc46a14d2c8d441,65c4f8fca98213de64b11c15,PARK LIGHTING,DELIVERLOAD,False,11,11,11,11,11,11,11,11,11,11,11,11,11,11,11,11,11,11,11,11,11,11,11,11,11
61bc29302bc46a14d2c8d441,65c4f8fca98213de64b11c15,PARK LIGHTING,HOOKCONTAINER,False,14,14,14,14,14,14,14,14,14,14,14,14,14,14,14,14,14,14,14,14,14,14,14,14,14
61bc29302bc46a14d2c8d441,644ed8c4accc3a166699c4ad,PARK PAVING,DELIVERLOAD,True,60,60,60,60,60,60,60,60,60,60,60,60,60,60,60,60,60,60,60,60,60,60,60,60,60
61bc29302bc46a14d2c8d441,67c33dd8b52e650e7d54e9ab,PARTS FOR TRUCKS,DELIVERLOAD,True,60,60,60,60,60,60,60,60,60,60,60,60,60,60,60,60,60,60,60,60,60,60,60,60,60
61bc29302bc46a14d2c8d441,678e8ac9a835688debaa0688,PARTS FOR TRUCKS - 78 AVE,DELIVERLOAD,True,78,78,78,78,78,78,78,78,78,78,78,78,78,78,78,78,78,78,78,78,78,78,78,78,78
61bc29302bc46a14d2c8d441,678ac0cfcb2cf67f8dacaae9,PARTS FOR TRUCKS - ACHESON,DELIVERLOAD,True,31,31,31,31,31,31,31,31,31,31,31,31,31,31,31,31,31,31,31,31,31,31,31,31,31
61bc29302bc46a14d2c8d441,678abc394dfb21cf052a3e34,PARTS FOR TRUCKS - CLAIRMONT TO GRANDE PRAIRIE,DELIVERLOAD,True,60,60,60,60,60,60,60,60,60,60,60,60,60,60,60,60,60,60,60,60,60,60,60,60,60
61bc29302bc46a14d2c8d441,65dd0a8bc7db6bf6b3c3c22c,PARTS FOR TRUCKS DISTRIBUTION CENTER,DELIVERLOAD,False,49,49,49,49,49,49,49,49,49,49,49,49,49,49,49,49,49,49,49,49,49,49,49,49,49
61bc29302bc46a14d2c8d441,65dd0a8bc7db6bf6b3c3c22c,PARTS FOR TRUCKS DISTRIBUTION CENTER,DELIVERLOAD,True,143,143,143,143,143,143,143,143,143,143,143,143,143,143,143,143,143,143,143,143,143,143,143,143,143
61bc29302bc46a14d2c8d441,67d2fa583425d1278abc1c4e,PARTS FOR TRUCKS - LETHBRIDGE,DELIVERLOAD,True,60,60,60,60,60,60,60,60,60,60,60,60,60,60,60,60,60,60,60,60,60,60,60,60,60
61bc29302bc46a14d2c8d441,67993087e4cda0d647f28d5f,PATRICK AGBANU,DELIVERLOAD,False,17,17,17,17,17,17,17,17,17,17,17,17,17,17,17,17,17,17,17,17,17,17,17,17,17
61bc29302bc46a14d2c8d441,6810edd87e5bcbe7b3d1dfcc,PAT'S DRIVELINE,DELIVERLOAD,True,60,60,60,60,60,60,60,60,60,60,60,60,60,60,60,60,60,60,60,60,60,60,60,60,60
61bc29302bc46a14d2c8d441,65f0cb21d02da38592979650,PAVEIT CONSTRUSTION INC - DELIVERY,DELIVERLOAD,True,165,165,165,165,165,165,165,165,165,165,165,165,165,165,165,165,165,165,165,165,165,165,165,165,165
61bc29302bc46a14d2c8d441,68c036a9c7cd78e7c8509b43,PCL CONSTRUCTION - CALGARY,DELIVERLOAD,True,44,44,44,44,44,44,44,44,44,44,44,44,44,44,44,44,44,44,44,44,44,44,44,44,44
61bc29302bc46a14d2c8d441,62b9b8ed065c2113a45f559b,PCW CALGARY,DELIVERLOAD,False,17,17,17,17,17,17,17,17,17,17,17,17,17,17,17,17,17,17,17,17,17,17,17,17,17
61bc29302bc46a14d2c8d441,62b9b8ed065c2113a45f559b,PCW CALGARY,DELIVERLOAD,True,106,106,106,106,106,106,106,106,106,106,106,106,106,106,106,106,106,106,106,106,106,106,106,106,106
61bc29302bc46a14d2c8d441,62b9b8ed065c2113a45f559b,PCW CALGARY,HOOKCONTAINER,False,79,79,79,79,79,79,79,79,79,79,79,79,79,79,79,79,79,79,79,79,79,79,79,79,79
61bc29302bc46a14d2c8d441,67ec5f0e1c8cd1e32d3b6aab,PENTAMAX EQUIPMENT CORP - MCINTYRE ROAD,DELIVERLOAD,False,9,9,9,9,9,9,9,9,9,9,9,9,9,9,9,9,9,9,9,9,9,9,9,9,9
61bc29302bc46a14d2c8d441,67ec5f0e1c8cd1e32d3b6aab,PENTAMAX EQUIPMENT CORP - MCINTYRE ROAD,HOOKCONTAINER,False,17,17,17,17,17,17,17,17,17,17,17,17,17,17,17,17,17,17,17,17,17,17,17,17,17
61bc29302bc46a14d2c8d441,6744b4171357eede9807741c,PERI CALGARY,DELIVERLOAD,False,85,85,85,85,85,85,85,85,85,85,85,85,85,85,85,85,85,85,85,85,85,85,85,85,85
61bc29302bc46a14d2c8d441,6744b4171357eede9807741c,PERI CALGARY,DELIVERLOAD,True,72,72,72,72,72,72,72,72,72,72,72,72,72,72,72,72,72,72,72,72,72,72,72,72,72
61bc29302bc46a14d2c8d441,6744b4171357eede9807741c,PERI CALGARY,HOOKCONTAINER,False,21,21,21,21,21,21,21,21,21,21,21,21,21,21,21,21,21,21,21,21,21,21,21,21,21
61bc29302bc46a14d2c8d441,652ac2a4040f82165a9ec6b0,PERMA-PIPE CAMROSE,DELIVERLOAD,True,70,70,70,70,70,70,70,70,70,70,70,70,70,70,70,70,70,70,70,70,70,70,70,70,70
61bc29302bc46a14d2c8d441,669689b318453b239a7b4896,PETROSPEC ENGINEERING,DELIVERLOAD,True,60,60,60,60,60,60,60,60,60,60,60,60,60,60,60,60,60,60,60,60,60,60,60,60,60
61bc29302bc46a14d2c8d441,68ae2b0153ed0b89f8f5ca06,PET VALU ALBERTA,DELIVERLOAD,False,78,78,78,78,78,78,78,78,78,78,78,78,78,78,78,78,78,78,78,78,78,78,78,78,78
61bc29302bc46a14d2c8d441,68ae2b0153ed0b89f8f5ca06,PET VALU ALBERTA,DELIVERLOAD,True,99,99,99,99,99,99,99,99,99,99,99,99,99,99,99,99,99,99,99,99,99,99,99,99,99
61bc29302bc46a14d2c8d441,68b9f1de5be6a4884f947e45,P&H MILLING - HANGER 6,DELIVERLOAD,False,17,17,17,17,17,17,17,17,17,17,17,17,17,17,17,17,17,17,17,17,17,17,17,17,17
61bc29302bc46a14d2c8d441,68b9f1de5be6a4884f947e45,P&H MILLING - HANGER 6,DELIVERLOAD,True,125,125,125,125,125,125,125,125,125,125,125,125,125,125,125,125,125,125,125,125,125,125,125,125,125
61bc29302bc46a14d2c8d441,62b9b97bbbb69c14181271cb,PHOENIX AUTO (CONSIGNEE),DELIVERLOAD,False,7,7,7,7,7,7,7,7,7,7,7,10,3,7,7,7,7,7,7,7,7,7,7,7,7
61bc29302bc46a14d2c8d441,62b9b97bbbb69c14181271cb,PHOENIX AUTO (CONSIGNEE),HOOKCONTAINER,False,11,11,11,11,11,11,11,11,11,11,14,8,11,12,11,6,11,11,11,11,11,11,11,11,11
61bc29302bc46a14d2c8d441,6453ccc834320714a9272bdd,PHOENIX AUTO WEST,DELIVERLOAD,False,9,9,9,9,9,9,9,9,9,9,9,9,9,9,9,9,9,9,9,9,9,9,9,9,9
61bc29302bc46a14d2c8d441,6453ccc834320714a9272bdd,PHOENIX AUTO WEST,HOOKCONTAINER,False,14,14,14,14,14,14,14,14,14,14,14,14,14,14,14,14,14,14,14,14,14,14,14,14,14
61bc29302bc46a14d2c8d441,633206cbeb008215d269d82e,PHOENIX WAREHOUSING - NEW LOCATION - UNIT# 18,DELIVERLOAD,True,53,53,53,53,53,53,53,53,53,53,53,53,53,53,53,53,53,53,53,53,53,53,53,53,53
61bc29302bc46a14d2c8d441,6356af06c4450515d82ec906,PHYSIQUE FITNESS STORE (HAS DOLLY PADS),DELIVERLOAD,False,64,64,64,64,64,64,64,64,64,64,64,64,64,64,64,64,64,64,64,64,64,64,64,64,64
61bc29302bc46a14d2c8d441,6356af06c4450515d82ec906,PHYSIQUE FITNESS STORE (HAS DOLLY PADS),HOOKCONTAINER,False,26,26,26,26,26,26,26,26,26,26,26,26,26,26,26,26,26,26,26,26,26,26,26,26,26
61bc29302bc46a14d2c8d441,685c64d44f043772f0830d71,PIBROCH HUTTERITE COLONY,DELIVERLOAD,True,35,35,35,35,35,35,35,35,35,35,35,35,35,35,35,35,35,35,35,35,35,35,35,35,35
61bc29302bc46a14d2c8d441,678e8d6582078dc05ff09698,PICSARIS INC.,DELIVERLOAD,False,67,67,67,67,67,67,67,67,67,67,67,67,67,67,67,67,67,67,67,67,67,67,67,67,67
61bc29302bc46a14d2c8d441,678e8d6582078dc05ff09698,PICSARIS INC.,HOOKCONTAINER,False,8,8,8,8,8,8,8,8,8,8,8,8,8,8,8,8,8,8,8,8,8,8,8,8,8
61bc29302bc46a14d2c8d441,62b9b9f28e534e13a135a02f,PINACLE (CONSIGNEE),DELIVERLOAD,False,79,79,79,79,79,79,79,79,79,79,76,79,79,79,79,79,79,79,79,79,79,79,79,79,79
61bc29302bc46a14d2c8d441,62b9b9f28e534e13a135a02f,PINACLE (CONSIGNEE),DELIVERLOAD,True,71,71,71,71,71,71,71,71,71,71,80,67,77,67,71,71,71,71,71,71,71,71,71,71,71
61bc29302bc46a14d2c8d441,63a5e4666a8644164369aed7,PINNACLE AQUATIC GROUP,DELIVERLOAD,True,103,103,103,103,103,103,103,103,103,103,103,103,103,103,103,103,103,103,103,103,103,103,103,103,103
61bc29302bc46a14d2c8d441,68a5d9f5eacd260ae5a2ec3a,PINNACLE - CALGARY,DELIVERLOAD,False,9,9,9,9,9,9,9,9,9,9,9,9,9,9,9,9,9,9,9,9,9,9,9,9,9
61bc29302bc46a14d2c8d441,68a5d9f5eacd260ae5a2ec3a,PINNACLE - CALGARY,HOOKCONTAINER,False,10,10,10,10,10,10,10,10,10,10,10,10,10,10,10,10,10,10,10,10,10,10,10,10,10
61bc29302bc46a14d2c8d441,63af17a8fc4bf315864bab3a,PINNACLE DISTRIBUTION,DELIVERLOAD,False,17,17,17,17,17,17,17,17,17,17,17,17,17,17,17,17,17,17,17,17,17,17,17,17,17
61bc29302bc46a14d2c8d441,63af17a8fc4bf315864bab3a,PINNACLE DISTRIBUTION,HOOKCONTAINER,False,16,16,16,16,16,16,16,16,16,16,16,16,16,16,16,16,16,16,16,16,16,16,16,16,16
61bc29302bc46a14d2c8d441,645d399062926a148dfd58d7,PIONEER PRODUCTS,DELIVERLOAD,True,38,38,38,38,38,38,38,38,38,38,38,38,38,38,38,38,38,38,38,38,38,38,38,38,38
61bc29302bc46a14d2c8d441,68123d08a8e192a3b7730e6e,PIONEER PRODUCTS - UNIT# 5 (Daycab),DELIVERLOAD,False,12,12,12,12,12,12,12,12,12,12,12,12,12,12,12,12,12,12,12,12,12,12,12,12,12
61bc29302bc46a14d2c8d441,68123d08a8e192a3b7730e6e,PIONEER PRODUCTS - UNIT# 5 (Daycab),HOOKCONTAINER,False,26,26,26,26,26,26,26,26,26,26,26,26,26,26,26,26,26,26,26,26,26,26,26,26,26
61bc29302bc46a14d2c8d441,660c146e1aa9a683d9eddbd3,PIPE & PILING - 16 AVE NISKU,DELIVERLOAD,False,15,15,15,15,15,15,15,15,15,15,15,15,15,15,15,15,15,15,15,15,15,15,15,15,15
61bc29302bc46a14d2c8d441,660c146e1aa9a683d9eddbd3,PIPE & PILING - 16 AVE NISKU,HOOKCONTAINER,False,8,8,8,8,8,8,8,8,8,8,8,8,8,8,8,8,8,8,8,8,8,8,8,8,8
61bc29302bc46a14d2c8d441,68222194f63e6bab5826e224,PLAINSMAN MANUFACTURING INC,DELIVERLOAD,False,24,24,24,24,24,24,24,24,24,24,24,24,24,24,24,24,24,24,24,24,24,24,24,24,24
61bc29302bc46a14d2c8d441,68222194f63e6bab5826e224,PLAINSMAN MANUFACTURING INC,HOOKCONTAINER,False,15,15,15,15,15,15,15,15,15,15,15,15,15,15,15,15,15,15,15,15,15,15,15,15,15
61bc29302bc46a14d2c8d441,62b9ba61065c2113a45f580b,PLASTI-FAB -403-946-6235,DELIVERLOAD,False,17,17,17,17,17,17,17,17,17,17,17,17,17,17,17,17,17,17,17,17,17,17,17,17,17
61bc29302bc46a14d2c8d441,62b9ba61065c2113a45f580b,PLASTI-FAB -403-946-6235,DELIVERLOAD,True,105,105,105,105,105,105,105,105,105,105,105,105,105,105,105,105,105,105,105,105,105,105,105,105,105
61bc29302bc46a14d2c8d441,6657358e9c1ce47c2140967e,PLAYMORE GAMES (CONSIGNEE),DELIVERLOAD,False,7,7,7,7,7,7,7,7,7,7,7,7,7,7,7,7,7,7,7,7,7,7,7,7,7
61bc29302bc46a14d2c8d441,6657358e9c1ce47c2140967e,PLAYMORE GAMES (CONSIGNEE),HOOKCONTAINER,False,80,80,80,80,80,80,80,80,80,80,80,80,80,80,80,80,80,80,80,80,80,80,80,80,80
61bc29302bc46a14d2c8d441,657b24b60689671b1cececf0,PLUTONIC MARBLE AND GRANITE,HOOKCONTAINER,False,41,41,41,41,41,41,41,41,41,41,41,41,41,41,41,41,41,41,41,41,41,41,41,41,41
61bc29302bc46a14d2c8d441,63da992b6d872f15deee1fc4,PNEWKO,DELIVERLOAD,True,69,69,69,69,69,69,69,69,69,69,69,69,69,69,69,69,69,69,69,69,69,69,69,69,69
61bc29302bc46a14d2c8d441,635aeb51c6519915aedf3c26,POINTS WEST,DELIVERLOAD,False,3,3,3,3,3,3,3,3,3,3,3,3,3,3,3,3,3,3,3,3,3,3,3,3,3
61bc29302bc46a14d2c8d441,635aeb51c6519915aedf3c26,POINTS WEST,HOOKCONTAINER,False,12,12,12,12,12,12,12,12,12,12,12,12,12,12,12,12,12,12,12,12,12,12,12,12,12
61bc29302bc46a14d2c8d441,62b9babe8e534e13a135a16b,POLYMERSHAPES DISTRIBUTION CANADA INC,DELIVERLOAD,False,14,14,14,14,14,14,14,14,14,14,14,14,14,14,14,14,14,14,14,14,14,14,14,14,14
61bc29302bc46a14d2c8d441,62b9babe8e534e13a135a16b,POLYMERSHAPES DISTRIBUTION CANADA INC,DELIVERLOAD,True,57,57,57,57,57,57,57,57,57,57,57,57,57,57,57,57,57,57,57,57,57,57,57,57,57
61bc29302bc46a14d2c8d441,62b9babe8e534e13a135a16b,POLYMERSHAPES DISTRIBUTION CANADA INC,HOOKCONTAINER,False,18,18,18,18,18,18,18,18,18,18,18,18,18,18,18,18,18,18,18,18,18,18,18,18,18
61bc29302bc46a14d2c8d441,630fb5ca41182d15f461a5d5,POLYMERSHAPES DISTRIBUTION CANADA INC.,DELIVERLOAD,True,102,102,102,102,102,102,102,102,102,102,102,102,102,102,102,102,102,102,102,102,102,102,102,102,102
61bc29302bc46a14d2c8d441,6414d3cc113ebf15fec434a7,POND PRO CANADA,DELIVERLOAD,True,97,97,97,97,97,97,97,97,97,97,97,97,97,97,97,97,97,97,97,97,97,97,97,97,97
61bc29302bc46a14d2c8d441,63f549fd86304d161713286c,PORTER WAREHOUSING - 140 AVE,DELIVERLOAD,False,17,17,17,17,17,17,17,17,17,17,17,17,17,17,17,17,17,17,17,17,17,17,17,17,17
61bc29302bc46a14d2c8d441,63f549fd86304d161713286c,PORTER WAREHOUSING - 140 AVE,DELIVERLOAD,True,81,81,81,81,81,81,81,81,81,81,103,81,69,81,81,81,81,81,81,81,81,81,81,81,81
61bc29302bc46a14d2c8d441,63f549fd86304d161713286c,PORTER WAREHOUSING - 140 AVE,HOOKCONTAINER,False,21,21,21,21,21,21,21,21,21,21,21,21,21,21,21,21,21,21,21,21,21,21,21,21,21
61bc29302bc46a14d2c8d441,62e00c2a1281c315d84c870c,Porter Warehousing & Distribution Inc.,DELIVERLOAD,True,55,55,55,55,55,55,55,55,55,55,55,55,55,55,55,55,55,55,55,55,55,55,55,55,55
61bc29302bc46a14d2c8d441,62e2c08deb8e0d15dfa9fd54,PORTSIDE WARESHOUSING EDMONTON (YELLOWHEAD CROSSING BLDG 5),DELIVERLOAD,False,27,27,27,27,27,27,27,27,27,27,27,27,27,27,27,27,27,27,27,27,27,27,27,27,27
61bc29302bc46a14d2c8d441,62e2c08deb8e0d15dfa9fd54,PORTSIDE WARESHOUSING EDMONTON (YELLOWHEAD CROSSING BLDG 5),HOOKCONTAINER,False,31,31,31,31,31,31,31,31,31,31,31,31,31,31,31,31,31,31,31,31,31,31,31,31,31
61bc29302bc46a14d2c8d441,67e32a71b9e98318d1b6d422,POWERCOAT CANADA,DELIVERLOAD,False,7,7,7,7,7,7,7,7,7,7,7,7,7,7,7,7,7,7,7,7,7,7,7,7,7
61bc29302bc46a14d2c8d441,67e32a71b9e98318d1b6d422,POWERCOAT CANADA,DELIVERLOAD,True,4,4,4,4,4,4,4,4,4,4,4,4,4,4,4,4,4,4,4,4,4,4,4,4,4
61bc29302bc46a14d2c8d441,67a3a84cff303651486d8756,PRAIRIE BATTERY,DELIVERLOAD,True,90,90,90,90,90,90,90,90,90,90,90,90,90,90,90,90,90,90,90,90,90,90,90,90,90
61bc29302bc46a14d2c8d441,6830e4fdcb2f53c08db6d601,Prairie Pride c/o All Weather Builders,HOOKCONTAINER,False,15,15,15,15,15,15,15,15,15,15,15,15,15,15,15,15,15,15,15,15,15,15,15,15,15
61bc29302bc46a14d2c8d441,67ec2476c1a1d54b0ce1b0e1,PRASAD - WAREHOUSE,DELIVERLOAD,False,25,25,25,25,25,25,25,25,25,25,25,25,25,25,25,25,25,25,25,25,25,25,25,25,25
61bc29302bc46a14d2c8d441,67ec2476c1a1d54b0ce1b0e1,PRASAD - WAREHOUSE,HOOKCONTAINER,False,10,10,10,10,10,10,10,10,10,10,10,10,10,10,10,10,10,10,10,10,10,10,10,10,10
61bc29302bc46a14d2c8d441,62f6d7f6b1ee8615f926b820,PRATTS WHOLESALE - CALGARY,DELIVERLOAD,False,41,41,41,41,41,41,41,41,41,41,41,41,41,41,41,41,41,41,41,41,41,41,41,41,41
61bc29302bc46a14d2c8d441,62f6d7f6b1ee8615f926b820,PRATTS WHOLESALE - CALGARY,DELIVERLOAD,True,44,44,44,44,44,44,44,44,44,44,44,44,44,44,44,44,44,44,44,44,44,44,44,44,44
61bc29302bc46a14d2c8d441,62f6d7f6b1ee8615f926b820,PRATTS WHOLESALE - CALGARY,HOOKCONTAINER,False,21,21,21,21,21,21,21,21,21,21,21,21,21,21,21,21,21,21,21,21,21,21,21,21,21
61bc29302bc46a14d2c8d441,686eb0845ae7208604f5335b,PRECISION DESIGN AND MANUFACTURING INC.,DELIVERLOAD,True,77,77,77,77,77,77,77,77,77,77,77,77,77,77,77,77,77,77,77,77,77,77,77,77,77
61bc29302bc46a14d2c8d441,67b64183404b7251a99f45a8,PRECON,DELIVERLOAD,True,72,72,72,72,72,72,72,72,72,72,72,72,72,72,72,72,72,72,72,72,72,72,72,72,72
61bc29302bc46a14d2c8d441,65030d91be43b716011aca9f,PREMIER HOME FURNISHING MEMBER #19300,DELIVERLOAD,False,12,12,12,12,12,12,12,12,12,12,12,12,12,12,12,12,12,12,12,12,12,12,12,12,12
61bc29302bc46a14d2c8d441,65030d91be43b716011aca9f,PREMIER HOME FURNISHING MEMBER #19300,DELIVERLOAD,True,61,61,61,61,61,61,61,61,61,61,61,61,61,61,61,61,61,61,61,61,61,61,61,61,61
61bc29302bc46a14d2c8d441,65030d91be43b716011aca9f,PREMIER HOME FURNISHING MEMBER #19300,HOOKCONTAINER,False,17,17,17,17,17,17,17,17,17,17,17,17,17,24,17,17,17,17,17,17,17,17,17,17,17
61bc29302bc46a14d2c8d441,67dc6afd5c96947bb58ecb20,PRIME FASTENERS - EDMONTON,DELIVERLOAD,False,32,32,32,32,32,32,32,32,32,32,32,32,32,32,32,32,32,32,32,32,32,32,32,32,32
61bc29302bc46a14d2c8d441,67dc6afd5c96947bb58ecb20,PRIME FASTENERS - EDMONTON,DELIVERLOAD,True,54,54,54,54,54,54,54,54,54,54,54,54,54,54,54,54,54,54,54,54,54,54,54,54,54
61bc29302bc46a14d2c8d441,62b9bb748e534e13a135a2b4,PRIME FASTNERS LTD,DELIVERLOAD,True,71,71,71,71,71,71,71,71,71,71,71,71,71,71,71,71,71,71,71,71,71,71,71,71,71
61bc29302bc46a14d2c8d441,67e5c919e6ed3822d7b0f08e,PRIME MOTORZ,DELIVERLOAD,False,17,17,17,17,17,17,17,17,17,17,17,17,17,17,17,17,17,17,17,17,17,17,17,17,17
61bc29302bc46a14d2c8d441,67e5c919e6ed3822d7b0f08e,PRIME MOTORZ,HOOKCONTAINER,False,19,19,19,19,19,19,19,19,19,19,19,19,19,19,19,19,19,19,19,19,19,19,19,19,19
61bc29302bc46a14d2c8d441,678ae6e2cb2cf67f8db00fc7,PRIVATE RESIDENCE - COCHRANE,DELIVERLOAD,True,166,166,166,166,166,166,166,166,166,166,166,166,166,166,166,166,166,166,166,166,166,166,166,166,166
61bc29302bc46a14d2c8d441,6887ab4772cee2afe36cde50,PRIVATE RESIDENTIAL - Harjeevandeep Singh,DELIVERLOAD,True,91,91,91,91,91,91,91,91,91,91,91,91,91,91,91,91,91,91,91,91,91,91,91,91,91
61bc29302bc46a14d2c8d441,62e2edb8addc1115f9f46790,PROCON SOLUTION/SOAK BATH DELIVERY,DELIVERLOAD,False,17,17,17,17,17,17,17,17,17,17,17,17,17,17,17,17,17,17,17,17,17,17,17,17,17
61bc29302bc46a14d2c8d441,62e2edb8addc1115f9f46790,PROCON SOLUTION/SOAK BATH DELIVERY,HOOKCONTAINER,False,13,13,13,13,13,13,13,13,13,13,13,13,13,13,13,13,13,13,13,13,13,13,13,13,13
61bc29302bc46a14d2c8d441,67accf93f06a0213a56455e6,PRO-EX CANADA INC,DELIVERLOAD,True,43,43,43,43,43,43,43,43,43,43,43,43,43,43,43,43,43,43,43,43,43,43,43,43,43
61bc29302bc46a14d2c8d441,67a52ac25fc479a61e71af9e,PROFLORAL CALGARY,DELIVERLOAD,True,104,104,104,104,104,104,104,104,104,104,104,104,104,104,104,104,104,104,104,104,104,104,104,104,104
61bc29302bc46a14d2c8d441,62b9f54dbbb69c141812cc88,PRO-FORMANCE - CALGARY -730AM-330PM,DELIVERLOAD,False,22,22,22,22,22,22,22,22,22,22,22,22,22,22,22,22,22,22,22,22,22,22,22,22,22
61bc29302bc46a14d2c8d441,62b9f54dbbb69c141812cc88,PRO-FORMANCE - CALGARY -730AM-330PM,HOOKCONTAINER,False,38,38,38,38,38,38,38,38,38,38,38,38,38,38,38,38,38,38,38,38,38,38,38,38,38
61bc29302bc46a14d2c8d441,62b9f54dbbb69c141812cc88,PRO-FORMANCE - CALGARY -730AM-330PM,PULLCONTAINER,False,29,29,29,29,29,29,29,29,29,45,35,27,18,28,24,32,29,25,37,29,29,29,29,29,29
61bc29302bc46a14d2c8d441,62b9f54dbbb69c141812cc88,PRO-FORMANCE - CALGARY -730AM-330PM,RETURNCONTAINER,False,13,13,13,13,13,13,13,13,13,37,15,15,11,12,9,14,11,18,14,13,13,13,13,13,13
61bc29302bc46a14d2c8d441,62e45723f2b91d1600f8af4f,PRO-FORMANCE - EDMONTON,DELIVERLOAD,False,54,54,54,54,54,54,54,54,54,54,54,54,54,54,54,54,54,54,54,54,54,54,54,54,54
61bc29302bc46a14d2c8d441,62e45723f2b91d1600f8af4f,PRO-FORMANCE - EDMONTON,PULLCONTAINER,False,16,16,16,16,16,16,16,16,42,18,17,14,15,15,15,15,17,16,16,16,16,16,16,16,16
61bc29302bc46a14d2c8d441,62e45723f2b91d1600f8af4f,PRO-FORMANCE - EDMONTON,RETURNCONTAINER,False,15,15,15,15,15,15,15,15,57,23,15,15,16,15,15,14,16,14,10,15,15,15,15,15,15
61bc29302bc46a14d2c8d441,62b9bc008e534e13a135a361,PROLINE PIPE EQUIPMENT INC,DELIVERLOAD,True,52,52,52,52,52,52,52,52,52,52,52,52,52,52,52,52,52,52,52,52,52,52,52,52,52
61bc29302bc46a14d2c8d441,688d1c84e28471b7a51e5958,PROMISE ROBOTICS,DELIVERLOAD,True,37,37,37,37,37,37,37,37,37,37,37,37,37,37,37,37,37,37,37,37,37,37,37,37,37
61bc29302bc46a14d2c8d441,688d1c84e28471b7a51e5958,PROMISE ROBOTICS,HOOKCONTAINER,False,10,10,10,10,10,10,10,10,10,10,10,10,10,10,10,10,10,10,10,10,10,10,10,10,10
61bc29302bc46a14d2c8d441,62b9bca7bbb69c1418127683,PROSPEC CHEMICAL,DELIVERLOAD,False,61,61,61,61,61,61,61,61,61,61,61,61,61,61,61,61,61,61,61,61,61,61,61,61,61
61bc29302bc46a14d2c8d441,62b9bca7bbb69c1418127683,PROSPEC CHEMICAL,DELIVERLOAD,True,50,50,50,50,50,50,50,50,50,50,59,50,58,47,62,46,50,50,50,50,50,50,50,50,50
61bc29302bc46a14d2c8d441,62b9bcc7065c2113a45f5b30,PROWEST SHIPPING & PKG,DELIVERLOAD,False,11,11,11,11,11,11,11,11,11,11,10,11,11,11,11,11,11,11,11,11,11,11,11,11,11
61bc29302bc46a14d2c8d441,62b9bcc7065c2113a45f5b30,PROWEST SHIPPING & PKG,HOOKCONTAINER,False,5,5,5,5,5,5,5,5,5,5,5,5,5,5,5,5,5,5,5,5,5,5,5,5,5
61bc29302bc46a14d2c8d441,67aa392d300251df3627f51f,PROZONE LANDSCAPING SUPPLIES,DELIVERLOAD,False,39,39,39,39,39,39,39,39,39,39,39,39,39,39,39,39,39,39,39,39,39,39,39,39,39
61bc29302bc46a14d2c8d441,67aa392d300251df3627f51f,PROZONE LANDSCAPING SUPPLIES,DELIVERLOAD,True,80,80,80,80,80,80,80,80,80,80,80,80,80,80,80,80,80,80,80,80,80,80,80,80,80
61bc29302bc46a14d2c8d441,678027f952960ed6797ce925,PUBLIC STORAGE - COUNTRY HILLS,DELIVERLOAD,True,60,60,60,60,60,60,60,60,60,60,60,60,60,60,60,60,60,60,60,60,60,60,60,60,60
61bc29302bc46a14d2c8d441,646e87abcea261161cc30e69,PUBLIC STORAGE - SUNRIDGE * DAYCAB,HOOKCONTAINER,False,81,81,81,81,81,81,81,81,81,81,81,81,81,81,81,81,81,81,81,81,81,81,81,81,81
61bc29302bc46a14d2c8d441,62e8113f5c28f716101884fe,PVF,DELIVERLOAD,False,44,44,44,44,44,44,44,44,44,44,44,44,44,44,44,44,44,44,44,44,44,44,44,44,44
61bc29302bc46a14d2c8d441,62e8113f5c28f716101884fe,PVF,DELIVERLOAD,True,36,36,36,36,36,36,36,36,36,36,36,36,36,36,36,36,36,36,36,36,36,36,36,36,36
61bc29302bc46a14d2c8d441,6847120e75e0c17d78e66b20,QICONG TANG - PRIVATE RESIDENCE *DAY CAB,DELIVERLOAD,False,76,76,76,76,76,76,76,76,76,76,76,76,76,76,76,76,76,76,76,76,76,76,76,76,76
61bc29302bc46a14d2c8d441,62b9bd23bbb69c1418127754,QINETIQ TARGET SYSTEM,DELIVERLOAD,False,17,17,17,17,17,17,17,17,17,17,17,17,17,17,17,17,17,17,17,17,17,17,17,17,17
61bc29302bc46a14d2c8d441,62b9bd23bbb69c1418127754,QINETIQ TARGET SYSTEM,DELIVERLOAD,True,127,127,127,127,127,127,127,127,127,127,127,127,127,127,127,127,127,127,127,127,127,127,127,127,127
61bc29302bc46a14d2c8d441,62b9bde8065c2113a45f5ce6,QUADRA CHEMICALS #2,DELIVERLOAD,False,42,42,42,42,42,42,42,42,42,42,42,40,42,42,42,42,42,42,42,42,42,42,42,42,42
61bc29302bc46a14d2c8d441,62b9bde8065c2113a45f5ce6,QUADRA CHEMICALS #2,DELIVERLOAD,True,36,36,36,36,36,36,36,36,36,36,36,36,36,36,36,36,36,36,36,36,36,36,36,36,36
61bc29302bc46a14d2c8d441,62b9bdcabbb69c1418127834,QUADRA CHEMICALS (CONSIGNEE),DELIVERLOAD,True,59,59,59,59,59,59,59,59,59,59,59,59,59,59,59,59,59,59,59,59,59,59,59,59,59
61bc29302bc46a14d2c8d441,62b9bd9fbbb69c14181277f5,QUADRA - FOOD WAREHOUSE,DELIVERLOAD,False,17,17,17,17,17,17,17,17,17,17,17,17,17,17,17,17,17,17,17,17,17,17,17,17,17
61bc29302bc46a14d2c8d441,62b9bd9fbbb69c14181277f5,QUADRA - FOOD WAREHOUSE,DELIVERLOAD,True,42,42,42,42,42,42,42,42,42,42,42,42,42,42,42,42,42,42,42,42,42,42,42,42,42
61bc29302bc46a14d2c8d441,688bfd0e3c03729e5e682556,QUALITY NATURAL FOODS,DELIVERLOAD,False,14,14,14,14,14,14,14,14,14,14,14,14,14,14,14,14,14,14,14,14,14,14,14,14,14
61bc29302bc46a14d2c8d441,67548ac4eecae3fb01dec19e,RADIANT GLOBAL - UNIT# 170,DELIVERLOAD,False,9,9,9,9,9,9,9,9,9,9,14,7,9,9,8,9,10,5,9,6,9,9,9,9,9
61bc29302bc46a14d2c8d441,67548ac4eecae3fb01dec19e,RADIANT GLOBAL - UNIT# 170,DELIVERLOAD,True,49,49,49,49,49,49,49,49,49,49,49,49,49,49,49,49,49,49,49,49,49,49,49,49,49
61bc29302bc46a14d2c8d441,67548ac4eecae3fb01dec19e,RADIANT GLOBAL - UNIT# 170,HOOKCONTAINER,False,12,12,12,12,12,12,12,12,12,12,20,14,12,8,11,25,13,47,12,12,12,12,12,12,12
61bc29302bc46a14d2c8d441,67e6ff72f956986e38140b11,RADIANT TIRE,DELIVERLOAD,False,17,17,17,17,17,17,17,17,17,17,17,17,17,17,17,17,17,17,17,17,17,17,17,17,17
61bc29302bc46a14d2c8d441,67e6ff72f956986e38140b11,RADIANT TIRE,HOOKCONTAINER,False,72,72,72,72,72,72,72,72,72,72,72,72,72,72,72,72,72,72,72,72,72,72,72,72,72
61bc29302bc46a14d2c8d441,62b9bed48e534e13a135a789,RAIL ROAD RUNNER EDMONTON,RETURNCONTAINER,False,18,18,18,18,18,18,18,18,18,18,18,18,18,18,18,18,18,18,18,18,18,18,18,18,18
61bc29302bc46a14d2c8d441,669ebe554350bf5dacffb244,RAILS DIRECT INC,DELIVERLOAD,False,17,17,17,17,17,17,17,17,17,17,17,17,17,17,17,17,17,17,17,17,17,17,17,17,17
61bc29302bc46a14d2c8d441,62b9bef6bbb69c1418127a4d,RANGE ROAD ENTERPRISES (CONSIGNEE),DELIVERLOAD,False,17,17,17,17,17,17,17,17,17,17,17,17,17,17,17,17,17,17,17,17,17,17,17,17,17
61bc29302bc46a14d2c8d441,62b9bef6bbb69c1418127a4d,RANGE ROAD ENTERPRISES (CONSIGNEE),DELIVERLOAD,True,88,88,88,88,88,88,88,88,88,88,88,88,88,88,88,88,88,88,88,88,88,88,88,88,88
61bc29302bc46a14d2c8d441,62b760528e534e13a1354a23,RANGER TIRE,DELIVERLOAD,False,17,17,17,17,17,17,17,17,17,17,17,17,17,17,17,17,17,17,17,17,17,17,17,17,17
61bc29302bc46a14d2c8d441,62b760528e534e13a1354a23,RANGER TIRE,HOOKCONTAINER,False,7,7,7,7,7,7,7,7,7,7,7,7,7,7,7,7,7,7,7,7,7,7,7,7,7
61bc29302bc46a14d2c8d441,6797eba78ea6a16d87053c2e,RANGE WARD CANADA,DELIVERLOAD,True,65,65,65,65,65,65,65,65,65,65,65,65,65,65,65,65,65,65,65,65,65,65,65,65,65
61bc29302bc46a14d2c8d441,686e835bac3bb0820268f899,R&B Moving - Private Residence,DELIVERLOAD,True,60,60,60,60,60,60,60,60,60,60,60,60,60,60,60,60,60,60,60,60,60,60,60,60,60
61bc29302bc46a14d2c8d441,685c133bb2f860a43ca2508d,R&B MOVING RESIDENCE,DELIVERLOAD,True,80,80,80,80,80,80,80,80,80,80,80,80,80,80,80,80,80,80,80,80,80,80,80,80,80
61bc29302bc46a14d2c8d441,68597723a01f2e67d8f2bc29,R&B MOVING SYSTEMS,DELIVERLOAD,False,17,17,17,17,17,17,17,17,17,17,17,17,17,17,17,17,17,17,17,17,17,17,17,17,17
61bc29302bc46a14d2c8d441,6712645a29a8ba2d53a38921,RECON LIFE FITNESS *DAYCAB,DELIVERLOAD,False,21,21,21,21,21,21,21,21,21,21,21,21,21,21,21,21,21,21,21,21,21,21,21,21,21
61bc29302bc46a14d2c8d441,6712645a29a8ba2d53a38921,RECON LIFE FITNESS *DAYCAB,HOOKCONTAINER,False,21,21,21,21,21,21,21,21,21,21,21,21,21,21,21,21,21,21,21,21,21,21,21,21,21
61bc29302bc46a14d2c8d441,663d232838b5c3d2dd5ceb15,RECON METAL-LOW CHASSIS (CONSIGNEE),DELIVERLOAD,False,10,10,10,10,10,10,10,10,10,10,10,10,10,10,10,10,10,10,10,10,10,10,10,10,10
61bc29302bc46a14d2c8d441,663d232838b5c3d2dd5ceb15,RECON METAL-LOW CHASSIS (CONSIGNEE),DELIVERLOAD,True,40,40,40,40,40,40,40,40,40,40,40,40,40,40,40,40,40,40,40,40,40,40,40,40,40
61bc29302bc46a14d2c8d441,663d232838b5c3d2dd5ceb15,RECON METAL-LOW CHASSIS (CONSIGNEE),HOOKCONTAINER,False,67,67,67,67,67,67,67,67,67,67,67,67,67,67,67,67,67,67,67,67,67,67,67,67,67
61bc29302bc46a14d2c8d441,67ad1b2bb58e4af1f73931b4,RED ROOF FARMS,DELIVERLOAD,True,60,60,60,60,60,60,60,60,60,60,60,60,60,60,60,60,60,60,60,60,60,60,60,60,60
61bc29302bc46a14d2c8d441,67d868d6c0739df8a1529414,RED WILLOW COLONY,DELIVERLOAD,False,38,38,38,38,38,38,38,38,38,38,38,38,38,38,38,38,38,38,38,38,38,38,38,38,38
61bc29302bc46a14d2c8d441,67d868d6c0739df8a1529414,RED WILLOW COLONY,DELIVERLOAD,True,114,114,114,114,114,114,114,114,114,114,114,114,114,114,114,114,114,114,114,114,114,114,114,114,114
61bc29302bc46a14d2c8d441,67927cf7b9243beabb4ee049,Reid's Auction,DELIVERLOAD,False,46,46,46,46,46,46,46,46,46,46,46,46,46,46,46,46,46,46,46,46,46,46,46,46,46
61bc29302bc46a14d2c8d441,6792c5efec5c4538612ce89d,Reina's Enterprises Ltd,DELIVERLOAD,True,60,60,60,60,60,60,60,60,60,60,60,60,60,60,60,60,60,60,60,60,60,60,60,60,60
61bc29302bc46a14d2c8d441,67f98b236509720c98bb5cfe,REINHOLD INDUSTRIES LTD,DELIVERLOAD,True,109,109,109,109,109,109,109,109,109,109,109,109,109,109,109,109,109,109,109,109,109,109,109,109,109
61bc29302bc46a14d2c8d441,655642803885082134efd720,RELOADING & DIST. CARGILL LTD.,DELIVERLOAD,False,8,8,8,8,8,8,8,8,8,8,8,8,8,8,8,8,8,8,8,8,8,8,8,8,8
61bc29302bc46a14d2c8d441,687922057263abaa1a003d21,RESAPOWER CANADA,DELIVERLOAD,True,60,60,60,60,60,60,60,60,60,60,60,60,60,60,60,60,60,60,60,60,60,60,60,60,60
61bc29302bc46a14d2c8d441,677ed5c2758cf426adfde3ec,RHK HYDRAULIC CYLINDER SERVICES,DELIVERLOAD,True,30,30,30,30,30,30,30,30,30,30,30,30,30,30,30,30,30,30,30,30,30,30,30,30,30
61bc29302bc46a14d2c8d441,67b8e3d0eb7f4b99a987576a,RICHARDSON MILLING C/O ROSEDALE,DELIVERLOAD,False,21,21,21,21,21,21,21,21,21,21,21,21,21,21,21,21,21,21,21,21,21,21,21,21,21
61bc29302bc46a14d2c8d441,67b8e3d0eb7f4b99a987576a,RICHARDSON MILLING C/O ROSEDALE,DELIVERLOAD,True,6,6,6,6,6,6,6,6,6,6,6,6,6,6,6,6,6,6,6,6,6,6,6,6,6
61bc29302bc46a14d2c8d441,67b8e3d0eb7f4b99a987576a,RICHARDSON MILLING C/O ROSEDALE,HOOKCONTAINER,False,9,9,9,9,9,9,9,9,9,9,9,9,9,9,9,9,9,9,9,9,9,9,9,9,9
61bc29302bc46a14d2c8d441,6598228cf1a9181644b71e08,RICHELIEU - CALGARY,DELIVERLOAD,False,10,10,10,10,10,10,10,10,10,12,9,9,8,11,10,7,12,10,10,10,10,10,10,10,10
61bc29302bc46a14d2c8d441,6598228cf1a9181644b71e08,RICHELIEU - CALGARY,DELIVERLOAD,True,33,33,33,33,33,33,33,33,33,33,33,26,33,33,33,33,33,33,33,33,33,33,33,33,33
61bc29302bc46a14d2c8d441,6598228cf1a9181644b71e08,RICHELIEU - CALGARY,HOOKCONTAINER,False,13,13,13,13,13,13,13,13,13,14,11,24,9,19,15,13,14,12,13,13,13,13,13,13,13
61bc29302bc46a14d2c8d441,62f6526e685202150772d12e,RICHELIEU - EDMONTON,DELIVERLOAD,False,9,9,9,9,9,9,9,9,9,9,9,9,9,9,9,9,9,9,9,9,9,9,9,9,9
61bc29302bc46a14d2c8d441,62f6526e685202150772d12e,RICHELIEU - EDMONTON,HOOKCONTAINER,False,13,13,13,13,13,13,13,13,13,13,13,18,13,13,9,11,13,13,13,13,13,13,13,13,13
61bc29302bc46a14d2c8d441,67d32c39543a325724cf6201,RICHELIEU - PJC DOCK,DELIVERLOAD,False,11,11,11,11,11,11,11,11,11,11,11,11,11,11,11,11,11,11,11,11,11,11,11,11,11
61bc29302bc46a14d2c8d441,67d32c39543a325724cf6201,RICHELIEU - PJC DOCK,HOOKCONTAINER,False,6,6,6,6,6,6,6,6,6,6,6,6,6,6,6,6,6,6,6,6,6,6,6,6,6
61bc29302bc46a14d2c8d441,62e44ac9a1c71815cdd7b633,RICHELIEU - STONEHILL,DELIVERLOAD,False,36,36,36,36,36,36,36,36,36,36,36,36,36,36,36,36,36,36,36,36,36,36,36,36,36
61bc29302bc46a14d2c8d441,62e44ac9a1c71815cdd7b633,RICHELIEU - STONEHILL,HOOKCONTAINER,False,15,15,15,15,15,15,15,15,15,15,15,15,15,15,15,15,15,15,15,15,15,15,15,15,15
61bc29302bc46a14d2c8d441,632b587d8ed17b15cd5815bb,RICHMOND STEEL,DELIVERLOAD,False,21,21,21,21,21,21,21,21,21,21,21,21,21,21,21,21,21,21,21,21,21,21,21,21,21
61bc29302bc46a14d2c8d441,632b587d8ed17b15cd5815bb,RICHMOND STEEL,HOOKCONTAINER,False,16,16,16,16,16,16,16,16,16,16,16,16,16,16,16,16,16,16,16,16,16,16,16,16,16
61bc29302bc46a14d2c8d441,689e30deb7358f94dac8957a,Rimex Supply Ltd,DELIVERLOAD,False,11,11,11,11,11,11,11,11,11,11,11,11,11,11,11,11,11,11,11,11,11,11,11,11,11
61bc29302bc46a14d2c8d441,689e30deb7358f94dac8957a,Rimex Supply Ltd,DELIVERLOAD,True,49,49,49,49,49,49,49,49,49,49,49,49,49,49,49,49,49,49,49,49,49,49,49,49,49
61bc29302bc46a14d2c8d441,62e83c2029da9c161304a0fe,RITCHIE BROS. AUCTIONEERS,RETURNCONTAINER,False,51,51,51,51,51,51,51,51,51,51,51,51,51,51,51,51,51,51,51,51,51,51,51,51,51
61bc29302bc46a14d2c8d441,62b9c077bbb69c1418127cf9,RITCHIE BROS AUCTIONEERS - GRANDE PRAIRIE,DELIVERLOAD,True,25,25,25,25,25,25,25,25,25,25,25,25,25,25,25,25,25,25,25,25,25,25,25,25,25
61bc29302bc46a14d2c8d441,67b5f924b35605556c314e94,RITCHIE BROS AUCTIONEERS - SASKATOON,DELIVERLOAD,True,60,60,60,60,60,60,60,60,60,60,60,60,60,60,60,60,60,60,60,60,60,60,60,60,60
61bc29302bc46a14d2c8d441,62b4637baa2ce6139bd0b715,RITCHIE BROTHERS AUCTIONS,DELIVERLOAD,False,68,68,68,68,68,68,68,68,68,68,68,68,68,68,68,68,68,68,68,68,68,68,68,68,68
61bc29302bc46a14d2c8d441,62b4637baa2ce6139bd0b715,RITCHIE BROTHERS AUCTIONS,DELIVERLOAD,True,88,88,88,88,88,88,88,88,88,88,88,88,88,90,88,88,85,75,88,88,88,88,88,88,88
61bc29302bc46a14d2c8d441,62b4637baa2ce6139bd0b715,RITCHIE BROTHERS AUCTIONS,HOOKCONTAINER,False,19,19,19,19,19,19,19,19,19,19,19,19,19,19,19,19,19,19,19,19,19,19,19,19,19
61bc29302bc46a14d2c8d441,62b4637baa2ce6139bd0b715,RITCHIE BROTHERS AUCTIONS,RETURNCONTAINER,False,34,34,34,34,34,34,34,34,34,34,34,34,34,34,34,34,34,34,34,34,34,34,34,34,34
61bc29302bc46a14d2c8d441,660ef13ce47e903bc4515686,RIVERSIDE HONDA & SKI-DOO SALES / STURGEON,DELIVERLOAD,True,31,31,31,31,31,31,31,31,31,31,31,31,31,31,31,31,31,31,31,31,31,31,31,31,31
61bc29302bc46a14d2c8d441,62b9c0dabbb69c1418127d92,ROADSIDE FARMS,DELIVERLOAD,False,82,82,82,82,82,82,82,82,82,82,82,82,82,82,82,82,82,82,82,82,82,82,82,82,82
61bc29302bc46a14d2c8d441,62b9c0dabbb69c1418127d92,ROADSIDE FARMS,DELIVERLOAD,True,67,67,67,67,67,67,67,67,67,67,67,67,67,67,67,67,67,67,67,67,67,67,67,67,67
61bc29302bc46a14d2c8d441,6830990ee7e4921cb8844174,Roadstar Supply Ltd.,DELIVERLOAD,False,37,37,37,37,37,37,37,37,37,37,37,37,37,37,37,37,37,37,37,37,37,37,37,37,37
61bc29302bc46a14d2c8d441,6830990ee7e4921cb8844174,Roadstar Supply Ltd.,HOOKCONTAINER,False,24,24,24,24,24,24,24,24,24,24,24,24,24,24,24,24,24,24,24,24,24,24,24,24,24
61bc29302bc46a14d2c8d441,67c1d4e12788a8b51523b375,ROBERT TRANSPORT BALZAC,DELIVERLOAD,False,12,12,12,12,12,12,12,12,12,12,12,12,12,12,12,12,12,12,12,12,12,12,12,12,12
61bc29302bc46a14d2c8d441,67c1d4e12788a8b51523b375,ROBERT TRANSPORT BALZAC,HOOKCONTAINER,False,15,15,15,15,15,15,15,15,15,15,15,15,15,15,15,15,15,15,15,15,15,15,15,15,15
61bc29302bc46a14d2c8d441,62b9c10bbbb69c1418127df0,ROCANDA ENTERPRISES,DELIVERLOAD,True,48,48,48,48,48,48,48,48,48,48,48,48,48,48,48,48,48,48,48,48,48,48,48,48,48
61bc29302bc46a14d2c8d441,65f30e1dd982d7c561cc8166,ROCANDA ENTERPRISES - EDM,DELIVERLOAD,True,14,14,14,14,14,14,14,14,14,14,14,14,14,14,14,14,14,14,14,14,14,14,14,14,14
61bc29302bc46a14d2c8d441,68717a25c5aca47b72a9fdf2,ROCANDA ENTERPRISES - LEDUC,DELIVERLOAD,False,58,58,58,58,58,58,58,58,58,58,58,58,58,58,58,58,58,58,58,58,58,58,58,58,58
61bc29302bc46a14d2c8d441,68812a38c616661cbd92f570,ROCK SOLID CONCRETE PRODUCTS INC.,DELIVERLOAD,True,87,87,87,87,87,87,87,87,87,87,87,87,87,87,87,87,87,87,87,87,87,87,87,87,87
61bc29302bc46a14d2c8d441,683dea87af0d37c868c716ef,ROCKWAY ENTERPRISES INC O/A GILL BUILDING SUPPY,DELIVERLOAD,False,5,5,5,5,5,5,5,5,5,5,5,5,5,5,5,5,5,5,5,5,5,5,5,5,5
61bc29302bc46a14d2c8d441,683dea87af0d37c868c716ef,ROCKWAY ENTERPRISES INC O/A GILL BUILDING SUPPY,HOOKCONTAINER,False,42,42,42,42,42,42,42,42,42,42,42,42,42,42,42,42,42,42,42,42,42,42,42,42,42
61bc29302bc46a14d2c8d441,647113b540299a16140c07ca,RODWAY REFRIGERATION AND RESTAURANT SUPPLY,DELIVERLOAD,True,103,103,103,103,103,103,103,103,103,103,103,103,103,103,103,103,103,103,103,103,103,103,103,103,103
61bc29302bc46a14d2c8d441,689df7e18fa901795277790f,Rohit Communities Inc.,DELIVERLOAD,False,25,25,25,25,25,25,25,25,25,25,25,25,25,25,25,25,25,25,25,25,25,25,25,25,25
61bc29302bc46a14d2c8d441,683dd9d68dfc4ecafd15f8cf,ROHIT LIVINGSTON - 1 ST NW,DELIVERLOAD,False,17,17,17,17,17,17,17,17,17,17,17,17,17,17,17,17,17,17,17,17,17,17,17,17,17
61bc29302bc46a14d2c8d441,683dd9d68dfc4ecafd15f8cf,ROHIT LIVINGSTON - 1 ST NW,DELIVERLOAD,True,28,28,28,28,28,28,28,28,28,28,28,28,28,28,28,28,28,28,28,28,28,28,28,28,28
61bc29302bc46a14d2c8d441,683ddc64e0cfc98f51ca9bb0,ROHIT LIVINGSTON - RANGEVIEW DR SE *DAYCAB,DELIVERLOAD,True,43,43,43,43,43,43,43,43,43,43,43,43,43,43,43,43,43,43,43,43,43,43,43,43,43
61bc29302bc46a14d2c8d441,6842fb58977acd1a9286d1a3,RONA + #88007 - #300,DELIVERLOAD,True,60,60,60,60,60,60,60,60,60,60,60,60,60,60,60,60,60,60,60,60,60,60,60,60,60
61bc29302bc46a14d2c8d441,62b9c18bbbb69c1418127ee0,RONA DISTRIBUTION CENTRE ROCKYVIEW,DELIVERLOAD,False,17,17,17,17,17,17,17,17,17,17,17,17,17,17,17,17,17,17,17,17,17,17,17,17,17
61bc29302bc46a14d2c8d441,62b9c18bbbb69c1418127ee0,RONA DISTRIBUTION CENTRE ROCKYVIEW,HOOKCONTAINER,False,54,54,54,54,54,54,54,54,54,54,54,54,54,54,54,54,54,54,54,54,54,54,54,54,54
61bc29302bc46a14d2c8d441,684336fc4f36f01219704469,RONA + INC #66160 - SOUTH COMMON,DELIVERLOAD,True,85,85,85,85,85,85,85,85,85,85,85,85,85,85,85,85,85,85,85,85,85,85,85,85,85
61bc29302bc46a14d2c8d441,638fcdd4481363166b0863dc,ROSALIND COLONY,DELIVERLOAD,False,61,61,61,61,61,61,61,61,61,61,61,61,61,61,61,61,61,61,61,61,61,61,61,61,61
61bc29302bc46a14d2c8d441,638fcdd4481363166b0863dc,ROSALIND COLONY,DELIVERLOAD,True,60,60,60,60,60,60,60,60,60,60,60,60,60,60,60,60,60,60,60,60,60,60,60,60,60
61bc29302bc46a14d2c8d441,63a484aebdf9da15a73e032e,ROSEDALE,DELIVERLOAD,False,17,17,17,17,17,17,17,17,17,17,17,17,17,17,17,17,17,17,17,17,17,17,17,17,17
61bc29302bc46a14d2c8d441,63a484aebdf9da15a73e032e,ROSEDALE,HOOKCONTAINER,False,11,11,11,11,11,11,11,11,11,11,11,11,11,11,11,11,11,11,11,11,11,11,11,11,11
61bc29302bc46a14d2c8d441,680250c6805ac85d1eaeff64,Rosenau,DELIVERLOAD,True,60,60,60,60,60,60,60,60,60,60,60,60,60,60,60,60,60,60,60,60,60,60,60,60,60
61bc29302bc46a14d2c8d441,687523591fb6b2be9fd1f124,ROSENAU TRANSPORT - CLAIRMONT,DELIVERLOAD,False,17,17,17,17,17,17,17,17,17,17,17,17,17,17,17,17,17,17,17,17,17,17,17,17,17
61bc29302bc46a14d2c8d441,67a252fd7ad60896f4f454cd,ROYAL CANADIAN INTERNATIONAL CIRCUS,DELIVERLOAD,False,14,14,14,14,14,14,14,14,14,14,14,14,14,14,14,14,14,14,14,14,14,14,14,14,14
61bc29302bc46a14d2c8d441,66565d7c2a9dfde1a4b0d595,Roy Wholesale,DELIVERLOAD,False,11,11,11,11,11,11,11,11,11,11,11,11,11,11,11,11,11,11,11,11,11,11,11,11,11
61bc29302bc46a14d2c8d441,66565d7c2a9dfde1a4b0d595,Roy Wholesale,HOOKCONTAINER,False,9,9,9,9,9,9,9,9,9,9,9,9,9,9,9,9,9,9,9,9,9,9,9,9,9
61bc29302bc46a14d2c8d441,667c82fed6214330e0526e90,ROZEN STEEL WORKS INC - CONSIGNEE,DELIVERLOAD,False,18,18,18,18,18,18,18,18,18,18,18,18,18,18,18,18,18,18,18,18,18,18,18,18,18
61bc29302bc46a14d2c8d441,667c82fed6214330e0526e90,ROZEN STEEL WORKS INC - CONSIGNEE,DELIVERLOAD,True,82,82,82,82,82,82,82,82,82,82,82,82,82,82,82,82,82,82,82,82,82,82,82,82,82
61bc29302bc46a14d2c8d441,667c82fed6214330e0526e90,ROZEN STEEL WORKS INC - CONSIGNEE,HOOKCONTAINER,False,18,18,18,18,18,18,18,18,18,18,18,18,18,18,18,18,18,18,18,18,18,18,18,18,18
61bc29302bc46a14d2c8d441,65159ce096548f16255692d3,RPC BPI AGRICULTURE - EDM,DELIVERLOAD,False,19,19,19,19,19,19,19,19,19,19,19,19,19,19,19,19,19,19,19,19,19,19,19,19,19
61bc29302bc46a14d2c8d441,65159ce096548f16255692d3,RPC BPI AGRICULTURE - EDM,HOOKCONTAINER,False,5,5,5,5,5,5,5,5,5,5,5,5,5,5,5,5,5,5,5,5,5,5,5,5,5
61bc29302bc46a14d2c8d441,62b9c1f08e534e13a135ad0e,RPC BPI DISTRIBUTION (WAS AT FILMS),DELIVERLOAD,False,11,11,11,11,11,11,11,11,11,11,11,11,11,11,11,11,11,11,11,11,11,11,11,11,11
61bc29302bc46a14d2c8d441,62b9c1f08e534e13a135ad0e,RPC BPI DISTRIBUTION (WAS AT FILMS),HOOKCONTAINER,False,8,8,8,8,8,8,8,8,8,8,8,8,8,8,8,8,8,8,8,8,8,8,8,8,8
61bc29302bc46a14d2c8d441,62b9c22d065c2113a45f6476,RSSW,DELIVERLOAD,False,32,32,32,32,32,32,32,32,32,32,32,32,32,32,32,32,32,32,32,32,32,32,32,32,32
61bc29302bc46a14d2c8d441,62b9c22d065c2113a45f6476,RSSW,DELIVERLOAD,True,73,73,73,73,73,73,73,73,73,73,73,73,73,73,73,73,73,73,73,73,73,73,73,73,73
61bc29302bc46a14d2c8d441,62b9c22d065c2113a45f6476,RSSW,HOOKCONTAINER,False,14,14,14,14,14,14,14,14,14,14,14,14,14,14,14,14,14,14,14,14,14,14,14,14,14
61bc29302bc46a14d2c8d441,62b9c269065c2113a45f64da,RUSSEL METALS,DELIVERLOAD,False,17,17,17,17,17,17,17,17,17,17,17,17,17,17,17,17,17,17,17,17,17,17,17,17,17
61bc29302bc46a14d2c8d441,62b9c269065c2113a45f64da,RUSSEL METALS,DELIVERLOAD,True,159,159,159,159,159,159,159,159,159,159,159,159,159,159,159,159,159,159,159,159,159,159,159,159,159
61bc29302bc46a14d2c8d441,62c474313a1dd65bb0271b72,RUSSEL METALS INC GRANDED PRAIRIE,DELIVERLOAD,True,80,80,80,80,80,80,80,80,80,80,80,80,80,80,80,80,80,80,80,80,80,80,80,80,80
61bc29302bc46a14d2c8d441,64beb805176d7d15f4b6effe,RUSTY'S,DELIVERLOAD,False,17,17,17,17,17,17,17,17,17,17,17,17,17,17,17,17,17,17,17,17,17,17,17,17,17
61bc29302bc46a14d2c8d441,64beb805176d7d15f4b6effe,RUSTY'S,HOOKCONTAINER,False,30,30,30,30,30,30,30,30,30,30,30,30,30,30,30,30,30,30,30,30,30,30,30,30,30
61bc29302bc46a14d2c8d441,62f5220c4e79fc1601b3e6e4,S3 WIREFORM,DELIVERLOAD,False,86,86,86,86,86,86,86,86,86,86,86,86,86,86,86,86,86,86,86,86,86,86,86,86,86
61bc29302bc46a14d2c8d441,62f5220c4e79fc1601b3e6e4,S3 WIREFORM,DELIVERLOAD,True,70,70,70,70,70,70,70,70,70,70,70,70,70,70,70,70,70,70,70,70,70,70,70,70,70
61bc29302bc46a14d2c8d441,62b9c2bc065c2113a45f6562,SAFETY EXPRESS - EDMONTON,DELIVERLOAD,False,17,17,17,17,17,17,17,17,17,17,17,17,17,17,17,17,17,17,17,17,17,17,17,17,17
61bc29302bc46a14d2c8d441,62b9c2bc065c2113a45f6562,SAFETY EXPRESS - EDMONTON,HOOKCONTAINER,False,22,22,22,22,22,22,22,22,22,22,22,22,22,22,22,22,22,22,22,22,22,22,22,22,22
61bc29302bc46a14d2c8d441,63c1935a87f616160924b4f6,SAMEX CANADA INC.,DELIVERLOAD,True,62,62,62,62,62,62,62,62,62,62,62,62,62,62,62,62,62,62,62,62,62,62,62,62,62
61bc29302bc46a14d2c8d441,63c1935a87f616160924b4f6,SAMEX CANADA INC.,HOOKCONTAINER,False,7,7,7,7,7,7,7,7,7,7,7,7,7,7,7,7,7,7,7,7,7,7,7,7,7
61bc29302bc46a14d2c8d441,681514bd8766b4b977693989,SANJEL ENERGY SERVICES,DELIVERLOAD,True,111,111,111,111,111,111,111,111,111,111,111,111,111,111,111,111,111,111,111,111,111,111,111,111,111
61bc29302bc46a14d2c8d441,6896298e620327ee61d72bac,SBH CALGARY MONARCH WAREHOUSE (BAY 54),DELIVERLOAD,False,31,31,31,31,31,31,31,31,31,31,31,31,31,31,31,31,31,31,31,31,31,31,31,31,31
61bc29302bc46a14d2c8d441,62b9c343065c2113a45f6626,SCHLUMBERGER - NISKU,DELIVERLOAD,True,59,59,59,59,59,59,59,59,59,59,59,59,59,59,59,59,59,59,59,59,59,59,59,59,59
61bc29302bc46a14d2c8d441,65a041d43f934c163d31fb30,SCHLUMBERGER SPRUCE GROVE,DELIVERLOAD,True,61,61,61,61,61,61,61,61,61,61,61,61,61,61,61,61,61,61,61,61,61,61,61,61,61
61bc29302bc46a14d2c8d441,68951ef06ed971224e8127e7,SCHOLING'S PRODUCE,DELIVERLOAD,True,60,60,60,60,60,60,60,60,60,60,60,60,60,60,60,60,60,60,60,60,60,60,60,60,60
61bc29302bc46a14d2c8d441,6630098b4e97751d01b148de,SCHOOL START INC.,DELIVERLOAD,False,14,14,14,14,14,14,14,14,14,14,14,14,14,14,14,14,14,14,14,14,14,14,14,14,14
61bc29302bc46a14d2c8d441,6630098b4e97751d01b148de,SCHOOL START INC.,DELIVERLOAD,True,61,61,61,61,61,61,61,61,61,61,61,61,61,61,61,61,61,61,61,61,61,61,61,61,61
61bc29302bc46a14d2c8d441,6630098b4e97751d01b148de,SCHOOL START INC.,HOOKCONTAINER,False,15,15,15,15,15,15,15,15,15,15,15,15,15,15,15,15,15,15,15,15,15,15,15,15,15
61bc29302bc46a14d2c8d441,663aae9d6a086df9fbbcae05,SCOTTS CANADA LTD,DELIVERLOAD,True,79,79,79,79,79,79,79,79,79,79,79,79,79,79,79,79,79,79,79,79,79,79,79,79,79
61bc29302bc46a14d2c8d441,65f9ddc35eb6593128a57c44,Scott Springfield,DELIVERLOAD,True,45,45,45,45,45,45,45,45,45,45,45,45,45,45,45,45,45,45,45,45,45,45,45,45,45
61bc29302bc46a14d2c8d441,62ae104fa6185d78363b67de,SEABOX DEPOT LTD.,RETURNCONTAINER,False,13,13,13,13,13,13,13,13,13,13,13,13,13,13,13,13,13,13,13,13,13,13,13,13,13
61bc29302bc46a14d2c8d441,665737db0a746eb3398cbd48,SEABOX DEPOT LTD.,RETURNCONTAINER,False,10,10,10,10,10,10,10,10,10,10,9,8,10,11,15,10,12,6,10,10,10,10,10,10,10
61bc29302bc46a14d2c8d441,62b46afdaa2ce6139bd0c035,SEA CAN - EDMONTON,RETURNCONTAINER,False,11,11,11,11,11,11,11,11,11,11,11,11,12,11,11,11,5,13,11,11,11,11,11,11,11
61bc29302bc46a14d2c8d441,66673f41cd08f37f35fd4011,SECURE ENERGY DRILLING - RED DEER,DELIVERLOAD,False,33,33,33,33,33,33,33,33,33,33,33,33,33,33,33,33,33,33,33,33,33,33,33,33,33
61bc29302bc46a14d2c8d441,66673f41cd08f37f35fd4011,SECURE ENERGY DRILLING - RED DEER,DELIVERLOAD,True,65,65,65,65,65,65,65,65,65,65,65,65,65,65,65,65,65,65,65,65,65,65,65,65,65
61bc29302bc46a14d2c8d441,64765473cd1d791668a1c93c,SECURE ENERGY SERVICES - LEDUC,DELIVERLOAD,False,41,41,41,41,41,41,41,41,41,41,41,41,41,41,41,41,41,41,41,41,41,41,41,41,41
61bc29302bc46a14d2c8d441,64765473cd1d791668a1c93c,SECURE ENERGY SERVICES - LEDUC,DELIVERLOAD,True,38,38,38,38,38,38,38,38,38,38,38,38,38,38,38,38,38,38,38,38,38,38,38,38,38
61bc29302bc46a14d2c8d441,67bf9532009bada640089adb,SECURE ENGERGY DRILLING SERVICES - LEDUC WAREHOUSE,DELIVERLOAD,True,44,44,44,44,44,44,44,44,44,44,44,44,44,44,44,44,44,44,44,44,44,44,44,44,44
61bc29302bc46a14d2c8d441,6555092c16b21c165ba0979a,SECURE-RITE MOBILE STORAGE (NEW),DELIVERLOAD,True,60,60,60,60,60,60,60,60,60,60,60,60,60,60,60,60,60,60,60,60,60,60,60,60,60
61bc29302bc46a14d2c8d441,67980a17d452803c8b6c9e8e,SENTINEL DISTRIBUTION - 72A AVE,DELIVERLOAD,False,17,17,17,17,17,17,17,17,17,17,17,17,17,17,17,17,17,17,17,17,17,17,17,17,17
61bc29302bc46a14d2c8d441,67980a17d452803c8b6c9e8e,SENTINEL DISTRIBUTION - 72A AVE,HOOKCONTAINER,False,18,18,18,18,18,18,18,18,18,18,18,18,18,18,18,18,18,18,18,18,18,18,18,18,18
61bc29302bc46a14d2c8d441,67b62de159ac14aba83bfe1a,SENTINEL STORAGE,DELIVERLOAD,True,131,131,131,131,131,131,131,131,131,131,131,131,131,131,131,131,131,131,131,131,131,131,131,131,131
61bc29302bc46a14d2c8d441,662a63d4781b38e9028dc463,SENTINEL STORAGE - CALGARY MCKENZIE,DELIVERLOAD,False,17,17,17,17,17,17,17,17,17,17,17,17,17,17,17,17,17,17,17,17,17,17,17,17,17
61bc29302bc46a14d2c8d441,662a63d4781b38e9028dc463,SENTINEL STORAGE - CALGARY MCKENZIE,HOOKCONTAINER,False,7,7,7,7,7,7,7,7,7,7,7,7,7,7,7,7,7,7,7,7,7,7,7,7,7
61bc29302bc46a14d2c8d441,688a83b9a4702ef22ec08486,SENTINEL STORAGE - EDMONTON NORTH WEST,DELIVERLOAD,True,60,60,60,60,60,60,60,60,60,60,60,60,60,60,60,60,60,60,60,60,60,60,60,60,60
61bc29302bc46a14d2c8d441,6824d00c3100f6b5dc01500e,SENTINEL STORAGE - RED DEER,DELIVERLOAD,True,60,60,60,60,60,60,60,60,60,60,60,60,60,60,60,60,60,60,60,60,60,60,60,60,60
61bc29302bc46a14d2c8d441,6363e74a5614b715dbc315c4,SERTA SIMMONS BEDDING,DELIVERLOAD,False,9,9,9,9,9,9,9,9,7,9,10,7,9,9,9,9,9,9,9,9,9,9,9,9,9
61bc29302bc46a14d2c8d441,6363e74a5614b715dbc315c4,SERTA SIMMONS BEDDING,HOOKCONTAINER,False,16,16,16,16,16,16,16,16,16,16,19,18,13,37,16,21,16,16,16,16,16,16,16,16,16
61bc29302bc46a14d2c8d441,682f544012baedcf32cf0865,Shafer-Haggart Ltd. c/o Kaiser Foods Alberta Ltd (UNIT 126),DELIVERLOAD,True,48,48,48,48,48,48,48,48,48,48,48,48,48,48,48,48,48,48,48,48,48,48,48,48,48
61bc29302bc46a14d2c8d441,650c77e8525fe716012dd85c,SHAMS AUTO TIRE (DAY CAB),DELIVERLOAD,False,13,13,13,13,13,13,13,13,13,13,13,13,13,13,13,13,13,13,13,13,13,13,13,13,13
61bc29302bc46a14d2c8d441,650c77e8525fe716012dd85c,SHAMS AUTO TIRE (DAY CAB),HOOKCONTAINER,False,30,30,30,30,30,30,30,30,30,30,30,30,30,30,30,30,30,30,30,30,30,30,30,30,30
61bc29302bc46a14d2c8d441,67a52f620dab7038626af62a,SHANGHAI CONSTRUCTION GROUP - 124 AVE,DELIVERLOAD,False,17,17,17,17,17,17,17,17,17,17,17,17,17,17,17,17,17,17,17,17,17,17,17,17,17
61bc29302bc46a14d2c8d441,67a52f620dab7038626af62a,SHANGHAI CONSTRUCTION GROUP - 124 AVE,HOOKCONTAINER,False,15,15,15,15,15,15,15,15,15,15,15,15,15,15,15,15,15,15,15,15,15,15,15,15,15
61bc29302bc46a14d2c8d441,62b9c492065c2113a45f67ff,SHAW CABLE,DELIVERLOAD,False,17,17,17,17,17,17,17,17,17,17,17,17,17,17,17,17,17,17,17,17,17,17,17,17,17
61bc29302bc46a14d2c8d441,62b9c492065c2113a45f67ff,SHAW CABLE,DELIVERLOAD,True,63,63,63,63,63,63,63,63,63,63,63,63,63,63,63,63,63,63,63,63,63,63,63,63,63
61bc29302bc46a14d2c8d441,62ae104fa6185d78363b67fe,SHERRITT INTERNATIONAL CORPORATION,DELIVERLOAD,True,68,68,68,68,68,68,68,68,68,68,68,68,68,68,68,68,68,68,68,68,68,68,68,68,68
61bc29302bc46a14d2c8d441,62fba364d02f8216077929cc,SHERRITT INTL - FORT SASKATCHEWAN,DELIVERLOAD,False,54,54,54,54,54,54,54,54,54,56,54,59,53,53,50,49,50,54,54,54,54,54,54,54,54
61bc29302bc46a14d2c8d441,62fba364d02f8216077929cc,SHERRITT INTL - FORT SASKATCHEWAN,DELIVERLOAD,True,52,52,52,52,52,52,52,52,52,52,49,80,55,46,51,35,37,52,52,52,52,52,52,52,52
61bc29302bc46a14d2c8d441,62fba364d02f8216077929cc,SHERRITT INTL - FORT SASKATCHEWAN,DROPCONTAINER,False,28,28,28,28,28,28,28,28,28,28,28,28,28,28,28,28,28,28,28,28,28,28,28,28,28
61bc29302bc46a14d2c8d441,62fba364d02f8216077929cc,SHERRITT INTL - FORT SASKATCHEWAN,HOOKCONTAINER,False,14,14,14,14,14,14,14,14,14,14,14,14,14,14,14,14,14,14,14,14,14,14,14,14,14
61bc29302bc46a14d2c8d441,6807faca2b529cec6c76bfcb,Shieldco Group Clarence Shields,DELIVERLOAD,True,60,60,60,60,60,60,60,60,60,60,60,60,60,60,60,60,60,60,60,60,60,60,60,60,60
61bc29302bc46a14d2c8d441,66560a43ee4a7964b0f0fa52,SHUANG HUI,DELIVERLOAD,False,20,20,20,20,20,20,20,20,20,20,20,20,20,20,20,20,20,20,20,20,20,20,20,20,20
61bc29302bc46a14d2c8d441,66560a43ee4a7964b0f0fa52,SHUANG HUI,HOOKCONTAINER,False,31,31,31,31,31,31,31,31,31,31,31,31,31,31,31,31,31,31,31,31,31,31,31,31,31
61bc29302bc46a14d2c8d441,67eef6d6e632d32b91d37ff9,SHWETA DESIGN INC.,DELIVERLOAD,False,16,16,16,16,16,16,16,16,16,16,16,16,16,16,16,16,16,16,16,16,16,16,16,16,16
61bc29302bc46a14d2c8d441,6890dfb50e7f575af4353227,S.I.F superior Industrial frictions Ltd,DELIVERLOAD,True,78,78,78,78,78,78,78,78,78,78,78,78,78,78,78,78,78,78,78,78,78,78,78,78,78
61bc29302bc46a14d2c8d441,64a5ce59f8f5f1163469c422,SIGNS AND IMPRINTS,DELIVERLOAD,False,13,13,13,13,13,13,13,13,13,13,13,13,13,13,13,13,13,13,13,13,13,13,13,13,13
61bc29302bc46a14d2c8d441,64a5ce59f8f5f1163469c422,SIGNS AND IMPRINTS,HOOKCONTAINER,False,8,8,8,8,8,8,8,8,8,8,8,8,8,8,8,8,8,8,8,8,8,8,8,8,8
61bc29302bc46a14d2c8d441,630790220f74c015e204136f,SIL INDUSTRIAL MINERALS INC BRUDERHEIM PLANT,DELIVERLOAD,True,172,172,172,172,172,172,172,172,172,172,172,172,172,172,172,172,172,172,172,172,172,172,172,172,172
61bc29302bc46a14d2c8d441,63ada8e081e22e1633a78c35,SILVER SKATE,HOOKCONTAINER,False,70,70,70,70,70,70,70,70,70,70,70,70,70,70,70,70,70,70,70,70,70,70,70,70,70
61bc29302bc46a14d2c8d441,6657388a1908eeb806ee1ebc,SILVERSTAR OILFIELD TRANSP LTD (CONSIGNEE),DELIVERLOAD,False,51,51,51,51,51,51,51,51,51,51,51,51,51,51,51,51,51,51,51,51,51,51,51,51,51
61bc29302bc46a14d2c8d441,6657388a1908eeb806ee1ebc,SILVERSTAR OILFIELD TRANSP LTD (CONSIGNEE),DELIVERLOAD,True,43,43,43,43,43,43,43,43,43,43,43,31,43,43,43,43,43,43,43,43,43,43,43,43,43
61bc29302bc46a14d2c8d441,6499e0ecb1eaa8162edcc89b,SIMPLAS,DELIVERLOAD,True,42,42,42,42,42,42,42,42,42,42,42,42,42,42,42,42,42,42,42,42,42,42,42,42,42
61bc29302bc46a14d2c8d441,63e2861841370f164907eca2,SIMPLE SHOWER SOLUTIONS - CORONET ROAD,DELIVERLOAD,False,13,13,13,13,13,13,13,13,13,13,13,13,13,13,13,13,13,13,13,13,13,13,13,13,13
61bc29302bc46a14d2c8d441,63e2861841370f164907eca2,SIMPLE SHOWER SOLUTIONS - CORONET ROAD,DELIVERLOAD,True,35,35,35,35,35,35,35,35,35,35,35,35,35,35,35,35,35,35,35,35,35,35,35,35,35
61bc29302bc46a14d2c8d441,63e2861841370f164907eca2,SIMPLE SHOWER SOLUTIONS - CORONET ROAD,HOOKCONTAINER,False,7,7,7,7,7,7,7,7,7,7,7,7,7,7,7,7,7,7,7,7,7,7,7,7,7
61bc29302bc46a14d2c8d441,62b9c5afbbb69c141812861a,SIMPLOT (CHIN LOCATION),DELIVERLOAD,False,17,17,17,17,17,17,17,17,17,17,17,17,17,17,17,17,17,17,17,17,17,17,17,17,17
61bc29302bc46a14d2c8d441,62b9c5afbbb69c141812861a,SIMPLOT (CHIN LOCATION),DELIVERLOAD,True,107,107,107,107,107,107,107,107,107,107,107,107,107,107,107,107,107,107,107,107,107,107,107,107,107
61bc29302bc46a14d2c8d441,67f937e11c6e11eda42b0659,SIMPLOT - PINCHER CREEK,DELIVERLOAD,False,77,77,77,77,77,77,77,77,77,77,77,77,77,77,77,77,77,77,77,77,77,77,77,77,77
61bc29302bc46a14d2c8d441,67f937e11c6e11eda42b0659,SIMPLOT - PINCHER CREEK,DELIVERLOAD,True,73,73,73,73,73,73,73,73,73,73,73,73,73,73,73,73,73,73,73,73,73,73,73,73,73
61bc29302bc46a14d2c8d441,67e1be4c16a5a9ee2792d55c,SINCLAIR SUPPLY,DELIVERLOAD,True,99,99,99,99,99,99,99,99,99,99,99,99,99,99,99,99,99,99,99,99,99,99,99,99,99
61bc29302bc46a14d2c8d441,6883cad12d0ae53e9be0cde0,SINCLAIR SUPPLY - EDMONTON,DELIVERLOAD,False,17,17,17,17,17,17,17,17,17,17,17,17,17,17,17,17,17,17,17,17,17,17,17,17,17
61bc29302bc46a14d2c8d441,6883cad12d0ae53e9be0cde0,SINCLAIR SUPPLY - EDMONTON,DELIVERLOAD,True,60,60,60,60,60,60,60,60,60,60,60,60,60,60,60,60,60,60,60,60,60,60,60,60,60
61bc29302bc46a14d2c8d441,6883cad12d0ae53e9be0cde0,SINCLAIR SUPPLY - EDMONTON,HOOKCONTAINER,False,11,11,11,11,11,11,11,11,11,11,11,11,11,11,11,11,11,11,11,11,11,11,11,11,11
61bc29302bc46a14d2c8d441,689baea30069144dda2c0f21,SINGH SECURITY SERVICES (CONSIGNEE),DELIVERLOAD,False,17,17,17,17,17,17,17,17,17,17,17,17,17,17,17,17,17,17,17,17,17,17,17,17,17
61bc29302bc46a14d2c8d441,689baea30069144dda2c0f21,SINGH SECURITY SERVICES (CONSIGNEE),HOOKCONTAINER,False,11,11,11,11,11,11,11,11,11,11,11,11,11,11,11,11,11,11,11,11,11,11,11,11,11
61bc29302bc46a14d2c8d441,632a38830911e41614643d08,SIWIN FOODS - EDMONTON,DELIVERLOAD,True,46,46,46,46,46,46,46,46,46,46,46,46,46,46,46,46,46,46,46,46,46,46,46,46,46
61bc29302bc46a14d2c8d441,67f52b6b207dc503d6183172,SIX GUN CNC INC * DAY CAB,DELIVERLOAD,True,180,180,180,180,180,180,180,180,180,180,180,180,180,180,180,180,180,180,180,180,180,180,180,180,180
61bc29302bc46a14d2c8d441,62ae104fa6185d78363b680c,SKOOKUMCHUCK PULP INC,DELIVERLOAD,True,169,169,169,169,169,169,169,169,169,169,169,169,169,169,169,169,169,169,169,169,169,169,169,169,169
61bc29302bc46a14d2c8d441,67d9e2c72d0af31d05841120,SMITHCHEM SOLUTIONS/ECONO BLENDING,DELIVERLOAD,True,51,51,51,51,51,51,51,51,51,51,51,51,51,51,51,51,51,51,51,51,51,51,51,51,51
61bc29302bc46a14d2c8d441,679a7e99736824011f35528b,SMS EQUIPMENT,DELIVERLOAD,True,60,60,60,60,60,60,60,60,60,60,60,60,60,60,60,60,60,60,60,60,60,60,60,60,60
61bc29302bc46a14d2c8d441,62eaa7f8e92e5b15ce256910,SNF CANADA C/O HAWKSTONE WAREHOUSE,DELIVERLOAD,False,43,43,43,43,43,43,43,43,43,43,43,43,43,43,43,43,43,43,43,43,43,43,43,43,43
61bc29302bc46a14d2c8d441,62eaa7f8e92e5b15ce256910,SNF CANADA C/O HAWKSTONE WAREHOUSE,DELIVERLOAD,True,26,26,26,26,26,26,26,26,26,26,26,26,26,26,26,26,26,26,26,26,26,26,26,26,26
61bc29302bc46a14d2c8d441,678a8cfb75e16379baec05e2,SNF CANADA C/O HAWKSTONE WAREHOUSE - STONY PLAIN,DELIVERLOAD,True,60,60,60,60,60,60,60,60,60,60,60,60,60,60,60,60,60,60,60,60,60,60,60,60,60
61bc29302bc46a14d2c8d441,681144bf54962f1e19d6e9c7,SOFINA FOODS INC - EDMONTON,DELIVERLOAD,True,171,171,171,171,171,171,171,171,171,171,171,171,171,171,171,171,171,171,171,171,171,171,171,171,171
61bc29302bc46a14d2c8d441,67a4d4cd76e81e896fdd7b46,SOIL SYNERGY,DELIVERLOAD,False,37,37,37,37,37,37,37,37,37,37,37,37,37,37,37,37,37,37,37,37,37,37,37,37,37
61bc29302bc46a14d2c8d441,67a4d4cd76e81e896fdd7b46,SOIL SYNERGY,DELIVERLOAD,True,85,85,85,85,85,85,85,85,85,85,85,85,85,85,85,85,85,85,85,85,85,85,85,85,85
61bc29302bc46a14d2c8d441,67a4d4cd76e81e896fdd7b46,SOIL SYNERGY,HOOKCONTAINER,False,15,15,15,15,15,15,15,15,15,15,15,15,15,15,15,15,15,15,15,15,15,15,15,15,15
61bc29302bc46a14d2c8d441,68263beddfd2138bd9c84282,SOLAR SEEKER,DELIVERLOAD,False,69,69,69,69,69,69,69,69,69,69,69,69,69,69,69,69,69,69,69,69,69,69,69,69,69
61bc29302bc46a14d2c8d441,67dacecbe8ec329dbbde7e7b,SOLETERRA D'ITALIA,DELIVERLOAD,True,180,180,180,180,180,180,180,180,180,180,180,180,180,180,180,180,180,180,180,180,180,180,180,180,180
61bc29302bc46a14d2c8d441,67e2d2eb834431e53b5e1dde,SOLEX - UNIT# 2,DELIVERLOAD,True,35,35,35,35,35,35,35,35,35,35,35,35,35,35,35,35,35,35,35,35,35,35,35,35,35
61bc29302bc46a14d2c8d441,685ae9a2c9e1c1441e1028e1,SOMMER RESIDENCE,DELIVERLOAD,False,17,17,17,17,17,17,17,17,17,17,17,17,17,17,17,17,17,17,17,17,17,17,17,17,17
61bc29302bc46a14d2c8d441,6711564f250ac0db49848d92,SOURCE HOSE & INDUSTRIAL LTD,DELIVERLOAD,True,48,48,48,48,48,48,48,48,48,48,48,48,48,48,48,48,48,48,48,48,48,48,48,48,48
61bc29302bc46a14d2c8d441,62b9c86a065c2113a45f6fa6,SOUTHLAND TRAILER - 41 ST,DELIVERLOAD,False,17,17,17,17,17,17,17,17,17,17,17,17,17,17,17,17,17,17,17,17,17,17,17,17,17
61bc29302bc46a14d2c8d441,62b9c86a065c2113a45f6fa6,SOUTHLAND TRAILER - 41 ST,DELIVERLOAD,True,104,104,104,104,104,104,104,104,104,104,111,120,104,104,104,104,54,104,104,104,104,104,104,104,104
61bc29302bc46a14d2c8d441,6848903d5ffa256688eaae7a,SPAR-MARATHON ROOFING SUPPLIES - 97 ST DM,DELIVERLOAD,True,60,60,60,60,60,60,60,60,60,60,60,60,60,60,60,60,60,60,60,60,60,60,60,60,60
61bc29302bc46a14d2c8d441,64834a4ab505a9166c1fc9a3,SPECIAL EVENT RENTALS,DELIVERLOAD,False,8,8,8,8,8,8,8,8,8,8,8,8,8,8,8,8,8,8,8,8,8,8,8,8,8
61bc29302bc46a14d2c8d441,64834a4ab505a9166c1fc9a3,SPECIAL EVENT RENTALS,HOOKCONTAINER,False,7,7,7,7,7,7,7,7,7,7,7,7,7,7,7,7,7,7,7,7,7,7,7,7,7
61bc29302bc46a14d2c8d441,6841e09d9c351c38cb2bbb45,SPECIAL EVENTS SALES LTD - CONSIGNEE,DELIVERLOAD,False,11,11,11,11,11,11,11,11,11,11,11,11,11,11,11,11,11,11,11,11,11,11,11,11,11
61bc29302bc46a14d2c8d441,6841e09d9c351c38cb2bbb45,SPECIAL EVENTS SALES LTD - CONSIGNEE,HOOKCONTAINER,False,9,9,9,9,9,9,9,9,9,9,9,9,9,9,9,9,9,9,9,9,9,9,9,9,9
61bc29302bc46a14d2c8d441,6669f143378dc6e19c365f2c,Special Metals Canada,DELIVERLOAD,True,45,45,45,45,45,45,45,45,45,45,45,45,45,45,45,45,45,45,45,45,45,45,45,45,45
61bc29302bc46a14d2c8d441,6352f4461a5d7d15dabc5e73,SPICE CENTRE - 20FT DAY CAB ONLY,HOOKCONTAINER,False,15,15,15,15,15,15,15,15,15,15,15,15,15,15,15,15,15,15,15,15,15,15,15,15,15
61bc29302bc46a14d2c8d441,6807bfdf20718b346bc2cd8a,SPICE CENTRE - SECOND WAREHOUSE,DELIVERLOAD,False,19,19,19,19,19,19,19,19,19,19,19,19,19,19,19,19,19,19,19,19,19,19,19,19,19
61bc29302bc46a14d2c8d441,6807bfdf20718b346bc2cd8a,SPICE CENTRE - SECOND WAREHOUSE,HOOKCONTAINER,False,23,23,23,23,23,23,23,23,23,23,23,23,23,23,23,23,23,23,23,23,23,23,23,23,23
61bc29302bc46a14d2c8d441,62b9c885bbb69c1418128b35,SPICER,DELIVERLOAD,True,100,100,100,100,100,100,100,100,100,100,100,100,100,100,100,100,100,100,100,100,100,100,100,100,100
61bc29302bc46a14d2c8d441,62b9c89e065c2113a45f702c,SPICERS CANADA,DELIVERLOAD,True,33,33,33,33,33,33,33,33,33,33,33,33,33,33,33,33,33,33,33,33,33,33,33,33,33
61bc29302bc46a14d2c8d441,67291a5a4f78adebfda3cddc,SPIRIT DEVELOPMENT CORP (SDC) / BOOSTER JUICE CORPORATE OFFICE - PARSONS RD,DELIVERLOAD,False,20,20,20,20,20,20,20,20,20,20,20,20,20,20,20,20,20,20,20,20,20,20,20,20,20
61bc29302bc46a14d2c8d441,67291a5a4f78adebfda3cddc,SPIRIT DEVELOPMENT CORP (SDC) / BOOSTER JUICE CORPORATE OFFICE - PARSONS RD,HOOKCONTAINER,False,16,16,16,16,16,16,16,16,16,16,16,16,16,16,16,16,16,16,16,16,16,16,16,16,16
61bc29302bc46a14d2c8d441,67e580e0126207ad8169bc3e,SPLENDID FURINISHINGS INC - 178 ST,DELIVERLOAD,False,32,32,32,32,32,32,32,32,32,32,32,32,32,32,32,32,32,32,32,32,32,32,32,32,32
61bc29302bc46a14d2c8d441,67e580e0126207ad8169bc3e,SPLENDID FURINISHINGS INC - 178 ST,HOOKCONTAINER,False,6,6,6,6,6,6,6,6,6,6,6,6,6,6,6,6,6,6,6,6,6,6,6,6,6
61bc29302bc46a14d2c8d441,68a4a011f18717e7b132aa3b,SPM oil and gas,DELIVERLOAD,True,128,128,128,128,128,128,128,128,128,128,128,128,128,128,128,128,128,128,128,128,128,128,128,128,128
61bc29302bc46a14d2c8d441,6703f002ebb115fd7c8f6a3e,SPM OIL & GAS,DELIVERLOAD,True,147,147,147,147,147,147,147,147,147,147,147,147,147,147,147,147,147,147,147,147,147,147,147,147,147
61bc29302bc46a14d2c8d441,642c8cb70f768315cb444441,SPOOL 3D LTD,DELIVERLOAD,False,11,11,11,11,11,11,11,11,11,11,11,11,11,11,11,11,11,11,11,11,11,11,11,11,11
61bc29302bc46a14d2c8d441,6511c34607885e16004c704d,SPORTFACTOR INC  UNIT # 10,DELIVERLOAD,False,16,16,16,16,16,16,16,16,16,16,16,16,16,16,16,16,16,16,16,16,16,16,16,16,16
61bc29302bc46a14d2c8d441,6511c34607885e16004c704d,SPORTFACTOR INC  UNIT # 10,HOOKCONTAINER,False,7,7,7,7,7,7,7,7,7,7,7,7,7,7,7,7,7,7,7,7,7,7,7,7,7
61bc29302bc46a14d2c8d441,68825643e327060164eda864,SPRUCELAND BRAKE,DELIVERLOAD,True,55,55,55,55,55,55,55,55,55,55,55,55,55,55,55,55,55,55,55,55,55,55,55,55,55
61bc29302bc46a14d2c8d441,66181fd7244a628e287f741c,S&S EQUIPMENT INC - CONSIGNEE,DELIVERLOAD,False,8,8,8,8,8,8,8,8,8,8,8,8,8,8,8,8,8,8,8,8,8,8,8,8,8
61bc29302bc46a14d2c8d441,66181fd7244a628e287f741c,S&S EQUIPMENT INC - CONSIGNEE,HOOKCONTAINER,False,15,15,15,15,15,15,15,15,15,15,15,15,15,15,15,15,15,15,15,15,15,15,15,15,15
61bc29302bc46a14d2c8d441,62b9c8c9bbb69c1418128bb4,STAN KICK & SONS TRACTORS,DELIVERLOAD,False,13,13,13,13,13,13,13,13,13,13,13,13,13,13,13,13,13,13,13,13,13,13,13,13,13
61bc29302bc46a14d2c8d441,62ec27b74a516815ea515444,STARLINE EDMONTON DELIVERY,DELIVERLOAD,False,7,7,7,7,7,7,7,7,7,4,9,6,7,7,10,7,7,12,7,7,7,7,7,7,7
61bc29302bc46a14d2c8d441,62ec27b74a516815ea515444,STARLINE EDMONTON DELIVERY,HOOKCONTAINER,False,16,16,16,16,16,16,16,16,16,16,16,13,16,16,27,16,16,16,16,16,16,16,16,16,16
61bc29302bc46a14d2c8d441,62b9c90bbbb69c1418128c04,STARLINE OVERSEAS MOVING (CONSIGNEE),DELIVERLOAD,False,8,8,8,8,8,8,8,8,8,8,8,8,8,8,8,8,8,8,8,8,8,8,8,8,8
61bc29302bc46a14d2c8d441,62b9c90bbbb69c1418128c04,STARLINE OVERSEAS MOVING (CONSIGNEE),DELIVERLOAD,True,34,34,34,34,34,34,34,34,34,34,34,34,34,34,34,34,34,34,34,34,34,34,34,34,34
61bc29302bc46a14d2c8d441,62b9c90bbbb69c1418128c04,STARLINE OVERSEAS MOVING (CONSIGNEE),HOOKCONTAINER,False,16,16,16,16,16,16,16,16,16,16,16,16,16,16,16,16,16,16,16,16,16,16,16,16,16
61bc29302bc46a14d2c8d441,687e8603404c91df9c9ab9f5,STAROCK - 1A ST (Day Cab),DELIVERLOAD,False,8,8,8,8,8,8,8,8,8,8,8,8,8,8,8,8,8,8,8,8,8,8,8,8,8
61bc29302bc46a14d2c8d441,687e8603404c91df9c9ab9f5,STAROCK - 1A ST (Day Cab),HOOKCONTAINER,False,8,8,8,8,8,8,8,8,8,8,8,8,8,8,8,8,8,8,8,8,8,8,8,8,8
61bc29302bc46a14d2c8d441,67522682563927943459080a,STAROCK # 3 * DAY CAB,DELIVERLOAD,False,6,6,6,6,6,6,6,6,6,6,6,6,6,6,6,6,6,6,6,6,6,6,6,6,6
61bc29302bc46a14d2c8d441,67522682563927943459080a,STAROCK # 3 * DAY CAB,HOOKCONTAINER,False,25,25,25,25,25,25,25,25,25,25,25,25,25,25,25,25,25,25,25,25,25,25,25,25,25
61bc29302bc46a14d2c8d441,662fd5d6180ac85b7ff09449,STAROCK - CENTRE STREET,DELIVERLOAD,False,12,12,12,12,12,12,12,12,12,12,12,12,12,12,12,12,12,12,12,12,12,12,12,12,12
61bc29302bc46a14d2c8d441,662fd5d6180ac85b7ff09449,STAROCK - CENTRE STREET,HOOKCONTAINER,False,18,18,18,18,18,18,18,18,18,18,18,18,18,18,18,18,18,18,18,18,18,18,18,18,18
61bc29302bc46a14d2c8d441,67b8d4f2446e067f10973947,STAYBRIDGE SUITES WEST EDMONTON,DELIVERLOAD,False,18,18,18,18,18,18,18,18,18,18,18,18,18,18,18,18,18,18,18,18,18,18,18,18,18
61bc29302bc46a14d2c8d441,67b8d4f2446e067f10973947,STAYBRIDGE SUITES WEST EDMONTON,HOOKCONTAINER,False,18,18,18,18,18,18,18,18,18,18,18,18,18,18,18,18,18,18,18,18,18,18,18,18,18
61bc29302bc46a14d2c8d441,66607e8c043169af978b73da,S & T DISTRIBUTION LTD - CONSIGNEE,DELIVERLOAD,False,12,12,12,12,12,12,12,12,12,12,12,12,12,12,12,12,12,12,12,12,12,12,12,12,12
61bc29302bc46a14d2c8d441,66607e8c043169af978b73da,S & T DISTRIBUTION LTD - CONSIGNEE,HOOKCONTAINER,False,8,8,8,8,8,8,8,8,8,8,8,8,8,8,8,8,8,8,8,8,8,8,8,8,8
61bc29302bc46a14d2c8d441,668827a41a9211458afa65e6,Steel Alloys & Services (Canada),DELIVERLOAD,True,26,26,26,26,26,26,26,26,26,26,26,26,26,26,26,26,26,26,26,26,26,26,26,26,26
61bc29302bc46a14d2c8d441,62b9c93ebbb69c1418128c69,STEEL CRAFT DOOR PRODUCTS,DELIVERLOAD,False,26,26,26,26,26,26,26,26,26,26,26,26,26,26,26,26,26,26,26,26,26,26,26,26,26
61bc29302bc46a14d2c8d441,62b9c93ebbb69c1418128c69,STEEL CRAFT DOOR PRODUCTS,HOOKCONTAINER,False,11,11,11,11,11,11,11,11,11,11,11,11,11,11,11,11,11,11,11,11,11,11,11,11,11
61bc29302bc46a14d2c8d441,664532c63b1c971dcb819c8f,STONE AGE GRANITE (CONSIGNEE),DELIVERLOAD,False,17,17,17,17,17,17,17,17,17,17,17,17,17,17,17,17,17,17,17,17,17,17,17,17,17
61bc29302bc46a14d2c8d441,664532c63b1c971dcb819c8f,STONE AGE GRANITE (CONSIGNEE),DELIVERLOAD,True,60,60,60,60,60,60,60,60,60,60,60,60,60,60,60,60,60,60,60,60,60,60,60,60,60
61bc29302bc46a14d2c8d441,675ca0971284ef0cb014c7ff,STONE GALLERY - DAY CAB **LOW CHASSIS REQUIRED**,DELIVERLOAD,False,19,19,19,19,19,19,19,19,19,19,19,19,19,19,19,19,19,19,19,19,19,19,19,19,19
61bc29302bc46a14d2c8d441,675ca0971284ef0cb014c7ff,STONE GALLERY - DAY CAB **LOW CHASSIS REQUIRED**,HOOKCONTAINER,False,10,10,10,10,10,10,10,10,10,10,10,10,10,10,10,10,10,10,10,10,10,10,10,10,10
61bc29302bc46a14d2c8d441,65bab3ab226fb7cd66fb39ae,STONE TILE INTERNATIONAL INC CALGARY WAREHOUSE,DELIVERLOAD,True,60,60,60,60,60,60,60,60,60,60,60,60,60,60,60,60,60,60,60,60,60,60,60,60,60
61bc29302bc46a14d2c8d441,62b760ae8e534e13a1354a2c,STONY PLAIN SEED CLEANING - STONY,DELIVERLOAD,False,76,76,76,76,76,76,76,76,76,76,76,76,76,76,76,76,76,76,76,76,76,76,76,76,76
61bc29302bc46a14d2c8d441,62b760ae8e534e13a1354a2c,STONY PLAIN SEED CLEANING - STONY,DELIVERLOAD,True,80,80,80,80,80,80,80,80,80,86,86,79,69,82,76,92,91,65,66,80,80,80,80,80,80
61bc29302bc46a14d2c8d441,63efe4ac29f2ee15ea4d269e,STORAGE MART - 127 ST  NEED DOLLY PADS,HOOKCONTAINER,False,65,65,65,65,65,65,65,65,65,65,65,65,65,65,65,65,65,65,65,65,65,65,65,65,65
61bc29302bc46a14d2c8d441,68435c3aba6d507c58cbbe91,STORAGE MART - AIRDRIE NEED DOLLY PADS,DELIVERLOAD,True,146,146,146,146,146,146,146,146,146,146,146,146,146,146,146,146,146,146,146,146,146,146,146,146,146
61bc29302bc46a14d2c8d441,679bce4e4bb836be32a06057,STORAGE MART - FORT ROAD DOLLY PADS NEEDED,DELIVERLOAD,False,11,11,11,11,11,11,11,11,11,11,11,11,11,11,11,11,11,11,11,11,11,11,11,11,11
61bc29302bc46a14d2c8d441,679bce4e4bb836be32a06057,STORAGE MART - FORT ROAD DOLLY PADS NEEDED,HOOKCONTAINER,False,18,18,18,18,18,18,18,18,18,18,18,18,18,18,18,18,18,18,18,18,18,18,18,18,18
61bc29302bc46a14d2c8d441,687001a1e153a4a26d616fc0,STRATHCONA RESERVOIR SOLAR,DELIVERLOAD,True,44,44,44,44,44,44,44,44,44,44,44,44,44,44,44,44,44,44,44,44,44,44,44,44,44
61bc29302bc46a14d2c8d441,65f9e89d79c7fe79a95c4b84,STRATHMORE SEED CLEANING PLANT,DELIVERLOAD,False,17,17,17,17,17,17,17,17,17,17,17,17,17,17,17,17,17,17,17,17,17,17,17,17,17
61bc29302bc46a14d2c8d441,65f9e89d79c7fe79a95c4b84,STRATHMORE SEED CLEANING PLANT,DELIVERLOAD,True,63,63,63,63,63,63,63,63,63,77,61,56,64,71,69,63,50,78,63,63,63,63,63,63,63
61bc29302bc46a14d2c8d441,65f9e89d79c7fe79a95c4b84,STRATHMORE SEED CLEANING PLANT,HOOKCONTAINER,False,79,79,79,79,79,79,79,79,79,79,79,79,79,79,79,79,79,79,79,79,79,79,79,79,79
61bc29302bc46a14d2c8d441,62f5821b6852021507724aff,STREAM-FLO - EDM 74 AVE,DELIVERLOAD,True,60,60,60,60,60,60,60,60,60,60,60,60,60,60,60,60,60,60,60,60,60,60,60,60,60
61bc29302bc46a14d2c8d441,62b9ca238e534e13a135bac7,STREAM WAREHOUSE,HOOKCONTAINER,False,17,17,17,17,17,17,17,17,17,17,17,17,17,17,17,17,17,17,17,17,17,17,17,17,17
61bc29302bc46a14d2c8d441,66465095e79affdace83b155,"Strom International Corp.,",DELIVERLOAD,False,29,29,29,29,29,29,29,29,29,29,29,29,29,29,29,29,29,29,29,29,29,29,29,29,29
61bc29302bc46a14d2c8d441,641b5162bfd0df15e1e526ac,STRYDER (DELMAR/DSQUARE),DELIVERLOAD,False,18,18,18,18,18,18,18,18,18,16,18,18,18,18,18,18,18,18,18,18,18,18,18,18,18
61bc29302bc46a14d2c8d441,641b5162bfd0df15e1e526ac,STRYDER (DELMAR/DSQUARE),HOOKCONTAINER,False,12,12,12,12,12,12,12,12,12,12,12,12,12,12,12,12,12,12,12,12,12,12,12,12,12
61bc29302bc46a14d2c8d441,6654b34dbadcd037aaaeff4f,STURGEON VALLEY FERTILIZERS,DELIVERLOAD,True,41,41,41,41,41,41,41,41,41,41,41,41,41,41,41,41,41,41,41,41,41,41,41,41,41
61bc29302bc46a14d2c8d441,674def1043841082363d0311,STYRKE - #16 OLDS,DELIVERLOAD,True,55,55,55,55,55,55,55,55,55,55,55,55,55,55,55,55,55,55,55,55,55,55,55,55,55
61bc29302bc46a14d2c8d441,62b9ca3dbbb69c1418128e30,STYRKE ENTERPRISES LTD,DELIVERLOAD,False,78,78,78,78,78,78,78,78,78,78,78,78,78,78,78,78,78,78,78,78,78,78,78,78,78
61bc29302bc46a14d2c8d441,62e8054529da9c16130453f0,SUNBELT SUPPLY            DIST LIST,DELIVERLOAD,False,35,35,35,35,35,35,35,35,35,35,35,35,35,35,35,35,35,35,35,35,35,35,35,35,35
61bc29302bc46a14d2c8d441,62e8054529da9c16130453f0,SUNBELT SUPPLY            DIST LIST,DELIVERLOAD,True,62,62,62,62,62,62,62,62,62,62,62,62,62,62,62,62,62,62,62,62,62,62,62,62,62
61bc29302bc46a14d2c8d441,62e8054529da9c16130453f0,SUNBELT SUPPLY            DIST LIST,HOOKCONTAINER,False,88,88,88,88,88,88,88,88,88,88,88,88,88,88,88,88,88,88,88,88,88,88,88,88,88
61bc29302bc46a14d2c8d441,6314f1e610b33d15f744eece,SUNCOAST BUILT,DELIVERLOAD,True,116,116,116,116,116,116,116,116,116,116,116,116,116,116,116,116,116,116,116,116,116,116,116,116,116
61bc29302bc46a14d2c8d441,6793b5515deeb5ea0bb3c702,Suncoast Built #2,DELIVERLOAD,False,41,41,41,41,41,41,41,41,41,41,41,41,41,41,41,41,41,41,41,41,41,41,41,41,41
61bc29302bc46a14d2c8d441,6793b5515deeb5ea0bb3c702,Suncoast Built #2,DELIVERLOAD,True,47,47,47,47,47,47,47,47,47,47,47,47,47,47,47,47,47,47,47,47,47,47,47,47,47
61bc29302bc46a14d2c8d441,6793b5515deeb5ea0bb3c702,Suncoast Built #2,HOOKCONTAINER,False,89,89,89,89,89,89,89,89,89,89,89,89,89,89,89,89,89,89,89,89,89,89,89,89,89
61bc29302bc46a14d2c8d441,6387b5601c0af3167be83d67,Suncoast Enclosures,DELIVERLOAD,False,17,17,17,17,17,17,17,17,17,17,17,17,17,17,17,17,17,17,17,17,17,17,17,17,17
61bc29302bc46a14d2c8d441,6387b5601c0af3167be83d67,Suncoast Enclosures,DELIVERLOAD,True,83,83,83,83,83,83,83,83,83,83,83,83,83,83,83,83,83,83,83,83,83,83,83,83,83
61bc29302bc46a14d2c8d441,6387b5601c0af3167be83d67,Suncoast Enclosures,HOOKCONTAINER,False,13,13,13,13,13,13,13,13,13,13,13,13,13,13,13,13,13,13,13,13,13,13,13,13,13
61bc29302bc46a14d2c8d441,6377f53869eba5164fc27375,SUNCOAST WAREHOUSE - NEW WAREHOUSE,DELIVERLOAD,True,89,89,89,89,89,89,89,89,89,89,89,89,89,89,89,89,89,89,89,89,89,89,89,89,89
61bc29302bc46a14d2c8d441,62b9caec065c2113a45f73b5,SUNCOR EDMONTON REGIONAL YARD,DELIVERLOAD,True,50,50,50,50,50,50,50,50,50,50,50,50,50,50,50,50,50,50,50,50,50,50,50,50,50
61bc29302bc46a14d2c8d441,660c63071e36632f1b3d10e8,SUNCOR ENERGY OILSANDS LTD. / MATERIAL CONTROL CENTER,DELIVERLOAD,True,62,62,62,62,62,62,62,62,62,62,62,62,62,62,62,62,62,62,62,62,62,62,62,62,62
61bc29302bc46a14d2c8d441,6452a5ed2646dc0488a7f4bd,SUNSHINE DOOR,DELIVERLOAD,False,55,55,55,55,55,55,55,55,55,55,55,55,55,55,55,55,55,55,55,55,55,55,55,55,55
61bc29302bc46a14d2c8d441,6452a5ed2646dc0488a7f4bd,SUNSHINE DOOR,DELIVERLOAD,True,60,60,60,60,60,60,60,60,60,60,60,60,60,60,60,60,60,60,60,60,60,60,60,60,60
61bc29302bc46a14d2c8d441,65a6e5236eeaed164ecf0df1,SUNWORKS FARMS,DELIVERLOAD,False,65,65,65,65,65,65,65,65,65,65,65,65,65,65,65,65,65,65,65,65,65,65,65,65,65
61bc29302bc46a14d2c8d441,65a6e5236eeaed164ecf0df1,SUNWORKS FARMS,DELIVERLOAD,True,152,152,152,152,152,152,152,152,152,152,152,152,152,152,152,152,152,152,152,152,152,152,152,152,152
61bc29302bc46a14d2c8d441,684b02742cd2a59b5f164a5d,SUPER 8 (WYNDHAM CALGARY) DAYCAB,HOOKCONTAINER,False,15,15,15,15,15,15,15,15,15,15,15,15,15,15,15,15,15,15,15,15,15,15,15,15,15
61bc29302bc46a14d2c8d441,62b9cb06bbb69c1418128f97,SUPERFORM PRODUCTS LTD,DELIVERLOAD,True,129,129,129,129,129,129,129,129,129,129,129,129,129,129,129,129,129,129,129,129,129,129,129,129,129
61bc29302bc46a14d2c8d441,6320c12c5f72e0162e31ccd2,SuperPoly,DELIVERLOAD,True,46,46,46,46,46,46,46,46,46,46,46,46,46,46,46,46,46,46,46,46,46,46,46,46,46
61bc29302bc46a14d2c8d441,6553fecaf31b031597cd1ef3,SUPREME SHIPPING CONTAINERS - EDMONTON MUST CALL 780-850-9866 BEFORE BRINGING EMPTY OVER,DELIVERLOAD,False,10,10,10,10,10,10,10,10,10,10,10,10,10,10,10,10,10,10,10,10,10,10,10,10,10
61bc29302bc46a14d2c8d441,6553fecaf31b031597cd1ef3,SUPREME SHIPPING CONTAINERS - EDMONTON MUST CALL 780-850-9866 BEFORE BRINGING EMPTY OVER,DELIVERLOAD,True,11,11,11,11,11,11,11,11,11,11,11,11,11,11,11,11,11,11,11,11,11,11,11,11,11
61bc29302bc46a14d2c8d441,6553fecaf31b031597cd1ef3,SUPREME SHIPPING CONTAINERS - EDMONTON MUST CALL 780-850-9866 BEFORE BRINGING EMPTY OVER,HOOKCONTAINER,False,32,32,32,32,32,32,32,32,32,32,32,32,32,32,32,32,32,32,32,32,32,32,32,32,32
61bc29302bc46a14d2c8d441,6553fecaf31b031597cd1ef3,SUPREME SHIPPING CONTAINERS - EDMONTON MUST CALL 780-850-9866 BEFORE BRINGING EMPTY OVER,RETURNCONTAINER,False,12,12,12,12,12,12,12,12,12,12,12,7,11,12,9,13,12,12,12,12,12,12,12,12,12
61bc29302bc46a14d2c8d441,62b9cb23065c2113a45f7416,SUPREME WETASKIWIN,DELIVERLOAD,True,60,60,60,60,60,60,60,60,60,60,60,60,60,60,60,60,60,60,60,60,60,60,60,60,60
61bc29302bc46a14d2c8d441,68502e9a80f81ce2cd896a6b,SUREWAY - EDM,DELIVERLOAD,True,45,45,45,45,45,45,45,45,45,45,45,45,45,45,45,45,45,45,45,45,45,45,45,45,45
61bc29302bc46a14d2c8d441,68938f82d559bd4fe26343e8,SUREWAY METAL SYSTEMS,DELIVERLOAD,True,60,60,60,60,60,60,60,60,60,60,60,60,60,60,60,60,60,60,60,60,60,60,60,60,60
61bc29302bc46a14d2c8d441,67e6b822ccc6271b3087d1ed,SWEET GOURMET,DELIVERLOAD,False,14,14,14,14,14,14,14,14,14,14,14,14,14,14,14,14,14,14,14,14,14,14,14,14,14
61bc29302bc46a14d2c8d441,685aee2e73e22f098f3ebe9d,SWITCH X WAREHOUSE,DELIVERLOAD,True,60,60,60,60,60,60,60,60,60,60,60,60,60,60,60,60,60,60,60,60,60,60,60,60,60
61bc29302bc46a14d2c8d441,62e6829c59f76d15e3ef1d7c,SYNNEX CANADA,DELIVERLOAD,False,76,76,76,76,76,76,76,76,76,76,76,76,76,76,76,76,76,76,76,76,76,76,76,76,76
61bc29302bc46a14d2c8d441,62e6829c59f76d15e3ef1d7c,SYNNEX CANADA,DELIVERLOAD,True,55,55,55,55,55,55,55,55,55,55,55,55,55,55,55,55,55,55,55,55,55,55,55,55,55
61bc29302bc46a14d2c8d441,62e6829c59f76d15e3ef1d7c,SYNNEX CANADA,HOOKCONTAINER,False,7,7,7,7,7,7,7,7,7,7,7,7,7,7,7,7,7,7,7,7,7,7,7,7,7
61bc29302bc46a14d2c8d441,6740dd8b4a7d7a0be695aacc,TA ALBERTA HYDRO LP,DELIVERLOAD,True,44,44,44,44,44,44,44,44,44,44,44,44,44,44,44,44,44,44,44,44,44,44,44,44,44
61bc29302bc46a14d2c8d441,639b4e5b2a7111160e3f4e00,Taber Home and Farm,DELIVERLOAD,True,60,60,60,60,60,60,60,60,60,60,60,60,60,60,60,60,60,60,60,60,60,60,60,60,60
61bc29302bc46a14d2c8d441,649200faebb02e168aef06c7,TAF INC,DELIVERLOAD,True,60,60,60,60,60,60,60,60,60,60,60,60,60,60,60,60,60,60,60,60,60,60,60,60,60
61bc29302bc46a14d2c8d441,660da696deab8613a3fc935c,TAIGA EDMONTON - 67ST,DELIVERLOAD,False,63,63,63,63,63,63,63,63,63,63,63,63,63,63,63,63,63,63,63,63,63,63,63,63,63
61bc29302bc46a14d2c8d441,660da696deab8613a3fc935c,TAIGA EDMONTON - 67ST,DELIVERLOAD,True,55,55,55,55,55,55,55,55,55,55,55,55,55,55,55,55,55,55,55,55,55,55,55,55,55
61bc29302bc46a14d2c8d441,62b9cc07bbb69c1418129199,TAIGA - LOWBOY CHASSIS,DELIVERLOAD,True,39,39,39,39,39,39,39,39,39,39,39,39,39,39,39,39,39,39,39,39,39,39,39,39,39
61bc29302bc46a14d2c8d441,65ca91491c915a8302b5484e,TAS REFRIGERATED DISTRIBUTION,DELIVERLOAD,True,60,60,60,60,60,60,60,60,60,60,60,60,60,60,60,60,60,60,60,60,60,60,60,60,60
61bc29302bc46a14d2c8d441,636bd1b931af6415b504fb8c,"TCI - 1221, UNIT 10",DELIVERLOAD,False,77,77,77,77,77,77,77,77,77,77,77,77,77,77,77,77,77,77,77,77,77,77,77,77,77
61bc29302bc46a14d2c8d441,636bd1b931af6415b504fb8c,"TCI - 1221, UNIT 10",DELIVERLOAD,True,57,57,57,57,57,57,57,57,57,57,57,57,57,57,57,57,57,57,57,57,57,57,57,57,57
61bc29302bc46a14d2c8d441,65204939b0c2fe1632f59820,TEAM AUCTION - EDMONTON,DELIVERLOAD,False,12,12,12,12,12,12,12,12,12,12,12,12,12,12,12,12,12,12,12,12,12,12,12,12,12
61bc29302bc46a14d2c8d441,65204939b0c2fe1632f59820,TEAM AUCTION - EDMONTON,DELIVERLOAD,True,130,130,130,130,130,130,130,130,130,130,130,130,130,130,130,130,130,130,130,130,130,130,130,130,130
61bc29302bc46a14d2c8d441,65204939b0c2fe1632f59820,TEAM AUCTION - EDMONTON,RETURNCONTAINER,False,29,29,29,29,29,29,29,29,29,29,29,29,29,29,29,29,29,29,29,29,29,29,29,29,29
61bc29302bc46a14d2c8d441,6790026dcfeaa1fb731dd568,TEAM AUCTION- FAIRVIEW,DELIVERLOAD,True,165,165,165,165,165,165,165,165,165,165,165,165,165,165,165,165,165,165,165,165,165,165,165,165,165
61bc29302bc46a14d2c8d441,62f67b9ab1ee8615f925b6ce,TEAM AUCTIONS,DELIVERLOAD,True,71,71,71,71,71,71,71,71,71,71,71,71,71,71,71,71,71,71,71,71,71,71,71,71,71
61bc29302bc46a14d2c8d441,678fe94c05551a6e5f10add7,TEAM AUCTIONS - TABER,DELIVERLOAD,True,60,60,60,60,60,60,60,60,60,60,60,60,60,60,60,60,60,60,60,60,60,60,60,60,60
61bc29302bc46a14d2c8d441,68a766fab78c177cdfc94e1b,TECH FRAMING INC,HOOKCONTAINER,False,79,79,79,79,79,79,79,79,79,79,79,79,79,79,79,79,79,79,79,79,79,79,79,79,79
61bc29302bc46a14d2c8d441,62ded85e44f8551615ebd507,TECH SEAL INT'L CANADA INC,DELIVERLOAD,True,43,43,43,43,43,43,43,43,43,43,43,43,43,43,43,43,43,43,43,43,43,43,43,43,43
61bc29302bc46a14d2c8d441,66db94a609c8b56419e94420,TECH-WOOD BUILDING COMPONENTS,DELIVERLOAD,True,60,60,60,60,60,60,60,60,60,60,60,60,60,60,60,60,60,60,60,60,60,60,60,60,60
61bc29302bc46a14d2c8d441,62b9cc5b8e534e13a135be5c,TELUS COMMUNICATIONS INC,DELIVERLOAD,True,111,111,111,111,111,111,111,111,111,111,111,111,111,111,111,111,111,111,111,111,111,111,111,111,111
61bc29302bc46a14d2c8d441,685c54aa55060948a14551b6,TENARIS CAMROSE,DELIVERLOAD,True,27,27,27,27,27,27,27,27,27,27,27,27,27,27,27,27,27,27,27,27,27,27,27,27,27
61bc29302bc46a14d2c8d441,62f2a6fe9c1eb71631eb6f70,TENARIS EDMONTON,DELIVERLOAD,True,61,61,61,61,61,61,61,61,61,61,61,61,61,61,61,61,61,61,61,61,61,61,61,61,61
61bc29302bc46a14d2c8d441,66a1148a0acc24bfa929ba0b,TENARIS EDMONTON #2,DELIVERLOAD,True,60,60,60,60,60,60,60,60,60,60,60,60,60,60,60,60,60,60,60,60,60,60,60,60,60
61bc29302bc46a14d2c8d441,62fc02f88b473a16093f8c82,TENARIS WEMBLEY,DELIVERLOAD,True,69,69,69,69,69,69,69,69,69,69,69,69,69,69,69,69,69,69,69,69,69,69,69,69,69
61bc29302bc46a14d2c8d441,662d1da81bea22c0f22ca243,TERRA IMPACT MANAGEMENT,DELIVERLOAD,True,60,60,60,60,60,60,60,60,60,60,60,60,60,60,60,60,60,60,60,60,60,60,60,60,60
61bc29302bc46a14d2c8d441,67d34d894de8b68da3ee1b05,THE 3RD ROCK RESOURCES,HOOKCONTAINER,False,7,7,7,7,7,7,7,7,7,7,7,7,7,7,7,7,7,7,7,7,7,7,7,7,7
61bc29302bc46a14d2c8d441,63224265021b70162990a076,The City of Calgary Landfills Spyhill,DELIVERLOAD,False,17,17,17,17,17,17,17,17,17,17,17,17,17,17,17,17,17,17,17,17,17,17,17,17,17
61bc29302bc46a14d2c8d441,6797b966830fcc25c6e4ad51,THERMO DESIGN ENGINEERING - 70AVE,DELIVERLOAD,True,42,42,42,42,42,42,42,42,42,42,42,42,42,42,42,42,42,42,42,42,42,42,42,42,42
61bc29302bc46a14d2c8d441,67d34c86777af2210512c15e,THE SASKATOON COLOSTRUM COMPANY,DELIVERLOAD,True,69,69,69,69,69,69,69,69,69,69,69,69,69,69,69,69,69,69,69,69,69,69,69,69,69
61bc29302bc46a14d2c8d441,67a64a115d8b85579973395c,THE SPA SPOT,HOOKCONTAINER,False,8,8,8,8,8,8,8,8,8,8,8,8,8,8,8,8,8,8,8,8,8,8,8,8,8
61bc29302bc46a14d2c8d441,62efeadba416a8160be7d583,THE TRUCK OUTFITTER INC,DELIVERLOAD,True,165,165,165,165,165,165,165,165,165,165,165,165,165,165,165,165,165,165,165,165,165,165,165,165,165
61bc29302bc46a14d2c8d441,682211380178bae304e505b3,THE TUNNELING COMPANY,DELIVERLOAD,False,17,17,17,17,17,17,17,17,17,17,17,17,17,17,17,17,17,17,17,17,17,17,17,17,17
61bc29302bc46a14d2c8d441,6835dec7a63d085e75f522a0,THOM'S FUNERAL HOME,DELIVERLOAD,True,60,60,60,60,60,60,60,60,60,60,60,60,60,60,60,60,60,60,60,60,60,60,60,60,60
61bc29302bc46a14d2c8d441,6835c204ba1ebe1a46d68d90,THREE QUEENS ENTERPRISES,HOOKCONTAINER,False,15,15,15,15,15,15,15,15,15,15,15,15,15,15,15,15,15,15,15,15,15,15,15,15,15
61bc29302bc46a14d2c8d441,67c9f780e54e709b7a951393,THUNDER MOUNTAIN WELDING,DELIVERLOAD,True,60,60,60,60,60,60,60,60,60,60,60,60,60,60,60,60,60,60,60,60,60,60,60,60,60
61bc29302bc46a14d2c8d441,672b815d3c582fabc13fc3ad,Thyssen Krupp / must be tarped or in Conestoga,DELIVERLOAD,True,20,20,20,20,20,20,20,20,20,20,20,20,20,20,20,20,20,20,20,20,20,20,20,20,20
61bc29302bc46a14d2c8d441,6571e7f9c11c761648b4104d,TIBEBE IMPORTS,DELIVERLOAD,False,19,19,19,19,19,19,19,19,19,19,19,19,19,19,19,19,19,19,19,19,19,19,19,19,19
61bc29302bc46a14d2c8d441,6571e7f9c11c761648b4104d,TIBEBE IMPORTS,HOOKCONTAINER,False,9,9,9,9,9,9,9,9,9,9,9,9,9,9,9,9,9,9,9,9,9,9,9,9,9
61bc29302bc46a14d2c8d441,62b9cd3b4d9e571379e0beb0,TIERRA SOL CERAMIC TILE (CONSIGNEE),DELIVERLOAD,False,38,38,38,38,38,38,38,38,38,38,38,38,38,38,38,38,38,38,38,38,38,38,38,38,38
61bc29302bc46a14d2c8d441,62b9cd3b4d9e571379e0beb0,TIERRA SOL CERAMIC TILE (CONSIGNEE),DELIVERLOAD,True,57,57,57,57,57,57,57,57,57,57,55,57,57,57,57,57,57,57,57,57,57,57,57,57,57
61bc29302bc46a14d2c8d441,66fec60325a5928657b126b7,TIGER-SUL * 23TX ONLY,DELIVERLOAD,True,60,60,60,60,60,60,60,60,60,60,60,60,60,60,60,60,60,60,60,60,60,60,60,60,60
61bc29302bc46a14d2c8d441,62b9cd5e4d9e571379e0bece,TILE AND STONE - MAIN WAREHOUSE,DELIVERLOAD,True,120,120,120,120,120,120,120,120,120,120,120,120,120,120,120,120,120,120,120,120,120,120,120,120,120
61bc29302bc46a14d2c8d441,62b9cd7f8e534e13a135bfe8,TIMBERTOWN BUILDING CENTRE LTD.,DELIVERLOAD,False,64,64,64,64,64,64,64,64,64,64,64,64,64,64,64,64,64,64,64,64,64,64,64,64,64
61bc29302bc46a14d2c8d441,62b9cd7f8e534e13a135bfe8,TIMBERTOWN BUILDING CENTRE LTD.,DELIVERLOAD,True,41,41,41,41,41,41,41,41,41,41,41,41,41,41,41,41,41,41,41,41,41,41,41,41,41
61bc29302bc46a14d2c8d441,65ce410dfd991e65272fd1c7,TIP - CALGARY,PULLCONTAINER,False,24,24,24,24,24,24,24,24,24,24,24,24,24,24,24,24,24,24,24,24,24,24,24,24,24
61bc29302bc46a14d2c8d441,62b9cd978e534e13a135c00a,TIPPET RICHARDSON,DELIVERLOAD,False,10,10,10,10,10,10,10,10,10,10,7,14,5,10,7,11,10,10,10,10,10,10,10,10,10
61bc29302bc46a14d2c8d441,62b9cd978e534e13a135c00a,TIPPET RICHARDSON,DELIVERLOAD,True,69,69,69,69,69,69,69,69,69,69,69,69,69,69,69,69,69,69,69,69,69,69,69,69,69
61bc29302bc46a14d2c8d441,62b9cd978e534e13a135c00a,TIPPET RICHARDSON,HOOKCONTAINER,False,13,13,13,13,13,13,13,13,13,13,27,31,10,13,16,13,27,13,13,13,13,13,13,13,13
61bc29302bc46a14d2c8d441,6435c379268ec6163ac818b5,TIP TRAILER,DELIVERLOAD,False,7,7,7,7,7,7,7,7,7,7,7,7,7,7,7,7,7,7,7,7,7,7,7,7,7
61bc29302bc46a14d2c8d441,65984406f95a94169018e58d,TIRECRAFT - EDMONTON,DELIVERLOAD,False,11,11,11,11,11,11,11,11,11,11,11,11,11,11,11,11,11,11,11,11,11,11,11,11,11
61bc29302bc46a14d2c8d441,65984406f95a94169018e58d,TIRECRAFT - EDMONTON,HOOKCONTAINER,False,8,8,8,8,8,8,8,8,8,8,8,8,8,8,8,8,8,8,8,8,8,8,8,8,8
61bc29302bc46a14d2c8d441,686ff5a36368b2279b23d397,Tirecraft Grande Prairie,DELIVERLOAD,False,85,85,85,85,85,85,85,85,85,85,85,85,85,85,85,85,85,85,85,85,85,85,85,85,85
61bc29302bc46a14d2c8d441,686ff5a36368b2279b23d397,Tirecraft Grande Prairie,DELIVERLOAD,True,107,107,107,107,107,107,107,107,107,107,107,107,107,107,107,107,107,107,107,107,107,107,107,107,107
61bc29302bc46a14d2c8d441,660ef575decd843ab0212f48,TIRE STAR LTD - CALGARY,DELIVERLOAD,False,18,18,18,18,18,18,18,18,18,18,18,18,18,18,18,18,18,18,18,18,18,18,18,18,18
61bc29302bc46a14d2c8d441,660ef575decd843ab0212f48,TIRE STAR LTD - CALGARY,HOOKCONTAINER,False,36,36,36,36,36,36,36,36,36,36,36,36,36,36,36,36,36,36,36,36,36,36,36,36,36
61bc29302bc46a14d2c8d441,62e6e53329da9c161303b3f9,TITAN ENVIRONMENTAL CONTAINMENT,DELIVERLOAD,False,11,11,11,11,11,11,11,11,11,11,11,11,11,11,11,11,11,11,11,11,11,11,11,11,11
61bc29302bc46a14d2c8d441,62e6e53329da9c161303b3f9,TITAN ENVIRONMENTAL CONTAINMENT,DELIVERLOAD,True,60,60,60,60,60,60,60,60,60,60,60,60,60,60,60,60,60,60,60,60,60,60,60,60,60
61bc29302bc46a14d2c8d441,62e6e53329da9c161303b3f9,TITAN ENVIRONMENTAL CONTAINMENT,HOOKCONTAINER,False,10,10,10,10,10,10,10,10,10,10,10,10,10,10,10,10,10,10,10,10,10,10,10,10,10
61bc29302bc46a14d2c8d441,62b9cdbf8e534e13a135c05f,TITAN FLOW PRODUCTS,DELIVERLOAD,False,48,48,48,48,48,48,48,48,48,48,48,48,48,48,48,48,48,48,48,48,48,48,48,48,48
61bc29302bc46a14d2c8d441,62b9cdbf8e534e13a135c05f,TITAN FLOW PRODUCTS,DELIVERLOAD,True,55,55,55,55,55,55,55,55,55,55,55,55,55,55,55,55,55,55,55,55,55,55,55,55,55
61bc29302bc46a14d2c8d441,64555b7e8bd5f515e3404ab9,TITANIUM TUBING TECHNOLOGY LTD LLOYD OPERATIONS,DELIVERLOAD,True,66,66,66,66,66,66,66,66,66,66,66,66,66,66,66,66,66,66,66,66,66,66,66,66,66
61bc29302bc46a14d2c8d441,63a334c24b59811618a46fb6,TITAN SUPPLY  DOOR 2,DELIVERLOAD,True,45,45,45,45,45,45,45,45,45,45,45,45,45,45,45,45,45,45,45,45,45,45,45,45,45
61bc29302bc46a14d2c8d441,67a651edcf51112e616c8e1d,TKI CANADA,HOOKCONTAINER,False,25,25,25,25,25,25,25,25,25,25,25,25,25,25,25,25,25,25,25,25,25,25,25,25,25
61bc29302bc46a14d2c8d441,62b9cbd0bbb69c141812914e,T-LANE EDM WAREHOUSE,DELIVERLOAD,False,5,5,5,5,5,5,5,5,5,5,5,5,5,5,5,5,5,5,5,5,5,5,5,5,5
61bc29302bc46a14d2c8d441,62b9cbd0bbb69c141812914e,T-LANE EDM WAREHOUSE,DELIVERLOAD,True,138,138,138,138,138,138,138,138,138,138,138,138,138,138,138,138,138,138,138,138,138,138,138,138,138
61bc29302bc46a14d2c8d441,62b9cbd0bbb69c141812914e,T-LANE EDM WAREHOUSE,HOOKCONTAINER,False,12,12,12,12,12,12,12,12,12,12,12,12,5,12,12,12,12,6,12,12,12,12,12,12,12
61bc29302bc46a14d2c8d441,687a7e7d4aac1519eda0773e,TOMAS CHYLE - PRIVATE RESIDENCE,DELIVERLOAD,False,28,28,28,28,28,28,28,28,28,28,28,28,28,28,28,28,28,28,28,28,28,28,28,28,28
61bc29302bc46a14d2c8d441,687a7e7d4aac1519eda0773e,TOMAS CHYLE - PRIVATE RESIDENCE,HOOKCONTAINER,False,29,29,29,29,29,29,29,29,29,29,29,29,29,29,29,29,29,29,29,29,29,29,29,29,29
61bc29302bc46a14d2c8d441,663a369748a9dc4f1ceaa453,Topco Oilsite Products,DELIVERLOAD,False,17,17,17,17,17,17,17,17,17,17,17,17,17,17,17,17,17,17,17,17,17,17,17,17,17
61bc29302bc46a14d2c8d441,641a089868fc9915cf9014e2,TOPMADE ENTERPRISES LTD,DELIVERLOAD,True,126,126,126,126,126,126,126,126,126,126,126,126,126,126,126,126,126,126,126,126,126,126,126,126,126
61bc29302bc46a14d2c8d441,67fec5af82df87a577100f53,TORNADO COMBUSTION TECHNOLOGIES INC,DELIVERLOAD,True,41,41,41,41,41,41,41,41,41,41,41,41,41,41,41,41,41,41,41,41,41,41,41,41,41
61bc29302bc46a14d2c8d441,635036430025ec15cae49833,TORNADO GLOBAL HYDROVACS,DELIVERLOAD,False,51,51,51,51,51,51,51,51,51,51,51,49,51,51,51,51,51,51,51,51,51,51,51,51,51
61bc29302bc46a14d2c8d441,635036430025ec15cae49833,TORNADO GLOBAL HYDROVACS,DELIVERLOAD,True,73,73,73,73,73,73,73,73,115,78,75,46,147,56,56,73,73,73,73,73,73,73,73,73,73
61bc29302bc46a14d2c8d441,661e8f688e15ec65bcb5a413,TOTAL CART - APPT REQ'D,DELIVERLOAD,True,64,64,64,64,64,64,64,64,64,64,64,64,64,64,64,64,64,64,64,64,64,64,64,64,64
61bc29302bc46a14d2c8d441,62f26f0daeb87b164e64c50d,TOTAL TIRE - KAL TIRE EDM ELENIAK ROAD,DELIVERLOAD,False,4,4,4,4,4,4,4,4,4,13,4,2,4,4,4,4,4,4,4,4,4,4,4,4,4
61bc29302bc46a14d2c8d441,62f26f0daeb87b164e64c50d,TOTAL TIRE - KAL TIRE EDM ELENIAK ROAD,HOOKCONTAINER,False,7,7,7,7,7,7,7,7,7,7,7,7,7,7,7,7,7,7,7,7,7,7,7,7,7
61bc29302bc46a14d2c8d441,62b9ce8a8e534e13a135c19b,TOTAL TIRE WHSE,DELIVERLOAD,False,8,8,8,8,8,8,8,8,8,8,8,8,8,8,8,8,8,8,8,8,8,8,8,8,8
61bc29302bc46a14d2c8d441,62b9ce8a8e534e13a135c19b,TOTAL TIRE WHSE,HOOKCONTAINER,False,11,11,11,11,11,11,11,11,11,11,11,11,11,11,11,11,11,11,11,11,11,11,11,11,11
61bc29302bc46a14d2c8d441,643453879af40a164885470c,TOTAL TRANSLOAD SERVICES,DELIVERLOAD,False,67,67,67,67,67,67,67,67,67,67,67,67,67,67,67,67,40,67,67,67,67,67,67,67,67
61bc29302bc46a14d2c8d441,643453879af40a164885470c,TOTAL TRANSLOAD SERVICES,DELIVERLOAD,True,67,67,67,67,67,67,67,67,67,41,117,68,77,67,67,54,55,73,67,67,67,67,67,67,67
61bc29302bc46a14d2c8d441,645bafbd29153015f98b0ca9,TRADESPACE,DELIVERLOAD,True,74,74,74,74,74,74,74,74,74,74,74,74,74,74,74,74,74,74,74,74,74,74,74,74,74
61bc29302bc46a14d2c8d441,645bafbd29153015f98b0ca9,TRADESPACE,HOOKCONTAINER,False,30,30,30,30,30,30,30,30,30,30,30,30,30,30,30,30,30,30,30,30,30,30,30,30,30
61bc29302bc46a14d2c8d441,62b9ceb64d9e571379e0c0c7,TRADEX SUPPLY,DELIVERLOAD,False,13,13,13,13,13,13,13,13,13,20,13,13,13,13,13,13,13,13,13,13,13,13,13,13,13
61bc29302bc46a14d2c8d441,62b9ceb64d9e571379e0c0c7,TRADEX SUPPLY,HOOKCONTAINER,False,14,14,14,14,14,14,14,14,14,14,14,14,14,14,14,14,14,14,14,14,14,14,14,14,14
61bc29302bc46a14d2c8d441,62e81a4a2a7ede15e051d832,TRAIL TIRE DISTRIBUTORS / KIRKS TIRE,DELIVERLOAD,False,8,8,8,8,8,8,8,8,8,8,8,8,8,8,8,8,8,8,8,8,8,8,8,8,8
61bc29302bc46a14d2c8d441,62e81a4a2a7ede15e051d832,TRAIL TIRE DISTRIBUTORS / KIRKS TIRE,HOOKCONTAINER,False,7,7,7,7,7,7,7,7,7,7,7,7,7,7,7,7,7,7,7,7,7,7,7,7,7
61bc29302bc46a14d2c8d441,64beab5adb491515f16e8dcd,TRAIL TIRE OTHER WAREHOUSE,DELIVERLOAD,False,20,20,20,20,20,20,20,20,20,20,20,20,20,20,20,20,20,20,20,20,20,20,20,20,20
61bc29302bc46a14d2c8d441,64beab5adb491515f16e8dcd,TRAIL TIRE OTHER WAREHOUSE,HOOKCONTAINER,False,35,35,35,35,35,35,35,35,35,35,35,35,35,35,35,35,35,35,35,35,35,35,35,35,35
61bc29302bc46a14d2c8d441,66902df20aae2381b5ac870f,TRAIL TIRE SATELLITE WAREHOUSE - DOOR 7,DELIVERLOAD,False,7,7,7,7,7,7,7,7,7,7,7,7,7,7,7,7,7,7,7,7,7,7,7,7,7
61bc29302bc46a14d2c8d441,66902df20aae2381b5ac870f,TRAIL TIRE SATELLITE WAREHOUSE - DOOR 7,HOOKCONTAINER,False,13,13,13,13,13,13,13,13,13,13,13,13,13,13,13,13,13,13,13,13,13,13,13,13,13
61bc29302bc46a14d2c8d441,6836028f91f853b0bec09955,TRANSCOLD DISTRIBUTION - UNIT# 18,DELIVERLOAD,False,6,6,6,6,6,6,6,6,6,6,6,6,6,6,6,6,6,6,6,6,6,6,6,6,6
61bc29302bc46a14d2c8d441,6836028f91f853b0bec09955,TRANSCOLD DISTRIBUTION - UNIT# 18,DELIVERLOAD,True,60,60,60,60,60,60,60,60,60,60,60,60,60,60,60,60,60,60,60,60,60,60,60,60,60
61bc29302bc46a14d2c8d441,6836028f91f853b0bec09955,TRANSCOLD DISTRIBUTION - UNIT# 18,HOOKCONTAINER,False,4,4,4,4,4,4,4,4,4,4,4,4,4,4,4,4,4,4,4,4,4,4,4,4,4
61bc29302bc46a14d2c8d441,68befd5be8cbb8b6587c3ac0,TRANSLOAD LOGISTICS,DELIVERLOAD,True,53,53,53,53,53,53,53,53,53,53,53,53,53,53,53,53,53,53,53,53,53,53,53,53,53
61bc29302bc46a14d2c8d441,6643c633f46e2c25ba6ae32a,TRANSLOAD LOGISTICS CORP.,DELIVERLOAD,False,16,16,16,16,16,16,16,16,16,16,16,16,16,16,16,16,16,16,16,16,16,16,16,16,16
61bc29302bc46a14d2c8d441,6643c633f46e2c25ba6ae32a,TRANSLOAD LOGISTICS CORP.,HOOKCONTAINER,False,22,22,22,22,22,22,22,22,22,22,22,22,22,22,22,22,22,22,22,22,22,22,22,22,22
61bc29302bc46a14d2c8d441,6794046fe55b3f8dfcf80b0e,TREECO - NEW ADDRESS,DELIVERLOAD,True,132,132,132,132,132,132,132,132,132,132,132,132,132,132,132,132,132,132,132,132,132,132,132,132,132
61bc29302bc46a14d2c8d441,66573b4911c779c6a3eeb115,Tree Of Life Canada ULC (CONSIGNEE),DELIVERLOAD,False,11,11,11,11,11,11,11,11,11,11,11,11,11,11,11,11,11,11,11,11,11,11,11,11,11
61bc29302bc46a14d2c8d441,66573b4911c779c6a3eeb115,Tree Of Life Canada ULC (CONSIGNEE),DELIVERLOAD,True,52,52,52,52,52,52,52,52,52,52,52,52,52,52,52,52,52,52,52,52,52,52,52,52,52
61bc29302bc46a14d2c8d441,66573b4911c779c6a3eeb115,Tree Of Life Canada ULC (CONSIGNEE),HOOKCONTAINER,False,19,19,19,19,19,19,19,19,19,19,19,17,19,19,19,19,19,19,19,19,19,19,19,19,19
61bc29302bc46a14d2c8d441,62b9d04f065c2113a45f7bb4,TREK EDMONTON,DELIVERLOAD,True,98,98,98,98,98,98,98,98,98,98,98,98,98,98,98,98,98,98,98,98,98,98,98,98,98
61bc29302bc46a14d2c8d441,657872c22335b61658eb2ec9,TRENTON COLD STORAGE,DELIVERLOAD,False,45,45,45,45,45,45,45,45,45,45,45,45,45,45,45,45,45,45,45,45,45,45,45,45,45
61bc29302bc46a14d2c8d441,62b9d064065c2113a45f7bd0,TRENTON COLD STORAGE INC,DELIVERLOAD,False,17,17,17,17,17,17,17,17,17,17,17,17,17,17,17,17,17,17,17,17,17,17,17,17,17
61bc29302bc46a14d2c8d441,62b9d064065c2113a45f7bd0,TRENTON COLD STORAGE INC,HOOKCONTAINER,False,59,59,59,59,59,59,59,59,59,59,59,59,59,59,59,59,59,59,59,59,59,59,59,59,59
61bc29302bc46a14d2c8d441,64c7f80c5514e2160a823d72,TRIANGLE SUPPLY LTD.,DELIVERLOAD,False,17,17,17,17,17,17,17,17,17,17,17,17,17,17,17,17,17,17,17,17,17,17,17,17,17
61bc29302bc46a14d2c8d441,64c7f80c5514e2160a823d72,TRIANGLE SUPPLY LTD.,DELIVERLOAD,True,60,60,60,60,60,60,60,60,60,60,60,60,60,60,60,60,60,60,60,60,60,60,60,60,60
61bc29302bc46a14d2c8d441,6879635665176555b4a20ada,Triple Eagle Logistics,DELIVERLOAD,False,6,6,6,6,6,6,6,6,6,6,6,6,6,6,6,6,6,6,6,6,6,6,6,6,6
61bc29302bc46a14d2c8d441,6879635665176555b4a20ada,Triple Eagle Logistics,HOOKCONTAINER,False,13,13,13,13,13,13,13,13,13,13,13,13,13,13,13,13,13,13,13,13,13,13,13,13,13
61bc29302bc46a14d2c8d441,6630013f325d8280bb60bbcc,TRIPLE M HOUSING,DELIVERLOAD,True,173,173,173,173,173,173,173,173,173,173,173,173,173,173,173,173,173,173,173,173,173,173,173,173,173
61bc29302bc46a14d2c8d441,63a0c71c966d4c15b9699519,TRIPLE-S-TUBE,DELIVERLOAD,True,21,21,21,21,21,21,21,21,21,21,21,21,21,21,21,21,21,21,21,21,21,21,21,21,21
61bc29302bc46a14d2c8d441,62b9d0f0bbb69c141812993d,TROUW NUTRITION SHERWOOD,DELIVERLOAD,True,60,60,60,60,60,60,60,60,60,60,60,60,60,60,60,60,60,60,60,60,60,60,60,60,60
61bc29302bc46a14d2c8d441,6894eac8ccfcdb9532f3e025,TRUEFAST,DELIVERLOAD,False,8,8,8,8,8,8,8,8,8,8,8,8,8,8,8,8,8,8,8,8,8,8,8,8,8
61bc29302bc46a14d2c8d441,6894eac8ccfcdb9532f3e025,TRUEFAST,DELIVERLOAD,True,72,72,72,72,72,72,72,72,72,72,72,72,72,72,72,72,72,72,72,72,72,72,72,72,72
61bc29302bc46a14d2c8d441,65e1fc9df1cf82959e762401,TUBOSCOPE NISKU,DELIVERLOAD,True,76,76,76,76,76,76,76,76,76,76,76,76,76,76,76,76,76,76,76,76,76,76,76,76,76
61bc29302bc46a14d2c8d441,643da32d17653515d7b77500,TURPLE BROS LTD,DELIVERLOAD,True,32,32,32,32,32,32,32,32,32,32,32,32,32,32,32,32,32,32,32,32,32,32,32,32,32
61bc29302bc46a14d2c8d441,640b926cd1d9901610cc0364,TVC COMMUNICATIONS - UNIT# 130,DELIVERLOAD,True,51,51,51,51,51,51,51,51,51,51,51,51,51,51,51,51,51,51,51,51,51,51,51,51,51
61bc29302bc46a14d2c8d441,62b9d11c4d9e571379e0c4c6,TW DISTRIBUTION #124,DELIVERLOAD,False,38,38,38,38,38,38,38,38,38,67,38,46,38,33,40,37,29,38,38,38,38,38,38,38,38
61bc29302bc46a14d2c8d441,62b9d11c4d9e571379e0c4c6,TW DISTRIBUTION #124,DELIVERLOAD,True,39,39,39,39,39,39,39,39,39,39,39,39,39,39,39,39,35,39,39,39,39,39,39,39,39
61bc29302bc46a14d2c8d441,62b9d135065c2113a45f7d25,TWD LAWN & GARDEN PRODUCTS,DELIVERLOAD,False,13,13,13,13,13,13,13,13,13,13,13,13,13,13,13,13,13,13,13,13,13,13,13,13,13
61bc29302bc46a14d2c8d441,62b9d135065c2113a45f7d25,TWD LAWN & GARDEN PRODUCTS,HOOKCONTAINER,False,23,23,23,23,23,23,23,23,23,23,23,23,23,23,23,23,30,23,23,23,23,23,23,23,23
61bc29302bc46a14d2c8d441,678155e087750fc394eb715e,TWIGLIGHT COLONY,DELIVERLOAD,True,81,81,81,81,81,81,81,81,81,81,81,81,81,81,81,81,81,81,81,81,81,81,81,81,81
61bc29302bc46a14d2c8d441,67b7752eac47da06b2706bda,Tyalta Industries Inc,DELIVERLOAD,False,37,37,37,37,37,37,37,37,37,37,37,37,37,37,37,37,37,37,37,37,37,37,37,37,37
61bc29302bc46a14d2c8d441,67b7752eac47da06b2706bda,Tyalta Industries Inc,HOOKCONTAINER,False,61,61,61,61,61,61,61,61,61,61,61,61,61,61,61,61,61,61,61,61,61,61,61,61,61
61bc29302bc46a14d2c8d441,64c7f6a8d21904158c73acae,UFA EDMONTON,DELIVERLOAD,False,63,63,63,63,63,63,63,63,162,69,51,102,75,63,61,47,77,63,63,63,63,63,63,63,63
61bc29302bc46a14d2c8d441,64c7f6a8d21904158c73acae,UFA EDMONTON,DELIVERLOAD,True,67,67,67,67,67,67,67,67,94,67,67,67,88,56,93,67,67,67,67,67,67,67,67,67,67
61bc29302bc46a14d2c8d441,64c7f6a8d21904158c73acae,UFA EDMONTON,HOOKCONTAINER,False,35,35,35,35,35,35,35,35,35,35,35,35,35,35,35,35,35,35,35,35,35,35,35,35,35
61bc29302bc46a14d2c8d441,6877d3adcf78cf61e82dd485,U-HAUL NEIGHBOURHOOD,DELIVERLOAD,False,17,17,17,17,17,17,17,17,17,17,17,17,17,17,17,17,17,17,17,17,17,17,17,17,17
61bc29302bc46a14d2c8d441,6617f07eafec330a91870562,ULF HOLDINGS INC - MOUNT LAWN ROAD,DELIVERLOAD,False,21,21,21,21,21,21,21,21,21,21,21,21,21,21,21,21,21,21,21,21,21,21,21,21,21
61bc29302bc46a14d2c8d441,6617f07eafec330a91870562,ULF HOLDINGS INC - MOUNT LAWN ROAD,HOOKCONTAINER,False,3,3,3,3,3,3,3,3,3,3,3,3,3,3,3,3,3,3,3,3,3,3,3,3,3
61bc29302bc46a14d2c8d441,62bdf76edb1ecc59eff8a6fc,UMAC CARGO - ROCKVIEW (DAY CAB ONLY),DELIVERLOAD,False,12,12,12,12,12,12,12,12,12,12,12,19,12,12,10,12,12,26,12,12,12,12,12,12,12
61bc29302bc46a14d2c8d441,62bdf76edb1ecc59eff8a6fc,UMAC CARGO - ROCKVIEW (DAY CAB ONLY),DELIVERLOAD,True,106,106,106,106,106,106,106,106,106,106,106,106,106,106,106,106,106,106,106,106,106,106,106,106,106
61bc29302bc46a14d2c8d441,62bdf76edb1ecc59eff8a6fc,UMAC CARGO - ROCKVIEW (DAY CAB ONLY),HOOKCONTAINER,False,23,23,23,23,23,23,23,23,23,23,23,23,23,23,23,22,22,23,23,23,23,23,23,23,23
61bc29302bc46a14d2c8d441,6339ffca61e39615da562da4,UMICORE,DELIVERLOAD,True,173,173,173,173,173,173,173,173,173,173,173,173,173,173,173,173,173,173,173,173,173,173,173,173,173
61bc29302bc46a14d2c8d441,62cddc6a1fb87e1396584481,UNCLE WEINER'S,HOOKCONTAINER,False,15,15,15,15,15,15,15,15,15,15,15,15,15,15,15,15,15,15,15,15,15,15,15,15,15
61bc29302bc46a14d2c8d441,62cddc6a1fb87e1396584481,UNCLE WEINER'S,RETURNCONTAINER,False,18,18,18,18,18,18,18,18,18,18,18,18,18,18,18,18,18,18,18,18,18,18,18,18,18
61bc29302bc46a14d2c8d441,67a4d66d8d49e4f2b1d8b03c,UNIPAC PACKAGING PRODUCTS LTD,DELIVERLOAD,True,46,46,46,46,46,46,46,46,46,46,46,46,46,46,46,46,46,46,46,46,46,46,46,46,46
61bc29302bc46a14d2c8d441,63a4d671a241fa15c311c2b0,UNITED RENTALS AJ4 - CALL 30 MIN AHEAD 587-315-0050,RETURNCONTAINER,False,8,8,8,8,8,8,8,8,8,8,8,8,8,8,8,8,8,8,8,8,8,8,8,8,8
61bc29302bc46a14d2c8d441,631a6083b43b7415eda05ead,UNITED RENTALS - AJ6 CALL AHEAD 780-800-5625,RETURNCONTAINER,False,13,13,13,13,13,13,13,13,13,13,13,13,13,13,13,13,13,13,13,13,13,13,13,13,13
61bc29302bc46a14d2c8d441,680bb0a682480561d079cbd5,UPCLOUD AL02 - UNIT# 1,DELIVERLOAD,False,8,8,8,8,8,8,8,8,8,8,8,8,8,8,8,8,8,8,8,8,8,8,8,8,8
61bc29302bc46a14d2c8d441,680bb0a682480561d079cbd5,UPCLOUD AL02 - UNIT# 1,HOOKCONTAINER,False,33,33,33,33,33,33,33,33,33,33,33,33,33,33,33,33,33,33,33,33,33,33,33,33,33
61bc29302bc46a14d2c8d441,62b9d25d8e534e13a135c6bb,UPPER CANADA FOREST,DELIVERLOAD,False,13,13,13,13,13,13,13,13,13,13,13,13,13,13,13,13,13,13,13,13,13,13,13,13,13
61bc29302bc46a14d2c8d441,62b9d25d8e534e13a135c6bb,UPPER CANADA FOREST,HOOKCONTAINER,False,16,16,16,16,16,16,16,16,16,16,16,16,16,16,16,16,16,16,16,16,16,16,16,16,16
61bc29302bc46a14d2c8d441,684b174e3545505662ec08f9,UPS SCS,DELIVERLOAD,False,82,82,82,82,82,82,82,82,82,82,82,82,82,82,82,82,82,82,82,82,82,82,82,82,82
61bc29302bc46a14d2c8d441,62ec0738e9e73e15e4b47130,U TECHNOLOGY CORPORATION,DELIVERLOAD,False,5,5,5,5,5,5,5,5,5,5,5,5,5,5,5,5,5,5,5,5,5,5,5,5,5
61bc29302bc46a14d2c8d441,62ec0738e9e73e15e4b47130,U TECHNOLOGY CORPORATION,HOOKCONTAINER,False,11,11,11,11,11,11,11,11,11,11,11,11,11,11,11,11,11,11,11,11,11,11,11,11,11
61bc29302bc46a14d2c8d441,675772e574a501c0a8d9409c,VANGENDEREN CANADA INC,DELIVERLOAD,False,7,7,7,7,7,7,7,7,7,16,6,7,3,6,7,7,7,8,7,7,7,7,7,7,7
61bc29302bc46a14d2c8d441,675772e574a501c0a8d9409c,VANGENDEREN CANADA INC,HOOKCONTAINER,False,12,12,12,12,12,12,12,12,12,17,12,12,6,6,70,12,7,12,12,12,12,12,12,12,12
61bc29302bc46a14d2c8d441,672e677b855b7a158b7aa8aa,VANGUARD STEEL LTD,DELIVERLOAD,True,72,72,72,72,72,72,72,72,72,72,72,72,72,72,72,72,72,72,72,72,72,72,72,72,72
61bc29302bc46a14d2c8d441,62eef9eee9e73e15e4b74370,VAN LEEUWEN - CONSIGNEE,DELIVERLOAD,True,56,56,56,56,56,56,56,56,56,56,56,56,56,56,56,56,56,56,56,56,56,56,56,56,56
61bc29302bc46a14d2c8d441,63697525a8c15515b10e03fe,VANTAGE MARKETING,DELIVERLOAD,False,7,7,7,7,7,7,7,7,7,7,7,7,7,7,7,7,7,7,7,7,7,7,7,7,7
61bc29302bc46a14d2c8d441,63697525a8c15515b10e03fe,VANTAGE MARKETING,HOOKCONTAINER,False,13,13,13,13,13,13,13,13,13,13,13,13,13,13,13,13,13,13,13,13,13,13,13,13,13
61bc29302bc46a14d2c8d441,6374310aaceb0315defdc107,VARIPERM LEDUC,DELIVERLOAD,True,71,71,71,71,71,71,71,71,71,71,71,71,71,71,71,71,71,71,71,71,71,71,71,71,71
61bc29302bc46a14d2c8d441,62e2f88563ea5e10f6ef82fe,VARSTEEL LEDUC,DELIVERLOAD,True,135,135,135,135,135,135,135,135,135,135,135,135,135,135,135,135,135,135,135,135,135,135,135,135,135
61bc29302bc46a14d2c8d441,62b9d33abbb69c1418129c10,VARSTEEL LETHBRDIGE,DELIVERLOAD,False,17,17,17,17,17,17,17,17,17,17,17,17,17,17,17,17,17,17,17,17,17,17,17,17,17
61bc29302bc46a14d2c8d441,62b9d33abbb69c1418129c10,VARSTEEL LETHBRDIGE,DELIVERLOAD,True,60,60,60,60,60,60,60,60,60,60,60,60,60,60,60,60,60,60,60,60,60,60,60,60,60
61bc29302bc46a14d2c8d441,62dae64e4074c27c83151510,VARSTEEL LTD,DELIVERLOAD,True,121,121,121,121,121,121,121,121,121,121,121,121,121,121,121,121,121,121,121,121,121,121,121,121,121
61bc29302bc46a14d2c8d441,62b9d36ebbb69c1418129c62,VARSTEEL LTD CALGARY,DELIVERLOAD,False,76,76,76,76,76,76,76,76,76,76,76,76,76,76,76,76,76,76,76,76,76,76,76,76,76
61bc29302bc46a14d2c8d441,62b9d36ebbb69c1418129c62,VARSTEEL LTD CALGARY,HOOKCONTAINER,False,18,18,18,18,18,18,18,18,18,18,18,18,18,18,18,18,18,18,18,18,18,18,18,18,18
61bc29302bc46a14d2c8d441,63d02d8e7c30401600946abd,VDM Grande Prairie,DELIVERLOAD,True,15,15,15,15,15,15,15,15,15,15,15,15,15,15,15,15,15,15,15,15,15,15,15,15,15
61bc29302bc46a14d2c8d441,638639345e92901626e709a9,VDM TRUCKING - NISKU,DELIVERLOAD,True,36,36,36,36,36,36,36,36,36,36,23,36,36,36,36,36,36,36,36,36,36,36,36,36,36
61bc29302bc46a14d2c8d441,6601f1121e391c935656cad5,VERMEER DAIRY LTD,DELIVERLOAD,False,82,82,82,82,82,82,82,82,82,82,82,82,82,82,82,82,82,82,82,82,82,82,82,82,82
61bc29302bc46a14d2c8d441,6601f1121e391c935656cad5,VERMEER DAIRY LTD,DELIVERLOAD,True,59,59,59,59,59,59,59,59,59,59,59,59,59,59,59,59,59,59,59,59,59,59,59,59,59
61bc29302bc46a14d2c8d441,6357047d079c3a159f60999e,VERSACOLD - EDM,DELIVERLOAD,False,36,36,36,36,36,36,36,36,36,36,36,36,36,36,36,36,36,36,36,36,36,36,36,36,36
61bc29302bc46a14d2c8d441,6357047d079c3a159f60999e,VERSACOLD - EDM,HOOKCONTAINER,False,27,27,27,27,27,27,27,27,27,27,27,27,27,27,27,27,27,27,27,27,27,27,27,27,27
61bc29302bc46a14d2c8d441,65d8bbf96270cd75c7e2b2bb,VERSACOLD - EDM #2,DELIVERLOAD,False,13,13,13,13,13,13,13,13,13,13,13,13,13,13,13,13,13,13,13,13,13,13,13,13,13
61bc29302bc46a14d2c8d441,65d8bbf96270cd75c7e2b2bb,VERSACOLD - EDM #2,HOOKCONTAINER,False,58,58,58,58,58,58,58,58,58,58,58,58,58,58,58,58,58,58,58,58,58,58,58,58,58
61bc29302bc46a14d2c8d441,6830967d04d4793d1d4f0c02,Vertical Crane,DELIVERLOAD,False,5,5,5,5,5,5,5,5,5,5,5,5,5,5,5,5,5,5,5,5,5,5,5,5,5
61bc29302bc46a14d2c8d441,6830967d04d4793d1d4f0c02,Vertical Crane,HOOKCONTAINER,False,39,39,39,39,39,39,39,39,39,39,39,39,39,39,39,39,39,39,39,39,39,39,39,39,39
61bc29302bc46a14d2c8d441,67994abc08e1bcef32e6da4b,Vesseris (UNIT 150),HOOKCONTAINER,False,31,31,31,31,31,31,31,31,31,31,31,31,31,31,31,31,31,31,31,31,31,31,31,31,31
61bc29302bc46a14d2c8d441,67b662c8b15b014b556d8b93,VESTAS CANADIAN WIND TECHNOLOGY C/O,DELIVERLOAD,True,159,159,159,159,159,159,159,159,159,159,159,159,159,159,159,159,159,159,159,159,159,159,159,159,159
61bc29302bc46a14d2c8d441,67d1be5fffe894bdc5057331,VIACORE SOLUTIONS INC,DELIVERLOAD,False,25,25,25,25,25,25,25,25,25,25,25,25,25,25,25,25,25,25,25,25,25,25,25,25,25
61bc29302bc46a14d2c8d441,67d1be5fffe894bdc5057331,VIACORE SOLUTIONS INC,HOOKCONTAINER,False,13,13,13,13,13,13,13,13,13,13,13,13,13,13,13,13,13,13,13,13,13,13,13,13,13
61bc29302bc46a14d2c8d441,62f80b15685202150774b30d,VICOSTONE,DELIVERLOAD,False,8,8,8,8,8,8,8,8,8,8,9,8,8,8,8,8,8,8,8,8,8,8,8,8,8
61bc29302bc46a14d2c8d441,62f80b15685202150774b30d,VICOSTONE,HOOKCONTAINER,False,17,17,17,17,17,17,17,17,17,17,14,17,22,17,17,17,17,17,17,17,17,17,17,17,17
61bc29302bc46a14d2c8d441,63d2bc0e0d648916479227c2,VITERRA - BTRAINS,DELIVERLOAD,True,121,121,121,121,121,121,121,121,121,121,121,224,107,121,121,121,121,121,121,121,121,121,121,121,121
61bc29302bc46a14d2c8d441,62ae104fa6185d78363b68be,VITERRA - MUST USE TUNNEL CHASSIS,DELIVERLOAD,False,61,61,61,61,61,61,61,61,61,61,61,61,61,61,61,61,61,61,61,61,61,61,61,61,61
61bc29302bc46a14d2c8d441,62ae104fa6185d78363b68be,VITERRA - MUST USE TUNNEL CHASSIS,DELIVERLOAD,True,68,68,68,68,68,68,68,68,68,58,74,71,71,71,64,70,52,83,68,68,68,68,68,68,68
61bc29302bc46a14d2c8d441,67b3a9de95efc1b7b45482fe,VIVIGRO,DELIVERLOAD,False,17,17,17,17,17,17,17,17,17,17,17,17,17,17,17,17,17,17,17,17,17,17,17,17,17
61bc29302bc46a14d2c8d441,68386706a35460203b83948b,WALLY BERRY,DELIVERLOAD,True,35,35,35,35,35,35,35,35,35,35,35,35,35,35,35,35,35,35,35,35,35,35,35,35,35
61bc29302bc46a14d2c8d441,62b9d591065c2113a45f836e,WALMART LOGISTICS 7101,DELIVERLOAD,False,17,17,17,17,17,17,17,17,17,17,17,17,17,17,17,17,17,17,17,17,17,17,17,17,17
61bc29302bc46a14d2c8d441,62b9d591065c2113a45f836e,WALMART LOGISTICS 7101,DELIVERLOAD,True,60,60,60,60,60,60,60,60,60,60,60,60,60,60,60,60,60,60,60,60,60,60,60,60,60
61bc29302bc46a14d2c8d441,630fcc53cc137a15d17d57b7,WARD TIRES - SALES AND SERVICE,DELIVERLOAD,False,5,5,5,5,5,5,5,5,5,5,5,5,5,5,5,5,5,5,5,5,5,5,5,5,5
61bc29302bc46a14d2c8d441,68503ba0596f68942c66d9ea,WAYMAN SERVICES CORP - #4,DELIVERLOAD,False,17,17,17,17,17,17,17,17,17,17,17,17,17,17,17,17,17,17,17,17,17,17,17,17,17
61bc29302bc46a14d2c8d441,67aa51d7bf29262666402565,WEARPRO EQUIPMENT & SUPPLY,DELIVERLOAD,True,37,37,37,37,37,37,37,37,37,37,37,37,37,37,37,37,37,37,37,37,37,37,37,37,37
61bc29302bc46a14d2c8d441,62f66c8368520215077313e4,WEATHERFORD - 64 AVE,DELIVERLOAD,False,17,17,17,17,17,17,17,17,17,17,17,17,17,17,17,17,17,17,17,17,17,17,17,17,17
61bc29302bc46a14d2c8d441,62f66c8368520215077313e4,WEATHERFORD - 64 AVE,DELIVERLOAD,True,40,40,40,40,40,40,40,40,40,40,40,40,40,40,40,40,40,40,40,40,40,40,40,40,40
61bc29302bc46a14d2c8d441,63128f8610b33d15f744bc33,WEATHERFORD - 97 ST,DELIVERLOAD,False,42,42,42,42,42,42,42,42,42,42,42,42,42,42,42,42,42,42,42,42,42,42,42,42,42
61bc29302bc46a14d2c8d441,63128f8610b33d15f744bc33,WEATHERFORD - 97 ST,DELIVERLOAD,True,60,60,60,60,60,60,60,60,60,60,60,60,60,60,60,60,60,60,60,60,60,60,60,60,60
61bc29302bc46a14d2c8d441,62b9d6098e534e13a135cc11,WEATHERFORD - LLOYDMINISTER,DELIVERLOAD,True,44,44,44,44,44,44,44,44,44,44,44,44,44,44,44,44,44,44,44,44,44,44,44,44,44
61bc29302bc46a14d2c8d441,62fe4aaa5d7cb01634f7d6ca,WEATHERFORD * NO PIPE BUNKS *,DELIVERLOAD,False,53,53,53,53,53,53,53,53,53,53,53,53,53,53,53,53,53,53,53,53,53,53,53,53,53
61bc29302bc46a14d2c8d441,62fe4aaa5d7cb01634f7d6ca,WEATHERFORD * NO PIPE BUNKS *,DELIVERLOAD,True,37,37,37,37,37,37,37,37,37,37,37,37,37,37,37,37,37,37,37,37,37,37,37,37,37
61bc29302bc46a14d2c8d441,6340a0a6f9841e15bf15d365,WESCLEAN/BUNZL - BLDG E#2,DELIVERLOAD,False,24,24,24,24,24,24,24,24,24,24,24,24,24,24,24,24,24,24,24,24,24,24,24,24,24
61bc29302bc46a14d2c8d441,6340a0a6f9841e15bf15d365,WESCLEAN/BUNZL - BLDG E#2,HOOKCONTAINER,False,10,10,10,10,10,10,10,10,10,10,10,10,10,10,10,10,10,10,10,10,10,10,10,10,10
61bc29302bc46a14d2c8d441,645fe62762e8581622e542c2,WESCO DISTRIBUTION,DELIVERLOAD,False,21,21,21,21,21,21,21,21,21,21,21,21,21,21,21,21,21,21,21,21,21,21,21,21,21
61bc29302bc46a14d2c8d441,645fe62762e8581622e542c2,WESCO DISTRIBUTION,HOOKCONTAINER,False,15,15,15,15,15,15,15,15,15,15,15,15,15,15,15,15,15,15,15,15,15,15,15,15,15
61bc29302bc46a14d2c8d441,62ffbdc625d2fc1615f804fb,WESMAT SUPPLIES - DELIVERY,DELIVERLOAD,False,40,40,40,40,40,40,40,40,40,40,40,40,40,40,40,40,40,40,40,40,40,40,40,40,40
61bc29302bc46a14d2c8d441,62ffbdc625d2fc1615f804fb,WESMAT SUPPLIES - DELIVERY,DELIVERLOAD,True,40,40,40,40,40,40,40,40,40,40,40,40,40,40,40,40,40,40,40,40,40,40,40,40,40
61bc29302bc46a14d2c8d441,65fc9dae7c7ca52b11ee32a5,WESTCAN OILFIELD SUPPLY,DELIVERLOAD,True,14,14,14,14,14,14,14,14,14,14,14,14,14,14,14,14,14,14,14,14,14,14,14,14,14
61bc29302bc46a14d2c8d441,685afa9719ecc0071534e7c6,WESTCAN RECYCLERS,HOOKCONTAINER,False,15,15,15,15,15,15,15,15,15,15,15,15,15,15,15,15,15,15,15,15,15,15,15,15,15
61bc29302bc46a14d2c8d441,62b9d67c8e534e13a135ccef,WEST COAST REDUCTION EDMONTON,DELIVERLOAD,False,4,4,4,4,4,4,4,4,4,4,7,9,3,4,4,2,4,6,4,3,4,4,4,4,4
61bc29302bc46a14d2c8d441,62b9d67c8e534e13a135ccef,WEST COAST REDUCTION EDMONTON,HOOKCONTAINER,False,9,9,9,9,9,9,9,9,9,16,6,7,28,11,5,36,8,5,6,9,9,9,9,9,9
61bc29302bc46a14d2c8d441,62b9d6b5065c2113a45f8553,WEST COAST REDUCTION LETHBRIDGE,DELIVERLOAD,False,17,17,17,17,17,17,17,17,17,17,17,17,17,17,17,17,17,17,17,17,17,17,17,17,17
61bc29302bc46a14d2c8d441,62b9d6b5065c2113a45f8553,WEST COAST REDUCTION LETHBRIDGE,DELIVERLOAD,True,84,84,84,84,84,84,84,84,84,75,89,88,84,85,70,84,84,84,84,84,84,84,84,84,84
61bc29302bc46a14d2c8d441,66573d5ca4f1aa0a9037ceeb,WEST COAST REDUCTION LTD. - CALGARY,DELIVERLOAD,False,4,4,4,4,4,4,4,4,4,4,3,4,5,4,3,4,5,3,4,4,4,4,4,4,4
61bc29302bc46a14d2c8d441,66573d5ca4f1aa0a9037ceeb,WEST COAST REDUCTION LTD. - CALGARY,HOOKCONTAINER,False,8,8,8,8,8,8,8,8,12,12,4,4,17,5,4,8,6,12,4,8,8,8,8,8,8
61bc29302bc46a14d2c8d441,6481e4e82a9bc4169903917d,WEST COUNTRY DAIRY SUPPLY INC,DELIVERLOAD,False,72,72,72,72,72,72,72,72,72,72,72,72,72,72,72,72,72,72,72,72,72,72,72,72,72
61bc29302bc46a14d2c8d441,634ecc7700c60015d2f4a638,WESTECH HEALTH CARE LTD.,DELIVERLOAD,True,56,56,56,56,56,56,56,56,56,56,56,56,56,56,56,56,56,56,56,56,56,56,56,56,56
61bc29302bc46a14d2c8d441,68488db433ad9463f4e7eaf7,WESTECH VAC SYSTEMS DBA FST CANADA - NISKU,DELIVERLOAD,True,41,41,41,41,41,41,41,41,41,41,41,41,41,41,41,41,41,41,41,41,41,41,41,41,41
61bc29302bc46a14d2c8d441,63f797bacc31c0164f6fef9b,WESTERN CRATING INTERNATIONAL,DELIVERLOAD,True,94,94,94,94,94,94,94,94,94,94,94,94,94,94,94,94,94,94,94,94,94,94,94,94,94
61bc29302bc46a14d2c8d441,68499ba3ec929050ccf3b8ef,WESTERN GENERATOR SALES - AIRDRIE,HOOKCONTAINER,False,23,23,23,23,23,23,23,23,23,23,23,23,23,23,23,23,23,23,23,23,23,23,23,23,23
61bc29302bc46a14d2c8d441,63e2ae9429b17314e471846c,WESTERN MATERIALS HANDLING,DELIVERLOAD,False,70,70,70,70,70,70,70,70,70,70,70,70,70,70,70,70,70,70,70,70,70,70,70,70,70
61bc29302bc46a14d2c8d441,63e2ae9429b17314e471846c,WESTERN MATERIALS HANDLING,DELIVERLOAD,True,61,61,61,61,61,61,61,61,61,61,61,61,61,61,61,61,61,61,61,61,61,61,61,61,61
61bc29302bc46a14d2c8d441,65820fa1c5b8e3162330a6db,Western Materials Handling & Equipment Ltd.,DELIVERLOAD,True,60,60,60,60,60,60,60,60,60,60,60,60,60,60,60,60,60,60,60,60,60,60,60,60,60
61bc29302bc46a14d2c8d441,62b9d7094d9e571379e0ccf2,WESTERN MOVING,DELIVERLOAD,False,7,7,7,7,7,7,7,7,7,7,7,7,7,7,7,7,7,7,7,7,7,7,7,7,7
61bc29302bc46a14d2c8d441,62b9d7094d9e571379e0ccf2,WESTERN MOVING,HOOKCONTAINER,False,9,9,9,9,9,9,9,9,9,9,9,9,9,9,9,9,9,9,9,9,9,9,9,9,9
61bc29302bc46a14d2c8d441,67f94d7d9aa627f205287edf,WESTERN RELOAD - 48 ST,DELIVERLOAD,False,40,40,40,40,40,40,40,40,40,40,40,40,40,40,40,40,40,40,40,40,40,40,40,40,40
61bc29302bc46a14d2c8d441,67f94d7d9aa627f205287edf,WESTERN RELOAD - 48 ST,DELIVERLOAD,True,33,33,33,33,33,33,33,33,33,33,33,38,33,33,33,33,33,33,33,33,33,33,33,33,33
61bc29302bc46a14d2c8d441,67f94d7d9aa627f205287edf,WESTERN RELOAD - 48 ST,HOOKCONTAINER,False,15,15,15,15,15,15,15,15,15,15,15,15,15,15,15,15,15,15,15,15,15,15,15,15,15
61bc29302bc46a14d2c8d441,67489c0f1d5459595c731b21,WESTERN RELOAD - 72 AVE,DELIVERLOAD,False,17,17,17,17,17,17,17,17,17,17,17,17,17,17,17,17,17,17,17,17,17,17,17,17,17
61bc29302bc46a14d2c8d441,67489c0f1d5459595c731b21,WESTERN RELOAD - 72 AVE,DELIVERLOAD,True,42,42,42,42,42,42,42,42,42,34,53,29,75,36,51,38,35,51,42,42,42,42,42,42,42
61bc29302bc46a14d2c8d441,67489c0f1d5459595c731b21,WESTERN RELOAD - 72 AVE,HOOKCONTAINER,False,12,12,12,12,12,12,12,12,12,12,12,12,12,12,12,25,12,12,12,12,12,12,12,12,12
61bc29302bc46a14d2c8d441,62b9d75d065c2113a45f866f,WESTERN RELOAD CALGARY,DELIVERLOAD,False,15,15,15,15,15,15,15,15,15,16,15,15,56,16,15,15,20,7,15,15,15,15,15,15,15
61bc29302bc46a14d2c8d441,62b9d75d065c2113a45f866f,WESTERN RELOAD CALGARY,DELIVERLOAD,True,38,38,38,38,38,38,38,38,38,38,38,38,38,38,38,38,38,38,38,38,38,38,38,38,38
61bc29302bc46a14d2c8d441,62b9d75d065c2113a45f866f,WESTERN RELOAD CALGARY,HOOKCONTAINER,False,12,12,12,12,12,12,12,12,12,12,9,8,8,15,18,17,12,14,12,12,12,12,12,12,12
61bc29302bc46a14d2c8d441,634c2d09fd8c1215a98f5763,WESTERN VARIETIES WHOLESALE,DELIVERLOAD,False,6,6,6,6,6,6,6,6,6,6,6,6,6,6,6,6,6,6,6,6,6,6,6,6,6
61bc29302bc46a14d2c8d441,634c2d09fd8c1215a98f5763,WESTERN VARIETIES WHOLESALE,HOOKCONTAINER,False,8,8,8,8,8,8,8,8,8,8,8,8,8,8,8,8,8,8,8,8,8,8,8,8,8
61bc29302bc46a14d2c8d441,689a1ced9a5cbe8813244f8d,WESTERN VARIETIES WHOLESALE,DELIVERLOAD,False,17,17,17,17,17,17,17,17,17,17,17,17,17,17,17,17,17,17,17,17,17,17,17,17,17
61bc29302bc46a14d2c8d441,689a1ced9a5cbe8813244f8d,WESTERN VARIETIES WHOLESALE,HOOKCONTAINER,False,27,27,27,27,27,27,27,27,27,27,27,27,27,27,27,27,27,27,27,27,27,27,27,27,27
61bc29302bc46a14d2c8d441,6387742b26bea71626be2d49,WESTGATE DOORS * DAY CAB,DELIVERLOAD,False,53,53,53,53,53,53,53,53,53,53,53,53,53,53,53,53,53,53,53,53,53,53,53,53,53
61bc29302bc46a14d2c8d441,6387742b26bea71626be2d49,WESTGATE DOORS * DAY CAB,HOOKCONTAINER,False,4,4,4,4,4,4,4,4,4,4,4,4,4,4,4,4,4,4,4,4,4,4,4,4,4
61bc29302bc46a14d2c8d441,647a2dd7d52b3a169370d247,WESTJET - ROCKY VIEW COUNTY,DELIVERLOAD,True,43,43,43,43,43,43,43,43,43,43,43,43,43,43,43,43,43,43,43,43,43,43,43,43,43
61bc29302bc46a14d2c8d441,65661ffdfcd4ae15f024c6b9,WESTLOCK TERMINALS,DELIVERLOAD,True,111,111,111,111,111,111,111,111,111,111,46,111,111,111,111,111,111,111,111,111,111,111,111,111,111
61bc29302bc46a14d2c8d441,66292c73dc4cc492ac36e81f,WESTMARK LUMBER,DELIVERLOAD,True,13,13,13,13,13,13,13,13,25,15,8,13,13,13,13,12,13,13,13,13,13,13,13,13,13
61bc29302bc46a14d2c8d441,640218f54cfcc315bea82613,WEST PEAK #2,DELIVERLOAD,False,12,12,12,12,12,12,12,12,12,12,12,12,12,12,12,12,12,12,12,12,12,12,12,12,12
61bc29302bc46a14d2c8d441,640218f54cfcc315bea82613,WEST PEAK #2,DELIVERLOAD,True,27,27,27,27,27,27,27,27,27,27,27,27,27,27,27,27,27,27,27,27,27,27,27,27,27
61bc29302bc46a14d2c8d441,640218f54cfcc315bea82613,WEST PEAK #2,HOOKCONTAINER,False,13,13,13,13,13,13,13,13,13,13,13,13,13,13,13,13,13,13,13,13,13,13,13,13,13
61bc29302bc46a14d2c8d441,65fdaa45195160b9d497007c,WEST PEAK DISTRIBUTORS - UNIT #12 * DAY CAB,DELIVERLOAD,False,12,12,12,12,12,12,12,12,12,12,12,12,12,12,12,12,12,12,12,12,12,12,12,12,12
61bc29302bc46a14d2c8d441,65fdaa45195160b9d497007c,WEST PEAK DISTRIBUTORS - UNIT #12 * DAY CAB,HOOKCONTAINER,False,13,13,13,13,13,13,13,13,13,13,13,13,13,13,13,13,13,13,13,13,13,13,13,13,13
61bc29302bc46a14d2c8d441,632ccf43896ae515b24f3f0d,WESTWARD PARTS,DELIVERLOAD,False,17,17,17,17,17,17,17,17,17,17,17,17,17,17,17,17,17,17,17,17,17,17,17,17,17
61bc29302bc46a14d2c8d441,68a5f5bc3196b4c7ff567f7c,Whale Brothers Logistics Ltd,DELIVERLOAD,False,7,7,7,7,7,7,7,7,7,7,7,7,7,7,7,7,7,7,7,7,7,7,7,7,7
61bc29302bc46a14d2c8d441,68a5f5bc3196b4c7ff567f7c,Whale Brothers Logistics Ltd,HOOKCONTAINER,False,15,15,15,15,15,15,15,15,15,15,15,15,15,15,15,15,15,15,15,15,15,15,15,15,15
61bc29302bc46a14d2c8d441,6859c696df34da994b005a1c,WHIRLPOOL CANADA LP,DELIVERLOAD,True,60,60,60,60,60,60,60,60,60,60,60,60,60,60,60,60,60,60,60,60,60,60,60,60,60
61bc29302bc46a14d2c8d441,63570b57c4450515d82f1806,WHITE BEAR WORK WEAR,DELIVERLOAD,False,17,17,17,17,17,17,17,17,17,17,17,17,17,17,17,17,17,17,17,17,17,17,17,17,17
61bc29302bc46a14d2c8d441,63570b57c4450515d82f1806,WHITE BEAR WORK WEAR,HOOKCONTAINER,False,5,5,5,5,5,5,5,5,5,5,5,5,5,5,5,5,5,5,5,5,5,5,5,5,5
61bc29302bc46a14d2c8d441,66870b0c62ac4814c394abeb,WHITEMUD IRONWORKS LIMITED - WIW NISKU SHOP,DELIVERLOAD,True,60,60,60,60,60,60,60,60,60,60,60,60,60,60,60,60,60,60,60,60,60,60,60,60,60
61bc29302bc46a14d2c8d441,62b9d817bbb69c141812a3b3,WHITESTAR REDWATER,DELIVERLOAD,False,28,28,28,28,28,28,28,28,28,28,28,28,28,28,28,28,28,28,28,28,28,28,28,28,28
61bc29302bc46a14d2c8d441,62b9d817bbb69c141812a3b3,WHITESTAR REDWATER,DELIVERLOAD,True,39,39,39,39,39,39,39,39,39,39,39,39,39,39,39,39,39,39,39,39,39,39,39,39,39
61bc29302bc46a14d2c8d441,62b9d817bbb69c141812a3b3,WHITESTAR REDWATER,HOOKCONTAINER,False,15,15,15,15,15,15,15,15,15,15,15,15,15,15,15,15,15,15,15,15,15,15,15,15,15
61bc29302bc46a14d2c8d441,685f0b45b02ff673673f8c34,WHOLE LEAF,DELIVERLOAD,True,60,60,60,60,60,60,60,60,60,60,60,60,60,60,60,60,60,60,60,60,60,60,60,60,60
61bc29302bc46a14d2c8d441,6867e18b1a9701f7ab37f128,WHYTE AVE LANDSCAPE,DELIVERLOAD,False,29,29,29,29,29,29,29,29,29,29,29,29,29,29,29,29,29,29,29,29,29,29,29,29,29
61bc29302bc46a14d2c8d441,654181690c10b91592aa4c17,WINALTA,DELIVERLOAD,True,60,60,60,60,60,60,60,60,60,60,60,60,60,60,60,60,60,60,60,60,60,60,60,60,60
61bc29302bc46a14d2c8d441,62b9d8cebbb69c141812a4e2,WINALTA - BEVINGTON RD,DELIVERLOAD,False,13,13,13,13,13,13,13,13,13,18,12,13,9,13,11,13,13,19,13,13,13,13,13,13,13
61bc29302bc46a14d2c8d441,62b9d8cebbb69c141812a4e2,WINALTA - BEVINGTON RD,HOOKCONTAINER,False,14,14,14,14,14,14,14,14,14,14,14,14,14,47,50,9,23,12,14,14,14,14,14,14,14
61bc29302bc46a14d2c8d441,67dafbd3d401957d40c038fe,WINCO INC - EDMONTON,HOOKCONTAINER,False,33,33,33,33,33,33,33,33,33,33,33,33,33,33,33,33,33,33,33,33,33,33,33,33,33
61bc29302bc46a14d2c8d441,66573e02c2de96be2f0b9f54,WINSHAM FABRIK CANADA LTD (CONSIGNEE),DELIVERLOAD,False,22,22,22,22,22,22,22,22,22,22,22,22,22,22,22,22,22,22,22,22,22,22,22,22,22
61bc29302bc46a14d2c8d441,66573e02c2de96be2f0b9f54,WINSHAM FABRIK CANADA LTD (CONSIGNEE),HOOKCONTAINER,False,16,16,16,16,16,16,16,16,16,16,16,16,16,16,16,16,16,16,16,16,16,16,16,16,16
61bc29302bc46a14d2c8d441,68b0b7c6846f85fdc99c7cfb,Wire Construction Ltd.,DELIVERLOAD,True,30,30,30,30,30,30,30,30,30,30,30,30,30,30,30,30,30,30,30,30,30,30,30,30,30
61bc29302bc46a14d2c8d441,68700f7f162fbe9503e107b0,Wolseley,DELIVERLOAD,True,57,57,57,57,57,57,57,57,57,57,57,57,57,57,57,57,57,57,57,57,57,57,57,57,57
61bc29302bc46a14d2c8d441,63f15107b4455e160af3e6b5,WOLSELEY INDUSTRIAL,DELIVERLOAD,True,30,30,30,30,30,30,30,30,30,30,30,30,30,30,30,30,30,30,30,30,30,30,30,30,30
61bc29302bc46a14d2c8d441,67b3496292d1843e72745392,WORLD OF SPAS - 40 ST,DELIVERLOAD,False,9,9,9,9,9,9,9,9,9,9,9,9,9,9,9,9,9,9,9,9,9,9,9,9,9
61bc29302bc46a14d2c8d441,67b3496292d1843e72745392,WORLD OF SPAS - 40 ST,HOOKCONTAINER,False,12,12,12,12,12,12,12,12,12,12,12,12,12,12,12,12,12,12,12,12,12,12,12,12,12
61bc29302bc46a14d2c8d441,67fe7d284367daa0a5651ef0,WORLD OF SPAS - EDM 99ST,DELIVERLOAD,True,60,60,60,60,60,60,60,60,60,60,60,60,60,60,60,60,60,60,60,60,60,60,60,60,60
61bc29302bc46a14d2c8d441,6899f3fade0cf0d7c973de10,world wide site,DELIVERLOAD,True,70,70,70,70,70,70,70,70,70,70,70,70,70,70,70,70,70,70,70,70,70,70,70,70,70
61bc29302bc46a14d2c8d441,669aa85f2367754d135244ca,WORLEY EDMONTON MODULE YARD,DELIVERLOAD,True,29,29,29,29,29,29,29,29,29,29,29,29,29,29,29,29,29,29,29,29,29,29,29,29,29
61bc29302bc46a14d2c8d441,62fabb2f45c1a3161246ca58,WR DISPLAY,DELIVERLOAD,False,9,9,9,9,9,9,9,9,9,9,9,9,9,9,9,9,9,9,9,9,9,9,9,9,9
61bc29302bc46a14d2c8d441,62fabb2f45c1a3161246ca58,WR DISPLAY,HOOKCONTAINER,False,11,11,11,11,11,11,11,11,11,11,11,11,11,11,11,11,11,11,11,11,11,11,11,11,11
61bc29302bc46a14d2c8d441,62b9d93f4d9e571379e0cfd4,WRD (WAREHOUSE RELOADING & DISTRIBUTION),DELIVERLOAD,False,58,58,58,58,58,58,58,58,58,58,57,58,38,58,58,58,58,58,58,58,58,58,58,58,58
61bc29302bc46a14d2c8d441,62b9d93f4d9e571379e0cfd4,WRD (WAREHOUSE RELOADING & DISTRIBUTION),DELIVERLOAD,True,51,51,51,51,51,51,51,51,51,51,51,51,50,44,66,60,64,39,51,51,51,51,51,51,51
61bc29302bc46a14d2c8d441,62b9d93f4d9e571379e0cfd4,WRD (WAREHOUSE RELOADING & DISTRIBUTION),HOOKCONTAINER,False,9,9,9,9,9,9,9,9,9,9,9,9,9,9,9,9,9,9,9,9,9,9,9,9,9
61bc29302bc46a14d2c8d441,661061636886330aff2c132f,XCMG CANADA LTD - STONY PLAIN,DELIVERLOAD,True,103,103,103,103,103,103,103,103,103,103,103,103,103,103,103,103,103,103,103,103,103,103,103,103,103
61bc29302bc46a14d2c8d441,6890fcc83c89127a88ce3c90,XTREME WEAR PARTS #24,DELIVERLOAD,True,60,60,60,60,60,60,60,60,60,60,60,60,60,60,60,60,60,60,60,60,60,60,60,60,60
61bc29302bc46a14d2c8d441,6896312247faf5df04715fcc,YEAR ROUND LANDSCAPING,DELIVERLOAD,True,60,60,60,60,60,60,60,60,60,60,60,60,60,60,60,60,60,60,60,60,60,60,60,60,60
61bc29302bc46a14d2c8d441,62b1ee5965cf76116ea97a80,YELLOW DOG - CALGARY,DELIVERLOAD,False,11,11,11,11,11,11,11,11,11,11,11,11,11,11,11,11,11,11,11,11,11,11,11,11,11
61bc29302bc46a14d2c8d441,62b1ee5965cf76116ea97a80,YELLOW DOG - CALGARY,HOOKCONTAINER,False,70,70,70,70,70,70,70,70,70,70,70,70,70,70,70,70,70,70,70,70,70,70,70,70,70
61bc29302bc46a14d2c8d441,62b1ee5965cf76116ea97a80,YELLOW DOG - CALGARY,PULLCONTAINER,False,17,17,17,17,17,17,17,17,17,21,20,13,17,20,22,17,16,11,17,17,17,17,17,17,17
61bc29302bc46a14d2c8d441,62b1ee5965cf76116ea97a80,YELLOW DOG - CALGARY,RETURNCONTAINER,False,11,11,11,11,11,11,11,11,11,14,11,12,11,10,11,10,11,12,14,10,11,11,11,11,11
61bc29302bc46a14d2c8d441,62b1ef45a513201385559c02,YELLOW DOG - EDMONTON,DELIVERLOAD,False,15,15,15,15,15,15,15,15,15,15,15,15,15,15,15,15,15,15,15,15,15,15,15,15,15
61bc29302bc46a14d2c8d441,62b1ef45a513201385559c02,YELLOW DOG - EDMONTON,DELIVERLOAD,True,19,19,19,19,19,19,19,19,19,19,19,19,19,19,19,19,19,19,19,19,19,19,19,19,19
61bc29302bc46a14d2c8d441,62b1ef45a513201385559c02,YELLOW DOG - EDMONTON,HOOKCONTAINER,False,24,24,24,24,24,24,24,24,24,24,24,24,24,24,24,24,24,24,24,24,24,24,24,24,24
61bc29302bc46a14d2c8d441,62b1ef45a513201385559c02,YELLOW DOG - EDMONTON,PULLCONTAINER,False,15,15,15,15,15,15,15,15,15,19,35,19,18,13,22,14,11,15,15,15,15,15,15,15,15
61bc29302bc46a14d2c8d441,62b1ef45a513201385559c02,YELLOW DOG - EDMONTON,RETURNCONTAINER,False,10,10,10,10,10,10,10,10,10,10,11,10,9,7,10,11,12,10,10,10,10,10,10,10,10
61bc29302bc46a14d2c8d441,62b46f597f6dc21382f5c459,"YELLOWHEAD SELF STORAGE (Tue,Wed,Thur from 11am to 3pm)",RETURNCONTAINER,False,10,10,10,10,10,10,10,10,10,10,10,10,10,10,10,10,10,10,10,10,10,10,10,10,10
61bc29302bc46a14d2c8d441,6834e7c865c85307f06ad74b,YEWANDE ATURAMU,DELIVERLOAD,False,16,16,16,16,16,16,16,16,16,16,16,16,16,16,16,16,16,16,16,16,16,16,16,16,16
61bc29302bc46a14d2c8d441,6834e7c865c85307f06ad74b,YEWANDE ATURAMU,HOOKCONTAINER,False,12,12,12,12,12,12,12,12,12,12,12,12,12,12,12,12,12,12,12,12,12,12,12,12,12
61bc29302bc46a14d2c8d441,6883fc4276b86335fabfc3e0,YOURCO LTD.,DELIVERLOAD,True,113,113,113,113,113,113,113,113,113,113,113,113,113,113,113,113,113,113,113,113,113,113,113,113,113
61bc29302bc46a14d2c8d441,6579c33a5085d71662fcae83,YUMEE FOODS - DAY CAB ONLY,DELIVERLOAD,False,3,3,3,3,3,3,3,3,3,3,3,3,3,3,3,3,3,3,3,3,3,3,3,3,3
61bc29302bc46a14d2c8d441,6579c33a5085d71662fcae83,YUMEE FOODS - DAY CAB ONLY,HOOKCONTAINER,False,34,34,34,34,34,34,34,34,34,34,34,34,34,34,34,34,34,34,34,34,34,34,34,34,34
61bc29302bc46a14d2c8d441,663bd1ac5e85710e4feaf40b,YYC FREIGHT SERVICES INC,DELIVERLOAD,True,60,60,60,60,60,60,60,60,60,60,60,60,60,60,60,60,60,60,60,60,60,60,60,60,60
61bc29302bc46a14d2c8d441,67f6d38ce08f6cc558e6a9e6,ZEN LIVING LTD - UNIT #1,DELIVERLOAD,False,16,16,16,16,16,16,16,16,16,16,16,16,16,16,16,16,16,16,16,16,16,16,16,16,16
61bc29302bc46a14d2c8d441,6407b50b49e43315e432a488,ZENMAC TRADING - TWO HILLS,DELIVERLOAD,True,60,60,60,60,60,60,60,60,60,60,60,60,60,60,60,60,60,60,60,60,60,60,60,60,60
61bc29302bc46a14d2c8d441,62b9da464d9e571379e0d124,ZHOUDONG LOGISTICS,DELIVERLOAD,False,14,14,14,14,14,14,14,14,14,14,14,14,14,14,14,14,14,14,14,14,14,14,14,14,14
61bc29302bc46a14d2c8d441,62b9da464d9e571379e0d124,ZHOUDONG LOGISTICS,DELIVERLOAD,True,87,87,87,87,87,87,87,87,87,87,87,87,87,87,87,87,87,87,87,87,87,87,87,87,87
61bc29302bc46a14d2c8d441,62b9da464d9e571379e0d124,ZHOUDONG LOGISTICS,HOOKCONTAINER,False,12,12,12,12,12,12,12,12,12,12,12,12,12,12,12,12,12,12,12,12,12,12,12,12,12
