carrier,customer_id,location,type,is_liveunload,waiting_time,00,01,02,03,04,05,06,07,08,09,10,11,12,13,14,15,16,17,18,19,20,21,22,23
6380eae07571e116566417d2,683a316efd64976aa25ef1ba,"100 Anderson Rd SE, Calgary, AB T2J 3V1(: Elham 7808022266)DAY CAB",DELIVERLOAD,False,60,60,60,60,60,60,60,60,60,60,60,60,60,60,60,60,60,60,60,60,60,60,60,60,60
6380eae07571e116566417d2,682e37cf8f787d5501fa1eef,"10231 184 Street NW, Edmonton, AB, T7X 2V9",DELIVERLOAD,False,80,80,80,80,80,80,80,80,80,80,80,80,80,80,80,80,80,80,80,80,80,80,80,80,80
6380eae07571e116566417d2,67f03b6b0756d2e9f6747091,10- 2626 Country Hills,DELIVERLOAD,False,29,29,29,29,29,29,29,29,29,29,29,29,29,29,29,29,29,29,29,29,29,29,29,29,29
6380eae07571e116566417d2,679976a9e0ce83fc7a5e6de7,# 112 -,DELIVERLOAD,True,101,101,101,101,101,101,101,101,101,101,101,101,101,101,101,101,101,101,101,101,101,101,101,101,101
6380eae07571e116566417d2,679ab8b15737d2bb06f62f63,112-1750 Coast Meridian Road,DELIVERLOAD,True,46,46,46,46,46,46,46,46,46,46,46,46,46,46,46,46,46,46,46,46,46,46,46,46,46
6380eae07571e116566417d2,686eb29bb8976b500198ffff,11305 184 ST,DELIVERLOAD,True,58,58,58,58,58,58,58,58,58,58,58,58,58,58,58,58,58,58,58,58,58,58,58,58,58
6380eae07571e116566417d2,68b22226540e3bb8b70806a1,115282 CANADA LTEE,DELIVERLOAD,True,66,66,66,66,66,66,66,66,66,66,66,66,66,66,66,66,66,66,66,66,66,66,66,66,66
6380eae07571e116566417d2,68b22226540e3bb8b70806a1,115282 CANADA LTEE,PULLCONTAINER,False,29,29,29,29,29,29,29,29,29,29,29,29,29,29,29,29,29,29,29,29,29,29,29,29,29
6380eae07571e116566417d2,66db656f851471fbbf89dccd,1182854 ALBERTA LTD. (AQUA BATH),DELIVERLOAD,False,29,29,29,29,29,29,29,29,29,29,29,29,29,29,29,29,29,29,29,29,29,29,29,29,29
6380eae07571e116566417d2,66db656f851471fbbf89dccd,1182854 ALBERTA LTD. (AQUA BATH),DELIVERLOAD,True,120,120,120,120,120,120,120,120,120,120,120,120,120,120,120,120,120,120,120,120,120,120,120,120,120
6380eae07571e116566417d2,66db656f851471fbbf89dccd,1182854 ALBERTA LTD. (AQUA BATH),HOOKCONTAINER,False,18,18,18,18,18,18,18,18,18,18,18,18,18,18,18,18,18,18,18,18,18,18,18,18,18
6380eae07571e116566417d2,67e1a6ae04006d46f5ba11c2,118 Morningside,DELIVERLOAD,True,75,75,75,75,75,75,75,75,75,75,75,75,75,75,75,75,75,75,75,75,75,75,75,75,75
6380eae07571e116566417d2,67104c9cd2510dd78bd2d70b,12425 66 St NW,DELIVERLOAD,True,35,35,35,35,35,35,35,35,35,35,35,35,35,35,35,35,35,35,35,35,35,35,35,35,35
6380eae07571e116566417d2,6761ab1262616e88c55ff2dc,125 The East Mall,DELIVERLOAD,False,29,29,29,29,29,29,29,29,29,29,29,29,29,29,29,29,29,29,29,29,29,29,29,29,29
6380eae07571e116566417d2,6761ab1262616e88c55ff2dc,125 The East Mall,DELIVERLOAD,True,91,91,91,91,91,91,91,103,91,83,91,91,91,91,91,91,91,91,91,91,91,91,91,91,91
6380eae07571e116566417d2,67ec314e72217ab42be76e7a,1272227 ONTARIO INC (CONFEDERATION FREEZERS),DELIVERLOAD,True,66,66,66,66,66,66,66,66,66,66,66,66,66,66,66,66,66,66,66,66,66,66,66,66,66
6380eae07571e116566417d2,68a0cedc6e2fd88d2e76e79a,"12841 85 Ave, Surrey BC",DELIVERLOAD,True,66,66,66,66,66,66,66,66,66,66,66,66,66,66,66,66,66,66,66,66,66,66,66,66,66
6380eae07571e116566417d2,68a0cedc6e2fd88d2e76e79a,"12841 85 Ave, Surrey BC",PULLCONTAINER,False,37,37,37,37,37,37,37,37,37,37,37,37,37,37,37,37,37,37,37,37,37,37,37,37,37
6380eae07571e116566417d2,65c66db23add9c143d4c2bc7,1372463 ALBERTA LTD. DBA SANDSTONE PAPER 1372463 ALBERTA LTD. DBA SANDSTONE PAPER 315,DELIVERLOAD,False,23,23,23,23,23,23,23,23,23,23,23,23,23,23,23,23,23,23,23,23,23,23,23,23,23
6380eae07571e116566417d2,65c66db23add9c143d4c2bc7,1372463 ALBERTA LTD. DBA SANDSTONE PAPER 1372463 ALBERTA LTD. DBA SANDSTONE PAPER 315,HOOKCONTAINER,False,7,7,7,7,7,7,7,7,7,7,7,7,7,7,7,7,7,7,7,7,7,7,7,7,7
6380eae07571e116566417d2,64470a2f2db012161c724a53,#140- 10 Smed Lane,DELIVERLOAD,True,66,66,66,66,66,66,66,66,66,66,66,66,66,66,66,66,66,66,66,66,66,66,66,66,66
6380eae07571e116566417d2,6862aa81958a7c4f4fe405be,1407 rue Nationale,DELIVERLOAD,True,55,55,55,55,55,55,55,55,55,55,55,55,55,55,55,55,55,55,55,55,55,55,55,55,55
6380eae07571e116566417d2,684c787ad66e8d9e641c48c7,"145- 3360 11th St, Nisku, AB T9E 1K7",DELIVERLOAD,True,4,4,4,4,4,4,4,4,4,4,4,4,4,4,4,4,4,4,4,4,4,4,4,4,4
6380eae07571e116566417d2,6794feb0fadabefd3e2ee261,15103 128th Avenue NW Edmonton AB Canada T5V 1A5,DELIVERLOAD,False,50,50,50,50,50,50,50,50,50,50,50,50,50,50,50,50,50,50,50,50,50,50,50,50,50
6380eae07571e116566417d2,6794feb0fadabefd3e2ee261,15103 128th Avenue NW Edmonton AB Canada T5V 1A5,DELIVERLOAD,True,40,40,40,40,40,40,40,40,40,40,40,40,40,40,40,40,40,40,40,40,40,40,40,40,40
6380eae07571e116566417d2,67bcb5f5394f23fab66bd335,15479 Steeles Ave,DELIVERLOAD,True,75,75,75,75,75,75,75,75,75,75,75,75,75,75,75,75,75,75,75,75,75,75,75,75,75
6380eae07571e116566417d2,67f427ed9146b070641ec1b6,167 Whitestone Crest,DELIVERLOAD,False,12,12,12,12,12,12,12,12,12,12,12,12,12,12,12,12,12,12,12,12,12,12,12,12,12
6380eae07571e116566417d2,67f427ed9146b070641ec1b6,167 Whitestone Crest,HOOKCONTAINER,False,29,29,29,29,29,29,29,29,29,29,29,29,29,29,29,29,29,29,29,29,29,29,29,29,29
6380eae07571e116566417d2,685edb5325de86ef1cb70b70,1695 Drew Rd,DELIVERLOAD,True,66,66,66,66,66,66,66,66,66,66,66,66,66,66,66,66,66,66,66,66,66,66,66,66,66
6380eae07571e116566417d2,685c074e432983ba055d7510,18371 McCartney,DELIVERLOAD,True,34,34,34,34,34,34,34,34,34,34,34,34,34,34,34,34,34,34,34,34,34,34,34,34,34
6380eae07571e116566417d2,653bda92ac9ba31672957f4a,"1851 84 St NE, Calgary,",DELIVERLOAD,False,72,72,72,72,72,72,72,72,72,72,72,72,72,72,72,72,72,72,72,72,72,72,72,72,72
6380eae07571e116566417d2,67d9d698cfcd424515a269c0,1876903,DELIVERLOAD,True,66,66,66,66,66,66,66,66,66,66,66,66,66,66,66,66,66,66,66,66,66,66,66,66,66
6380eae07571e116566417d2,675a50622b97f184f79e7675,1880 Savage Rd,DELIVERLOAD,False,52,52,52,52,52,52,52,52,52,52,52,52,52,52,52,52,52,52,52,52,52,52,52,52,52
6380eae07571e116566417d2,675a50622b97f184f79e7675,1880 Savage Rd,DELIVERLOAD,True,86,86,86,86,86,86,86,86,86,86,86,86,86,86,86,86,10,86,86,86,86,86,86,86,86
6380eae07571e116566417d2,675a50622b97f184f79e7675,1880 Savage Rd,HOOKCONTAINER,False,13,13,13,13,13,13,13,13,13,13,13,13,13,13,13,13,13,13,13,13,13,13,13,13,13
6380eae07571e116566417d2,67d1dccf1c2c5b1ed7653744,18 Drake,DELIVERLOAD,True,94,94,94,94,94,94,94,94,94,94,94,94,94,94,94,94,94,94,94,94,94,94,94,94,94
6380eae07571e116566417d2,67e18acf612af606dd9fa109,18 WHEELS,DELIVERLOAD,True,150,150,150,150,150,150,150,150,150,150,150,150,150,150,150,150,150,150,150,150,150,150,150,150,150
6380eae07571e116566417d2,67e71969bce6b2873d92cce1,"18 Wheels - Edmonton, AB",DELIVERLOAD,True,56,56,56,56,56,56,56,56,56,56,56,56,56,56,56,56,56,56,56,56,56,56,56,56,56
6380eae07571e116566417d2,675347ccfb83f1262f890dcc,2018 GAETZ AVENUE,DELIVERLOAD,False,41,41,41,41,41,41,41,41,41,41,41,41,41,41,41,41,41,41,41,41,41,41,41,41,41
6380eae07571e116566417d2,687561b7a9c5e9d174eda417,22252,DELIVERLOAD,False,63,63,63,63,63,63,63,63,63,63,63,63,63,63,63,63,63,63,63,63,63,63,63,63,63
6380eae07571e116566417d2,67585ab2144e8dbd0a4a95c5,225 Gibraltar Road,DELIVERLOAD,True,130,130,130,130,130,130,130,130,130,130,130,130,130,130,130,130,130,130,130,130,130,130,130,130,130
6380eae07571e116566417d2,6823561dd69cab4e12431f8a,"225 Gibraltar Road Vaughan ON,",DELIVERLOAD,True,66,66,66,66,66,66,66,66,66,66,66,66,66,66,66,66,66,66,66,66,66,66,66,66,66
6380eae07571e116566417d2,68b71ccb5286cfb28e41a556,2305,HOOKCONTAINER,False,20,20,20,20,20,20,20,20,20,20,20,20,20,20,20,20,20,20,20,20,20,20,20,20,20
6380eae07571e116566417d2,6887ec730e6f2c346a4cfc68,2332158 Alberta Ltd,HOOKCONTAINER,False,63,63,63,63,63,63,63,63,63,63,63,63,63,63,63,63,63,63,63,63,63,63,63,63,63
6380eae07571e116566417d2,682f99f8e2baa98ded87aaab,2387028 alberta inc.,DELIVERLOAD,True,84,84,84,84,84,84,84,84,84,84,84,84,84,84,84,84,84,84,84,84,84,84,84,84,84
6380eae07571e116566417d2,67d1de57f064bb7396370c1c,23 Racine Rd. Toronto ON M9W 2Z4,DELIVERLOAD,True,13,13,13,13,13,13,13,13,13,13,13,13,13,13,13,13,13,13,13,13,13,13,13,13,13
6380eae07571e116566417d2,66db40be63b589c1108d4092,"240012 Frontier Place,",HOOKCONTAINER,False,64,64,64,64,64,64,64,64,64,64,64,64,64,64,64,64,64,64,64,64,64,64,64,64,64
6380eae07571e116566417d2,67b77d03828a08bdee62a0e2,260253 High Plains Way,DELIVERLOAD,False,7,7,7,7,7,7,7,7,7,7,7,7,7,7,7,7,7,7,7,7,7,7,7,7,7
6380eae07571e116566417d2,67b77d03828a08bdee62a0e2,260253 High Plains Way,HOOKCONTAINER,False,16,16,16,16,16,16,16,16,16,16,16,16,16,16,16,16,16,16,16,16,16,16,16,16,16
6380eae07571e116566417d2,679ba8bb3a69d0cdc17251e7,2701 High Point Drive,DELIVERLOAD,True,92,92,92,92,92,92,92,92,92,92,92,92,92,92,92,92,92,92,92,92,92,92,92,92,92
6380eae07571e116566417d2,689287253a1f146729e77c4c,278 19th Street NE,DELIVERLOAD,True,61,61,61,61,61,61,61,61,61,61,61,61,61,61,61,61,61,61,61,61,61,61,61,61,61
6380eae07571e116566417d2,67585ada7decfad11a25699d,2815 50 Ave NW,DELIVERLOAD,False,49,49,49,49,49,49,49,49,49,49,49,49,49,49,49,49,49,49,49,49,49,49,49,49,49
6380eae07571e116566417d2,67585ada7decfad11a25699d,2815 50 Ave NW,DELIVERLOAD,True,60,60,60,60,60,60,60,60,60,60,60,60,60,60,60,60,60,60,60,60,60,60,60,60,60
6380eae07571e116566417d2,68235600b1e0701223f980ac,"2815 50 Ave NW Edmonton,",DELIVERLOAD,True,145,145,145,145,145,145,145,145,145,145,145,145,145,145,145,145,145,145,145,145,145,145,145,145,145
6380eae07571e116566417d2,6849cc6ce432ac0b44f142b8,2815 Thamesgate Drive,DELIVERLOAD,False,29,29,29,29,29,29,29,29,29,29,29,29,29,29,29,29,29,29,29,29,29,29,29,29,29
6380eae07571e116566417d2,6849cc6ce432ac0b44f142b8,2815 Thamesgate Drive,DELIVERLOAD,True,13,13,13,13,13,13,13,13,13,13,13,13,13,13,13,13,13,13,13,13,13,13,13,13,13
6380eae07571e116566417d2,6855dcf4aedf45c97d084599,2916 19 Street NE,HOOKCONTAINER,False,9,9,9,9,9,9,9,9,9,9,9,9,9,9,9,9,9,9,9,9,9,9,9,9,9
6380eae07571e116566417d2,638e84b59bf0f31642dc709f,2W LIVESTOCK EQUIPMENT,DELIVERLOAD,False,77,77,77,77,77,77,77,77,77,77,196,77,77,77,77,77,77,77,77,77,77,77,77,77,77
6380eae07571e116566417d2,638e84b59bf0f31642dc709f,2W LIVESTOCK EQUIPMENT,DELIVERLOAD,True,69,69,69,69,69,69,69,69,69,69,69,69,69,69,69,69,69,69,69,69,69,69,69,69,69
6380eae07571e116566417d2,66c77c7266f52f02d500ff57,310 Commerce Drive Spruce Grove,DELIVERLOAD,False,20,20,20,20,20,20,20,20,20,20,20,20,20,20,20,20,20,20,20,20,20,20,20,20,20
6380eae07571e116566417d2,66c77c7266f52f02d500ff57,310 Commerce Drive Spruce Grove,HOOKCONTAINER,False,4,4,4,4,4,4,4,4,4,4,4,4,4,4,4,4,4,4,4,4,4,4,4,4,4
6380eae07571e116566417d2,689a07e34e69090a60b30fd7,"3313, SUPERIOR COURT, UNIT 107",DELIVERLOAD,True,174,174,174,174,174,174,174,174,174,174,174,174,174,174,174,174,174,174,174,174,174,174,174,174,174
6380eae07571e116566417d2,68b9ca82d60e840191766b42,"387 Limestone Cres, North York, M3J 2R1",DELIVERLOAD,True,88,88,88,88,88,88,88,88,88,88,88,88,88,88,88,88,88,88,88,88,88,88,88,88,88
6380eae07571e116566417d2,68bafc4b110ffa2cb1bda889,3903 75 Ave #105,DELIVERLOAD,False,12,12,12,12,12,12,12,12,12,12,12,12,12,12,12,12,12,12,12,12,12,12,12,12,12
6380eae07571e116566417d2,64da700454fa9415f9869939,4007 Bonnybrook,DELIVERLOAD,False,31,31,31,31,31,31,31,31,31,31,31,31,31,31,31,31,31,31,31,31,31,31,31,31,31
6380eae07571e116566417d2,64da700454fa9415f9869939,4007 Bonnybrook,HOOKCONTAINER,False,21,21,21,21,21,21,21,21,21,21,21,21,21,21,21,21,21,21,21,21,21,21,21,21,21
6380eae07571e116566417d2,684b371fc2d4efd1e1895577,40 Shaft Rd,DELIVERLOAD,True,115,115,115,115,115,115,115,115,115,115,115,115,115,115,115,115,115,115,115,115,115,115,115,115,115
6380eae07571e116566417d2,6838b3061ea48f890e737a56,4120 67 Ave,DELIVERLOAD,False,49,49,49,49,49,49,49,49,49,49,49,49,49,49,49,49,49,49,49,49,49,49,49,49,49
6380eae07571e116566417d2,66e87d19ae59ddd1ad4320ec,4216 54th Avenue SE Unit 29,DELIVERLOAD,True,66,66,66,66,66,66,66,66,66,66,66,66,66,66,66,66,66,66,66,66,66,66,66,66,66
6380eae07571e116566417d2,689a07f3056107e91f113a6c,4216 54th Avenue SE Unit 29,DELIVERLOAD,True,26,26,26,26,26,26,26,26,26,26,26,26,26,26,26,26,26,26,26,26,26,26,26,26,26
6380eae07571e116566417d2,68a739d908cff0b8858bfd28,"4216 61 Ave SE #1, Calgary, AB T2C 1Z5",DELIVERLOAD,True,11,11,11,11,11,11,11,11,11,11,11,11,11,11,11,11,11,11,11,11,11,11,11,11,11
6380eae07571e116566417d2,686d6f620a76069f178c345b,45 Commercial Rd,DELIVERLOAD,True,5,5,5,5,5,5,5,5,5,5,5,5,5,5,5,5,5,5,5,5,5,5,5,5,5
6380eae07571e116566417d2,67e164b028c2f3da8d12d714,465 Fraser View,DELIVERLOAD,True,57,57,57,57,57,57,57,57,57,57,57,57,57,57,57,57,57,57,57,57,57,57,57,57,57
6380eae07571e116566417d2,6824ebbd08acb633adaa389b,4670 Garrard Rd,DELIVERLOAD,True,87,87,87,87,87,87,87,87,87,87,87,87,87,87,87,87,87,87,87,87,87,87,87,87,87
6380eae07571e116566417d2,688107adc902059488fcc8e6,4705 102 ave SE,DELIVERLOAD,True,126,126,126,126,126,126,126,126,126,126,126,126,126,126,126,126,126,126,126,126,126,126,126,126,126
6380eae07571e116566417d2,68717b92d2ff7e6a4a9b5454,52426,DELIVERLOAD,True,66,66,66,66,66,66,66,66,66,66,66,66,66,66,66,66,66,66,66,66,66,66,66,66,66
6380eae07571e116566417d2,67b78771581919b6e2a11a17,5500 72ND AVE. SE,DELIVERLOAD,True,56,56,56,56,56,56,56,56,56,56,56,56,56,56,56,56,56,56,56,56,56,56,56,56,56
6380eae07571e116566417d2,666b2a1ab4de2996ee9f949f,55 Paradise Pl,DELIVERLOAD,False,41,41,41,41,41,41,41,41,41,41,41,41,41,41,41,41,41,41,41,41,41,41,41,41,41
6380eae07571e116566417d2,666b2a1ab4de2996ee9f949f,55 Paradise Pl,HOOKCONTAINER,False,18,18,18,18,18,18,18,18,18,18,18,18,18,18,18,18,18,18,18,18,18,18,18,18,18
6380eae07571e116566417d2,672b820674dbb0f4841ad18a,5757 Chemin St. Francois,DELIVERLOAD,True,53,53,53,53,53,53,53,53,53,53,53,53,53,53,53,53,53,53,53,53,53,53,53,53,53
6380eae07571e116566417d2,68236d543dfc54b6adeb0235,5M PFF INC,DELIVERLOAD,True,66,66,66,66,66,66,66,66,66,66,66,66,66,66,66,66,66,66,66,66,66,66,66,66,66
6380eae07571e116566417d2,686eb2af560d10f43dd2279b,5M PFF INC.,DELIVERLOAD,True,45,45,45,45,45,45,45,45,45,45,45,45,45,45,45,45,45,45,45,45,45,45,45,45,45
6380eae07571e116566417d2,67af653671ad6f36a41e09e6,611 ACADIA,DELIVERLOAD,False,10,10,10,10,10,10,10,10,10,10,10,10,10,10,10,10,10,10,10,10,10,10,10,10,10
6380eae07571e116566417d2,67af653671ad6f36a41e09e6,611 ACADIA,HOOKCONTAINER,False,17,17,17,17,17,17,17,17,17,17,17,17,17,17,17,17,17,17,17,17,17,17,17,17,17
6380eae07571e116566417d2,67d1de71ad88c7744c88edc7,614 6th ave sw,DELIVERLOAD,True,4,4,4,4,4,4,4,4,4,4,4,4,4,4,4,4,4,4,4,4,4,4,4,4,4
6380eae07571e116566417d2,67edad0a07a1091a6a0a8cbb,61 Domtar Rd,DELIVERLOAD,True,21,21,21,21,21,21,21,21,21,21,21,21,21,21,21,21,21,21,21,21,21,21,21,21,21
6380eae07571e116566417d2,68a739b01cd39fa374d00cb0,61 Domtar Road,DELIVERLOAD,True,66,66,66,66,66,66,66,66,66,66,66,66,66,66,66,66,66,66,66,66,66,66,66,66,66
6380eae07571e116566417d2,67630ee481424febe968cf34,6210 Davies Rd NW Edmonton AB,DELIVERLOAD,False,40,40,40,40,40,40,40,40,40,40,40,40,40,40,40,40,40,40,40,40,40,40,40,40,40
6380eae07571e116566417d2,67630ee481424febe968cf34,6210 Davies Rd NW Edmonton AB,DELIVERLOAD,True,29,29,29,29,29,29,29,29,29,29,29,29,29,29,29,29,29,29,29,29,29,29,29,29,29
6380eae07571e116566417d2,67630ee481424febe968cf34,6210 Davies Rd NW Edmonton AB,HOOKCONTAINER,False,8,8,8,8,8,8,8,8,8,8,8,8,8,8,8,8,8,8,8,8,8,8,8,8,8
6380eae07571e116566417d2,68486ce5e16192cdbf7f18c3,6302-53 Ave,DELIVERLOAD,True,66,66,66,66,66,66,66,66,66,66,66,66,66,66,66,66,66,66,66,66,66,66,66,66,66
6380eae07571e116566417d2,680917da69fbfea626d072b2,6771 Bd Lger - QC,DELIVERLOAD,True,66,66,66,66,66,66,66,66,66,66,66,66,66,66,66,66,66,66,66,66,66,66,66,66,66
6380eae07571e116566417d2,67928eb7c37a400bf0de6d2b,6 Cranbrook Hill SE,DELIVERLOAD,False,29,29,29,29,29,29,29,29,29,29,29,29,29,29,29,29,29,29,29,29,29,29,29,29,29
6380eae07571e116566417d2,67928eb7c37a400bf0de6d2b,6 Cranbrook Hill SE,HOOKCONTAINER,False,20,20,20,20,20,20,20,20,20,20,20,20,20,20,20,20,20,20,20,20,20,20,20,20,20
6380eae07571e116566417d2,6790469472f589f0702739b7,7200 Nelson Rd,DELIVERLOAD,False,64,64,64,64,64,64,64,64,64,64,64,64,64,64,64,64,64,64,64,64,64,64,64,64,64
6380eae07571e116566417d2,6790469472f589f0702739b7,7200 Nelson Rd,HOOKCONTAINER,False,20,20,20,20,20,20,20,20,20,20,20,20,20,20,20,20,20,20,20,20,20,20,20,20,20
6380eae07571e116566417d2,68bafbc9f89160059832ba53,7355 Rue Notre Dame,PULLCONTAINER,False,42,42,42,42,42,42,42,42,42,42,42,42,42,42,42,42,42,42,42,42,42,42,42,42,42
6380eae07571e116566417d2,684ae39fba306f3d33e57ff6,750 78st SW,DELIVERLOAD,True,38,38,38,38,38,38,38,38,38,38,38,38,38,38,38,38,38,38,38,38,38,38,38,38,38
6380eae07571e116566417d2,67190621d6d1e857b1da7c94,"7719 40TH STREET SE CALGARY, AB T2C 2G9",DELIVERLOAD,False,11,11,11,11,11,11,11,11,11,11,11,11,11,11,11,11,11,11,11,11,11,11,11,11,11
6380eae07571e116566417d2,639117de8e2a95165f79be1d,7 Canadian Forces Supply Depot,DELIVERLOAD,False,14,14,14,14,14,14,14,14,14,14,14,14,14,14,14,14,14,14,14,14,14,14,14,14,14
6380eae07571e116566417d2,639117de8e2a95165f79be1d,7 Canadian Forces Supply Depot,HOOKCONTAINER,False,24,24,24,24,24,24,24,24,24,24,24,24,24,24,24,24,24,24,24,24,24,24,24,24,24
6380eae07571e116566417d2,686585f2c8bd7194b4d48447,7 Mountain Logistics,HOOKCONTAINER,False,12,12,12,12,12,12,12,12,12,12,12,12,12,12,12,12,12,12,12,12,12,12,12,12,12
6380eae07571e116566417d2,68796185c4b1d10f71a512e6,827315 Alberta Ltd.,DELIVERLOAD,False,6,6,6,6,6,6,6,6,6,6,6,6,6,6,6,6,6,6,6,6,6,6,6,6,6
6380eae07571e116566417d2,68796185c4b1d10f71a512e6,827315 Alberta Ltd.,HOOKCONTAINER,False,21,21,21,21,21,21,21,21,21,21,21,21,21,21,21,21,21,21,21,21,21,21,21,21,21
6380eae07571e116566417d2,68910a65e05ed8906152f62a,845 Spud Farms,DELIVERLOAD,False,29,29,29,29,29,29,29,29,29,29,29,29,29,29,29,29,29,29,29,29,29,29,29,29,29
6380eae07571e116566417d2,68596bfd2617f42be8adc270,"8495 Goreway Dr, Brampton",DELIVERLOAD,True,121,121,121,121,121,121,121,121,121,121,121,121,121,121,121,121,121,121,121,121,121,121,121,121,121
6380eae07571e116566417d2,681d18aee03d606a3e25d0b0,"8599 Fraser St,",DELIVERLOAD,True,54,54,54,54,54,54,54,54,54,54,54,54,54,54,54,54,54,54,54,54,54,54,54,54,54
6380eae07571e116566417d2,646d0db268e36a1662a2e1ee,86320 ADVANTECH COLD STORAGE,DELIVERLOAD,True,106,106,106,106,106,106,106,106,106,106,106,106,106,106,106,106,106,106,106,106,106,106,106,106,106
6380eae07571e116566417d2,679046fae3a09a6dba42a828,"8635 Keele St, Unit 7",HOOKCONTAINER,False,20,20,20,20,20,20,20,20,20,20,20,20,20,20,20,20,20,20,20,20,20,20,20,20,20
6380eae07571e116566417d2,68b9ca7208ebfc6e31e7dd5d,"8745 Hwy50. Woodbridge, ON, L4H 5B7",DELIVERLOAD,True,48,48,48,48,48,48,48,48,48,48,48,48,48,48,48,48,48,48,48,48,48,48,48,48,48
6380eae07571e116566417d2,675c8604de694811866020f9,8 Ball Logistics Inc,DELIVERLOAD,True,124,124,124,124,124,124,124,124,124,124,124,124,124,124,124,124,124,124,124,124,124,124,124,124,124
6380eae07571e116566417d2,6658f9140df7d4f3d6629a54,8-OZ COFFEE LTD,DELIVERLOAD,False,7,7,7,7,7,7,7,7,7,7,7,7,7,7,7,7,7,7,7,7,7,7,7,7,7
6380eae07571e116566417d2,6658f9140df7d4f3d6629a54,8-OZ COFFEE LTD,DELIVERLOAD,True,37,37,37,37,37,37,37,37,37,37,37,37,37,37,37,37,37,37,37,37,37,37,37,37,37
6380eae07571e116566417d2,6658f9140df7d4f3d6629a54,8-OZ COFFEE LTD,HOOKCONTAINER,False,61,61,61,61,61,61,61,61,61,61,61,61,61,61,61,61,61,61,61,61,61,61,61,61,61
6380eae07571e116566417d2,67b61d6848c7bf230ebabc81,93286714 QUEBEC INC (Extra Charcoal),DELIVERLOAD,True,34,34,34,34,34,34,34,34,34,34,34,34,34,34,34,34,34,34,34,34,34,34,34,34,34
6380eae07571e116566417d2,6818fa2f69791f04a54af4f9,981 Century,DELIVERLOAD,False,29,29,29,29,29,29,29,29,29,29,29,29,29,29,29,29,29,29,29,29,29,29,29,29,29
6380eae07571e116566417d2,6818fa2f69791f04a54af4f9,981 Century,HOOKCONTAINER,False,17,17,17,17,17,17,17,17,17,17,17,17,17,17,17,17,17,17,17,17,17,17,17,17,17
6380eae07571e116566417d2,66a14a7f525e1b0bb3ed63a5,A1 Cash and carry Inc.,DELIVERLOAD,False,10,10,10,10,10,10,10,10,10,10,10,10,10,10,10,10,10,10,10,10,10,10,10,10,10
6380eae07571e116566417d2,638e63bc7c780a16503cad2d,A1 Granite & Marble Ltd.,DELIVERLOAD,False,10,10,10,10,10,10,10,10,10,10,10,10,10,10,10,10,10,10,10,10,10,10,10,10,10
6380eae07571e116566417d2,638e63bc7c780a16503cad2d,A1 Granite & Marble Ltd.,HOOKCONTAINER,False,32,32,32,32,32,32,32,32,32,32,32,32,32,32,32,32,32,32,32,32,32,32,32,32,32
6380eae07571e116566417d2,688271c667872a57c706b80f,A1 IMPORTS INC,DELIVERLOAD,False,29,29,29,29,29,29,29,29,29,29,29,29,29,29,29,29,29,29,29,29,29,29,29,29,29
6380eae07571e116566417d2,64fcda212fa5b4164e7e855b,A And B Enterprises,DELIVERLOAD,False,42,42,42,42,42,42,42,42,42,42,42,42,42,42,42,42,42,42,42,42,42,42,42,42,42
6380eae07571e116566417d2,64fcda212fa5b4164e7e855b,A And B Enterprises,HOOKCONTAINER,False,14,14,14,14,14,14,14,14,14,14,14,14,14,14,14,14,14,14,14,14,14,14,14,14,14
6380eae07571e116566417d2,679ba95172d8f5afec0e69aa,A-Apollo Windows & Doors Ltd.,DELIVERLOAD,True,84,84,84,84,84,84,84,84,84,84,84,84,84,84,84,84,84,84,84,84,84,84,84,84,84
6380eae07571e116566417d2,67e2fc177d5b266090b6eb5f,AB#109,DELIVERLOAD,False,29,29,29,29,29,29,29,29,29,29,29,29,29,29,29,29,29,29,29,29,29,29,29,29,29
6380eae07571e116566417d2,638ebe87d1dccf15f7bc164f,ABC Recycling Ltd,DELIVERLOAD,True,149,149,149,149,149,149,149,149,149,149,149,149,149,149,149,149,149,149,149,149,149,149,149,149,149
6380eae07571e116566417d2,6500ebd46ff81d163b7c7b74,A&B ENTERPRISES LTD,DELIVERLOAD,False,25,25,25,25,25,25,25,25,25,25,25,25,25,25,25,25,25,25,25,25,25,25,25,25,25
6380eae07571e116566417d2,6500ebd46ff81d163b7c7b74,A&B ENTERPRISES LTD,DELIVERLOAD,True,39,39,39,39,39,39,39,39,39,39,39,39,39,39,39,39,39,39,39,39,39,39,39,39,39
6380eae07571e116566417d2,6500ebd46ff81d163b7c7b74,A&B ENTERPRISES LTD,HOOKCONTAINER,False,11,11,11,11,11,11,11,11,11,11,11,11,11,11,11,11,11,11,11,11,11,11,11,11,11
6380eae07571e116566417d2,6658a74bfb25c102b6e7d6c9,A&B ENTERPRISES LTD - EDM,DELIVERLOAD,True,93,93,93,93,93,93,93,93,93,93,93,93,93,93,93,93,93,93,93,93,93,93,93,93,93
6380eae07571e116566417d2,658391c65fccab162fc82551,AB Greenhouse,DELIVERLOAD,False,29,29,29,29,29,29,29,29,29,29,29,29,29,29,29,29,29,29,29,29,29,29,29,29,29
6380eae07571e116566417d2,68c0a059c2ace799ce02779d,ABL X-press LTD,DELIVERLOAD,True,47,47,47,47,47,47,47,47,47,47,47,47,47,47,47,47,47,47,47,47,47,47,47,47,47
6380eae07571e116566417d2,64fa04cdbf7ff51619cf774a,ABSOLUTE LINK LOGISTICS,DELIVERLOAD,False,20,20,20,20,20,20,20,20,20,20,20,20,20,20,20,20,20,20,20,20,20,20,20,20,20
6380eae07571e116566417d2,64fa04cdbf7ff51619cf774a,ABSOLUTE LINK LOGISTICS,HOOKCONTAINER,False,20,20,20,20,20,20,20,20,20,20,20,20,20,20,20,20,20,20,20,20,20,20,20,20,20
6380eae07571e116566417d2,6525c92f718b91161fcf77d9,Absolute Link Logistics Ltd (AB),DELIVERLOAD,False,20,20,20,20,20,20,20,20,20,20,20,20,20,20,20,20,20,20,20,20,20,20,20,20,20
6380eae07571e116566417d2,6525c92f718b91161fcf77d9,Absolute Link Logistics Ltd (AB),HOOKCONTAINER,False,22,22,22,22,22,22,22,22,22,22,22,22,22,22,22,22,22,22,22,22,22,22,22,22,22
6380eae07571e116566417d2,67ddbcd9b8cae898ce82ebde,ACADEMY FABRICATORS,DELIVERLOAD,True,66,66,66,66,66,66,66,66,66,66,66,66,66,66,66,66,66,66,66,66,66,66,66,66,66
6380eae07571e116566417d2,6452a9898b4ec7169df95380,ACCLAIM HOTEL,DELIVERLOAD,False,21,21,21,21,21,21,21,21,21,21,21,21,21,21,21,21,21,21,21,21,21,21,21,21,21
6380eae07571e116566417d2,6452a9898b4ec7169df95380,ACCLAIM HOTEL,HOOKCONTAINER,False,10,10,10,10,10,10,10,10,10,10,10,10,10,10,10,10,10,10,10,10,10,10,10,10,10
6380eae07571e116566417d2,6488bf16a6dfd11643c56e39,Accuristix,DELIVERLOAD,False,86,86,86,86,86,86,86,86,86,86,86,86,86,86,86,86,86,86,86,86,86,86,86,86,86
6380eae07571e116566417d2,6488bf16a6dfd11643c56e39,Accuristix,DELIVERLOAD,True,75,75,75,75,75,75,75,75,75,75,75,75,75,75,75,75,75,75,75,75,75,75,75,75,75
6380eae07571e116566417d2,67d48b60be5e4be0c7cb0865,ACE BAKERY LTD - HORNBY ON,DELIVERLOAD,True,73,73,73,73,73,73,73,111,233,86,5,32,140,73,73,7,73,73,16,60,73,73,73,39,44
6380eae07571e116566417d2,67d48b60be5e4be0c7cb0865,ACE BAKERY LTD - HORNBY ON,HOOKCONTAINER,False,15,15,15,15,15,15,15,15,15,15,15,15,15,15,15,15,15,15,15,15,15,15,15,15,15
6380eae07571e116566417d2,67d48b60be5e4be0c7cb0865,ACE BAKERY LTD - HORNBY ON,PULLCONTAINER,False,24,24,24,24,24,24,24,24,24,24,24,24,24,24,24,24,24,24,24,24,24,24,24,24,24
6380eae07571e116566417d2,65dd0a663ecb75abe6bb7c00,ACE BAKERY Milton,DELIVERLOAD,True,71,71,71,71,71,71,71,71,71,71,71,71,71,71,71,71,71,228,32,71,8,71,71,71,71
6380eae07571e116566417d2,6407cd74148e3d15d830c0eb,Ace Packaging,DELIVERLOAD,False,29,29,29,29,29,29,29,29,29,29,29,29,29,29,29,29,29,29,29,29,29,29,29,29,29
6380eae07571e116566417d2,6407cd74148e3d15d830c0eb,Ace Packaging,HOOKCONTAINER,False,6,6,6,6,6,6,6,6,6,6,6,6,6,6,6,6,6,6,6,6,6,6,6,6,6
6380eae07571e116566417d2,638e4e3805db79164b424575,ACE PACKAGING LTD,DELIVERLOAD,False,13,13,13,13,13,13,13,13,13,13,13,13,13,13,13,13,13,13,13,13,13,13,13,13,13
6380eae07571e116566417d2,6509cdad605f6f1655e6a307,"ACHESON - ACHESON, AB",DELIVERLOAD,True,13,13,13,13,13,13,13,13,13,13,13,13,13,13,13,13,13,13,13,13,13,13,13,13,13
6380eae07571e116566417d2,67be308187a33063eff4b689,ACROPOLIS WAREHOUSING INC,DELIVERLOAD,True,143,143,143,143,143,143,143,143,143,143,143,143,143,143,143,143,143,143,143,143,143,143,143,143,143
6380eae07571e116566417d2,65a7f17e0ff28a16661856f9,ACS INDUS,DELIVERLOAD,True,66,66,66,66,66,66,66,66,66,66,66,66,66,66,66,66,66,66,66,66,66,66,66,66,66
6380eae07571e116566417d2,638e54dae2c64116395bb9af,action car and truck,DELIVERLOAD,False,77,77,77,77,77,77,77,77,77,77,77,77,77,77,77,77,77,77,77,77,77,77,77,77,77
6380eae07571e116566417d2,638e54dae2c64116395bb9af,action car and truck,DELIVERLOAD,True,37,37,37,37,37,37,37,37,37,37,37,37,37,37,37,37,37,37,37,37,37,37,37,37,37
6380eae07571e116566417d2,638e7f737c780a16503cb22e,Action Force Brampton,DELIVERLOAD,False,33,33,33,33,33,33,33,33,33,33,33,33,33,33,33,33,33,33,33,33,33,33,33,33,33
6380eae07571e116566417d2,638e7f737c780a16503cb22e,Action Force Brampton,DELIVERLOAD,True,66,66,66,66,66,66,66,66,66,66,66,66,66,66,66,66,66,66,66,66,66,66,66,66,66
6380eae07571e116566417d2,6811516490ceb1174d4aa46b,Action Force- C/O Belmont,DELIVERLOAD,True,127,127,127,127,127,127,127,127,127,127,127,127,127,127,127,184,127,127,127,127,127,127,127,127,127
6380eae07571e116566417d2,6811516490ceb1174d4aa46b,Action Force- C/O Belmont,HOOKCONTAINER,False,20,20,20,20,20,20,20,20,20,20,20,20,20,20,20,20,20,20,20,20,20,20,20,20,20
6380eae07571e116566417d2,68b9d49c60ff26f231b115f0,ACTION FORCE COLD STORAGE,DELIVERLOAD,True,82,82,82,82,82,82,82,82,82,82,82,82,82,82,82,82,82,82,82,82,82,82,82,82,82
6380eae07571e116566417d2,65085b9ded2e50161b655239,Active Warehouse,DELIVERLOAD,False,89,89,89,89,89,89,89,89,89,89,89,89,89,89,89,89,89,89,89,89,89,89,89,89,89
6380eae07571e116566417d2,638e54dae2c64116395bb9a6,ACTIVE WAREHOUSE,DELIVERLOAD,True,41,41,41,41,41,41,41,41,41,41,33,41,41,41,41,34,41,41,41,41,41,41,41,41,41
6380eae07571e116566417d2,685dcd8eac08015834cdd980,Active Warehousing,DELIVERLOAD,True,51,51,51,51,51,51,51,51,51,51,51,51,51,51,51,51,51,51,51,51,51,51,51,51,51
6380eae07571e116566417d2,6646787607642eec1a9009ea,ACTIVE WAREHOUSING,DELIVERLOAD,True,53,53,53,53,53,53,53,53,53,53,53,53,53,53,53,53,53,53,53,53,53,53,53,53,53
6380eae07571e116566417d2,64fba176ed501a15bbacce80,Active Warehousing Inc,DELIVERLOAD,True,36,36,36,36,36,36,36,36,36,36,36,36,36,36,36,36,36,36,36,36,36,36,36,36,36
6380eae07571e116566417d2,66706df508165991fb9760b3,ACUMEN LOGISTICS LTD,DELIVERLOAD,True,165,165,165,165,165,165,165,165,165,165,165,165,165,165,165,165,165,165,165,165,165,165,165,165,165
6380eae07571e116566417d2,6813a715f23796b49d42a65f,Acument Logistics LTD,PULLCONTAINER,False,29,29,29,29,29,29,29,29,29,29,29,29,29,29,29,29,29,29,29,29,29,29,29,29,29
6380eae07571e116566417d2,678997fa4d9f74c32de6d343,ADCO POWER LTD.,DELIVERLOAD,True,102,102,102,102,102,102,102,102,102,102,102,102,102,102,102,102,102,102,102,102,102,102,102,102,102
6380eae07571e116566417d2,684c97ca769b9ab21453fad8,Address,DELIVERLOAD,True,116,116,116,116,116,116,116,116,116,116,116,116,116,116,116,116,116,116,116,116,116,116,116,116,116
6380eae07571e116566417d2,6660dce90210081449d0ab01,ADM AGRI-INDUSTRIES,DELIVERLOAD,True,160,160,160,160,160,160,160,160,160,160,160,160,160,160,160,160,160,160,160,160,160,160,160,160,160
6380eae07571e116566417d2,6480e570e85bc816975eba59,Adria International Inc. Dba Adria Contract Seating,DELIVERLOAD,False,8,8,8,8,8,8,8,8,8,8,8,8,8,8,8,8,8,8,8,8,8,8,8,8,8
6380eae07571e116566417d2,6480e570e85bc816975eba59,Adria International Inc. Dba Adria Contract Seating,HOOKCONTAINER,False,30,30,30,30,30,30,30,30,30,30,30,30,30,30,30,30,30,30,30,30,30,30,30,30,30
6380eae07571e116566417d2,638f5669648f7a162c61a8c7,ADVANCE DC POWER CORP,DELIVERLOAD,False,29,29,29,29,29,29,29,29,29,29,29,29,29,29,29,29,29,29,29,29,29,29,29,29,29
6380eae07571e116566417d2,638f5669648f7a162c61a8c7,ADVANCE DC POWER CORP,DELIVERLOAD,True,53,53,53,53,53,53,53,53,53,53,53,53,53,53,53,53,53,53,53,53,53,53,53,53,53
6380eae07571e116566417d2,6518692c9b90d815a0e19bd5,ADVANCED FLOW TECHNOLOGIES INC,DELIVERLOAD,True,50,50,50,50,50,50,50,50,50,50,50,50,50,50,50,50,50,50,50,50,50,50,50,50,50
6380eae07571e116566417d2,6464ff5e7d143316177f58d5,"Aevitas, Brantford ON",DELIVERLOAD,True,94,94,94,94,94,94,94,94,94,94,94,94,94,94,94,94,94,94,94,94,94,94,94,94,94
6380eae07571e116566417d2,679900cdb4ae00fab695d70f,Aevitas Edmonton,DELIVERLOAD,False,29,29,29,29,29,29,29,29,29,29,29,29,29,29,29,29,29,29,29,29,29,29,29,29,29
6380eae07571e116566417d2,679900cdb4ae00fab695d70f,Aevitas Edmonton,DELIVERLOAD,True,171,171,171,171,171,171,171,171,171,171,171,171,171,171,171,171,171,171,171,171,171,171,171,171,171
6380eae07571e116566417d2,6464ff35260c27166d032234,"Aevitas, Maple Ridge BC",DELIVERLOAD,True,77,77,77,77,77,77,77,77,77,77,77,109,77,77,77,77,77,77,77,77,77,77,77,77,77
6380eae07571e116566417d2,674bae7cc3edb042253dfa04,AF Cold Storage (AB),DELIVERLOAD,False,10,10,10,10,10,10,10,10,10,10,10,10,10,10,10,10,10,10,10,10,10,10,10,10,10
6380eae07571e116566417d2,674bae7cc3edb042253dfa04,AF Cold Storage (AB),HOOKCONTAINER,False,20,20,20,20,20,20,20,20,20,20,20,20,20,20,20,20,20,20,20,20,20,20,20,20,20
6380eae07571e116566417d2,66c51d82a4493c7e0c7cacd1,AF COLD STORAGE CALGARY,DELIVERLOAD,False,49,49,49,49,49,49,49,49,49,49,49,49,49,49,49,49,49,49,49,49,49,49,49,49,49
6380eae07571e116566417d2,66c51d82a4493c7e0c7cacd1,AF COLD STORAGE CALGARY,HOOKCONTAINER,False,54,54,54,54,54,54,54,54,54,54,54,54,54,54,54,54,60,57,54,14,54,54,54,54,54
6380eae07571e116566417d2,639117de8e2a95165f79be06,Af Coldstore,DELIVERLOAD,False,13,13,13,13,13,13,13,13,13,13,13,13,13,13,13,13,13,13,13,13,13,13,13,13,13
6380eae07571e116566417d2,639117de8e2a95165f79be06,Af Coldstore,DELIVERLOAD,True,105,105,105,105,105,105,105,105,105,105,105,105,105,105,105,105,105,105,105,105,105,105,105,105,105
6380eae07571e116566417d2,639117de8e2a95165f79be06,Af Coldstore,HOOKCONTAINER,False,58,58,58,58,58,58,58,58,58,58,58,58,58,58,58,58,58,58,58,103,34,58,58,58,58
6380eae07571e116566417d2,667f1a2df22303c4f81d2635,AFOD LTD,DELIVERLOAD,True,44,44,44,44,44,44,44,44,44,44,44,44,44,44,44,44,44,44,44,44,44,44,44,44,44
6380eae07571e116566417d2,667085e4b54e0ba44c88f1b2,Aglc Connect Logistics St Albert,DELIVERLOAD,False,26,26,26,26,26,26,26,26,26,26,26,26,26,26,26,26,26,26,26,26,26,26,26,26,26
6380eae07571e116566417d2,682c98cd9ab9b4b1fa2baf2d,AGMOR CA,DELIVERLOAD,False,29,29,29,29,29,29,29,29,29,29,29,29,29,29,29,29,29,29,29,29,29,29,29,29,29
6380eae07571e116566417d2,65f6116f282b8146fb0ef2f1,AGNICO EAGLE MEADOWBANK,DELIVERLOAD,True,74,74,74,74,74,74,74,74,74,63,107,14,74,74,66,74,74,74,74,74,74,74,74,74,74
6380eae07571e116566417d2,66070f26c70f0d34f4745d33,Agri-Flow service,DELIVERLOAD,False,29,29,29,29,29,29,29,29,29,29,29,29,29,29,29,29,29,29,29,29,29,29,29,29,29
6380eae07571e116566417d2,66070f26c70f0d34f4745d33,Agri-Flow service,DELIVERLOAD,True,54,54,54,54,54,54,54,54,54,54,54,54,54,54,54,54,54,54,54,54,54,54,54,54,54
6380eae07571e116566417d2,65ca702faf4371feb6201257,Agri Novatex Canada LTD. c/o GWP Warehousing 92053 RR 22-3,DELIVERLOAD,False,48,48,48,48,48,48,48,48,48,48,48,48,48,48,48,48,48,48,48,48,48,48,48,48,48
6380eae07571e116566417d2,67d990c54a5d661b261bc19c,Agro-100,DELIVERLOAD,True,66,66,66,66,66,66,66,66,66,66,66,66,66,66,66,66,66,66,66,66,66,66,66,66,66
6380eae07571e116566417d2,64ad72d2a498f1166da748a4,Agrocorp,DELIVERLOAD,False,70,70,70,70,70,70,70,70,70,70,70,70,70,70,70,70,68,70,70,70,70,70,70,70,70
6380eae07571e116566417d2,64ad72d2a498f1166da748a4,Agrocorp,DELIVERLOAD,True,51,51,51,51,51,51,51,51,51,51,51,51,51,51,81,60,51,23,51,51,51,51,51,51,51
6380eae07571e116566417d2,6633fd411a94ebe13bb1059a,Agrocrop Exports ltd,DELIVERLOAD,True,61,61,61,61,61,61,61,61,61,61,61,61,61,61,61,61,61,61,61,61,61,61,61,61,61
6380eae07571e116566417d2,638e51a4deced515f58e1949,Agrocrop Exports Ltd. - Bolton ON,DELIVERLOAD,True,96,96,96,96,96,96,81,96,16,6,96,47,96,96,96,96,96,96,96,4,96,96,96,96,96
6380eae07571e116566417d2,638ebfd51de55a15fc741edf,AHEER TERMINAL,DELIVERLOAD,True,16,16,16,16,16,16,16,16,16,16,16,16,16,16,16,16,16,16,16,16,16,16,16,16,16
6380eae07571e116566417d2,638ebfd51de55a15fc741edf,AHEER TERMINAL,HOOKCONTAINER,False,34,34,34,34,34,34,34,34,34,34,34,22,49,12,39,39,37,30,44,34,8,34,34,34,34
6380eae07571e116566417d2,638ebfd51de55a15fc741edf,AHEER TERMINAL,PULLCONTAINER,False,9,9,9,9,9,9,9,9,9,9,9,9,9,9,9,9,9,9,9,9,9,9,9,9,9
6380eae07571e116566417d2,638ebfd51de55a15fc741edf,AHEER TERMINAL,RETURNCONTAINER,False,26,26,26,26,26,26,26,26,26,26,26,26,26,26,26,26,26,26,26,26,26,26,26,26,26
6380eae07571e116566417d2,638e52d7f50f3d1616f6aac6,Airdrie Dry,DELIVERLOAD,True,136,136,136,136,136,136,144,152,84,222,97,172,163,146,55,73,81,136,136,136,136,136,136,136,136
6380eae07571e116566417d2,667477ff4cf2d35118e85ef5,AIRSOL INTERATIONAL 1125,DELIVERLOAD,False,54,54,54,54,54,54,54,54,54,54,54,54,54,54,54,54,54,54,54,54,54,54,54,54,54
6380eae07571e116566417d2,667477ff4cf2d35118e85ef5,AIRSOL INTERATIONAL 1125,HOOKCONTAINER,False,43,43,43,43,43,43,43,43,43,43,43,43,43,43,43,43,43,43,43,43,43,43,43,43,43
6380eae07571e116566417d2,68006d4c9979eba90b9f2975,AIRSOL INTERNATIONAL 1129,DELIVERLOAD,False,29,29,29,29,29,29,29,29,29,29,29,29,29,29,29,29,29,29,29,29,29,29,29,29,29
6380eae07571e116566417d2,68006d4c9979eba90b9f2975,AIRSOL INTERNATIONAL 1129,HOOKCONTAINER,False,26,26,26,26,26,26,26,26,26,26,26,26,26,26,26,26,26,26,26,26,26,26,26,26,26
6380eae07571e116566417d2,659c7f19e230b86b40039ced,AIRSOL INTERNATIONAL LTD 1125 3961,DELIVERLOAD,False,22,22,22,22,22,22,22,22,22,22,22,22,22,22,22,22,22,22,22,22,22,22,22,22,22
6380eae07571e116566417d2,659c7f19e230b86b40039ced,AIRSOL INTERNATIONAL LTD 1125 3961,HOOKCONTAINER,False,16,16,16,16,16,16,16,16,16,16,16,16,16,16,16,16,16,16,16,16,16,16,16,16,16
6380eae07571e116566417d2,6785916882874467b5106aad,AIV CANADA,DELIVERLOAD,False,83,83,83,83,83,83,83,83,83,83,83,83,83,83,83,83,83,83,83,83,83,83,83,83,83
6380eae07571e116566417d2,6785916882874467b5106aad,AIV CANADA,DELIVERLOAD,True,73,73,73,73,73,73,73,73,73,73,73,73,73,73,73,73,73,73,73,73,73,73,73,73,73
6380eae07571e116566417d2,640ba42e08824c15eab90c0c,ALAADIN DONAIR WHOLESALE,DELIVERLOAD,False,76,76,76,76,76,76,76,76,76,76,76,76,76,76,76,76,76,76,76,76,76,76,76,76,76
6380eae07571e116566417d2,640ba42e08824c15eab90c0c,ALAADIN DONAIR WHOLESALE,DELIVERLOAD,True,74,74,74,74,74,74,74,74,74,74,74,74,74,74,74,74,74,74,74,74,74,74,74,74,74
6380eae07571e116566417d2,65455f374fed491565065554,Alasko Foods Inc.,DELIVERLOAD,True,66,66,66,66,66,66,66,66,66,66,66,66,66,66,66,66,66,66,66,66,66,66,66,66,66
6380eae07571e116566417d2,638ec1476df97715f0f3a24a,ALBERTA BEVERAGE CONTAINER RECYCLING,DELIVERLOAD,True,151,151,151,151,151,151,151,151,151,151,151,151,151,151,151,151,151,151,151,151,151,151,151,151,151
6380eae07571e116566417d2,688126b0e20e7de5782fbeae,Alberta College of Aeronautics,DELIVERLOAD,True,66,66,66,66,66,66,66,66,66,66,66,66,66,66,66,66,66,66,66,66,66,66,66,66,66
6380eae07571e116566417d2,681d38d07d3af4aa0096ed7e,ALBERTA DISTILLERS LIMITED,DELIVERLOAD,True,17,17,17,17,17,17,17,17,17,17,17,17,17,17,17,17,17,17,17,17,17,17,17,17,17
6380eae07571e116566417d2,6495e3dee7151a16139c18e0,"ALBERTA GAMING, LIQUOR & CANNABIS COMMISSION",HOOKCONTAINER,False,12,12,12,12,12,12,12,12,12,12,12,12,12,12,12,12,12,12,12,12,12,12,12,12,12
6380eae07571e116566417d2,638e46b50f71ac1600f4f2fd,Alberta Pallet,DELIVERLOAD,False,25,25,25,25,25,25,25,25,25,25,25,25,25,25,25,25,25,25,25,25,25,25,25,25,25
6380eae07571e116566417d2,682cf88acd8194c27fdf938e,ALBERTA PETROLEUM INDUSTRIES LTD.,DELIVERLOAD,True,56,56,56,56,56,56,56,56,56,56,56,56,56,56,56,56,56,56,56,56,56,56,56,56,56
6380eae07571e116566417d2,646fb9281d7e2c15fcea3d9f,ALBERTA PIPE FITTINGS LTD UNIT 2125-2129,DELIVERLOAD,False,19,19,19,19,19,19,19,19,19,19,19,19,19,19,19,19,19,19,19,19,19,19,19,19,19
6380eae07571e116566417d2,646fb9281d7e2c15fcea3d9f,ALBERTA PIPE FITTINGS LTD UNIT 2125-2129,DELIVERLOAD,True,72,72,72,72,72,72,72,72,72,72,72,72,72,72,72,72,72,72,72,72,72,72,72,72,72
6380eae07571e116566417d2,646fb9281d7e2c15fcea3d9f,ALBERTA PIPE FITTINGS LTD UNIT 2125-2129,HOOKCONTAINER,False,13,13,13,13,13,13,13,13,13,13,13,13,13,13,13,13,13,13,13,13,13,13,13,13,13
6380eae07571e116566417d2,67eb1677df419bb81543e1a8,Alberta Power Sports Inc,DELIVERLOAD,False,29,29,29,29,29,29,29,29,29,29,29,29,29,29,29,29,29,29,29,29,29,29,29,29,29
6380eae07571e116566417d2,657b782219a0791653f488c7,Alberta Processing Ltd.,HOOKCONTAINER,False,20,20,20,20,20,20,20,20,20,20,20,20,20,20,20,20,20,20,20,20,20,20,20,20,20
6380eae07571e116566417d2,638e78f8683f83165d3f1394,Alberta Produce & Grocery Ltd,HOOKCONTAINER,False,20,20,20,20,20,20,20,20,20,20,20,20,20,20,20,20,20,20,20,20,20,20,20,20,20
6380eae07571e116566417d2,638e468cdeced515f58e172b,Alberta Table Bases Inc.,DELIVERLOAD,False,41,41,41,41,41,41,41,41,41,41,41,41,41,41,41,41,41,41,41,41,41,41,41,41,41
6380eae07571e116566417d2,638e468cdeced515f58e172b,Alberta Table Bases Inc.,HOOKCONTAINER,False,10,10,10,10,10,10,10,10,10,10,10,10,10,10,10,10,10,10,10,10,10,10,10,10,10
6380eae07571e116566417d2,67d44281125e704c566220fe,ALBERTA VINYL WINDOWS & DOORS,DELIVERLOAD,True,146,146,146,146,146,146,146,146,146,146,146,146,146,146,146,146,146,146,146,146,146,146,146,146,146
6380eae07571e116566417d2,67f6aa084da8b7607d592dd3,Aldersyde,DELIVERLOAD,False,29,29,29,29,29,29,29,29,29,29,29,29,29,29,29,29,29,29,29,29,29,29,29,29,29
6380eae07571e116566417d2,67f6aa084da8b7607d592dd3,Aldersyde,DELIVERLOAD,True,78,78,78,78,78,78,78,78,78,78,78,78,78,78,78,78,78,78,78,78,78,78,78,78,78
6380eae07571e116566417d2,648b5f427033131656f945e0,ALEXANDRIA MOULDING INC,DELIVERLOAD,False,15,15,15,15,15,15,15,15,15,15,13,9,25,14,16,17,17,17,15,14,14,15,15,15,15
6380eae07571e116566417d2,648b5f427033131656f945e0,ALEXANDRIA MOULDING INC,DELIVERLOAD,True,62,62,62,62,62,62,62,62,62,62,62,62,62,62,62,62,62,62,62,62,62,62,62,62,62
6380eae07571e116566417d2,648b5f427033131656f945e0,ALEXANDRIA MOULDING INC,HOOKCONTAINER,False,22,22,22,22,22,22,22,22,22,14,13,44,16,14,40,34,36,49,15,39,11,30,22,22,22
6380eae07571e116566417d2,68bf1e1bc770abce7ba9754c,Alfa Laval Inc,DELIVERLOAD,True,66,66,66,66,66,66,66,66,66,66,66,66,66,66,66,66,66,66,66,66,66,66,66,66,66
6380eae07571e116566417d2,65b028250af94f1638f8765d,ALFATEC - Legal,DELIVERLOAD,True,89,89,89,89,89,89,89,89,89,89,89,89,89,89,89,89,89,89,89,89,89,89,89,89,89
6380eae07571e116566417d2,687e45bf70f49c8f258636f2,ALI-LB - A LASSONDE INC (RP),PULLCONTAINER,False,21,21,21,21,21,21,21,21,21,21,21,21,21,21,21,21,21,21,21,21,21,21,21,21,21
6380eae07571e116566417d2,67fc012dab76b5195a687dee,ALIMENTS LUDA FOODS,DELIVERLOAD,True,66,66,66,66,66,66,66,66,66,66,66,66,66,66,66,66,66,66,66,66,66,66,66,66,66
6380eae07571e116566417d2,68c31b8edccb30d0bd91fe63,ALIMENTS LUDA FOODS,PULLCONTAINER,False,52,52,52,52,52,52,52,52,52,52,52,52,52,52,52,52,52,52,52,52,52,52,52,52,52
6380eae07571e116566417d2,67fc0111c40e55145ae21abe,ALIMENTS LUDA FOODS CDNCB,DELIVERLOAD,True,18,18,18,18,18,18,18,18,18,18,18,18,18,18,18,18,18,18,18,18,18,18,18,18,18
6380eae07571e116566417d2,6670647f5bd642fd01c388a7,Alin Cargo Express,DELIVERLOAD,False,12,12,12,12,12,12,12,12,12,12,12,12,12,12,12,12,12,12,12,12,12,12,12,12,12
6380eae07571e116566417d2,6670647f5bd642fd01c388a7,Alin Cargo Express,HOOKCONTAINER,False,48,48,48,48,48,48,48,48,48,48,48,48,48,48,48,48,48,48,48,48,48,48,48,48,48
6380eae07571e116566417d2,667592ecc477a100e3d059e3,ALIYAS FOODS LIMITED,DELIVERLOAD,True,96,96,96,96,96,96,96,96,96,96,96,96,96,96,96,96,96,96,96,96,96,96,96,96,96
6380eae07571e116566417d2,652870e3cbd48a163aed6169,ALL-CAN PRO LOGISTICS INC,DELIVERLOAD,True,2,2,2,2,2,2,2,2,2,2,2,2,2,2,2,2,2,2,2,2,2,2,2,2,2
6380eae07571e116566417d2,68474d3336c5d4c4157f0f76,Allen,DELIVERLOAD,False,12,12,12,12,12,12,12,12,12,12,12,12,12,12,12,12,12,12,12,12,12,12,12,12,12
6380eae07571e116566417d2,68474d3336c5d4c4157f0f76,Allen,HOOKCONTAINER,False,20,20,20,20,20,20,20,20,20,20,20,20,20,20,20,20,20,20,20,20,20,20,20,20,20
6380eae07571e116566417d2,65037995645b6a1634f946ab,ALLEN B. OLSON AUCTION SERVICE,DELIVERLOAD,True,111,111,111,111,111,111,111,111,111,111,111,111,111,111,111,111,111,111,111,111,111,111,111,111,111
6380eae07571e116566417d2,683f0db139b207970ef9dcbf,Allens - Leduc,DELIVERLOAD,False,29,29,29,29,29,29,29,29,29,29,29,29,29,29,29,29,29,29,29,29,29,29,29,29,29
6380eae07571e116566417d2,64ff93132fa5b4164e7ecb24,Allgeion Western Canada DC,DELIVERLOAD,True,44,44,44,44,44,44,44,44,44,44,44,44,44,44,44,44,44,44,44,44,44,44,44,44,44
6380eae07571e116566417d2,6776c42c841d5bf1d2c6e2e0,Alliance - Brampton,DELIVERLOAD,True,102,102,102,102,102,102,102,102,139,102,102,81,95,102,138,102,102,102,102,102,102,102,102,102,102
6380eae07571e116566417d2,656e2ab4ca33b11650e01612,Alliance Labeling,DELIVERLOAD,True,66,66,66,66,66,66,66,66,66,66,66,66,66,66,66,66,66,66,66,66,66,66,66,66,66
6380eae07571e116566417d2,6806cd2e3f678faa83a4858e,ALLIANCE SEED CLEANING,DELIVERLOAD,True,75,75,75,75,75,75,75,75,75,75,75,75,75,75,75,75,75,75,75,75,75,75,75,75,75
6380eae07571e116566417d2,640ba56d2e5932161e07d703,Allied,DELIVERLOAD,False,27,27,27,27,27,27,27,27,27,27,27,27,27,27,27,27,27,27,27,27,27,27,27,27,27
6380eae07571e116566417d2,640ba56d2e5932161e07d703,Allied,DELIVERLOAD,True,26,26,26,26,26,26,26,26,26,26,26,26,26,26,26,26,26,26,26,26,26,26,26,26,26
6380eae07571e116566417d2,640ba56d2e5932161e07d703,Allied,HOOKCONTAINER,False,10,10,10,10,10,10,10,10,10,10,10,10,10,10,10,10,10,10,10,10,10,10,10,10,10
6380eae07571e116566417d2,638ec1476df97715f0f3a241,ALLIED FITTING,DELIVERLOAD,False,20,20,20,20,20,20,20,20,20,20,20,20,20,20,20,20,20,20,20,20,20,20,20,20,20
6380eae07571e116566417d2,638ec1476df97715f0f3a241,ALLIED FITTING,DELIVERLOAD,True,45,45,45,45,45,45,45,45,45,45,45,45,71,44,45,45,45,45,45,45,45,45,45,45,45
6380eae07571e116566417d2,68657797368758bf0673483f,ALL LIFT WAREHOUSE SOLUTIONS INC,HOOKCONTAINER,False,10,10,10,10,10,10,10,10,10,10,10,10,10,10,10,10,10,10,10,10,10,10,10,10,10
6380eae07571e116566417d2,680a7461f38f6d222c2ec2bc,ALL-TEK INDUSTRIAL INC,DELIVERLOAD,True,66,66,66,66,66,66,66,66,66,66,66,66,66,66,66,66,66,66,66,66,66,66,66,66,66
6380eae07571e116566417d2,684adc5d44350a41af17bc01,All Tra Battery Lethbridge,DELIVERLOAD,True,113,113,113,113,113,113,113,113,113,113,113,113,113,113,113,113,113,113,113,113,113,113,113,113,113
6380eae07571e116566417d2,638e55986df97715f0f39562,ALL-TRA BATTERY - Lethbridge,DELIVERLOAD,True,166,166,166,166,166,166,166,166,166,166,166,166,166,166,166,166,166,166,166,166,166,166,166,166,166
6380eae07571e116566417d2,66848003d0ce179bed64e15d,Allvik Inc,DELIVERLOAD,False,37,37,37,37,37,37,37,37,37,37,37,37,37,37,37,37,37,37,37,37,37,37,37,37,37
6380eae07571e116566417d2,66848003d0ce179bed64e15d,Allvik Inc,HOOKCONTAINER,False,14,14,14,14,14,14,14,14,14,14,14,14,14,14,14,14,14,14,14,14,14,14,14,14,14
6380eae07571e116566417d2,638e55986df97715f0f39532,All Weather Windows,DELIVERLOAD,False,14,14,14,14,14,14,14,14,14,14,14,26,15,20,14,14,29,14,14,14,14,14,14,14,14
6380eae07571e116566417d2,638e55986df97715f0f39532,All Weather Windows,DELIVERLOAD,True,26,26,26,26,26,26,26,26,26,26,26,26,26,26,26,26,26,26,26,26,26,26,26,26,26
6380eae07571e116566417d2,638e55986df97715f0f39532,All Weather Windows,HOOKCONTAINER,False,16,16,16,16,16,16,16,16,16,16,16,16,16,16,16,16,16,16,16,16,16,16,16,16,16
6380eae07571e116566417d2,639117de8e2a95165f79be1f,All weather windows glass,DELIVERLOAD,True,52,52,52,52,52,52,52,52,52,52,52,52,52,52,52,52,52,52,52,52,52,52,52,52,52
6380eae07571e116566417d2,66df739499731c22d60bfafd,ALL WEATHER WINDOWS LTD,DELIVERLOAD,True,6,6,6,6,6,6,6,6,6,6,6,6,6,6,6,6,6,6,6,6,6,6,6,6,6
6380eae07571e116566417d2,66df739499731c22d60bfafd,ALL WEATHER WINDOWS LTD,HOOKCONTAINER,False,14,14,14,14,14,14,14,14,14,14,14,14,14,14,14,14,14,14,14,14,14,14,14,14,14
6380eae07571e116566417d2,65149fd848c59615e83d4757,ALL WEST DEMOLITION,DELIVERLOAD,False,11,11,11,11,11,11,11,11,11,11,11,11,11,11,11,11,11,11,11,11,11,11,11,11,11
6380eae07571e116566417d2,65149fd848c59615e83d4757,ALL WEST DEMOLITION,HOOKCONTAINER,False,20,20,20,20,20,20,20,20,20,20,20,20,20,20,20,20,20,20,20,20,20,20,20,20,20
6380eae07571e116566417d2,6463da6e3bb8ca165f0e2ad2,ALM Crown Moving Mississauga ON,DELIVERLOAD,True,156,156,156,156,156,156,156,156,156,156,156,156,156,156,156,156,156,156,156,156,156,156,156,156,156
6380eae07571e116566417d2,67f04c8b28eea2b3ad406d16,Al-Shamas Food Products COD,DELIVERLOAD,True,16,16,16,16,16,16,16,16,16,16,16,16,16,16,16,16,16,16,16,16,16,16,16,16,16
6380eae07571e116566417d2,6838a0a81030466a66971968,"Alshamas Food Products Ltd - Mississauga, ON",DELIVERLOAD,True,104,104,104,104,104,104,104,104,104,104,104,104,104,104,104,104,104,104,104,104,104,104,104,104,104
6380eae07571e116566417d2,675a0ffa1c4f38f759c656b4,AltaLink LP,DELIVERLOAD,True,128,128,128,128,128,128,128,128,128,128,128,128,128,128,128,128,128,128,128,128,128,128,128,128,128
6380eae07571e116566417d2,684b3361d24a2e6c79ce4e20,ALTATECH AGENCIES LTD.,DELIVERLOAD,False,18,18,18,18,18,18,18,18,18,18,18,18,18,18,18,18,18,18,18,18,18,18,18,18,18
6380eae07571e116566417d2,6761d04fdc06359516a0a0dd,ALTOBA FREIGHT,DELIVERLOAD,True,2,2,2,2,2,2,2,2,2,2,2,2,2,2,2,2,2,2,2,2,2,2,2,2,2
6380eae07571e116566417d2,67898cf3842607a677871d6c,Altoba Freight Systems Inc,DELIVERLOAD,True,66,66,66,66,66,66,66,66,66,66,66,66,66,66,66,66,66,66,66,66,66,66,66,66,66
6380eae07571e116566417d2,638e49e09a8a2f15f9401272,Aluma Systems Canada Edmonton,DELIVERLOAD,True,66,66,66,66,66,66,66,66,66,66,66,66,66,66,66,66,66,66,66,66,66,66,66,66,66
6380eae07571e116566417d2,67ca0cd9c61871bb7e8de931,"AMA Horticulture Inc. - Kingsville, ON",DELIVERLOAD,True,74,74,74,74,74,74,74,74,74,74,74,74,74,74,74,74,74,74,74,74,74,74,74,74,74
6380eae07571e116566417d2,68530b67dd22afefc2f3b537,AMANDEEP,HOOKCONTAINER,False,74,74,74,74,74,74,74,74,74,74,74,74,74,74,74,74,74,74,74,74,74,74,74,74,74
6380eae07571e116566417d2,65abeadadb3bf9164e68d44c,Aman Logistics,DELIVERLOAD,True,162,162,162,162,162,162,162,162,162,162,162,162,162,162,162,162,162,162,162,162,162,162,162,162,162
6380eae07571e116566417d2,645c0ba602cf7a161dafbe95,AMAR TRANSPORT depot,RETURNCONTAINER,False,12,12,12,12,12,12,12,12,12,12,12,15,12,12,12,12,12,12,12,12,12,12,12,12,12
6380eae07571e116566417d2,65a97014d8742816292d7c21,Amazon DYB2,DELIVERLOAD,False,11,11,11,11,11,11,11,11,11,11,11,11,11,11,25,11,11,11,11,11,11,11,11,11,11
6380eae07571e116566417d2,65a97014d8742816292d7c21,Amazon DYB2,DELIVERLOAD,True,95,95,95,95,95,95,95,95,95,95,95,95,95,95,95,95,95,95,95,95,95,95,95,95,95
6380eae07571e116566417d2,65a97014d8742816292d7c21,Amazon DYB2,HOOKCONTAINER,False,33,33,33,33,33,33,33,33,33,33,33,33,33,33,33,33,33,33,33,33,33,33,33,33,33
6380eae07571e116566417d2,65a83c4ecc737d161662b75e,Amazon DYB3,DELIVERLOAD,False,24,24,24,24,24,24,24,24,24,24,24,24,24,33,24,24,24,13,24,24,24,24,24,24,24
6380eae07571e116566417d2,65a83c4ecc737d161662b75e,Amazon DYB3,DELIVERLOAD,True,66,66,66,66,66,66,66,66,66,66,66,66,66,66,66,66,66,66,66,66,66,66,66,66,66
6380eae07571e116566417d2,65a83c4ecc737d161662b75e,Amazon DYB3,HOOKCONTAINER,False,15,15,15,15,15,15,15,15,15,15,15,15,39,15,15,69,8,15,34,10,16,15,15,15,15
6380eae07571e116566417d2,6437342639ab561635604724,AMAZON YEG1,DELIVERLOAD,False,42,42,42,42,42,42,42,42,42,42,42,42,42,42,42,42,42,42,42,42,42,42,42,42,42
6380eae07571e116566417d2,6437342639ab561635604724,AMAZON YEG1,DELIVERLOAD,True,165,165,165,165,165,165,165,165,165,165,165,165,165,165,165,165,165,165,165,165,165,165,165,165,165
6380eae07571e116566417d2,6437342639ab561635604724,AMAZON YEG1,HOOKCONTAINER,False,16,16,16,16,16,16,16,16,16,16,16,16,16,16,16,16,16,16,16,16,16,16,16,16,16
6380eae07571e116566417d2,6791697bab40eee3b125d202,Amazon YYC4,DELIVERLOAD,False,50,50,50,50,50,50,50,50,50,50,50,50,50,50,50,50,50,50,50,50,50,50,50,50,50
6380eae07571e116566417d2,670704064d581a29e442c78d,Amazon (YYC4),DELIVERLOAD,True,66,66,66,66,66,66,66,66,66,66,66,66,66,66,66,66,66,66,66,66,66,66,66,66,66
6380eae07571e116566417d2,66199f096542f17f58ab67d0,AMAZON YYC4 - CALGARY AB,DELIVERLOAD,False,29,29,29,29,29,29,29,29,29,29,29,29,29,29,29,29,29,29,29,29,29,29,29,29,29
6380eae07571e116566417d2,66199f096542f17f58ab67d0,AMAZON YYC4 - CALGARY AB,HOOKCONTAINER,False,5,5,5,5,5,5,5,5,5,5,5,5,5,5,5,5,5,5,5,5,5,5,5,5,5
6380eae07571e116566417d2,64b1c0c524f49d16135911a2,Amazon YYC6,DELIVERLOAD,False,45,45,45,45,45,45,45,45,45,45,45,45,45,45,45,45,45,45,45,45,45,45,45,45,45
6380eae07571e116566417d2,64b1c0c524f49d16135911a2,Amazon YYC6,DELIVERLOAD,True,37,37,37,37,37,37,37,37,37,37,37,37,37,37,37,37,37,37,37,37,37,37,37,37,37
6380eae07571e116566417d2,64b1c0c524f49d16135911a2,Amazon YYC6,HOOKCONTAINER,False,12,12,12,12,12,12,12,12,12,12,12,12,12,12,12,12,12,12,12,12,12,12,12,12,12
6380eae07571e116566417d2,6841d4a5f55817630a873573,AMAZON - YYZ3,DELIVERLOAD,True,132,132,132,132,132,132,132,132,132,132,132,132,132,132,132,132,132,132,132,132,132,132,132,132,132
6380eae07571e116566417d2,68800c6cb9f7ff62d5b30f3d,AMICO PATIENT CARE CORPORATION,DELIVERLOAD,True,21,21,21,21,21,21,21,21,21,21,21,21,21,21,21,21,21,21,21,21,21,21,21,21,21
6380eae07571e116566417d2,6830e553ee135a48948a5bde,AMITY INDUSTRIAL SUPPLY LTD,DELIVERLOAD,True,65,65,65,65,65,65,65,65,65,65,65,65,65,65,65,65,65,65,65,65,65,65,65,65,65
6380eae07571e116566417d2,64cadc8ab32bd615cd50709c,amj campbell,DELIVERLOAD,False,11,11,11,11,11,11,11,11,11,11,11,11,11,11,11,11,11,11,11,11,11,11,11,11,11
6380eae07571e116566417d2,64cadc8ab32bd615cd50709c,amj campbell,HOOKCONTAINER,False,2,2,2,2,2,2,2,2,2,2,2,2,2,2,2,2,2,2,2,2,2,2,2,2,2
6380eae07571e116566417d2,67a66f6087c5e8f90035be8a,AMPLIFY COLD STORAGE BRANTFORD,DELIVERLOAD,True,20,20,20,20,20,20,20,20,20,20,20,20,20,20,20,20,20,20,20,20,20,20,20,20,20
6380eae07571e116566417d2,638e542c487e0815fe50f144,Amvic Inc. - Calgary AB,DELIVERLOAD,False,29,29,29,29,29,29,29,29,29,29,29,29,29,29,29,29,29,29,29,29,29,29,29,29,29
6380eae07571e116566417d2,638e542c487e0815fe50f144,Amvic Inc. - Calgary AB,DELIVERLOAD,True,155,155,155,155,155,155,155,155,155,155,155,155,155,155,155,155,155,155,155,155,155,155,155,155,155
6380eae07571e116566417d2,65c3c8a7594cf34fea0e0813,AMVIC SYSTEM,DELIVERLOAD,True,151,151,151,151,151,151,151,151,151,151,151,151,151,151,151,151,151,151,151,151,151,151,151,151,151
6380eae07571e116566417d2,67771bc624b7b54e3e783427,Amvic Systems Inc,DELIVERLOAD,False,29,29,29,29,29,29,29,29,29,29,29,29,29,29,29,29,29,29,29,29,29,29,29,29,29
6380eae07571e116566417d2,67771bc624b7b54e3e783427,Amvic Systems Inc,DELIVERLOAD,True,125,125,125,125,125,125,125,125,125,125,125,125,125,125,125,125,125,125,125,125,125,125,125,125,125
6380eae07571e116566417d2,687eae94404c91df9ca3990b,ANCHOR EXTERIOR SYSTEMS,DELIVERLOAD,True,66,66,66,66,66,66,66,66,66,66,66,66,66,66,66,66,66,66,66,66,66,66,66,66,66
6380eae07571e116566417d2,67bcc20e2cf7e6336206f1ac,ANC Trading,HOOKCONTAINER,False,20,20,20,20,20,20,20,20,20,20,20,20,20,20,20,20,20,20,20,20,20,20,20,20,20
6380eae07571e116566417d2,68653bbfee96ed41bfb8a981,ANC Trading,DELIVERLOAD,True,28,28,28,28,28,28,28,28,28,28,28,28,28,28,28,28,28,28,28,28,28,28,28,28,28
6380eae07571e116566417d2,65aec97a43449d15d459e601,ANC Whitecourt Warehouse,DELIVERLOAD,True,165,165,165,165,165,165,165,165,165,165,165,165,165,197,225,165,165,165,165,79,165,165,165,165,165
6380eae07571e116566417d2,644c564df09e26163700358c,ANDMIR Group Canada Inc,DELIVERLOAD,False,24,24,24,24,24,24,24,24,24,24,24,24,24,24,24,24,24,24,24,24,24,24,24,24,24
6380eae07571e116566417d2,681cd2118180d07f0a1a77aa,ANIPET ANIMAL SUPPLIES,DELIVERLOAD,True,108,108,108,108,108,108,108,108,108,108,137,65,108,122,108,108,108,108,108,108,108,108,108,108,108
6380eae07571e116566417d2,65e1e832d51a17d53674425c,Annacis,DELIVERLOAD,True,66,66,66,66,66,66,66,66,66,66,66,66,66,66,66,66,66,66,66,66,66,66,66,66,66
6380eae07571e116566417d2,68829954df3aa63d5ec617d0,Annacis Reload,PULLCONTAINER,False,62,62,62,62,62,62,62,62,62,62,62,62,62,62,62,62,62,62,62,62,62,62,62,62,62
6380eae07571e116566417d2,6660a3e714ba5863300a3c92,Annacis XFR,DELIVERLOAD,False,46,46,46,46,46,46,46,46,46,46,46,46,46,46,46,46,46,46,46,46,46,46,46,46,46
6380eae07571e116566417d2,6660a3e714ba5863300a3c92,Annacis XFR,DELIVERLOAD,True,95,95,95,95,95,95,95,95,95,95,95,95,95,95,95,95,97,95,95,95,95,95,95,95,95
6380eae07571e116566417d2,67c215b31f86d2b3eaf720d7,Anthony Steel Manufacturing Ltd,DELIVERLOAD,True,66,66,66,66,66,66,66,66,66,66,66,66,66,66,66,66,66,66,66,66,66,66,66,66,66
6380eae07571e116566417d2,6688139909a2099f5dca6782,ANTHRATECH WESTERN INC 432,DELIVERLOAD,True,59,59,59,59,59,59,59,59,59,59,59,59,59,59,59,59,59,59,59,59,59,59,59,59,59
6380eae07571e116566417d2,68758d41af8e7977419e5cd0,ANTON ENERGY SERVICES CORPORATION,DELIVERLOAD,True,66,66,66,66,66,66,66,66,66,66,66,66,66,66,66,66,66,66,66,66,66,66,66,66,66
6380eae07571e116566417d2,662d3351e2e1dbc29be74465,ANT RENTALS LT,DELIVERLOAD,False,90,90,90,90,90,90,90,90,90,90,90,90,90,90,90,90,90,90,90,90,90,90,90,90,90
6380eae07571e116566417d2,662d3351e2e1dbc29be74465,ANT RENTALS LT,DELIVERLOAD,True,102,102,102,102,102,102,102,102,102,102,102,102,102,102,102,102,102,102,102,102,102,102,102,102,102
6380eae07571e116566417d2,662d3351e2e1dbc29be74465,ANT RENTALS LT,HOOKCONTAINER,False,10,10,10,10,10,10,10,10,10,10,10,10,10,10,10,10,10,10,10,10,10,10,10,10,10
6380eae07571e116566417d2,639117de8e2a95165f79bdfe,AOSOM Canada  Cal,DELIVERLOAD,False,29,29,29,29,29,29,29,29,29,29,29,29,29,29,29,29,29,29,29,29,29,29,29,29,29
6380eae07571e116566417d2,6393c2fa6d10ed163914eb30,Apache Pipeline,DELIVERLOAD,True,66,66,66,66,66,66,66,66,66,66,66,66,66,66,66,66,66,66,66,66,66,66,66,66,66
6380eae07571e116566417d2,6638ea7ee0180c5d2e4ee1b4,Apco Mg International Inc 1,DELIVERLOAD,True,73,73,73,73,73,73,73,73,73,73,73,73,73,73,73,73,73,73,73,73,73,73,73,73,73
6380eae07571e116566417d2,65a7f1bcd3f53b15f9d89092,APETITO - BRAMPTON,DELIVERLOAD,True,79,79,79,79,79,79,79,69,130,68,118,152,107,23,79,79,79,79,79,79,79,79,79,79,79
6380eae07571e116566417d2,65a7f1bcd3f53b15f9d89092,APETITO - BRAMPTON,PULLCONTAINER,False,29,29,29,29,29,29,29,29,29,29,29,29,29,29,29,29,29,29,29,29,29,29,29,29,29
6380eae07571e116566417d2,6893ae8bfd6205ef12dee70b,APEX SUPPLY GROUP INC,DELIVERLOAD,True,67,67,67,67,67,67,67,67,67,67,67,67,67,67,67,67,67,67,67,67,67,67,67,67,67
6380eae07571e116566417d2,63f55710a63aae15eb3ac129,APF,DELIVERLOAD,False,66,66,66,66,66,66,66,66,66,66,66,66,66,66,66,66,66,66,66,66,66,66,66,66,66
6380eae07571e116566417d2,65b2ccdff728f015eb94f57f,APF TIRES C/O ALBERTA PIPE FITTINGS LTD,DELIVERLOAD,False,18,18,18,18,18,18,18,18,18,18,18,18,18,18,18,18,18,18,18,18,18,18,18,18,18
6380eae07571e116566417d2,65b2ccdff728f015eb94f57f,APF TIRES C/O ALBERTA PIPE FITTINGS LTD,DELIVERLOAD,True,57,57,57,57,57,57,57,57,57,57,57,57,57,57,57,57,57,57,57,57,57,57,57,57,57
6380eae07571e116566417d2,65b2ccdff728f015eb94f57f,APF TIRES C/O ALBERTA PIPE FITTINGS LTD,HOOKCONTAINER,False,11,11,11,11,11,11,11,11,11,11,11,11,11,11,11,11,11,11,11,11,11,11,11,11,11
6380eae07571e116566417d2,65e9f9f8d93f6a33dd09f53c,APF TIRES c/o LTR Mechanical Ltd. Bay D,HOOKCONTAINER,False,5,5,5,5,5,5,5,5,5,5,5,5,5,5,5,5,5,5,5,5,5,5,5,5,5
6380eae07571e116566417d2,687a78a14aac1519ed9f0cc9,API,DELIVERLOAD,True,58,58,58,58,58,58,58,58,58,58,58,58,58,58,58,58,58,58,58,58,58,58,58,58,58
6380eae07571e116566417d2,687e8d6c55bf1c1990be5bc8,API - Edmonton,DELIVERLOAD,True,95,95,95,95,95,95,95,95,95,95,95,95,95,95,95,95,95,95,95,95,95,95,95,95,95
6380eae07571e116566417d2,682f5b6db2fda6f529a39884,A plus Vinyl,DELIVERLOAD,False,6,6,6,6,6,6,6,6,6,6,6,6,6,6,6,6,6,6,6,6,6,6,6,6,6
6380eae07571e116566417d2,68518380988191aafc1ea9ef,APPLETEDDY CIDERS,DELIVERLOAD,True,69,69,69,69,69,69,69,69,69,69,69,69,69,69,69,69,69,69,69,69,69,69,69,69,69
6380eae07571e116566417d2,67d86d7c1dbac59c524230a3,Applied Plastics Technology Inc,DELIVERLOAD,True,90,90,90,90,90,90,90,90,90,90,90,90,90,90,90,90,90,90,90,90,90,90,90,90,90
6380eae07571e116566417d2,66684dfc793755ca01d37222,APPS Cargo Terminals,DELIVERLOAD,False,8,8,8,8,8,8,8,8,8,8,8,8,8,8,8,8,8,8,8,8,8,8,8,8,8
6380eae07571e116566417d2,66684dfc793755ca01d37222,APPS Cargo Terminals,DELIVERLOAD,True,36,36,36,36,36,36,36,36,36,36,36,36,36,36,36,36,36,36,36,36,36,36,36,36,36
6380eae07571e116566417d2,66684dfc793755ca01d37222,APPS Cargo Terminals,HOOKCONTAINER,False,3,3,3,3,3,3,3,3,3,3,3,3,3,3,3,3,3,3,3,3,3,3,3,3,3
6380eae07571e116566417d2,678fbedc225bab36c57354e6,AP SIDHU TRUCK TRAILER,DELIVERLOAD,True,55,55,55,55,55,55,55,55,55,55,55,55,55,55,55,55,55,55,55,55,55,55,55,55,55
6380eae07571e116566417d2,68c093d83eb2c285821f92a7,A&P TRANSPORT LTD,DELIVERLOAD,True,4,4,4,4,4,4,4,4,4,4,4,4,4,4,4,4,4,4,4,4,4,4,4,4,4
6380eae07571e116566417d2,638e6b9034262115e3bed14a,Aqua Bath Edmonton,DELIVERLOAD,False,9,9,9,9,9,9,9,9,9,9,9,9,9,9,9,9,9,9,9,9,9,9,9,9,9
6380eae07571e116566417d2,638e6b9034262115e3bed14a,Aqua Bath Edmonton,HOOKCONTAINER,False,46,46,46,46,46,46,46,46,46,46,46,46,46,46,46,46,46,46,46,46,46,46,46,46,46
6380eae07571e116566417d2,68b9ca968a5bfe4cf5d88b0f,Araam Sleep Products,DELIVERLOAD,True,15,15,15,15,15,15,15,15,15,15,15,15,15,15,15,15,15,15,15,15,15,15,15,15,15
6380eae07571e116566417d2,67bdeb8143b490dd5b52133f,Arc-Fil Products Ltd,DELIVERLOAD,True,72,72,72,72,72,72,72,72,72,72,72,72,72,72,72,72,72,72,72,72,72,72,72,72,72
6380eae07571e116566417d2,638e78f8683f83165d3f1380,Arch Distribution,DELIVERLOAD,False,54,54,54,54,54,54,54,54,54,54,54,54,54,54,54,54,54,54,54,54,54,54,54,54,54
6380eae07571e116566417d2,638e78f8683f83165d3f1380,Arch Distribution,DELIVERLOAD,True,27,27,27,27,27,27,27,27,27,27,27,27,27,27,27,27,27,27,27,27,27,27,27,27,27
6380eae07571e116566417d2,66b7b1b7b2b4abefc17eed95,Archer Daniels Midland Company,DELIVERLOAD,False,29,29,29,29,29,29,29,29,29,29,29,29,29,29,29,29,29,29,29,29,29,29,29,29,29
6380eae07571e116566417d2,638e663fe50c1016291a0380,Archway,DELIVERLOAD,False,26,26,26,26,26,26,26,26,26,26,26,26,26,26,26,26,26,26,26,26,26,26,26,26,26
6380eae07571e116566417d2,638e663fe50c1016291a0380,Archway,DELIVERLOAD,True,45,45,45,45,45,45,45,45,45,45,45,45,45,45,45,45,45,45,45,45,45,45,45,45,45
6380eae07571e116566417d2,638e663fe50c1016291a0380,Archway,HOOKCONTAINER,False,20,20,20,20,20,20,20,20,20,20,20,20,20,20,20,20,20,20,20,20,20,20,20,20,20
6380eae07571e116566417d2,679568768d581b9d9e6de815,ARCHWAY C/O TELUS,DELIVERLOAD,False,29,29,29,29,29,29,29,29,29,29,29,29,29,29,29,29,29,29,29,29,29,29,29,29,29
6380eae07571e116566417d2,679568768d581b9d9e6de815,ARCHWAY C/O TELUS,DELIVERLOAD,True,66,66,66,66,66,66,66,66,66,66,66,66,66,66,66,66,66,66,66,66,66,66,66,66,66
6380eae07571e116566417d2,686d1934f17d1b3272e03be7,ARCTIC BEVERAGES 2014 LP DWD,DELIVERLOAD,False,29,29,29,29,29,29,29,29,29,29,29,29,29,29,29,29,29,29,29,29,29,29,29,29,29
6380eae07571e116566417d2,638e51a4deced515f58e194d,ARCTIC CHILLER,DELIVERLOAD,True,77,77,77,77,77,77,77,77,77,77,77,77,77,77,77,77,77,77,77,77,77,77,77,77,77
6380eae07571e116566417d2,686ed1edb2c2561391da8b35,Arctic Spas Edmonton,DELIVERLOAD,True,65,65,65,65,65,65,65,65,65,65,65,65,65,65,65,65,65,65,65,65,65,65,65,65,65
6380eae07571e116566417d2,68c9d088bb607f0d2b00365b,ARGUS MANUFACTURING INTELLIGENT SOL,DELIVERLOAD,True,66,66,66,66,66,66,66,66,66,66,66,66,66,66,66,66,66,66,66,66,66,66,66,66,66
6380eae07571e116566417d2,68813fde02781c646ca655d0,Aristic Stairs Ltd.,DELIVERLOAD,False,26,26,26,26,26,26,26,26,26,26,26,26,26,26,26,26,26,26,26,26,26,26,26,26,26
6380eae07571e116566417d2,68813fde02781c646ca655d0,Aristic Stairs Ltd.,HOOKCONTAINER,False,20,20,20,20,20,20,20,20,20,20,20,20,20,20,20,20,20,20,20,20,20,20,20,20,20
6380eae07571e116566417d2,682786341d9151e35a26b1ee,ARJAE DESIGN SOLUTIONS LTD,HOOKCONTAINER,False,20,20,20,20,20,20,20,20,20,20,20,20,20,20,20,20,20,20,20,20,20,20,20,20,20
6380eae07571e116566417d2,638e2fd4b91dc3160b914f4c,Arkam Transportation,DELIVERLOAD,True,90,90,90,90,90,90,90,90,90,90,90,90,90,90,90,90,90,90,90,90,90,90,90,90,90
6380eae07571e116566417d2,64da7a97e0d4d01637ba0dda,arkon Bld C,DELIVERLOAD,False,56,56,56,56,56,56,56,56,56,56,56,56,56,56,56,56,56,56,56,56,56,56,56,56,56
6380eae07571e116566417d2,64da7a97e0d4d01637ba0dda,arkon Bld C,DELIVERLOAD,True,109,109,109,109,109,109,109,109,109,109,109,109,109,109,109,109,109,109,109,109,109,109,109,109,109
6380eae07571e116566417d2,6424bb06b589b615c5261efd,Arkon Calgary,DELIVERLOAD,False,39,39,39,39,39,39,39,39,39,39,39,39,39,39,39,39,39,39,39,39,39,39,39,39,39
6380eae07571e116566417d2,67805bcea3beb05c4e85d74e,Arkon Solutions Gate 1 / Building C,DELIVERLOAD,True,42,42,42,42,42,42,42,42,42,42,42,42,42,42,42,42,42,42,42,42,42,42,42,42,42
6380eae07571e116566417d2,66fd75f96726e00fc6f0624a,Arla Food Services,DELIVERLOAD,True,48,48,48,48,48,48,48,48,48,48,48,48,48,48,48,48,48,48,48,48,48,48,48,48,48
6380eae07571e116566417d2,677d9a0cb599f118be7e818c,ARLA FOODS INC -,DELIVERLOAD,True,54,54,54,54,54,54,54,54,14,54,220,54,54,54,54,54,54,54,54,54,54,54,54,54,54
6380eae07571e116566417d2,638e2fd4b91dc3160b914f2b,ARMOR ALLOYS LTD. - Edmonton,DELIVERLOAD,False,29,29,29,29,29,29,29,29,29,29,29,29,29,29,29,29,29,29,29,29,29,29,29,29,29
6380eae07571e116566417d2,638e2fd4b91dc3160b914f2b,ARMOR ALLOYS LTD. - Edmonton,DELIVERLOAD,True,66,66,66,66,66,66,66,66,66,66,66,66,66,58,66,66,66,66,66,66,66,66,66,66,66
6380eae07571e116566417d2,6722a0a456d98bbdd19e7928,Armor Protective Packaging,DELIVERLOAD,True,153,153,153,153,153,153,153,153,153,153,153,153,153,153,153,153,153,153,153,153,153,153,153,153,153
6380eae07571e116566417d2,638e4e3805db79164b4245aa,Armstrong Warehousingloc 40,DELIVERLOAD,True,75,75,75,75,75,75,75,75,75,75,75,75,75,75,75,75,75,75,75,75,75,75,75,75,75
6380eae07571e116566417d2,67eed0b4d357c69614f1dc05,Armtec Guelph,DELIVERLOAD,True,20,20,20,20,20,20,20,20,20,20,20,20,20,20,20,20,20,20,20,20,20,20,20,20,20
6380eae07571e116566417d2,6818e8a4658d3490ca5af9d6,ArrKann RV Acheson,DELIVERLOAD,False,51,51,51,51,51,51,51,51,51,51,51,51,51,51,51,51,51,51,51,51,51,51,51,51,51
6380eae07571e116566417d2,6393c2fa6d10ed163914ea51,Arrow Edmonton,DELIVERLOAD,False,5,5,5,5,5,5,5,5,5,5,5,5,5,5,5,5,5,5,5,5,5,5,5,5,5
6380eae07571e116566417d2,6393c2fa6d10ed163914ea51,Arrow Edmonton,DELIVERLOAD,True,66,66,66,66,66,66,66,66,66,66,66,66,66,66,66,66,66,66,66,66,66,66,66,66,66
6380eae07571e116566417d2,6393c2fa6d10ed163914ea51,Arrow Edmonton,HOOKCONTAINER,False,33,33,33,33,33,33,33,33,33,33,33,33,33,33,33,33,33,33,33,33,33,33,33,33,33
6380eae07571e116566417d2,64a4677073c16e15d3d6b92b,ARROW RELOAD SYSTEMS,DELIVERLOAD,False,48,48,48,48,48,48,48,48,48,48,48,48,48,48,48,48,48,48,48,48,48,48,48,48,48
6380eae07571e116566417d2,64a4677073c16e15d3d6b92b,ARROW RELOAD SYSTEMS,HOOKCONTAINER,False,18,18,18,18,18,18,18,18,18,18,18,18,18,18,18,18,18,18,18,18,18,18,18,18,18
6380eae07571e116566417d2,67990353089fe7fa04ad43bd,ARTIKA FOR LIVING INC (Montral (Lachine)),DELIVERLOAD,True,66,66,66,66,66,66,66,66,66,66,66,66,66,66,66,66,66,66,66,66,66,66,66,66,66
6380eae07571e116566417d2,659f14f3ecb9971697ab3e5e,"ASB GREENWORLD LTD - MOUNT ELGIN, ON",DELIVERLOAD,True,53,53,53,53,53,53,53,53,53,53,53,53,53,53,53,53,53,53,53,53,53,53,53,53,53
6380eae07571e116566417d2,683a03cf6f108da918a44920,ASK Global,DELIVERLOAD,False,79,79,79,79,79,79,79,79,79,79,79,79,79,79,79,79,79,79,79,79,79,79,79,79,79
6380eae07571e116566417d2,638e5757d07518161966abd4,Asphalt Additive Canada Inc,DELIVERLOAD,False,16,16,16,16,16,16,16,16,16,16,16,16,16,16,16,16,16,16,16,16,16,16,16,16,16
6380eae07571e116566417d2,689a0514524317aa9940e8a5,ASPIRE BAKERIES,DELIVERLOAD,True,127,127,127,127,127,127,127,127,127,127,127,127,127,127,127,127,127,127,127,127,127,127,127,127,127
6380eae07571e116566417d2,688156851e2ac8fe49172496,Asti Holdings _ Golden Bonbon,DELIVERLOAD,True,119,119,119,119,119,119,119,119,119,119,119,119,119,119,119,119,119,119,119,119,119,119,119,119,119
6380eae07571e116566417d2,689df94936d6d2ab744fbc01,Asti Holdings _ Golden Bonbon,DELIVERLOAD,True,90,90,90,90,90,90,90,90,90,90,90,90,90,90,90,90,90,90,90,90,90,90,90,90,90
6380eae07571e116566417d2,687036908925e5c09c4a7156,ATCO ELECTRIC,DELIVERLOAD,True,39,39,39,39,39,39,39,39,39,39,39,39,39,39,39,39,39,39,39,39,39,39,39,39,39
6380eae07571e116566417d2,660c44cc219923dc8ddd821c,ATCO Electric Warehouse,DELIVERLOAD,True,70,70,70,70,70,70,70,70,70,70,70,70,70,70,70,70,70,70,70,70,70,70,70,70,70
6380eae07571e116566417d2,640f94f21d9f0915e9480413,Athabasca Regional Waste Management,DELIVERLOAD,True,118,118,118,118,118,118,118,118,118,118,118,118,118,118,118,118,118,118,118,118,118,118,118,118,118
6380eae07571e116566417d2,64626195b942801a0d95a8d7,Atlantic Packaging Scarborough ON,DELIVERLOAD,True,110,110,110,110,110,110,110,110,7,110,98,110,110,7,110,110,110,110,110,216,174,110,110,110,110
6380eae07571e116566417d2,638e55986df97715f0f3955c,Atlantic Packaging Whitby ON,DELIVERLOAD,True,89,89,89,89,89,89,52,106,79,63,65,263,21,59,89,89,89,209,89,89,78,89,89,274,89
6380eae07571e116566417d2,67fd39815e730b627295af9c,ATLAS Auto Equipment / ISN Canada,DELIVERLOAD,False,23,23,23,23,23,23,23,23,23,23,23,23,23,23,23,23,23,23,23,23,23,23,23,23,23
6380eae07571e116566417d2,67fd39815e730b627295af9c,ATLAS Auto Equipment / ISN Canada,HOOKCONTAINER,False,15,15,15,15,15,15,15,15,15,15,15,15,15,15,15,15,15,15,15,15,15,15,15,15,15
6380eae07571e116566417d2,6843193245e31444d5ede1a3,A to Z Liquidation,DELIVERLOAD,False,40,40,40,40,40,40,40,40,40,40,40,40,40,40,40,40,40,40,40,40,40,40,40,40,40
6380eae07571e116566417d2,6843193245e31444d5ede1a3,A to Z Liquidation,HOOKCONTAINER,False,2,2,2,2,2,2,2,2,2,2,2,2,2,2,2,2,2,2,2,2,2,2,2,2,2
6380eae07571e116566417d2,681952fd621d4813a56f95bd,ATS Calgary,DELIVERLOAD,False,19,19,19,19,19,19,19,19,19,19,19,19,19,19,19,19,19,19,19,19,19,19,19,19,19
6380eae07571e116566417d2,638e774c7510cb164789df0f,ATS CONTAINER,DELIVERLOAD,True,66,66,66,66,66,66,66,66,66,66,66,66,66,66,66,66,66,66,66,66,66,66,66,66,66
6380eae07571e116566417d2,640a1e7791aca31636b0aad7,ATS Traffic LTD,DELIVERLOAD,False,40,40,40,40,40,40,40,40,40,40,40,40,40,40,40,40,40,40,40,40,40,40,40,40,40
6380eae07571e116566417d2,640a1e7791aca31636b0aad7,ATS Traffic LTD,DELIVERLOAD,True,57,57,57,57,57,57,57,57,57,57,57,57,57,57,57,57,57,57,57,57,57,57,57,57,57
6380eae07571e116566417d2,6840909e8bb4002b193b9f9f,August Electronics,DELIVERLOAD,False,5,5,5,5,5,5,5,5,5,5,5,5,5,5,5,5,5,5,5,5,5,5,5,5,5
6380eae07571e116566417d2,6840909e8bb4002b193b9f9f,August Electronics,DELIVERLOAD,True,76,76,76,76,76,76,76,76,76,76,76,76,76,76,76,76,76,76,76,76,76,76,76,76,76
6380eae07571e116566417d2,678fdba3144290b2e7495063,Aurora Warehouse (95COUS),DELIVERLOAD,False,75,75,75,75,75,75,75,75,75,75,75,75,75,75,75,75,75,75,75,75,75,75,75,75,75
6380eae07571e116566417d2,638e7afb1de55a15fc74181c,Automann Heavy Duty Canada,DELIVERLOAD,False,58,58,58,58,58,58,58,58,58,58,58,58,58,58,58,58,58,58,58,58,58,58,58,58,58
6380eae07571e116566417d2,638e7afb1de55a15fc74181c,Automann Heavy Duty Canada,DELIVERLOAD,True,57,57,57,57,57,57,57,57,57,57,57,57,57,57,57,57,57,57,57,57,57,57,57,57,57
6380eae07571e116566417d2,638e7afb1de55a15fc74181c,Automann Heavy Duty Canada,HOOKCONTAINER,False,33,33,33,33,33,33,33,33,33,33,33,33,33,33,33,33,33,33,33,33,33,33,33,33,33
6380eae07571e116566417d2,66b3efe820edb7987acbba9a,Automann Heavy Duty Canada ULC,DELIVERLOAD,True,53,53,53,53,53,53,53,53,53,53,53,53,53,53,53,53,53,53,53,53,53,53,53,53,53
6380eae07571e116566417d2,682f88c09a51e592dce044a9,Auto Quip,DELIVERLOAD,False,29,29,29,29,29,29,29,29,29,29,29,29,29,29,29,29,29,29,29,29,29,29,29,29,29
6380eae07571e116566417d2,660efdcca12275c3cbc89f96,AVI-SPL CANADA LTD. - AB C/O SMART TECHNOLOGIES ULC,DELIVERLOAD,False,29,29,29,29,29,29,29,29,29,29,29,29,29,29,29,29,29,29,29,29,29,29,29,29,29
6380eae07571e116566417d2,67d1aeb4544e05db2676fb96,A & W FOODSERVICE OF CANADA - EDM,DELIVERLOAD,True,66,66,66,66,66,66,66,66,66,66,66,66,66,66,66,66,66,66,66,66,66,66,66,66,66
6380eae07571e116566417d2,67e57ab03eb097e8f43ccc95,AZOLLA HYDROGEN,DELIVERLOAD,True,38,38,38,38,38,38,38,38,38,38,38,38,38,38,38,38,38,38,38,38,38,38,38,38,38
6380eae07571e116566417d2,685dbdc983580b190bc90a32,B2B,DELIVERLOAD,False,29,29,29,29,29,29,29,29,29,29,29,29,29,29,29,29,29,29,29,29,29,29,29,29,29
6380eae07571e116566417d2,638e835bd1dccf15f7bc120b,BAAN Powertrain Corp,HOOKCONTAINER,False,11,11,11,11,11,11,11,11,11,11,11,11,11,11,11,11,11,11,11,11,11,11,11,11,11
6380eae07571e116566417d2,65ba7fdc03cb0f0867bb81e1,BACKERHAUS VEIT CDNCB (Congebec),DELIVERLOAD,False,11,11,11,11,11,11,11,11,11,11,11,11,11,11,11,11,11,11,11,11,11,11,11,11,11
6380eae07571e116566417d2,65ba7fdc03cb0f0867bb81e1,BACKERHAUS VEIT CDNCB (Congebec),DELIVERLOAD,True,63,63,63,134,63,63,63,63,63,63,63,63,213,63,49,63,63,145,18,2,63,63,63,63,63
6380eae07571e116566417d2,65ba7fdc03cb0f0867bb81e1,BACKERHAUS VEIT CDNCB (Congebec),HOOKCONTAINER,False,25,25,25,25,25,25,25,25,25,25,25,25,25,25,25,25,25,25,25,25,25,25,25,25,25
6380eae07571e116566417d2,64d6ab2c32800415e59d245e,BACK TO EARTH ENERGY INC - LED IN ACTION,DELIVERLOAD,False,69,69,69,69,69,69,69,69,69,69,69,69,69,69,69,69,69,69,69,69,69,69,69,69,69
6380eae07571e116566417d2,64d6ab2c32800415e59d245e,BACK TO EARTH ENERGY INC - LED IN ACTION,DELIVERLOAD,True,151,151,151,151,151,151,151,151,151,151,151,151,151,151,151,151,151,151,151,151,151,151,151,151,151
6380eae07571e116566417d2,6531761f0ae1cd167c351875,BAKEMARK CANADA,DELIVERLOAD,False,9,9,9,9,9,9,9,9,9,9,9,9,9,9,9,9,9,9,9,9,9,9,9,9,9
6380eae07571e116566417d2,6531761f0ae1cd167c351875,BAKEMARK CANADA,DELIVERLOAD,True,137,137,137,137,137,137,137,137,137,137,137,137,137,137,137,137,137,137,137,137,137,137,137,137,137
6380eae07571e116566417d2,646fc3e2112cc016588ea684,BakeMark Ingredients,DELIVERLOAD,False,84,84,84,84,84,84,84,84,84,84,84,84,84,84,84,84,84,84,84,84,84,84,84,84,84
6380eae07571e116566417d2,638e4e4ac53a0215e5d07c24,BAKEMARK INGREDIENTS,DELIVERLOAD,True,96,96,96,96,96,96,96,96,96,96,96,96,96,96,96,96,96,96,96,96,96,96,96,96,96
6380eae07571e116566417d2,6451911be94567165176115d,BAKER HUGHES CANADA CO.,DELIVERLOAD,True,54,54,54,54,54,54,54,54,54,54,54,54,54,54,54,54,54,54,54,54,54,54,54,54,54
6380eae07571e116566417d2,68a48831d98c976c6ca4ef98,BAKER STREET BAKERY INC (Canuck Cold Storage Ltd.),DELIVERLOAD,True,23,23,23,23,23,23,23,23,23,23,23,23,23,23,23,23,23,23,23,23,23,23,23,23,23
6380eae07571e116566417d2,6439c117e8111f14a39e84f8,BANGA'S EQUIPMENT CANADA LTD,DELIVERLOAD,True,66,66,66,66,66,66,66,66,66,66,66,66,66,66,66,66,66,66,66,66,66,66,66,66,66
6380eae07571e116566417d2,66fc39e605e29d7f533957e3,BAO JIE CLEANING MANAGEMENT COMPANY INC,DELIVERLOAD,False,21,21,21,21,21,21,21,21,21,21,21,21,21,21,21,21,21,21,21,21,21,21,21,21,21
6380eae07571e116566417d2,66fc39e605e29d7f533957e3,BAO JIE CLEANING MANAGEMENT COMPANY INC,HOOKCONTAINER,False,15,15,15,15,15,15,15,15,15,15,15,15,15,15,15,15,15,15,15,15,15,15,15,15,15
6380eae07571e116566417d2,687a7cbe16dd7bdcdc0d5fed,Barentz Canada ULC C/O Landtran Logistics,DELIVERLOAD,True,126,126,126,126,126,126,126,126,126,126,126,126,126,126,126,126,126,126,126,126,126,126,126,126,126
6380eae07571e116566417d2,638e4e4ac53a0215e5d07c52,Barrag Ltd,DELIVERLOAD,False,58,58,58,58,58,58,58,58,58,58,58,58,58,58,58,58,58,58,58,58,58,58,58,58,58
6380eae07571e116566417d2,638e4e4ac53a0215e5d07c52,Barrag Ltd,DELIVERLOAD,True,95,95,95,95,95,95,95,95,95,95,36,146,77,95,96,3,95,95,125,95,95,95,95,95,95
6380eae07571e116566417d2,638e4e4ac53a0215e5d07c52,Barrag Ltd,PULLCONTAINER,False,6,6,6,6,6,6,6,6,6,6,6,6,6,6,6,6,6,6,6,6,6,6,6,6,6
6380eae07571e116566417d2,664f8023c1f40a931e269ad6,BARRHEAD FARM SERVICES LTD,DELIVERLOAD,True,90,90,90,90,90,90,90,90,90,90,90,90,90,90,90,90,90,90,90,90,90,90,90,90,90
6380eae07571e116566417d2,64bedbf838ed0d1627b27d1d,Barrier Tek,DELIVERLOAD,False,76,76,76,76,76,76,76,76,76,76,76,76,76,76,76,76,76,76,76,76,76,76,76,76,76
6380eae07571e116566417d2,64bedbf838ed0d1627b27d1d,Barrier Tek,DELIVERLOAD,True,66,66,66,66,66,66,66,66,66,66,66,66,66,66,66,66,66,66,66,66,66,66,66,66,66
6380eae07571e116566417d2,67942351a40c409a1589774e,Barrier Tek,DELIVERLOAD,False,29,29,29,29,29,29,29,29,29,29,29,29,29,29,29,29,29,29,29,29,29,29,29,29,29
6380eae07571e116566417d2,67942351a40c409a1589774e,Barrier Tek,DELIVERLOAD,True,49,49,49,49,49,49,49,49,49,49,49,49,49,49,49,49,49,49,49,49,49,49,49,49,49
6380eae07571e116566417d2,68545a2ffc3642d8531d3011,Barrier Tek 1806 4A St,DELIVERLOAD,False,29,29,29,29,29,29,29,29,29,29,29,29,29,29,29,29,29,29,29,29,29,29,29,29,29
6380eae07571e116566417d2,6806ce6e6b92f12a6f705ed3,BARRY  JEMCO FEEDS AND SUPPLIES,DELIVERLOAD,True,66,66,66,66,66,66,66,66,66,66,66,66,66,66,66,66,66,66,66,66,66,66,66,66,66
6380eae07571e116566417d2,638e581444d310163242c1ca,Bartle & Gibson Co. Ltd,DELIVERLOAD,False,31,31,31,31,31,31,31,31,31,31,31,31,31,31,31,31,31,31,31,31,31,31,31,31,31
6380eae07571e116566417d2,638e56439a8a2f15f94014af,Bartle & Gibson Co. Ltd. Edm,HOOKCONTAINER,False,8,8,8,8,8,8,8,8,8,8,8,8,8,8,8,8,8,8,8,8,8,8,8,8,8
6380eae07571e116566417d2,638e49e09a8a2f15f9401225,Basfbayer Cropscience,DELIVERLOAD,False,50,50,50,50,50,50,50,50,50,50,50,50,50,50,50,50,50,50,50,50,50,50,50,50,50
6380eae07571e116566417d2,67dc4e3ff9c4e87ea7cd1850,BATHICA CORPORATION,DELIVERLOAD,False,12,12,12,12,12,12,12,12,12,12,12,12,12,12,12,12,12,12,12,12,12,12,12,12,12
6380eae07571e116566417d2,67dc4e3ff9c4e87ea7cd1850,BATHICA CORPORATION,HOOKCONTAINER,False,84,84,84,84,84,84,84,84,84,84,84,84,84,84,84,84,84,84,84,84,84,84,84,84,84
6380eae07571e116566417d2,6841c1b051c31acc821e4fd6,Battery Doctor The - Edmonton,DELIVERLOAD,True,135,135,135,135,135,135,135,135,135,135,110,135,135,135,135,135,135,135,135,135,135,135,135,135,135
6380eae07571e116566417d2,6834bc7d88b617b9b5f17a08,"Battery Exchange Limited - Orangeville, ON",DELIVERLOAD,True,43,43,43,43,43,43,43,59,43,49,43,43,20,43,43,43,43,43,43,43,43,43,43,43,43
6380eae07571e116566417d2,638e6b9034262115e3bed147,BAUER FOUNDATIONS CANADA INC,DELIVERLOAD,True,86,86,86,86,86,86,86,86,86,86,86,86,86,86,86,86,86,86,86,86,86,86,86,86,86
6380eae07571e116566417d2,638e6b9034262115e3bed147,BAUER FOUNDATIONS CANADA INC,HOOKCONTAINER,False,14,14,14,14,14,14,14,14,14,14,14,14,14,14,14,14,14,14,14,14,14,14,14,14,14
6380eae07571e116566417d2,67f2e9c826191688e3ad6170,BAXTER'S BAKERY (COBOURG) INC,DELIVERLOAD,True,76,76,76,76,76,76,76,163,76,76,76,76,76,76,76,76,76,76,76,76,76,76,76,76,76
6380eae07571e116566417d2,67edad1a6e04fa5ea5bfc76c,"Bay #1, 4216 61 Ave SE Calgary",DELIVERLOAD,True,17,17,17,17,17,17,17,17,17,17,17,17,17,17,17,17,17,17,17,17,17,17,17,17,17
6380eae07571e116566417d2,6851b1de85d6e77384a3ca5f,BAYER CROPSCIENCE,DELIVERLOAD,False,29,29,29,29,29,29,29,29,29,29,29,29,29,29,29,29,29,29,29,29,29,29,29,29,29
6380eae07571e116566417d2,68192be44f60230a0fec5494,BAYER CROPSCIENCE INC,DELIVERLOAD,False,55,55,55,55,55,55,55,55,55,55,55,72,55,55,55,55,55,55,55,55,55,55,55,55,55
6380eae07571e116566417d2,687288b49284ce14740b218b,BAYWA AG CENTRE LTD,DELIVERLOAD,False,68,68,68,68,68,68,68,68,68,68,68,68,68,68,68,68,68,68,68,68,68,68,68,68,68
6380eae07571e116566417d2,6626c9a96974ca6f527d2487,BCLDB Delta Distribution Centre,DELIVERLOAD,True,66,66,66,66,66,66,66,66,66,66,66,66,66,66,66,66,66,66,66,66,66,66,66,66,66
6380eae07571e116566417d2,679a6d1a54f4ccd4edb02fca,BC NEW YARD,DELIVERLOAD,True,98,98,98,98,98,98,98,98,98,98,98,98,98,98,98,98,98,98,98,98,98,98,98,98,98
6380eae07571e116566417d2,679a6d1a54f4ccd4edb02fca,BC NEW YARD,DROPCONTAINER,False,47,47,47,47,47,47,47,47,47,47,47,47,47,47,47,47,47,47,47,47,47,47,47,47,47
6380eae07571e116566417d2,679a6d1a54f4ccd4edb02fca,BC NEW YARD,HOOKCONTAINER,False,45,45,45,45,45,45,41,30,30,66,96,53,56,41,110,22,99,98,45,12,45,45,45,102,45
6380eae07571e116566417d2,679a6d1a54f4ccd4edb02fca,BC NEW YARD,PULLCONTAINER,False,41,41,41,41,41,41,41,41,103,103,22,35,41,53,86,35,4,91,41,67,74,41,35,41,41
6380eae07571e116566417d2,679a6d1a54f4ccd4edb02fca,BC NEW YARD,RETURNCONTAINER,False,11,11,11,11,11,11,11,11,11,6,6,84,24,61,43,11,3,72,33,7,11,11,11,11,11
6380eae07571e116566417d2,679915ba6543f20185a1a950,BC YARD,CHASSISPICK,False,12,12,12,12,12,12,12,12,12,26,63,8,14,31,14,23,7,12,12,6,12,12,12,12,12
6380eae07571e116566417d2,679915ba6543f20185a1a950,BC YARD,HOOKCONTAINER,False,63,54,17,2,63,63,63,63,63,68,64,84,72,62,71,85,67,56,15,11,61,62,23,19,7
6380eae07571e116566417d2,679915ba6543f20185a1a950,BC YARD,RETURNCONTAINER,False,6,6,6,6,6,6,6,6,6,6,6,6,6,6,6,6,6,6,6,6,6,6,6,6,6
6380eae07571e116566417d2,6573a929f386ed15d1a0c70f,BEARCO MACHINERY,DELIVERLOAD,False,29,29,29,29,29,29,29,29,29,29,29,29,29,29,29,29,29,29,29,29,29,29,29,29,29
6380eae07571e116566417d2,6573a929f386ed15d1a0c70f,BEARCO MACHINERY,DELIVERLOAD,True,126,126,126,126,126,126,126,126,126,126,126,126,126,126,126,126,126,126,126,126,126,126,126,126,126
6380eae07571e116566417d2,678830bb5eddb18c6e333711,Belchim Crop Protection Canada,DELIVERLOAD,True,44,44,44,44,44,44,44,44,44,44,44,44,44,44,44,44,44,44,44,44,44,44,44,44,44
6380eae07571e116566417d2,6801342f23d4fced109ecd9e,Belmont Meat Products (Finish) - GoCold Solutions- Nuggett Court,DELIVERLOAD,True,25,25,25,25,25,25,25,25,25,25,25,25,25,25,25,25,25,25,25,25,25,25,25,25,25
6380eae07571e116566417d2,68adef6d611c2534e6b24d48,Belmont Meat Products - Lineage Vaughan,DELIVERLOAD,True,161,161,161,161,161,161,161,161,161,161,161,161,161,161,161,161,161,161,161,161,161,161,161,161,161
6380eae07571e116566417d2,649df5e06622211606c8e8e4,"Belmont Meat Products Toronto, ON",DELIVERLOAD,True,66,66,66,66,66,66,66,66,66,66,66,66,66,66,66,66,66,66,66,66,66,66,66,66,66
6380eae07571e116566417d2,688a93160ef8cc4228e21552,BELVIKA TRADE AND PACKAGING LTD. (Mississauga),DELIVERLOAD,True,136,136,136,136,136,136,136,136,136,136,136,136,136,136,136,136,136,136,136,136,136,136,136,136,136
6380eae07571e116566417d2,65a6d3b1eb7f1116603ddaa5,BERRYHILL FOODS INC,DELIVERLOAD,True,169,169,169,169,169,169,169,169,169,169,169,169,169,169,169,169,169,169,169,169,169,169,169,169,169
6380eae07571e116566417d2,66da4c1fa55a0fbdf2aeea80,BERRYHILL FOODS INC - ABBOTSFORD BC,DELIVERLOAD,True,121,121,121,121,121,121,121,121,121,121,121,121,121,121,121,121,121,121,121,121,121,121,121,121,121
6380eae07571e116566417d2,6542aa5e68d4d215a4826fdb,Berthelet. c/o Total Cold Storage,DELIVERLOAD,True,66,66,66,66,66,66,66,66,66,66,66,66,66,66,66,66,66,66,66,66,66,66,66,66,66
6380eae07571e116566417d2,64be849ae9219c1611d8e2fb,Best buy canada,DELIVERLOAD,False,56,56,56,56,56,56,56,56,56,46,56,56,56,56,56,56,56,56,56,56,56,56,56,56,56
6380eae07571e116566417d2,64be849ae9219c1611d8e2fb,Best buy canada,DELIVERLOAD,True,103,103,103,103,103,103,103,103,103,103,103,85,103,103,103,103,103,103,103,103,103,103,103,103,103
6380eae07571e116566417d2,64be849ae9219c1611d8e2fb,Best buy canada,HOOKCONTAINER,False,7,7,7,7,7,7,7,7,7,7,7,7,7,7,7,7,7,7,7,7,7,7,7,7,7
6380eae07571e116566417d2,66329f1b017082833addfeb2,Best Buy Canada 1017 Edmonton,DELIVERLOAD,True,66,66,66,66,66,66,66,66,66,66,66,66,66,66,66,66,66,66,66,66,66,66,66,66,66
6380eae07571e116566417d2,6763503aefc8691acbe55b0b,Best electrical suppply,DELIVERLOAD,False,18,18,18,18,18,18,18,18,18,18,18,18,18,18,18,18,18,18,18,18,18,18,18,18,18
6380eae07571e116566417d2,6763503aefc8691acbe55b0b,Best electrical suppply,HOOKCONTAINER,False,5,5,5,5,5,5,5,5,5,5,5,5,5,5,5,5,5,5,5,5,5,5,5,5,5
6380eae07571e116566417d2,681cee10ffa7a7efbff484e0,BESTLINK,PULLCONTAINER,False,5,5,5,5,5,5,5,5,5,5,5,5,5,5,5,5,5,5,5,5,5,5,5,5,5
6380eae07571e116566417d2,638e7afb1de55a15fc741832,best plumbing new,DELIVERLOAD,False,57,57,57,57,57,57,57,57,57,57,57,57,57,57,57,57,57,57,57,57,57,57,57,57,57
6380eae07571e116566417d2,638e7afb1de55a15fc741832,best plumbing new,HOOKCONTAINER,False,15,15,15,15,15,15,15,15,15,15,15,15,15,15,15,15,15,15,15,15,15,15,15,15,15
6380eae07571e116566417d2,685c5a370a8baaadae11432d,Best Tire Ltd Bay 8,DELIVERLOAD,False,30,30,30,30,30,30,30,30,30,30,30,30,30,30,30,30,30,30,30,30,30,30,30,30,30
6380eae07571e116566417d2,685c5a370a8baaadae11432d,Best Tire Ltd Bay 8,HOOKCONTAINER,False,5,5,5,5,5,5,5,5,5,5,5,5,5,5,5,5,5,5,5,5,5,5,5,5,5
6380eae07571e116566417d2,685d706aff941dee22317986,BEVO FARMS LTD,DELIVERLOAD,True,110,110,110,110,110,110,110,110,110,110,110,110,110,110,110,110,110,110,110,110,110,110,110,110,110
6380eae07571e116566417d2,66143ca62b359066d691a5a3,BEYOND ENERGY SERVICES & TECHNOLOGY,DELIVERLOAD,False,46,46,46,46,46,46,46,46,46,46,46,46,46,46,46,46,46,46,46,46,46,46,46,46,46
6380eae07571e116566417d2,66143ca62b359066d691a5a3,BEYOND ENERGY SERVICES & TECHNOLOGY,DELIVERLOAD,True,106,106,106,106,106,106,106,106,106,106,106,106,106,106,106,106,106,106,106,106,106,106,106,106,106
6380eae07571e116566417d2,63f930632992c615adf7bd25,BFM THORSBY,DELIVERLOAD,True,65,65,65,65,65,65,65,65,65,65,65,65,65,65,65,65,65,65,65,65,65,65,65,65,65
6380eae07571e116566417d2,67dc5116d58da47283e7943e,BH FARMS,DELIVERLOAD,False,20,20,20,20,20,20,20,20,20,20,20,20,20,20,20,20,20,20,20,20,20,20,20,20,20
6380eae07571e116566417d2,67dc5116d58da47283e7943e,BH FARMS,DELIVERLOAD,True,52,52,52,52,52,52,52,52,52,52,52,52,52,52,52,52,52,52,52,52,52,52,52,52,52
6380eae07571e116566417d2,6733a4877458389fb85de5fa,Bhullar Welding & Fabrication | Trailer Repair Brampton,HOOKCONTAINER,False,25,25,25,25,25,25,25,25,25,25,25,25,25,25,25,25,25,25,25,25,25,25,25,25,25
6380eae07571e116566417d2,643d5b6056489115f1da5b77,Big Country Raw Calgary AB,DELIVERLOAD,True,37,37,37,37,37,37,37,37,37,37,37,37,37,37,37,37,37,37,37,37,37,37,37,37,37
6380eae07571e116566417d2,64a5c3a147fb2d16217eba75,"Big Country Raw Smithville, ON",DELIVERLOAD,True,33,33,33,33,33,33,33,33,33,33,33,33,33,33,33,33,33,33,33,33,33,33,33,33,33
6380eae07571e116566417d2,638f5669648f7a162c61a9b4,Big Meadow Equipment,DELIVERLOAD,False,29,29,29,29,29,29,29,29,29,29,29,29,29,29,29,29,29,29,29,29,29,29,29,29,29
6380eae07571e116566417d2,638e774c7510cb164789df09,BIGSTEEL BOX,RETURNCONTAINER,False,49,49,49,49,49,49,49,49,49,49,49,49,49,49,49,49,49,49,49,49,49,49,49,49,49
6380eae07571e116566417d2,67d304379ca3c3f36d3763eb,BigSteelBox Calgary,RETURNCONTAINER,False,11,11,11,11,11,11,11,11,11,11,11,11,11,11,11,11,11,11,11,11,11,11,11,11,11
6380eae07571e116566417d2,638e774c7510cb164789df04,BIG STEEL BOX CALGARY,RETURNCONTAINER,False,27,27,27,27,27,27,27,27,27,27,27,27,24,27,27,27,27,27,27,27,27,27,27,27,27
6380eae07571e116566417d2,688d02da66d47257c30eac0e,Bilton Welding & Manufacturing Ltd,DELIVERLOAD,False,29,29,29,29,29,29,29,29,29,29,29,29,29,29,29,29,29,29,29,29,29,29,29,29,29
6380eae07571e116566417d2,688d02da66d47257c30eac0e,Bilton Welding & Manufacturing Ltd,DELIVERLOAD,True,46,46,46,46,46,46,46,46,46,46,46,46,46,46,46,46,46,46,46,46,46,46,46,46,46
6380eae07571e116566417d2,663bf52d6c73e0f2736440b7,BIO-ALIMO INC,DELIVERLOAD,True,157,157,157,157,157,157,157,157,157,157,157,157,157,157,157,157,157,157,157,157,157,157,157,157,157
6380eae07571e116566417d2,638e6b9034262115e3bed0ee,Bio Biscuit Inc,DELIVERLOAD,True,60,60,60,60,60,60,60,60,60,60,60,60,60,60,60,60,60,60,60,60,60,60,60,60,60
6380eae07571e116566417d2,638ec1476df97715f0f3a2d7,BIONEUTRA,DELIVERLOAD,False,57,57,57,57,57,57,57,57,57,57,57,57,57,57,57,57,57,57,57,57,57,57,57,57,57
6380eae07571e116566417d2,638ec1476df97715f0f3a2d7,BIONEUTRA,DELIVERLOAD,True,58,58,58,58,58,58,58,58,58,58,58,58,58,58,58,58,58,58,58,58,58,58,58,58,58
6380eae07571e116566417d2,65aac364849fc5164be2f03a,Biscuits Leclerc,DELIVERLOAD,True,16,16,16,16,16,16,16,16,16,16,16,16,16,16,16,16,16,16,16,16,16,16,16,16,16
6380eae07571e116566417d2,663bf1aca82bb7fe4ed77f1d,Bissett Fasteners c/o Chinook Wood Products,DELIVERLOAD,False,62,62,62,62,62,62,62,62,62,62,62,62,62,62,62,62,62,62,62,62,62,62,62,62,62
6380eae07571e116566417d2,67dd85b6f1edb7bcae6957bf,BIZISUL BLACKFALDS,DELIVERLOAD,True,138,138,138,138,138,138,138,138,138,138,138,138,138,138,138,138,138,138,138,138,138,138,138,138,138
6380eae07571e116566417d2,67ec4346f9142673ec89212d,BIZISUL BLACKFALDS,DELIVERLOAD,True,66,66,66,66,66,66,66,66,66,66,66,66,66,66,66,66,66,66,66,66,66,66,66,66,66
6380eae07571e116566417d2,6494d2a782e67d166bc9dbbb,BJ ELECTRIC SUPPLIES,DELIVERLOAD,False,49,49,49,49,49,49,49,49,49,49,49,49,49,49,49,49,49,49,49,49,49,49,49,49,49
6380eae07571e116566417d2,6494d2a782e67d166bc9dbbb,BJ ELECTRIC SUPPLIES,DELIVERLOAD,True,148,148,148,148,148,148,148,148,148,148,148,148,148,148,148,148,148,148,148,148,148,148,148,148,148
6380eae07571e116566417d2,642de86dab1b5715fbde6dcf,Black Earth,DELIVERLOAD,True,67,67,67,67,67,67,67,67,67,67,67,67,67,67,67,67,67,67,67,67,67,67,67,67,67
6380eae07571e116566417d2,638e564b5d19cf15e26240dc,Black Earth Humic Ltd,DELIVERLOAD,False,29,29,29,29,29,29,29,29,29,29,29,29,29,29,29,29,29,29,29,29,29,29,29,29,29
6380eae07571e116566417d2,638e564b5d19cf15e26240dc,Black Earth Humic Ltd,DELIVERLOAD,True,66,66,66,66,66,66,66,66,66,66,66,66,66,66,66,66,66,66,66,66,66,66,66,66,66
6380eae07571e116566417d2,638e542c487e0815fe50f139,BLACKFOOT PARKING,DELIVERLOAD,False,10,10,10,10,10,10,10,10,10,10,10,10,10,10,10,10,10,10,10,10,10,10,10,10,10
6380eae07571e116566417d2,638e542c487e0815fe50f139,BLACKFOOT PARKING,HOOKCONTAINER,False,13,13,13,13,13,13,13,13,13,13,13,13,13,13,13,13,13,13,13,13,13,13,13,13,13
6380eae07571e116566417d2,6660c7e2e9dbc0eb9d8f0857,BlackJack Chemicals Ltd,DELIVERLOAD,False,55,55,55,55,55,55,55,55,55,55,55,55,55,55,55,55,55,55,55,55,55,55,55,55,55
6380eae07571e116566417d2,64c41ed0f150da15fe978a64,Black Sheep Mattress Company,DELIVERLOAD,False,29,29,29,29,29,29,29,29,29,29,29,29,29,29,29,29,29,29,29,29,29,29,29,29,29
6380eae07571e116566417d2,66d8dfd39fcd008c4c998365,blackstone mountain lodge,DELIVERLOAD,True,172,172,172,172,172,172,172,172,172,172,172,172,172,172,172,172,172,172,172,172,172,172,172,172,172
6380eae07571e116566417d2,641e2124e94b9d15fd6f7c48,B-Line Tire & Auto Supply Ltd.,DELIVERLOAD,False,29,29,29,29,29,29,29,29,29,29,29,29,29,29,29,29,29,29,29,29,29,29,29,29,29
6380eae07571e116566417d2,641e2124e94b9d15fd6f7c48,B-Line Tire & Auto Supply Ltd.,DELIVERLOAD,True,61,61,61,61,61,61,61,61,61,61,61,61,61,61,61,61,61,61,61,61,61,61,61,61,61
6380eae07571e116566417d2,67b8efcaf09565b229939f07,Bloomex  Calgary,HOOKCONTAINER,False,53,53,53,53,53,53,53,53,53,53,53,53,53,53,53,53,53,53,53,53,53,53,53,53,53
6380eae07571e116566417d2,65df8b8868eb1e721e7d1c1c,BLOOMEX INC,DELIVERLOAD,False,11,11,11,11,11,11,11,11,11,11,11,11,11,11,11,11,11,11,11,11,11,11,11,11,11
6380eae07571e116566417d2,638e2fd4b91dc3160b914f36,Blue Falls Manufacturing,DELIVERLOAD,False,54,54,54,54,54,54,54,54,54,54,54,54,54,54,54,54,54,54,54,54,54,54,54,54,54
6380eae07571e116566417d2,638e2fd4b91dc3160b914f36,Blue Falls Manufacturing,DELIVERLOAD,True,106,106,106,106,106,106,106,106,106,106,106,106,92,106,106,106,106,106,106,106,106,106,106,106,106
6380eae07571e116566417d2,66c8acc139856dbb149c44b9,BLUE FALLS MANUFACTURING LTD,DELIVERLOAD,True,94,94,94,94,94,94,94,94,94,94,94,94,94,94,94,94,94,94,94,94,94,94,94,94,94
6380eae07571e116566417d2,6788725ba942fc4199872fc4,BLUE WATER WASH,HOOKCONTAINER,False,37,37,37,37,37,37,37,37,37,37,37,37,37,37,37,37,37,37,37,37,37,37,37,37,37
6380eae07571e116566417d2,638e2fd4b91dc3160b914f21,Bob dale,DELIVERLOAD,False,15,15,15,15,15,15,15,15,15,15,15,15,15,15,15,15,28,15,15,15,15,15,15,15,15
6380eae07571e116566417d2,638e2fd4b91dc3160b914f21,Bob dale,DELIVERLOAD,True,18,18,18,18,18,18,18,18,18,18,18,18,18,18,18,18,18,18,18,18,18,18,18,18,18
6380eae07571e116566417d2,638e2fd4b91dc3160b914f21,Bob dale,HOOKCONTAINER,False,20,20,20,20,20,20,20,20,20,20,55,20,20,20,20,20,20,20,20,20,20,20,20,20,20
6380eae07571e116566417d2,645ed8d4b94b6215fc897292,BOB DALE GLOVES,DELIVERLOAD,False,21,21,21,21,21,21,21,21,21,21,21,21,21,21,21,21,21,21,21,21,21,21,21,21,21
6380eae07571e116566417d2,645ed8d4b94b6215fc897292,BOB DALE GLOVES,DELIVERLOAD,True,13,13,13,13,13,13,13,13,13,13,13,13,13,13,13,13,13,13,13,13,13,13,13,13,13
6380eae07571e116566417d2,645ed8d4b94b6215fc897292,BOB DALE GLOVES,HOOKCONTAINER,False,15,15,15,15,15,15,15,15,15,15,15,15,15,15,15,15,15,15,15,15,15,15,15,15,15
6380eae07571e116566417d2,664fa8a1c9e178c996c6f6c7,Bombay Wholesale & Trading Ltd,DELIVERLOAD,False,28,28,28,28,28,28,28,28,28,28,28,28,28,28,28,28,28,28,28,28,28,28,28,28,28
6380eae07571e116566417d2,664fa8a1c9e178c996c6f6c7,Bombay Wholesale & Trading Ltd,DELIVERLOAD,True,66,66,66,66,66,66,66,66,66,66,66,66,66,66,66,66,66,66,66,66,66,66,66,66,66
6380eae07571e116566417d2,664fa8a1c9e178c996c6f6c7,Bombay Wholesale & Trading Ltd,HOOKCONTAINER,False,58,58,58,58,58,58,58,58,58,58,58,58,58,58,58,58,58,58,58,58,58,58,58,58,58
6380eae07571e116566417d2,6587534381e8111655f22863,BORDT STONE & TILE LTD,DELIVERLOAD,False,38,38,38,38,38,38,38,38,38,38,38,38,38,38,38,38,38,38,38,38,38,38,38,38,38
6380eae07571e116566417d2,6587534381e8111655f22863,BORDT STONE & TILE LTD,HOOKCONTAINER,False,34,34,34,34,34,34,34,34,34,34,34,34,34,34,34,34,34,34,34,34,34,34,34,34,34
6380eae07571e116566417d2,6893b24f7f2fd24ab90e2317,Born Primitive Canada,HOOKCONTAINER,False,17,17,17,17,17,17,17,17,17,17,17,17,17,17,17,17,17,17,17,17,17,17,17,17,17
6380eae07571e116566417d2,687a91a6c05343e6091f3df0,BOSCOBOYS DIST,DELIVERLOAD,True,163,163,163,163,163,163,163,163,163,163,163,163,163,163,163,163,163,163,163,163,163,163,163,163,163
6380eae07571e116566417d2,676a1c0ac489c5492dcd9bc0,"Bosda International Inc - Aurora, ON",DELIVERLOAD,False,71,71,71,71,71,71,71,71,71,71,71,71,71,71,71,71,71,71,71,71,71,71,71,71,71
6380eae07571e116566417d2,676a1c0ac489c5492dcd9bc0,"Bosda International Inc - Aurora, ON",DELIVERLOAD,True,161,161,161,161,161,161,161,161,161,161,161,161,161,161,161,161,161,161,161,161,161,161,161,161,161
6380eae07571e116566417d2,6846ef7865496f886b1a8840,Bothar,HOOKCONTAINER,False,20,20,20,20,20,20,20,20,20,20,20,20,20,20,20,20,20,20,20,20,20,20,20,20,20
6380eae07571e116566417d2,6855795b1b8836ac9f68629f,BOTTLES'CO BOTTLE & PACKAGING,DELIVERLOAD,True,22,22,22,22,22,22,22,22,22,22,22,22,22,22,22,22,22,22,22,22,22,22,22,22,22
6380eae07571e116566417d2,67c08297cffec25242f11350,BOUNCY PLANET (2535576 ALBERTA LTD.),DELIVERLOAD,False,21,21,21,21,21,21,21,21,21,21,21,21,21,21,21,21,21,21,21,21,21,21,21,21,21
6380eae07571e116566417d2,6393c2fa6d10ed163914ebcb,BOUVRY EXPORTS CALGARY LIMITED,DELIVERLOAD,False,29,29,29,29,29,29,29,29,29,29,29,29,29,29,29,29,29,29,29,29,29,29,29,29,29
6380eae07571e116566417d2,66577f477fa914e1dd347f18,Bouvry Exports Calgary Ltd,DELIVERLOAD,False,29,29,29,29,29,29,29,29,29,29,29,29,29,29,29,29,29,29,29,29,29,29,29,29,29
6380eae07571e116566417d2,687529b569676bcc8c59cc74,"Bouvry Exports Calgary Ltd, Fort Macleod, AB",DELIVERLOAD,True,66,66,66,66,66,66,66,66,66,66,66,66,66,66,66,66,66,66,66,66,66,66,66,66,66
6380eae07571e116566417d2,638ebd397510cb164789e56b,BOW ISLAND PLANT,DELIVERLOAD,False,29,29,29,29,29,29,29,29,29,29,29,29,29,29,29,29,29,29,29,29,29,29,29,29,29
6380eae07571e116566417d2,638ebd397510cb164789e56b,BOW ISLAND PLANT,DELIVERLOAD,True,66,66,66,66,66,66,66,66,66,66,66,66,66,66,66,66,66,66,66,66,66,66,66,66,66
6380eae07571e116566417d2,687e5c67f777b76be266a35a,Bradford White Canada Inc,DELIVERLOAD,True,66,66,66,66,66,66,66,66,66,66,66,66,66,66,66,66,66,66,66,66,66,66,66,66,66
6380eae07571e116566417d2,655bc0105f81cb1655bc0990,BRADNER COLD STORAGE CHILLIWACK,DELIVERLOAD,True,14,14,14,14,14,14,14,14,14,14,14,14,14,14,14,14,14,14,14,14,14,14,14,14,14
6380eae07571e116566417d2,686fe9d7da6cfd93fd30a85a,brar,DELIVERLOAD,False,80,80,80,80,80,80,80,80,80,80,80,80,80,80,80,80,80,80,80,80,80,80,80,80,80
6380eae07571e116566417d2,6786c100a803c2d0a606c041,brar enterprise,HOOKCONTAINER,False,6,6,6,6,6,6,6,6,6,6,6,6,6,6,6,6,6,6,6,6,6,6,6,6,6
6380eae07571e116566417d2,671bf8432ffd30b5a2cc66ff,BREADSOURCE CORP - Congebec,DELIVERLOAD,True,90,90,90,90,90,90,90,90,90,90,36,96,73,8,90,90,90,90,90,107,37,90,90,90,80
6380eae07571e116566417d2,689214783160a77a8fc270c9,BRELCOR HOLDINGS,DELIVERLOAD,False,18,18,18,18,18,18,18,18,18,18,18,18,18,18,18,18,18,18,18,18,18,18,18,18,18
6380eae07571e116566417d2,689214783160a77a8fc270c9,BRELCOR HOLDINGS,DELIVERLOAD,True,66,66,66,66,66,66,66,66,66,66,66,66,66,66,66,66,66,66,66,66,66,66,66,66,66
6380eae07571e116566417d2,689214783160a77a8fc270c9,BRELCOR HOLDINGS,HOOKCONTAINER,False,20,20,20,20,20,20,20,20,20,20,20,20,20,20,20,20,20,20,20,20,20,20,20,20,20
6380eae07571e116566417d2,6402729df817a115f0e3df21,BRELCOR HOLDINGS OPERATING AS NUT AND BOLT GROUP,DELIVERLOAD,False,25,25,25,25,25,25,25,25,25,25,25,25,25,25,25,25,25,25,25,25,25,25,25,25,25
6380eae07571e116566417d2,6402729df817a115f0e3df21,BRELCOR HOLDINGS OPERATING AS NUT AND BOLT GROUP,DELIVERLOAD,True,53,53,53,53,53,53,53,53,53,53,53,53,53,53,53,53,53,53,53,53,53,53,53,53,53
6380eae07571e116566417d2,6402729df817a115f0e3df21,BRELCOR HOLDINGS OPERATING AS NUT AND BOLT GROUP,HOOKCONTAINER,False,15,15,15,15,15,15,15,15,15,15,15,15,15,15,15,15,15,15,15,15,15,15,15,15,15
6380eae07571e116566417d2,638e4e4ac53a0215e5d07c01,Brenntag Canada,DELIVERLOAD,True,91,91,91,91,91,91,91,91,91,91,91,91,91,91,91,91,91,91,91,91,91,91,91,91,91
6380eae07571e116566417d2,68a75b6b4de63aa8957fce09,Brenntag Canada Inc,DELIVERLOAD,False,57,57,57,57,57,57,57,57,57,57,57,57,57,57,57,57,57,57,57,57,57,57,57,57,57
6380eae07571e116566417d2,65cfc7e3aefd4f57cea35938,Brett Yound (Clifford),DELIVERLOAD,True,66,66,66,66,66,66,66,66,66,66,66,66,66,66,66,66,66,66,66,66,66,66,66,66,66
6380eae07571e116566417d2,65cfc9016abe3630f3639863,Brett Young (Calmar),DELIVERLOAD,True,66,66,66,66,66,66,66,66,66,66,66,66,66,66,66,66,66,66,66,66,66,66,66,66,66
6380eae07571e116566417d2,67dc5e421807c0e4681a1974,"BREWERS DISTRIBUTOR LTD.,MTE WAREHOUSE,",DELIVERLOAD,True,132,132,132,132,132,132,132,132,132,132,132,132,132,132,132,132,132,132,132,132,132,132,132,132,132
6380eae07571e116566417d2,638e511cd07518161966a96f,Brewers Supply Group,DELIVERLOAD,False,29,29,29,29,29,29,29,29,29,29,29,29,29,29,29,29,29,29,29,29,29,29,29,29,29
6380eae07571e116566417d2,638e511cd07518161966a96f,Brewers Supply Group,DELIVERLOAD,True,107,107,107,107,107,107,107,107,107,107,107,107,107,107,107,107,107,107,107,107,107,107,107,107,107
6380eae07571e116566417d2,644324b3ba35d815b91315ef,BREWERS SUPPLY GROUP (CANADA),DELIVERLOAD,True,63,63,63,63,63,63,63,63,63,63,63,63,63,63,63,63,63,63,63,63,63,63,63,63,63
6380eae07571e116566417d2,67e8136af2e315991b391eb0,BRIAN SORTLAND WESTVIEW COOP,DELIVERLOAD,False,11,11,11,11,11,11,11,11,11,11,11,11,11,11,11,11,11,11,11,11,11,11,11,11,11
6380eae07571e116566417d2,6626cfb61042347d58c2bd52,Bri-Chem Supply Ltd C/O Formula Powell Transport,DELIVERLOAD,True,36,36,36,36,36,36,36,36,36,36,36,36,36,36,36,36,36,36,36,36,36,36,36,36,36
6380eae07571e116566417d2,671bca295135b07f360f34f2,Brick Edmonton,DELIVERLOAD,False,14,14,14,14,14,14,14,14,14,14,14,18,14,14,14,14,14,14,14,14,14,14,14,14,14
6380eae07571e116566417d2,671bca295135b07f360f34f2,Brick Edmonton,DELIVERLOAD,True,118,118,118,118,118,118,118,118,118,118,118,118,118,118,118,118,118,118,118,118,118,118,118,118,118
6380eae07571e116566417d2,671bca295135b07f360f34f2,Brick Edmonton,HOOKCONTAINER,False,12,12,12,12,12,12,12,12,12,12,12,12,12,12,12,12,12,12,12,12,12,12,12,12,12
6380eae07571e116566417d2,672935c210b44d32447579b5,Brighton Best International Inc,DELIVERLOAD,True,87,87,87,87,87,87,87,87,87,87,87,87,87,87,87,87,87,87,87,87,87,87,87,87,87
6380eae07571e116566417d2,686c1293e9e3d810df577b58,BRIGHTON BEST INTL INC,DELIVERLOAD,True,84,84,84,84,84,84,84,84,84,84,84,84,84,84,84,84,84,84,84,84,84,84,84,84,84
6380eae07571e116566417d2,679badcc5b44396f1be41b2e,British Columbia Distribution Centre,DELIVERLOAD,True,103,103,103,103,103,103,103,103,103,103,103,103,103,103,103,103,103,103,103,103,103,103,103,103,103
6380eae07571e116566417d2,65429eea7d5579156dc84830,BROCK WHITE,DELIVERLOAD,True,71,71,71,71,71,71,71,71,71,71,71,71,71,71,71,71,71,71,71,71,71,71,71,71,71
6380eae07571e116566417d2,6811377dd6ad4c8367c7cc5b,BROOKS FIELD SERVICE LTD.,DELIVERLOAD,True,48,48,48,48,48,48,48,48,48,48,48,48,48,48,48,48,48,48,48,48,48,48,48,48,48
6380eae07571e116566417d2,65de9984349d23cae2fae51e,BRT Distributing Ltd,DELIVERLOAD,True,105,105,105,105,105,105,105,105,105,105,105,105,105,105,105,105,105,105,105,105,105,105,105,105,105
6380eae07571e116566417d2,65ba8ffdff98dfdeb107788a,BSCC Sysco Edmonton Inc,DELIVERLOAD,False,40,40,40,40,40,40,40,40,40,40,40,40,40,40,40,40,40,40,40,40,40,40,40,40,40
6380eae07571e116566417d2,65ba8ffdff98dfdeb107788a,BSCC Sysco Edmonton Inc,DELIVERLOAD,True,57,57,57,57,57,57,187,51,32,91,246,73,57,57,23,57,57,57,57,57,57,57,57,57,57
6380eae07571e116566417d2,65ba810298101f8c5d9c6591,BSCC Sysco Kelowna Inc.,DELIVERLOAD,True,78,78,78,78,78,78,78,78,78,63,78,125,78,89,16,183,6,2,78,78,78,78,78,78,78
6380eae07571e116566417d2,65d63ead81a457e9badb7e7c,"BSCC Sysco Regina, Inc",DELIVERLOAD,True,66,66,66,66,66,66,66,66,66,66,66,66,66,66,66,66,66,66,66,66,66,66,66,66,66
6380eae07571e116566417d2,65c161e732d08a2504db1986,BSCC Sysco Vancouver Inc,DELIVERLOAD,False,42,42,42,42,42,42,42,42,42,42,42,42,42,42,42,42,42,42,42,42,42,42,42,42,42
6380eae07571e116566417d2,65c161e732d08a2504db1986,BSCC Sysco Vancouver Inc,DELIVERLOAD,True,68,68,68,68,68,68,68,68,68,83,61,58,109,89,83,7,15,23,164,68,68,68,68,68,68
6380eae07571e116566417d2,65c161e732d08a2504db1986,BSCC Sysco Vancouver Inc,HOOKCONTAINER,False,20,20,20,20,20,20,20,20,20,20,20,20,20,20,20,20,20,20,20,20,20,20,20,20,20
6380eae07571e116566417d2,6778580b6974421aca1b019c,BSG AIRDRIE,DELIVERLOAD,True,69,69,69,69,69,69,69,69,69,114,93,86,54,59,36,69,69,69,69,69,69,69,69,69,69
6380eae07571e116566417d2,647fafc723eb3b1661322d23,BSG CALGARY ST,DELIVERLOAD,True,66,66,66,66,66,66,66,66,66,66,147,145,101,5,47,85,66,66,66,66,66,66,66,66,66
6380eae07571e116566417d2,647fafc723eb3b1661322d23,BSG CALGARY ST,PULLCONTAINER,False,32,32,32,32,32,32,32,32,32,32,32,32,32,32,32,32,32,32,32,32,32,32,32,32,32
6380eae07571e116566417d2,66f5afe276a82f6da843b3e9,BSG DELTA,DELIVERLOAD,True,20,20,20,20,20,20,20,20,20,20,20,20,20,20,20,20,20,20,20,20,20,20,20,20,20
6380eae07571e116566417d2,65b7e44b88ef1c92a64cd3bd,BSG GUELPH,DELIVERLOAD,True,64,64,64,64,64,64,64,67,114,108,16,88,58,64,64,64,64,64,64,64,64,64,64,64,64
6380eae07571e116566417d2,678448b19168d1e9bb27a83e,BSG GUELPH (622MAIN),DELIVERLOAD,True,22,22,22,22,22,22,22,22,22,22,22,22,22,22,22,22,22,22,22,22,22,22,22,22,22
6380eae07571e116566417d2,678448ca9b1a2efcbdf520b6,BSG GUELPH (625MAIN),DELIVERLOAD,True,55,55,55,55,55,55,55,55,55,55,55,55,55,55,55,55,55,55,55,55,55,55,55,55,55
6380eae07571e116566417d2,677d7b30f6b095389e9dd12d,BSG Montreal,DELIVERLOAD,True,146,146,146,146,146,146,188,146,146,99,146,146,146,146,146,146,146,146,146,146,146,146,146,146,146
6380eae07571e116566417d2,685478d300a4bf7524c3b181,BSH Home Appliances,DELIVERLOAD,True,179,179,179,179,179,179,179,179,179,179,179,179,179,179,179,179,179,179,179,179,179,179,179,179,179
6380eae07571e116566417d2,67bcbade632dd0f2720a78ba,BUENO'S MOTORS AND TIRES LTD,DELIVERLOAD,True,66,66,66,66,66,66,66,66,66,66,66,66,66,66,66,66,66,66,66,66,66,66,66,66,66
6380eae07571e116566417d2,688a647884d3b7d8380e3b93,Building #1125,DELIVERLOAD,False,25,25,25,25,25,25,25,25,25,25,25,25,25,25,25,25,25,25,25,25,25,25,25,25,25
6380eae07571e116566417d2,688a647884d3b7d8380e3b93,Building #1125,HOOKCONTAINER,False,31,31,31,31,31,31,31,31,31,31,31,31,31,31,31,31,31,31,31,31,31,31,31,31,31
6380eae07571e116566417d2,66797e4641ce16ed8e40e3a6,Building C,DELIVERLOAD,True,66,66,66,66,66,66,66,66,66,66,66,66,66,66,66,66,66,66,66,66,66,66,66,66,66
6380eae07571e116566417d2,638e187734262115e3bebe68,Bull Dog Metals Ltd.,DELIVERLOAD,True,31,31,31,31,31,31,31,31,31,31,31,31,31,31,31,31,31,31,31,31,31,31,31,31,31
6380eae07571e116566417d2,68b866d78a5e936c50baffa6,Bully Bunches,DELIVERLOAD,True,86,86,86,86,86,86,86,86,86,86,86,86,86,86,86,86,86,86,86,86,86,86,86,86,86
6380eae07571e116566417d2,647675c68f9f0d162b508747,BUNZL Industrial Door Number 53-54,DELIVERLOAD,False,39,39,39,39,39,39,39,39,39,39,39,39,39,39,39,39,39,39,39,39,39,39,39,39,39
6380eae07571e116566417d2,65af090a92a2e4167aca5f63,Burke,HOOKCONTAINER,False,9,9,9,9,9,9,9,9,9,9,9,9,9,9,9,9,9,9,9,9,9,9,9,9,9
6380eae07571e116566417d2,65af090a92a2e4167aca5f63,Burke,RETURNCONTAINER,False,86,86,86,86,86,86,86,86,86,86,86,86,86,86,86,86,86,86,86,86,86,86,86,86,86
6380eae07571e116566417d2,68910ccee90b61c19486675f,Burn Brae Farms,DELIVERLOAD,False,29,29,29,29,29,29,29,29,29,29,29,29,29,29,29,29,29,29,29,29,29,29,29,29,29
6380eae07571e116566417d2,638e3bc71de55a15fc740ed9,Bway Corporation-Langley,DELIVERLOAD,True,3,3,3,3,3,3,3,3,3,3,3,3,3,3,3,3,3,3,3,3,3,3,3,3,3
6380eae07571e116566417d2,6654c5c75e6fca89e324c007,bway sylvite,DELIVERLOAD,True,71,71,71,71,71,71,71,71,82,71,71,71,71,71,71,71,71,71,71,71,71,71,71,71,71
6380eae07571e116566417d2,66b7d14a1f877177e48bedc2,BWI-ACME ENTERPRISES LTD,DELIVERLOAD,False,21,21,21,21,21,21,21,21,21,21,21,21,21,21,21,21,21,21,21,21,21,21,21,21,21
6380eae07571e116566417d2,66b7d14a1f877177e48bedc2,BWI-ACME ENTERPRISES LTD,DELIVERLOAD,True,33,33,33,33,33,33,33,33,33,33,33,33,33,33,33,33,33,33,33,33,33,33,33,33,33
6380eae07571e116566417d2,66b7d14a1f877177e48bedc2,BWI-ACME ENTERPRISES LTD,HOOKCONTAINER,False,13,13,13,13,13,13,13,13,13,13,13,13,13,13,13,13,13,13,13,13,13,13,13,13,13
6380eae07571e116566417d2,6770283dce08792d64763dd1,BWI-ACME ENTERPRISES LTD,DELIVERLOAD,False,88,88,88,88,88,88,88,88,88,88,88,88,88,88,88,88,88,88,88,88,88,88,88,88,88
6380eae07571e116566417d2,6770283dce08792d64763dd1,BWI-ACME ENTERPRISES LTD,DELIVERLOAD,True,66,66,66,66,66,66,66,66,66,66,66,66,66,66,66,66,66,66,66,66,66,66,66,66,66
6380eae07571e116566417d2,654aaa89e3e08815310182c4,BWI ENTERPRISES LTD.,DELIVERLOAD,False,29,29,29,29,29,29,29,29,29,29,29,29,29,29,29,29,29,29,29,29,29,29,29,29,29
6380eae07571e116566417d2,654aaa89e3e08815310182c4,BWI ENTERPRISES LTD.,DELIVERLOAD,True,62,62,62,62,62,62,62,62,62,62,62,62,62,62,62,62,62,62,62,62,62,62,62,62,62
6380eae07571e116566417d2,63fe4d62131e97160e32db88,C/ 1787557 ALBERTA LTD,DELIVERLOAD,False,13,13,13,13,13,13,13,13,13,13,13,13,13,13,13,13,13,13,13,13,13,13,13,13,13
6380eae07571e116566417d2,63fe4d62131e97160e32db88,C/ 1787557 ALBERTA LTD,DELIVERLOAD,True,32,32,32,32,32,32,32,32,32,32,32,32,32,32,32,32,32,32,32,32,32,32,32,32,32
6380eae07571e116566417d2,63fe4d62131e97160e32db88,C/ 1787557 ALBERTA LTD,HOOKCONTAINER,False,20,20,20,20,20,20,20,20,20,20,20,20,20,20,20,20,20,20,20,20,20,20,20,20,20
6380eae07571e116566417d2,64949f15df6a021626dabfcb,CABELA'S CALGARY,DELIVERLOAD,False,18,18,18,18,18,18,18,18,18,18,18,18,18,18,18,18,18,18,18,18,18,18,18,18,18
6380eae07571e116566417d2,64949f15df6a021626dabfcb,CABELA'S CALGARY,HOOKCONTAINER,False,3,3,3,3,3,3,3,3,3,3,3,3,3,3,3,3,3,3,3,3,3,3,3,3,3
6380eae07571e116566417d2,665f8af1aafcb4e02117562a,Cabela's Retail Canada,DELIVERLOAD,False,18,18,18,18,18,18,18,18,18,18,18,18,18,18,18,18,18,18,18,18,18,18,18,18,18
6380eae07571e116566417d2,665f8af1aafcb4e02117562a,Cabela's Retail Canada,HOOKCONTAINER,False,56,56,56,56,56,56,56,56,56,56,56,56,56,56,56,56,56,56,56,56,56,56,56,56,56
6380eae07571e116566417d2,638e47d11de55a15fc741185,Cabelas Retail Canada,DELIVERLOAD,False,16,16,16,16,16,16,16,16,16,16,16,16,16,41,16,27,17,10,15,15,12,13,16,16,16
6380eae07571e116566417d2,638e47d11de55a15fc741185,Cabelas Retail Canada,HOOKCONTAINER,False,16,16,16,16,16,16,16,16,16,16,16,13,7,7,16,4,11,63,25,48,4,16,16,16,16
6380eae07571e116566417d2,6887b7d58eb45b190cd961ab,CA-EX,DELIVERLOAD,True,4,4,4,4,4,4,4,4,4,4,4,4,4,4,4,4,4,4,4,4,4,4,4,4,4
6380eae07571e116566417d2,672b8f25c32e984969b2c73d,CA Express #154,HOOKCONTAINER,False,15,15,15,15,15,15,15,15,15,15,15,15,15,15,15,15,15,15,15,15,15,15,15,15,15
6380eae07571e116566417d2,687a788d6ac10690472aea7d,CAF - Centre de Distribution Transrapide,DELIVERLOAD,True,64,64,64,64,64,64,64,64,64,64,64,64,64,64,64,64,64,64,64,64,64,64,64,64,64
6380eae07571e116566417d2,684203f8ff20cce1464da6ac,CAKI FABRICATION,DELIVERLOAD,False,30,30,30,30,30,30,30,30,30,30,30,30,30,30,30,30,30,30,30,30,30,30,30,30,30
6380eae07571e116566417d2,68bb4be13f9805bbd21b6854,CALGARY,DELIVERLOAD,False,22,22,22,22,22,22,22,22,22,22,22,22,22,22,22,22,22,22,22,22,22,22,22,22,22
6380eae07571e116566417d2,638e3bc71de55a15fc740f23,Calgary Aggregate Recycling,DELIVERLOAD,False,17,17,17,17,17,17,17,17,17,17,17,17,17,17,17,17,17,17,17,17,17,17,17,17,17
6380eae07571e116566417d2,65f1cd10607ef2aecb86ded1,Calgary/CDC Foods c/o TAS Refrigerated,DELIVERLOAD,True,143,143,143,143,143,143,143,143,143,143,143,143,143,143,143,143,143,143,143,143,143,143,143,143,143
6380eae07571e116566417d2,638e6247499bdc16072431dd,Calgary Cold Storage,DELIVERLOAD,False,29,29,29,29,29,29,29,29,29,29,29,29,29,29,29,29,29,29,29,29,29,29,29,29,29
6380eae07571e116566417d2,638e6247499bdc16072431dd,Calgary Cold Storage,HOOKCONTAINER,False,15,15,15,15,15,15,15,15,15,15,15,15,15,15,15,15,15,15,15,15,15,15,15,15,15
6380eae07571e116566417d2,65037dcf88894d15d28ffbb6,Calgary Construction Inc.,DELIVERLOAD,False,44,44,44,44,44,44,44,44,44,44,44,44,44,44,44,44,44,44,44,44,44,44,44,44,44
6380eae07571e116566417d2,65037dcf88894d15d28ffbb6,Calgary Construction Inc.,HOOKCONTAINER,False,26,26,26,26,26,26,26,26,26,26,26,26,26,26,26,26,26,26,26,26,26,26,26,26,26
6380eae07571e116566417d2,684c57aed1d5116176488704,CALGARY CROSSDOCK (LACTALIS),DELIVERLOAD,False,5,5,5,5,5,5,5,5,5,5,5,5,5,5,5,5,5,5,5,5,5,5,5,5,5
6380eae07571e116566417d2,684c57aed1d5116176488704,CALGARY CROSSDOCK (LACTALIS),DELIVERLOAD,True,74,74,74,74,74,74,74,74,74,74,74,74,74,74,74,74,74,74,74,74,74,74,74,74,74
6380eae07571e116566417d2,663915a6f1f9a4d748d5770e,CALGARY DC,DELIVERLOAD,False,39,39,39,39,39,39,39,39,39,39,39,39,39,39,39,39,39,39,39,39,39,39,39,39,39
6380eae07571e116566417d2,663915a6f1f9a4d748d5770e,CALGARY DC,DELIVERLOAD,True,66,66,66,66,66,66,66,66,66,66,66,66,66,66,66,66,66,66,66,66,66,66,66,66,66
6380eae07571e116566417d2,663915a6f1f9a4d748d5770e,CALGARY DC,HOOKCONTAINER,False,3,3,3,3,3,3,3,3,3,3,3,3,3,3,3,3,3,3,3,3,3,3,3,3,3
6380eae07571e116566417d2,67eeba7d52bebd169d012989,CALGARY DC,DELIVERLOAD,False,43,43,43,43,43,43,43,43,43,43,43,43,43,43,43,43,43,43,43,43,43,43,43,43,43
6380eae07571e116566417d2,67eeba7d52bebd169d012989,CALGARY DC,HOOKCONTAINER,False,56,56,56,56,56,56,56,56,56,56,56,56,56,56,56,56,56,56,56,56,56,56,56,56,56
6380eae07571e116566417d2,684323a8c27b9f2a472ec03f,CALGARY DC (PANTOS),DELIVERLOAD,False,39,39,39,39,39,39,39,39,39,39,39,18,39,39,39,39,39,39,39,39,39,39,39,39,39
6380eae07571e116566417d2,684323a8c27b9f2a472ec03f,CALGARY DC (PANTOS),DELIVERLOAD,True,123,123,123,123,123,123,123,123,123,123,123,123,123,123,123,123,123,123,123,123,123,123,123,123,123
6380eae07571e116566417d2,684323a8c27b9f2a472ec03f,CALGARY DC (PANTOS),HOOKCONTAINER,False,14,14,14,14,14,14,14,14,14,14,14,14,14,14,14,14,14,14,14,14,14,14,14,14,14
6380eae07571e116566417d2,659471b4a8b73f1679a699a5,Calgary Distribution Centre TDL,DELIVERLOAD,True,34,34,34,34,34,34,34,34,34,34,34,34,34,34,34,34,34,34,34,34,34,34,34,34,34
6380eae07571e116566417d2,67c0efbeab1c9b3550a1d13b,Calgary Furniture,DELIVERLOAD,False,29,29,29,29,29,29,29,29,29,29,29,29,29,29,29,29,29,29,29,29,29,29,29,29,29
6380eae07571e116566417d2,67e5c6fb4c0e3f4bb7b480b4,calgary furniture emporium,DELIVERLOAD,False,3,3,3,3,3,3,3,3,3,3,3,3,3,3,3,3,3,3,3,3,3,3,3,3,3
6380eae07571e116566417d2,67e5c6fb4c0e3f4bb7b480b4,calgary furniture emporium,DELIVERLOAD,True,30,30,30,30,30,30,30,30,30,30,30,30,30,30,30,30,30,30,30,30,30,30,30,30,30
6380eae07571e116566417d2,653c1c015b3661166cf3fbe3,Calgary Granite & Marble,DELIVERLOAD,True,66,66,66,66,66,66,66,66,66,66,66,66,66,66,66,66,66,66,66,66,66,66,66,66,66
6380eae07571e116566417d2,6866a3ab4dfc0100bb65c1ee,CALGARY GRANITE  Unit 105,DELIVERLOAD,True,33,33,33,33,33,33,33,33,33,33,33,33,33,33,33,33,33,33,33,33,33,33,33,33,33
6380eae07571e116566417d2,6712c161fc02223a1c9494c0,Calgary Ingenia Sub Mft FOR FINE ORGANIC,DELIVERLOAD,False,56,56,56,56,56,56,56,56,56,56,56,56,56,56,56,56,56,56,56,56,56,56,56,56,56
6380eae07571e116566417d2,6712c161fc02223a1c9494c0,Calgary Ingenia Sub Mft FOR FINE ORGANIC,DELIVERLOAD,True,82,82,82,82,82,82,82,82,82,82,82,82,82,82,82,82,82,82,82,82,82,82,82,82,82
6380eae07571e116566417d2,64386c477934ff162ecdd08e,CALGARY LIQUIDATOR,DELIVERLOAD,False,29,29,29,29,29,29,29,29,29,29,29,29,29,29,29,29,29,29,29,29,29,29,29,29,29
6380eae07571e116566417d2,64386c477934ff162ecdd08e,CALGARY LIQUIDATOR,HOOKCONTAINER,False,20,20,20,20,20,20,20,20,20,20,20,20,20,20,20,20,20,20,20,20,20,20,20,20,20
6380eae07571e116566417d2,638e807832ca271626406c23,Calgarymaster Chocolate,DELIVERLOAD,False,54,54,54,54,54,54,54,54,54,54,54,54,54,54,54,54,54,54,54,54,54,54,54,54,54
6380eae07571e116566417d2,638e807832ca271626406c23,Calgarymaster Chocolate,HOOKCONTAINER,False,27,27,27,27,27,27,27,27,27,27,27,27,27,27,27,27,27,27,27,27,27,27,27,27,27
6380eae07571e116566417d2,638e511cd07518161966a97e,Calgary Metal Recyling Inc. - Calgary,DELIVERLOAD,True,121,121,121,121,121,121,121,121,121,121,121,121,121,121,121,121,121,121,121,121,121,121,121,121,121
6380eae07571e116566417d2,6504c4ed3f0570161e804a10,Calgary Plumbing,HOOKCONTAINER,False,35,35,35,35,35,35,35,35,35,35,35,35,35,35,35,35,35,35,35,35,35,35,35,35,35
6380eae07571e116566417d2,6838c95949f2af560f391b9e,Calgary Primco,HOOKCONTAINER,False,80,80,80,80,80,80,80,80,80,80,80,80,80,80,80,80,80,80,80,80,80,80,80,80,80
6380eae07571e116566417d2,68bf1eeeb4fcfba78ffc7170,Calgary South,HOOKCONTAINER,False,5,5,5,5,5,5,5,5,5,5,5,5,5,5,5,5,5,5,5,5,5,5,5,5,5
6380eae07571e116566417d2,67926fbfd5f5c738c325c4ee,CALGARY STORAGE FACILITY Bay 12,DELIVERLOAD,True,16,16,16,16,16,16,16,16,16,16,16,16,16,16,16,16,16,16,16,16,16,16,16,16,16
6380eae07571e116566417d2,66799cce57961e8654a1594f,Calgary Storage Facility - Foothills Creamery,DELIVERLOAD,True,121,121,121,121,121,121,121,121,121,121,121,121,121,121,121,121,121,121,121,121,121,121,121,121,121
6380eae07571e116566417d2,6532cf2b901cd11654e626f1,CAL-TECH GLASS SERVICES LTD.,DELIVERLOAD,False,13,13,13,13,13,13,13,13,13,13,13,13,13,13,13,13,13,13,13,13,13,13,13,13,13
6380eae07571e116566417d2,6532cf2b901cd11654e626f1,CAL-TECH GLASS SERVICES LTD.,HOOKCONTAINER,False,28,28,28,28,28,28,28,28,28,28,28,28,28,28,28,28,28,28,28,28,28,28,28,28,28
6380eae07571e116566417d2,6748ec6324a9a47422ceecf4,Cambridge Warehouse,DELIVERLOAD,True,66,66,66,66,66,66,66,66,66,66,66,66,66,66,66,66,66,66,66,66,66,66,66,66,66
6380eae07571e116566417d2,638e649a0f71ac1600f4f805,CAM INDUSTRIAL,DELIVERLOAD,True,40,40,40,40,40,40,40,40,40,40,40,40,40,40,40,40,40,40,40,40,40,40,40,40,40
6380eae07571e116566417d2,64419bf90aabf841b568b150,CAM INDUSTRIAL SUPPLYDIV CAM DISTRIBUTORS LTD 20-7095,DELIVERLOAD,False,82,82,82,82,82,82,82,82,82,82,82,82,82,82,82,82,82,82,82,82,82,82,82,82,82
6380eae07571e116566417d2,6474d331c9d5b31667aa4b90,Canada Cartage BC,DELIVERLOAD,True,107,107,107,107,107,107,107,107,107,107,107,107,107,107,107,107,107,107,107,107,107,107,107,107,107
6380eae07571e116566417d2,638f5669648f7a162c61a8ff,Canada Cartage Edm,DELIVERLOAD,True,66,66,66,66,66,66,66,66,66,66,66,66,66,66,66,66,66,66,66,66,66,66,66,66,66
6380eae07571e116566417d2,67e575a12cd2d3dc2c095973,CANADA CARTAGE LOGISTICS SOLUTIONS,DELIVERLOAD,True,66,66,66,66,66,66,66,66,66,66,66,66,66,66,66,66,66,66,66,66,66,66,66,66,66
6380eae07571e116566417d2,638f5669648f7a162c61a900,Canada Cartage Logistics Solutionsccl,DELIVERLOAD,True,70,70,70,70,70,70,70,70,70,70,70,70,70,70,70,70,70,70,70,70,70,70,70,70,70
6380eae07571e116566417d2,67af9a94dd54b12b344e922b,CANADA COMPUTERS & ELECTRONICS,DELIVERLOAD,True,35,35,35,35,35,35,35,35,35,35,35,35,35,35,35,35,35,35,35,35,35,35,35,35,35
6380eae07571e116566417d2,6890fd664e4810fbe2a8d3dc,CANADA CORP,DELIVERLOAD,False,29,29,29,29,29,29,29,29,29,29,29,29,29,29,29,29,29,29,29,29,29,29,29,29,29
6380eae07571e116566417d2,638e6b9034262115e3bed145,Canada Covers,DELIVERLOAD,False,41,41,41,41,41,41,41,41,41,41,41,41,41,41,41,41,41,41,41,41,41,41,41,41,41
6380eae07571e116566417d2,67b8d52942f5a98f012463d2,Canada Distribution Centre - Belleville,DELIVERLOAD,False,29,29,29,29,29,29,29,29,29,29,29,29,29,29,29,29,29,29,29,29,29,29,29,29,29
6380eae07571e116566417d2,638e2fd4b91dc3160b914ed9,Canadian Alliance Terminals Delta BC,DELIVERLOAD,True,101,101,101,101,101,101,101,101,101,101,101,101,101,101,101,101,101,101,101,101,101,101,101,101,101
6380eae07571e116566417d2,6643a3535bc0b8fca8db5d4c,Canadian Alliance Terminals (New location),DELIVERLOAD,True,52,52,52,52,52,52,52,52,52,52,52,52,52,52,52,52,52,52,52,52,52,52,52,52,52
6380eae07571e116566417d2,67a520c5585e38b818bdb36a,Canadian Clothing International,DELIVERLOAD,False,29,29,29,29,29,29,29,29,29,29,29,29,29,29,29,29,29,29,29,29,29,29,29,29,29
6380eae07571e116566417d2,68af141cd340ab0c0c929b5a,CANADIAN CUSTOM ELECTRICAL LTD.,DELIVERLOAD,True,41,41,41,41,41,41,41,41,41,41,41,41,41,41,41,41,41,41,41,41,41,41,41,41,41
6380eae07571e116566417d2,67080b438aa5c41a735d9948,Canadian Drilling Fluids Ltd,DELIVERLOAD,False,72,72,72,72,72,72,72,72,72,72,72,72,72,72,72,72,72,72,72,72,72,72,72,72,72
6380eae07571e116566417d2,67080b438aa5c41a735d9948,Canadian Drilling Fluids Ltd,DELIVERLOAD,True,45,45,45,45,45,45,45,45,45,45,45,45,45,45,45,45,45,45,45,45,45,45,45,45,45
6380eae07571e116566417d2,67c7478d1543b353def21a55,Canadian Essential,DELIVERLOAD,False,32,32,32,32,32,32,32,32,32,32,32,32,32,32,32,32,32,32,32,32,32,32,32,32,32
6380eae07571e116566417d2,640b68a57c642315f152a091,Canadian Hay & Silage Ltd.,DELIVERLOAD,True,40,40,40,40,40,40,40,40,40,40,40,40,40,40,40,40,40,40,40,40,40,40,40,40,40
6380eae07571e116566417d2,67e5890fe5ce9000242920d1,Canadian Mud Company,DELIVERLOAD,False,34,34,34,34,34,34,34,34,34,34,34,34,34,34,34,34,34,34,34,34,34,34,34,34,34
6380eae07571e116566417d2,6435f0943973b815ece5eee1,Canadian Premium Meats,DELIVERLOAD,True,66,66,66,66,66,66,66,66,66,66,66,66,66,66,66,66,66,66,66,66,66,66,66,66,66
6380eae07571e116566417d2,663288b16636967078b680cf,CANADIAN ROAD BUILDERS INC,DELIVERLOAD,False,57,57,57,57,57,57,57,57,57,57,57,57,57,57,57,57,57,57,57,57,57,57,57,57,57
6380eae07571e116566417d2,687eb5044115338391e48a11,CANADIAN STONE,DELIVERLOAD,True,117,117,117,117,117,117,117,117,117,117,117,117,117,117,117,117,117,117,117,117,117,117,117,117,117
6380eae07571e116566417d2,640784a267938c161cffddfd,CANADIAN WHEEL INDUSTRIES,DELIVERLOAD,True,43,43,43,43,43,43,43,43,43,43,43,43,43,43,43,43,43,43,43,43,43,43,43,43,43
6380eae07571e116566417d2,66b124d7480e814162a1c4cb,canadyne technologies INC,DELIVERLOAD,True,76,76,76,76,76,76,76,76,76,76,76,76,76,76,76,76,76,76,76,76,76,76,76,76,76
6380eae07571e116566417d2,640260ed4f142015e8f71dd4,CANALTA CONTROLS LTD,DELIVERLOAD,False,29,29,29,29,29,29,29,29,29,29,29,29,29,29,29,29,29,29,29,29,29,29,29,29,29
6380eae07571e116566417d2,640260ed4f142015e8f71dd4,CANALTA CONTROLS LTD,DELIVERLOAD,True,31,31,31,31,31,31,31,31,31,31,31,31,31,31,31,31,31,31,31,31,31,31,31,31,31
6380eae07571e116566417d2,638e49e09a8a2f15f9401269,CANAROPA,DELIVERLOAD,False,11,11,11,11,11,11,11,11,11,11,11,11,11,11,11,11,11,11,11,11,11,11,11,11,11
6380eae07571e116566417d2,638e49e09a8a2f15f9401269,CANAROPA,HOOKCONTAINER,False,7,7,7,7,7,7,7,7,7,7,7,7,7,7,7,7,7,7,7,7,7,7,7,7,7
6380eae07571e116566417d2,6876cd863d45a84dd26a18e7,Canaropa (1954) Inc.,DELIVERLOAD,False,41,41,41,41,41,41,41,41,41,41,41,41,41,41,41,41,41,41,41,41,41,41,41,41,41
6380eae07571e116566417d2,638e7afb1de55a15fc741829,Cancarb Limited - Medicine Hat,DELIVERLOAD,False,55,55,55,55,55,55,55,55,55,83,46,34,55,55,55,55,55,55,55,55,55,55,55,55,55
6380eae07571e116566417d2,638e7afb1de55a15fc741829,Cancarb Limited - Medicine Hat,DELIVERLOAD,True,66,66,66,66,66,66,66,66,66,66,66,66,66,66,66,66,66,66,66,66,66,66,66,66,66
6380eae07571e116566417d2,638e77d47c780a16503cb01c,Cancell Industries,DELIVERLOAD,False,18,18,18,18,18,18,18,18,18,18,18,18,18,18,18,18,18,18,18,18,18,18,18,18,18
6380eae07571e116566417d2,638e77d47c780a16503cb01c,Cancell Industries,DELIVERLOAD,True,69,69,69,69,69,69,69,69,69,69,69,69,69,69,69,69,69,69,69,69,69,69,69,69,69
6380eae07571e116566417d2,638e77d47c780a16503cb01c,Cancell Industries,HOOKCONTAINER,False,40,40,40,40,40,40,40,40,40,40,40,40,40,40,40,40,40,40,40,40,40,40,40,40,40
6380eae07571e116566417d2,645c134324b3a7160bc544b5,Can-Cell Industries,DELIVERLOAD,False,24,24,24,24,24,24,24,24,24,24,24,24,24,24,24,24,24,24,24,24,24,24,24,24,24
6380eae07571e116566417d2,645c134324b3a7160bc544b5,Can-Cell Industries,DELIVERLOAD,True,94,94,94,94,94,94,94,94,94,94,94,94,94,94,94,94,94,94,49,94,94,94,94,94,94
6380eae07571e116566417d2,645c134324b3a7160bc544b5,Can-Cell Industries,HOOKCONTAINER,False,45,45,45,45,45,45,45,45,45,45,45,45,45,45,45,45,45,45,45,45,45,45,45,45,45
6380eae07571e116566417d2,64debf1370e9d7159c4a0338,"CAN-CELL INDUSTRIES INC., EDMONTON",DELIVERLOAD,False,15,15,15,15,15,15,15,15,15,15,15,15,15,15,15,15,15,15,15,15,15,15,15,15,15
6380eae07571e116566417d2,64debf1370e9d7159c4a0338,"CAN-CELL INDUSTRIES INC., EDMONTON",DELIVERLOAD,True,72,72,72,72,72,72,72,72,72,72,72,72,72,72,72,72,72,72,72,72,72,72,72,72,72
6380eae07571e116566417d2,64debf1370e9d7159c4a0338,"CAN-CELL INDUSTRIES INC., EDMONTON",HOOKCONTAINER,False,28,28,28,28,28,28,28,28,28,28,28,28,28,28,28,28,28,28,28,28,28,28,28,28,28
6380eae07571e116566417d2,68ae1135ebe28049ea520bc8,CANCREATIVE CANADA  #115,DELIVERLOAD,False,29,29,29,29,29,29,29,29,29,29,29,29,29,29,29,29,29,29,29,29,29,29,29,29,29
6380eae07571e116566417d2,68ae1135ebe28049ea520bc8,CANCREATIVE CANADA  #115,HOOKCONTAINER,False,70,70,70,70,70,70,70,70,70,70,70,70,70,70,70,70,70,70,70,70,70,70,70,70,70
6380eae07571e116566417d2,67d98e4b8734e00f4279286e,CANDOCK INC.,DELIVERLOAD,True,66,66,66,66,66,66,66,66,66,66,66,66,66,66,66,66,66,66,66,66,66,66,66,66,66
6380eae07571e116566417d2,654d283b868603159c255a33,Can Eco Logical solutions,DELIVERLOAD,False,35,35,35,35,35,35,35,35,35,35,35,35,35,35,35,35,35,35,35,35,35,35,35,35,35
6380eae07571e116566417d2,654d283b868603159c255a33,Can Eco Logical solutions,HOOKCONTAINER,False,41,41,41,41,41,41,41,41,41,41,41,41,41,41,41,41,41,41,41,41,41,41,41,41,41
6380eae07571e116566417d2,683f2bb6a7541dc1e9c1c9c2,Cannon Industries,DELIVERLOAD,True,5,5,5,5,5,5,5,5,5,5,5,5,5,5,5,5,5,5,5,5,5,5,5,5,5
6380eae07571e116566417d2,685ab55988ac2b0bef1272dc,CANPACK EXP,DELIVERLOAD,False,28,28,28,28,28,28,28,28,28,28,28,28,28,28,28,28,28,28,28,28,28,28,28,28,28
6380eae07571e116566417d2,68012d5732c2f6641cb3af4e,Canpack Exports,HOOKCONTAINER,False,86,86,86,86,86,86,86,86,86,86,86,86,86,86,86,86,86,86,86,86,86,86,86,86,86
6380eae07571e116566417d2,67521fad86f419d4319542c1,Canpak cargo,HOOKCONTAINER,False,47,47,47,47,47,47,47,47,47,47,47,47,47,47,47,47,47,47,47,47,47,47,47,47,47
6380eae07571e116566417d2,67b8a938e7aea5ac499bd379,Canterbury Coffee - Oakville,DELIVERLOAD,True,148,148,148,148,148,148,148,148,148,148,148,148,148,148,148,148,148,148,148,148,148,148,148,148,148
6380eae07571e116566417d2,6393c2fa6d10ed163914eb31,Cantona Supply,DELIVERLOAD,True,55,55,55,55,55,55,55,55,55,55,55,55,55,55,55,55,55,55,55,55,55,55,55,55,55
6380eae07571e116566417d2,6393c2fa6d10ed163914eb31,Cantona Supply,HOOKCONTAINER,False,65,65,65,65,65,65,65,65,65,65,65,65,65,65,65,65,65,65,65,65,65,65,65,65,65
6380eae07571e116566417d2,67f58a4d676eadc37a71fc51,Cantran depot,DELIVERLOAD,True,35,35,35,35,35,35,35,35,35,35,35,35,35,35,35,35,35,35,35,35,35,35,35,35,35
6380eae07571e116566417d2,67f58a4d676eadc37a71fc51,Cantran depot,DROPCONTAINER,False,13,13,13,13,13,13,13,13,13,13,13,13,13,13,13,13,13,13,13,13,13,13,13,13,13
6380eae07571e116566417d2,67f58a4d676eadc37a71fc51,Cantran depot,HOOKCONTAINER,False,7,7,7,7,7,7,7,7,7,7,7,7,7,7,7,7,7,7,7,7,7,7,7,7,7
6380eae07571e116566417d2,67f58a4d676eadc37a71fc51,Cantran depot,PULLCONTAINER,False,29,29,29,29,29,29,29,29,29,29,29,29,29,29,29,29,29,29,29,29,29,29,29,29,29
6380eae07571e116566417d2,67f58a4d676eadc37a71fc51,Cantran depot,RETURNCONTAINER,False,23,23,23,23,23,23,23,23,23,23,23,23,23,23,23,23,23,23,23,23,23,23,23,23,23
6380eae07571e116566417d2,684c7fecc2234f73f0b12bef,CANVINA ENTERPRISES INC,DELIVERLOAD,False,28,28,28,28,28,28,28,28,28,28,28,28,28,28,28,28,28,28,28,28,28,28,28,28,28
6380eae07571e116566417d2,684c7fecc2234f73f0b12bef,CANVINA ENTERPRISES INC,HOOKCONTAINER,False,34,34,34,34,34,34,34,34,34,34,34,34,34,34,34,34,34,34,34,34,34,34,34,34,34
6380eae07571e116566417d2,6407929437d57415cc6d4711,Canwel Building Materials Ltd,DELIVERLOAD,False,20,20,20,20,20,20,20,20,20,20,20,20,20,20,20,20,20,20,20,20,20,20,20,20,20
6380eae07571e116566417d2,67c21a4a04b4030b1374cde0,Canyon Rigging Inc. Rocky View,DELIVERLOAD,False,60,60,60,60,60,60,60,60,60,60,60,60,60,60,60,60,60,60,60,60,60,60,60,60,60
6380eae07571e116566417d2,67c21a4a04b4030b1374cde0,Canyon Rigging Inc. Rocky View,DELIVERLOAD,True,44,44,44,44,44,44,44,44,44,44,44,44,44,44,44,44,44,44,44,44,44,44,44,44,44
6380eae07571e116566417d2,671bce56950b25263528bd24,CAPITAL PACKERS,DELIVERLOAD,True,62,62,62,62,62,62,62,62,62,62,62,62,62,62,62,62,62,62,62,62,62,62,62,62,62
6380eae07571e116566417d2,638e6247499bdc16072431e4,Capital Paper Recycling Ltd.,DELIVERLOAD,False,41,41,41,41,41,41,41,41,44,20,41,31,41,41,41,41,41,41,41,41,41,41,41,41,41
6380eae07571e116566417d2,638e6247499bdc16072431e4,Capital Paper Recycling Ltd.,DELIVERLOAD,True,99,99,99,99,99,99,99,99,99,84,108,100,88,93,84,116,125,89,126,140,99,99,99,99,99
6380eae07571e116566417d2,684870ff5bf0451c56c7adf9,Capital Used and New Auto Parts,HOOKCONTAINER,False,29,29,29,29,29,29,29,29,29,29,29,29,29,29,29,29,29,29,29,29,29,29,29,29,29
6380eae07571e116566417d2,644017b4c2288515e31155fc,Capitol Furniture(1985)Ltd,DELIVERLOAD,False,46,46,46,46,46,46,46,46,46,46,46,46,46,46,46,46,46,46,46,46,46,46,46,46,46
6380eae07571e116566417d2,67d0bff90b2d1ee6d1311bdf,CAPYBARA Distributors Inc.,HOOKCONTAINER,False,28,28,28,28,28,28,28,28,28,28,28,28,28,28,28,28,28,28,28,28,28,28,28,28,28
6380eae07571e116566417d2,65a81d3d0eabf11654c78a08,CARDINAL MEAT LTD CSMS,DELIVERLOAD,True,95,95,95,95,95,95,95,95,49,129,95,224,142,83,7,22,95,27,234,95,204,95,95,46,95
6380eae07571e116566417d2,65a81d3d0eabf11654c78a08,CARDINAL MEAT LTD CSMS,PULLCONTAINER,False,25,25,25,25,25,25,25,25,25,25,25,25,25,25,25,25,25,25,25,25,25,25,25,25,25
6380eae07571e116566417d2,6531634a0cba3e16500a36f3,CARE BAKERY INC.,DELIVERLOAD,False,26,26,26,26,26,26,26,26,26,26,26,26,26,26,26,26,26,26,26,26,26,26,26,26,26
6380eae07571e116566417d2,6531634a0cba3e16500a36f3,CARE BAKERY INC.,HOOKCONTAINER,False,51,51,51,51,51,51,51,51,51,51,51,51,51,51,51,51,51,51,51,51,51,51,51,51,51
6380eae07571e116566417d2,641b60acfcc94d163ba40b68,CARGILL,DELIVERLOAD,False,90,90,90,90,90,90,90,90,90,79,127,88,55,49,90,10,9,90,90,90,90,90,90,90,90
6380eae07571e116566417d2,641b60acfcc94d163ba40b68,CARGILL,DELIVERLOAD,True,117,117,117,117,117,117,117,117,117,117,170,170,124,82,76,137,223,125,49,75,86,117,117,117,117
6380eae07571e116566417d2,641b60acfcc94d163ba40b68,CARGILL,HOOKCONTAINER,False,20,20,20,20,20,20,20,20,20,20,20,20,20,20,20,20,20,20,20,20,20,20,20,20,20
6380eae07571e116566417d2,67d3549dbcae5a38ac42bda5,CARIBOU ELECTRIC,DELIVERLOAD,True,56,56,56,56,56,56,56,56,56,56,56,56,56,56,56,56,56,56,56,56,56,56,56,56,56
6380eae07571e116566417d2,683db41b0bf82b588b5f96d0,CARMANAH SIGNS,DELIVERLOAD,False,11,11,11,11,11,11,11,11,11,11,11,11,11,11,11,11,11,11,11,11,11,11,11,11,11
6380eae07571e116566417d2,683db41b0bf82b588b5f96d0,CARMANAH SIGNS,DELIVERLOAD,True,44,44,44,44,44,44,44,44,44,44,44,44,44,44,44,44,44,44,44,44,44,44,44,44,44
6380eae07571e116566417d2,683a2a43fc10f13668be4468,CARMANAH SIGNS NO. 5,DELIVERLOAD,False,89,89,89,89,89,89,89,89,89,89,89,89,89,89,89,89,89,89,89,89,89,89,89,89,89
6380eae07571e116566417d2,638e6b9034262115e3bed157,CARPENTER CANADA CO,DELIVERLOAD,False,60,60,60,60,60,60,60,60,60,60,60,60,60,60,60,60,60,60,60,60,60,60,60,60,60
6380eae07571e116566417d2,67d852dd72938a3be7862b3a,CARPENTER CANADA CO. (WOODBRIDGE),DELIVERLOAD,False,60,60,60,60,60,60,60,60,60,60,60,60,60,60,60,60,60,60,60,60,60,60,60,60,60
6380eae07571e116566417d2,67d852dd72938a3be7862b3a,CARPENTER CANADA CO. (WOODBRIDGE),HOOKCONTAINER,False,3,3,3,3,3,3,3,3,3,3,3,3,3,3,3,3,3,3,3,3,3,3,3,3,3
6380eae07571e116566417d2,6851c206bd6c35d81b1f4268,Carpet Supermarket Sales Ltd #104,DELIVERLOAD,False,60,60,60,60,60,60,60,60,60,60,60,60,60,60,60,60,60,60,60,60,60,60,60,60,60
6380eae07571e116566417d2,6851c206bd6c35d81b1f4268,Carpet Supermarket Sales Ltd #104,DELIVERLOAD,True,66,66,66,66,66,66,66,66,66,66,66,66,66,66,66,66,66,66,66,66,66,66,66,66,66
6380eae07571e116566417d2,6851c206bd6c35d81b1f4268,Carpet Supermarket Sales Ltd #104,HOOKCONTAINER,False,56,56,56,56,56,56,56,56,56,56,56,56,56,56,56,56,56,56,56,56,56,56,56,56,56
6380eae07571e116566417d2,65f61e1e538aa18ed267772c,CARRIER ENTERPRISE CANADA,HOOKCONTAINER,False,10,10,10,10,10,10,10,10,10,10,10,10,10,10,10,10,10,10,10,10,10,10,10,10,10
6380eae07571e116566417d2,638e5a1ff50f3d1616f6ac43,Cascade Calgary AB,DELIVERLOAD,False,29,29,29,29,29,29,29,29,29,29,29,29,29,29,29,29,29,29,29,29,29,29,29,29,29
6380eae07571e116566417d2,638e5a1ff50f3d1616f6ac43,Cascade Calgary AB,DELIVERLOAD,True,77,77,77,77,77,77,77,77,77,77,75,71,50,77,77,77,77,77,77,77,77,77,77,77,77
6380eae07571e116566417d2,67e1990fdaaeb5a66d2a4fcc,CASCADE CAPITAL MACHINE SALES INC,DELIVERLOAD,False,29,29,29,29,29,29,29,29,29,29,29,29,29,29,29,29,29,29,29,29,29,29,29,29,29
6380eae07571e116566417d2,638e649a0f71ac1600f4f838,"Cascade, Edmonton, ON",DELIVERLOAD,True,55,55,55,55,55,55,55,55,55,55,55,55,55,55,55,55,55,55,55,55,55,55,55,55,55
6380eae07571e116566417d2,638e649a0f71ac1600f4f83a,Cascades Edmonton Plant,DELIVERLOAD,False,75,75,75,75,75,75,75,75,75,75,75,75,75,75,75,75,75,75,75,75,75,75,75,75,75
6380eae07571e116566417d2,638e649a0f71ac1600f4f83a,Cascades Edmonton Plant,DELIVERLOAD,True,58,58,58,58,58,58,58,58,58,58,58,100,63,43,37,58,58,58,58,58,58,58,58,58,58
6380eae07571e116566417d2,65b4183c12b3ad15f07c2126,Cascadia Windows,DELIVERLOAD,True,14,14,14,14,14,14,14,14,14,14,14,14,14,14,14,14,14,14,14,14,14,14,14,14,14
6380eae07571e116566417d2,669ae26c3b3e30710c4122f0,cash and carry,DELIVERLOAD,False,52,52,52,52,52,52,52,52,52,52,52,52,52,52,52,52,52,52,52,52,52,52,52,52,52
6380eae07571e116566417d2,669ae26c3b3e30710c4122f0,cash and carry,HOOKCONTAINER,False,34,34,34,34,34,34,34,34,34,34,34,34,34,34,34,34,34,34,52,81,32,34,34,34,34
6380eae07571e116566417d2,64370a67c4991715f51fd546,Cavendish Farms - Lethbridge AB,DELIVERLOAD,True,66,66,66,66,66,66,66,66,66,66,66,66,66,66,66,66,66,66,66,66,66,66,66,66,66
6380eae07571e116566417d2,664660495ad641bf5eec53ba,CB POWELL C/O MTE LOGISTICS,DELIVERLOAD,False,10,10,10,10,10,10,10,10,10,10,10,10,10,10,10,10,10,10,10,10,10,10,10,10,10
6380eae07571e116566417d2,664660495ad641bf5eec53ba,CB POWELL C/O MTE LOGISTICS,HOOKCONTAINER,False,24,24,24,24,24,24,24,24,24,24,24,24,24,24,24,24,24,24,24,24,24,24,24,24,24
6380eae07571e116566417d2,6500c259ebf99a1627f548f5,C can store,RETURNCONTAINER,False,5,5,5,5,5,5,5,5,5,5,5,5,5,5,5,5,5,5,5,5,5,5,5,5,5
6380eae07571e116566417d2,638ec1476df97715f0f3a274,C CAN STORE,DELIVERLOAD,True,25,25,25,25,25,25,25,25,25,25,25,25,25,25,25,25,25,25,25,25,25,25,25,25,25
6380eae07571e116566417d2,638ec1476df97715f0f3a274,C CAN STORE,RETURNCONTAINER,False,18,18,18,18,18,18,18,18,18,18,18,18,18,18,18,13,18,11,18,18,18,18,18,18,18
6380eae07571e116566417d2,65c55c05b1d25a48e776c4f1,C&C Packing Limited Partnership,DELIVERLOAD,True,115,115,115,115,115,115,115,115,115,115,115,115,115,115,115,115,115,115,115,115,115,115,115,115,115
6380eae07571e116566417d2,67dd843661e8823177e66cbc,CCP Warehousing,DELIVERLOAD,True,133,133,133,133,133,133,133,133,133,133,133,133,133,133,133,133,133,133,133,133,133,133,133,133,133
6380eae07571e116566417d2,67e708bf3c76716a854030be,CCS Industrials,DELIVERLOAD,False,9,9,9,9,9,9,9,9,9,9,9,9,9,9,9,9,9,9,9,9,9,9,9,9,9
6380eae07571e116566417d2,67e708bf3c76716a854030be,CCS Industrials,DELIVERLOAD,True,42,42,42,42,42,42,42,42,42,42,42,42,42,42,42,42,42,42,42,42,42,42,42,42,42
6380eae07571e116566417d2,66981df43da382009d6c8653,CCS LEISURE PRODUCTS INC.,DELIVERLOAD,False,29,29,29,29,29,29,29,29,29,29,29,29,29,29,29,29,29,29,29,29,29,29,29,29,29
6380eae07571e116566417d2,66981df43da382009d6c8653,CCS LEISURE PRODUCTS INC.,DELIVERLOAD,True,78,78,78,78,78,78,78,78,78,78,78,78,78,78,78,78,78,78,78,78,78,78,78,78,78
6380eae07571e116566417d2,6750e42d90c4b5178a111e84,"CCS LEISURE PRODUCTS INC. SITE 450, BOX 1, COMP.2, RR2",DELIVERLOAD,True,66,66,66,66,66,66,66,66,66,66,66,66,66,66,66,66,66,66,66,66,66,66,66,66,66
6380eae07571e116566417d2,65441c4d1bc3a215411a285b,CDC FOODS,DELIVERLOAD,True,76,76,76,76,76,76,76,76,76,76,76,76,76,76,329,76,76,76,76,76,76,76,76,76,76
6380eae07571e116566417d2,68c9ab8a9a6bb4ce459caced,CDC IRON SOLUTIONS LTD,DELIVERLOAD,False,29,29,29,29,29,29,29,29,29,29,29,29,29,29,29,29,29,29,29,29,29,29,29,29,29
6380eae07571e116566417d2,659c7522cc94d46b5c60bd87,CDS 18351 McCartney Way,DELIVERLOAD,True,66,66,66,66,66,66,66,66,66,66,66,66,66,66,66,66,66,66,66,66,66,66,66,66,66
6380eae07571e116566417d2,6679774287287a5de7c6a10b,CDS - Ambient Vancouver,DELIVERLOAD,False,29,29,29,29,29,29,29,29,29,29,29,29,29,29,29,29,29,29,29,29,29,29,29,29,29
6380eae07571e116566417d2,6679774287287a5de7c6a10b,CDS - Ambient Vancouver,DELIVERLOAD,True,72,72,72,72,72,72,72,72,72,72,179,72,72,8,72,72,39,72,72,72,72,72,72,72,72
6380eae07571e116566417d2,638e6993e2c64116395bbd4f,CDS - Delta,DELIVERLOAD,False,67,67,67,67,67,67,67,67,67,67,67,45,67,67,67,67,67,67,67,67,67,67,67,67,67
6380eae07571e116566417d2,638e6993e2c64116395bbd4f,CDS - Delta,DELIVERLOAD,True,97,97,97,97,97,97,97,97,97,97,97,97,97,97,97,97,97,97,119,97,97,97,97,97,97
6380eae07571e116566417d2,678fd0fab6806d7f96ed364f,CDS Derwent (ry) QA Hold XFR,DELIVERLOAD,True,80,80,80,80,80,80,80,80,80,80,80,80,80,80,80,80,80,80,80,80,80,80,80,80,80
6380eae07571e116566417d2,6890e15cfd2b5e9adabc7f6e,CDS Distribution Inc. C/O Rosedale Transport,HOOKCONTAINER,False,8,8,8,8,8,8,8,8,8,8,8,8,8,8,8,8,8,8,8,8,8,8,8,8,8
6380eae07571e116566417d2,638e55986df97715f0f3951e,"CDS, Richmond BC",DELIVERLOAD,True,85,85,85,85,85,85,85,85,85,85,85,85,85,85,85,85,85,85,85,85,85,85,85,85,85
6380eae07571e116566417d2,638e55986df97715f0f3951e,"CDS, Richmond BC",HOOKCONTAINER,False,37,37,37,37,37,37,37,37,37,37,37,37,37,37,37,37,37,37,37,37,37,37,37,37,37
6380eae07571e116566417d2,67c75be6f75a2964fc6d5c24,Cedar planters,DELIVERLOAD,True,19,19,19,19,19,19,19,19,19,19,19,19,19,19,19,19,19,19,19,19,19,19,19,19,19
6380eae07571e116566417d2,66706d4910fcdb0aa2837ab6,Cedar Planters Inc,DELIVERLOAD,True,66,66,66,66,66,66,66,66,66,66,66,66,66,66,66,66,66,66,66,66,66,66,66,66,66
6380eae07571e116566417d2,6411ec13c3363c1612f4b294,Celanese Canada,DELIVERLOAD,True,146,146,146,146,146,146,146,146,146,146,146,146,146,146,146,146,146,146,146,146,146,146,146,146,146
6380eae07571e116566417d2,686c13daa0fdf6cb477d864c,CELESTIAL MERCHANTS LTD.,DELIVERLOAD,False,29,29,29,29,29,29,29,29,29,29,29,29,29,29,29,29,29,29,29,29,29,29,29,29,29
6380eae07571e116566417d2,67b4d9d7eb60c0d366b386c8,Centennial Moving - CALGARY,HOOKCONTAINER,False,58,58,58,58,58,58,58,58,58,58,58,58,58,58,58,58,58,58,58,58,58,58,58,58,58
6380eae07571e116566417d2,66f6b9566379b996491d931a,Centennial Moving - MARKHAM,DELIVERLOAD,False,71,71,71,71,71,71,71,71,71,71,71,71,71,71,71,71,71,71,71,71,71,71,71,71,71
6380eae07571e116566417d2,66f6b9566379b996491d931a,Centennial Moving - MARKHAM,HOOKCONTAINER,False,28,28,28,28,28,28,28,28,28,28,28,28,28,28,28,28,28,28,28,28,28,28,28,28,28
6380eae07571e116566417d2,66f6b96a1ac206fa3c738b16,Centennial Moving - SURREY,DELIVERLOAD,False,50,50,50,50,50,50,50,50,50,50,50,50,50,50,50,50,50,50,50,50,50,50,50,50,50
6380eae07571e116566417d2,66f6b96a1ac206fa3c738b16,Centennial Moving - SURREY,HOOKCONTAINER,False,12,12,12,12,12,12,12,12,12,12,12,12,12,12,12,12,12,12,12,12,12,12,12,12,12
6380eae07571e116566417d2,638e774c7510cb164789df18,CENTERM,PULLCONTAINER,False,77,77,77,77,77,77,77,77,77,77,77,77,77,77,77,77,77,77,38,77,77,77,77,77,77
6380eae07571e116566417d2,638e774c7510cb164789df18,CENTERM,RETURNCONTAINER,False,32,32,32,32,32,32,32,32,32,32,32,32,37,49,36,62,16,22,25,32,32,32,32,32,32
6380eae07571e116566417d2,686fd722d8c51fd4f60e0202,CENTRA INSTALL PROS,DELIVERLOAD,True,51,51,51,51,51,51,51,51,51,51,51,51,51,51,51,51,51,51,51,51,51,51,51,51,51
6380eae07571e116566417d2,679426629eafb9e22e55a18e,CENTRAL ALBERTA CO-OP,DELIVERLOAD,True,66,66,66,66,66,66,66,66,66,66,66,66,66,66,66,66,66,66,66,66,66,66,66,66,66
6380eae07571e116566417d2,67915edb926b3e0391022feb,Central Civil Solutions Inc.,HOOKCONTAINER,False,47,47,47,47,47,47,47,47,47,47,47,47,47,47,47,47,47,47,47,47,47,47,47,47,47
6380eae07571e116566417d2,688680d0e7600d9779a1b653,Central Concrete Accessories,DELIVERLOAD,True,67,67,67,67,67,67,67,67,67,67,67,67,67,67,67,67,67,67,67,67,67,67,67,67,67
6380eae07571e116566417d2,6470e1e31d7a08160e0bdc51,CENTRAL GUELPH-2 BSG CANADA,DELIVERLOAD,True,91,91,91,91,91,91,91,91,91,91,91,3,91,91,155,91,91,91,91,91,91,91,91,91,91
6380eae07571e116566417d2,6797e04a34c45e197614dcee,CENTRAL NATIONAL PULP & PAPER SALES  INC.,DELIVERLOAD,True,48,48,48,48,48,48,48,48,48,48,48,48,48,48,48,48,48,48,48,48,48,48,48,48,48
6380eae07571e116566417d2,688970eb51aac38146e89240,central transport refrigeration,HOOKCONTAINER,False,14,14,14,14,14,14,14,14,14,14,14,14,14,14,14,14,14,14,14,14,14,14,14,14,14
6380eae07571e116566417d2,67bf5362c266e621c89923d9,Century Tires Distributors,DELIVERLOAD,False,17,17,17,17,17,17,17,17,17,17,17,17,17,17,17,17,17,17,17,17,17,17,17,17,17
6380eae07571e116566417d2,67bf5362c266e621c89923d9,Century Tires Distributors,HOOKCONTAINER,False,6,6,6,6,6,6,6,6,6,6,6,6,6,6,6,6,6,6,6,6,6,6,6,6,6
6380eae07571e116566417d2,6696b172befe7d3f3a0fb174,CERELIA,DELIVERLOAD,True,66,66,66,66,66,66,66,66,66,66,66,66,66,66,66,66,66,66,66,66,66,66,66,66,66
6380eae07571e116566417d2,654d26354d7b3e1565ce64bb,"CERELIA - AF COLD STORAGE (BRAMPTON, ON)",DELIVERLOAD,True,109,109,109,109,109,109,109,109,109,109,109,109,109,109,109,109,109,109,109,109,109,109,109,109,109
6380eae07571e116566417d2,689e31628fa9017952850ea0,Ceres Solution Ltd,DELIVERLOAD,True,58,58,58,58,58,58,58,58,58,58,58,58,58,58,58,58,58,58,58,58,58,58,58,58,58
6380eae07571e116566417d2,658470198f8e5679ec785bce,Ceres Solutions Ltd.,DELIVERLOAD,False,29,29,29,29,29,29,29,29,29,29,29,29,29,29,29,29,29,29,29,29,29,29,29,29,29
6380eae07571e116566417d2,67dd87f77e248d0deba8b4d4,CERTAINTEED CANADA INC,DELIVERLOAD,True,66,66,66,66,66,66,66,66,66,66,66,66,66,66,66,66,66,66,66,66,66,66,66,66,66
6380eae07571e116566417d2,672d18266b8fc42d0e0846ba,CERTAINTEED CANADA INC.,DELIVERLOAD,True,41,41,41,41,41,41,41,41,41,41,41,41,41,41,41,41,41,41,41,41,41,41,41,41,41
6380eae07571e116566417d2,67c89d59e933ee0a3f0fbe67,CEVA,DELIVERLOAD,True,150,150,150,150,150,150,150,150,150,150,150,150,150,150,150,150,150,150,150,150,150,150,150,150,150
6380eae07571e116566417d2,67c89e7e071c04aeda7ddb9a,CEVA,DELIVERLOAD,True,96,96,96,96,96,96,96,96,96,96,96,96,96,96,96,96,96,96,96,96,96,96,96,96,96
6380eae07571e116566417d2,67e1e111f75ce4cdad6c4761,CEVA,DELIVERLOAD,True,5,5,5,5,5,5,5,5,5,5,5,78,5,5,5,5,5,5,5,5,5,5,5,5,5
6380eae07571e116566417d2,6520662971e9d11625d1155b,CEVA YVR,DELIVERLOAD,False,18,18,18,18,18,18,18,18,18,18,20,18,18,18,18,18,18,18,18,18,18,18,18,18,18
6380eae07571e116566417d2,6520662971e9d11625d1155b,CEVA YVR,DELIVERLOAD,True,8,8,8,8,8,8,8,8,8,8,8,8,6,8,8,8,8,8,8,8,8,8,8,8,8
6380eae07571e116566417d2,6520662971e9d11625d1155b,CEVA YVR,HOOKCONTAINER,False,28,28,28,28,28,28,28,28,28,28,28,59,28,28,28,28,22,28,123,28,28,28,28,28,28
6380eae07571e116566417d2,638ea0bedeced515f58e2235,CHAMPION PETFOODS Acheson AB,DELIVERLOAD,False,29,29,29,29,29,29,29,29,29,29,29,29,29,29,29,29,29,29,29,29,29,29,29,29,29
6380eae07571e116566417d2,638ea0bedeced515f58e2235,CHAMPION PETFOODS Acheson AB,DELIVERLOAD,True,100,100,100,100,100,100,100,100,100,138,121,14,17,145,100,132,108,100,100,44,100,100,100,100,100
6380eae07571e116566417d2,638ea0bedeced515f58e2235,CHAMPION PETFOODS Acheson AB,PULLCONTAINER,False,85,85,85,85,85,85,85,85,112,85,85,45,85,85,85,85,85,85,85,85,85,85,85,85,85
6380eae07571e116566417d2,638e6672a5295f15ea3e4ba4,"Champion Petfoods, Edmonton AB",DELIVERLOAD,False,29,29,29,29,29,29,29,29,29,29,29,29,29,29,29,29,29,29,29,29,29,29,29,29,29
6380eae07571e116566417d2,638e6672a5295f15ea3e4ba4,"Champion Petfoods, Edmonton AB",DELIVERLOAD,True,86,86,86,86,86,86,86,86,86,114,79,86,168,86,65,108,151,4,86,86,86,86,86,86,86
6380eae07571e116566417d2,688142f6f203e0996208a2e9,CHANG JIANG TRADING CO LTD.  Bay C,DELIVERLOAD,False,31,31,31,31,31,31,31,31,31,31,31,31,31,31,31,31,31,31,31,31,31,31,31,31,31
6380eae07571e116566417d2,641ccd1aa0c6ae1638f9981e,CHARLES TENNANT & COMPANY,DELIVERLOAD,False,85,85,85,85,85,85,85,85,85,85,85,85,85,85,85,85,85,85,85,85,85,85,85,85,85
6380eae07571e116566417d2,641ccd1aa0c6ae1638f9981e,CHARLES TENNANT & COMPANY,DELIVERLOAD,True,85,85,85,85,85,85,85,85,85,85,85,85,85,85,85,85,85,85,85,85,85,85,85,85,85
6380eae07571e116566417d2,64920cb940d03d1655c61fd4,Charles Tennant & Company C/o acropolis warehousing,DELIVERLOAD,False,29,29,29,29,29,29,29,29,29,29,29,29,29,29,29,29,29,29,29,29,29,29,29,29,29
6380eae07571e116566417d2,64920cb940d03d1655c61fd4,Charles Tennant & Company C/o acropolis warehousing,DELIVERLOAD,True,100,100,100,100,100,100,100,100,100,100,100,100,100,100,100,100,100,100,100,100,100,100,100,100,100
6380eae07571e116566417d2,672d4629f32776db13f91c21,CHARRON WAREHOUSING INC,DELIVERLOAD,True,112,112,112,112,112,112,112,112,112,112,112,112,112,112,112,112,112,112,112,112,112,112,112,112,112
6380eae07571e116566417d2,638e682f0f71ac1600f4f9dd,Chemfax Products Ltd.,DELIVERLOAD,True,54,54,54,54,54,54,54,54,54,54,54,54,54,54,54,54,54,54,54,54,54,54,54,54,54
6380eae07571e116566417d2,679d2118bd4a011cee6a5915,Chemical Industries,DELIVERLOAD,False,61,61,61,61,61,61,61,61,61,61,61,61,61,61,61,61,61,61,61,61,61,61,61,61,61
6380eae07571e116566417d2,679d2118bd4a011cee6a5915,Chemical Industries,HOOKCONTAINER,False,8,8,8,8,8,8,8,8,8,8,8,8,8,8,8,8,8,8,8,8,8,8,8,8,8
6380eae07571e116566417d2,6883b70902c3b569c0e0bc53,Chemtec Resin Supply,DELIVERLOAD,True,45,45,45,45,45,45,45,45,45,45,45,45,45,45,45,45,45,45,45,45,45,45,45,45,45
6380eae07571e116566417d2,638e3bc71de55a15fc740ed4,Chens Enterprise Corporation,HOOKCONTAINER,False,21,21,21,21,21,21,21,21,21,21,21,21,21,21,21,21,21,21,21,21,21,21,21,21,21
6380eae07571e116566417d2,68b9bd16ef2f926de6dec421,CHEP New Westminster,DELIVERLOAD,True,84,84,84,84,84,84,84,84,84,84,84,84,84,84,84,84,84,84,84,84,84,84,84,84,84
6380eae07571e116566417d2,68b9bd16ef2f926de6dec421,CHEP New Westminster,PULLCONTAINER,False,88,88,88,88,88,88,88,88,88,88,88,88,88,88,88,88,88,88,88,88,88,88,88,88,88
6380eae07571e116566417d2,638e819ed1dccf15f7bc11c0,Chevalier Star Trading Co Ltd,DELIVERLOAD,True,97,97,97,97,97,97,97,97,97,97,97,97,97,97,97,97,97,97,97,97,97,97,97,97,97
6380eae07571e116566417d2,67043fd62b819f20d5b9f4a0,Chevalier Star Trading ON,DELIVERLOAD,True,89,89,89,89,89,89,89,89,89,17,89,89,89,89,89,89,89,89,89,89,89,89,89,89,89
6380eae07571e116566417d2,6605ae51c53d359f3fb290a4,Chevron commercial cerdlock - Langley,DELIVERLOAD,True,10,10,10,10,10,10,10,10,10,10,10,10,10,10,8,10,10,10,10,10,9,10,10,10,10
6380eae07571e116566417d2,638e46b50f71ac1600f4f2f2,Chevron Pump,HOOKCONTAINER,False,10,10,10,10,10,10,10,10,10,10,10,10,10,10,10,10,10,10,10,10,10,10,10,10,10
6380eae07571e116566417d2,638e581444d310163242c1fa,Chief Medical Supplies,DELIVERLOAD,True,66,66,66,66,66,66,66,66,66,66,66,66,66,66,66,66,66,66,66,66,66,66,66,66,66
6380eae07571e116566417d2,66b4fc4c8e7b7b0e267afa72,CHIEF MEDICAL SUPPLY LTD,DELIVERLOAD,False,29,29,29,29,29,29,29,29,29,29,29,29,29,29,29,29,29,29,29,29,29,29,29,29,29
6380eae07571e116566417d2,66b4fc4c8e7b7b0e267afa72,CHIEF MEDICAL SUPPLY LTD,DELIVERLOAD,True,104,104,104,104,104,104,104,104,104,104,104,104,104,104,104,104,104,104,104,104,104,104,104,104,104
6380eae07571e116566417d2,6491e19f69f1bb15f532686f,Chinook Silage Covers Ltd,DELIVERLOAD,False,29,29,29,29,29,29,29,29,29,29,29,29,29,29,29,29,29,29,29,29,29,29,29,29,29
6380eae07571e116566417d2,6391161d4b4ca8161f32725a,CHIN RIDGE SEEDS,DELIVERLOAD,True,66,66,66,66,66,66,66,66,66,66,66,66,66,66,66,66,66,66,66,66,66,66,66,66,66
6380eae07571e116566417d2,66a285f7b2e3ac8888c028b0,CHRISTINE WILSON BAYMAG INC,DELIVERLOAD,True,66,66,66,66,66,66,66,66,66,66,66,66,66,66,66,66,66,66,66,66,66,66,66,66,66
6380eae07571e116566417d2,68bb1494b45401a2d25c10dc,Chuang's Company Ltd. c/o Mingsi Canada,PULLCONTAINER,False,29,29,29,29,29,29,29,29,29,29,29,29,29,29,29,29,29,29,29,29,29,29,29,29,29
6380eae07571e116566417d2,676dd6739e310adab76c8604,CHUNG HING CO. LTD C/O PRICE PAPER,DELIVERLOAD,False,22,22,22,22,22,22,22,22,22,22,22,22,22,22,22,22,22,22,22,22,22,22,22,22,22
6380eae07571e116566417d2,681147243fed8f71d68732ce,CITADELLE MAPLE PRODUCERS (Entrept Victo),DELIVERLOAD,True,66,66,66,66,66,66,66,66,66,66,66,66,66,66,66,66,66,66,66,66,66,66,66,66,66
6380eae07571e116566417d2,64fb7ad50be17a16074d527f,"CJ Logistics Freight, BC",DELIVERLOAD,True,152,152,152,152,152,152,152,152,152,152,152,152,152,152,152,152,152,152,152,152,152,152,152,152,152
6380eae07571e116566417d2,67e45a342263b2b4e920b123,"Clark Agri Service - Wellandport, ON",DELIVERLOAD,True,164,164,164,164,164,164,164,164,164,164,164,164,164,164,164,164,164,164,164,164,164,164,164,164,164
6380eae07571e116566417d2,638e99746df97715f0f39f9c,Clauson Cold Storage,DELIVERLOAD,True,66,66,66,66,66,66,66,66,66,66,66,66,66,66,66,66,66,66,66,66,66,66,66,66,66
6380eae07571e116566417d2,638e99746df97715f0f39f9c,Clauson Cold Storage,HOOKCONTAINER,False,4,4,4,4,4,4,4,4,4,4,4,4,4,4,4,4,4,4,4,4,4,4,4,4,4
6380eae07571e116566417d2,638ec3336df97715f0f3a4af,CLAUSON CS (CALGARY),DELIVERLOAD,True,66,66,66,66,66,66,66,66,66,66,66,66,66,66,66,66,66,66,66,66,66,66,66,66,66
6380eae07571e116566417d2,638ec3336df97715f0f3a4af,CLAUSON CS (CALGARY),PULLCONTAINER,False,29,29,29,29,29,29,29,29,29,29,29,29,29,29,29,29,29,29,29,29,29,29,29,29,29
6380eae07571e116566417d2,6393c2fa6d10ed163914ea3f,clothing for cause,DELIVERLOAD,False,16,16,16,16,16,16,16,16,16,16,16,16,16,16,16,16,16,16,16,16,16,16,16,16,16
6380eae07571e116566417d2,6393c2fa6d10ed163914ea3f,clothing for cause,HOOKCONTAINER,False,15,15,15,15,15,15,15,15,15,15,15,15,15,15,15,15,15,15,15,15,15,15,15,15,15
6380eae07571e116566417d2,63f3b61c19134a15e3ede9f5,clothing for clause,DELIVERLOAD,False,12,12,12,12,12,12,12,12,12,12,12,12,12,12,12,12,12,12,12,12,12,12,12,12,12
6380eae07571e116566417d2,63f3b61c19134a15e3ede9f5,clothing for clause,HOOKCONTAINER,False,18,18,18,18,18,18,18,18,18,18,18,18,18,18,18,18,18,18,18,18,18,18,18,18,18
6380eae07571e116566417d2,67b77ddf8c0efc6ecac9afd3,Cloverdale Paint Inc,DELIVERLOAD,True,71,71,71,71,71,71,71,71,71,71,71,71,71,71,71,71,71,71,71,71,71,71,71,71,71
6380eae07571e116566417d2,67bc72a9f27f1df0e76454ba,cm homewood,DELIVERLOAD,True,82,82,82,82,82,82,82,82,82,82,82,82,82,82,82,82,82,82,82,82,82,82,82,82,82
6380eae07571e116566417d2,67b8ad7b581f0909ae2be41d,CM Tillsonburg Future Transf,DELIVERLOAD,True,59,59,59,59,59,59,59,59,59,59,59,59,59,59,59,59,59,59,59,59,59,59,59,59,59
6380eae07571e116566417d2,638e7f4f44d310163242c7b1,CN BRAMPTON,DELIVERLOAD,False,76,76,76,76,76,76,76,76,76,76,76,76,76,76,76,76,76,76,76,76,76,76,76,76,76
6380eae07571e116566417d2,638e7f4f44d310163242c7b1,CN BRAMPTON,DELIVERLOAD,True,63,63,63,63,63,63,63,63,63,63,63,63,63,63,63,63,63,63,63,63,31,63,63,63,63
6380eae07571e116566417d2,638e7f4f44d310163242c7b1,CN BRAMPTON,HOOKCONTAINER,False,62,140,132,46,75,77,115,79,58,88,20,95,62,70,35,48,96,13,39,26,62,64,59,252,57
6380eae07571e116566417d2,638e7f4f44d310163242c7b1,CN BRAMPTON,PULLCONTAINER,False,26,26,26,26,26,18,26,26,182,4,26,26,26,26,26,26,26,26,26,16,26,26,26,26,26
6380eae07571e116566417d2,638e7f4f44d310163242c7b1,CN BRAMPTON,RETURNCONTAINER,False,23,23,23,23,23,23,23,23,23,23,23,23,23,23,23,23,23,23,23,23,23,23,23,23,23
6380eae07571e116566417d2,6380eae17571e11656641835,CN CALGARY,DELIVERLOAD,False,15,15,15,15,15,15,15,15,15,15,15,6,15,116,15,15,15,15,15,15,15,15,15,15,15
6380eae07571e116566417d2,6380eae17571e11656641835,CN CALGARY,DELIVERLOAD,True,11,11,11,11,11,11,11,11,11,11,11,11,11,11,11,11,11,11,11,17,11,11,11,11,11
6380eae07571e116566417d2,6380eae17571e11656641835,CN CALGARY,DROPCONTAINER,False,55,55,55,55,55,55,55,55,55,55,55,55,55,55,55,55,55,55,55,55,55,55,55,55,55
6380eae07571e116566417d2,6380eae17571e11656641835,CN CALGARY,HOOKCONTAINER,False,29,29,29,29,29,29,29,99,29,33,11,41,27,42,18,38,12,41,26,30,17,14,2,29,29
6380eae07571e116566417d2,6380eae17571e11656641835,CN CALGARY,PULLCONTAINER,False,28,11,28,28,28,28,28,13,19,32,24,25,25,30,19,35,24,32,36,32,31,24,14,12,4
6380eae07571e116566417d2,6380eae17571e11656641835,CN CALGARY,RETURNCONTAINER,False,47,47,47,47,47,47,47,41,43,45,52,43,38,46,51,52,58,52,53,51,41,31,30,56,58
6380eae07571e116566417d2,6380eae17571e1165664183b,CN EDMONTON,DELIVERLOAD,False,18,18,18,18,18,18,18,18,18,18,18,18,18,18,18,18,18,18,18,18,18,18,18,18,18
6380eae07571e116566417d2,6380eae17571e1165664183b,CN EDMONTON,DELIVERLOAD,True,15,15,15,15,15,15,15,15,15,15,15,15,15,15,76,15,15,22,15,15,15,15,15,15,15
6380eae07571e116566417d2,6380eae17571e1165664183b,CN EDMONTON,HOOKCONTAINER,False,38,38,38,38,38,38,38,40,38,23,38,50,94,39,40,53,44,25,15,38,38,38,38,38,38
6380eae07571e116566417d2,6380eae17571e1165664183b,CN EDMONTON,PULLCONTAINER,False,32,32,32,32,32,32,32,32,56,45,32,34,36,36,37,38,25,23,26,27,39,32,32,32,32
6380eae07571e116566417d2,6380eae17571e1165664183b,CN EDMONTON,RETURNCONTAINER,False,38,38,38,38,38,38,38,38,38,43,15,26,39,38,40,44,52,42,32,31,23,38,38,38,38
6380eae07571e116566417d2,65ea0c992a70feb7491e037a,CN Intermodal Terminal Malport,HOOKCONTAINER,False,14,14,14,14,14,14,14,14,14,14,14,14,14,14,14,14,14,14,14,14,14,14,14,14,14
6380eae07571e116566417d2,655f4ea0b5dffc15ff1e0d0a,CN MISC Yard,DELIVERLOAD,True,66,66,66,66,66,66,66,66,66,66,66,66,66,66,66,66,66,66,66,66,66,66,66,66,66
6380eae07571e116566417d2,655f4ea0b5dffc15ff1e0d0a,CN MISC Yard,PULLCONTAINER,False,74,74,74,74,74,74,74,74,74,74,74,74,74,74,74,74,74,74,74,74,74,74,74,74,74
6380eae07571e116566417d2,645d526013d3151637ffa9a6,CN MONTREAL,HOOKCONTAINER,False,20,20,20,20,20,20,20,20,20,20,20,20,20,20,20,20,20,20,20,20,20,20,20,20,20
6380eae07571e116566417d2,645d526013d3151637ffa9a6,CN MONTREAL,PULLCONTAINER,False,64,64,64,64,64,64,64,64,64,64,64,64,64,64,64,117,64,64,52,64,64,64,64,64,64
6380eae07571e116566417d2,645d413dfe794b168a73c0eb,CN VANCOUVER,DELIVERLOAD,True,91,91,91,91,91,91,91,91,91,91,91,91,91,91,91,91,91,91,91,91,91,91,91,91,91
6380eae07571e116566417d2,645d413dfe794b168a73c0eb,CN VANCOUVER,HOOKCONTAINER,False,22,18,22,22,22,22,22,33,22,18,20,14,7,13,38,38,25,27,21,26,23,44,12,22,17
6380eae07571e116566417d2,645d413dfe794b168a73c0eb,CN VANCOUVER,RETURNCONTAINER,False,40,40,40,40,40,40,40,40,40,40,40,40,24,24,40,141,40,40,40,151,40,40,40,40,40
6380eae07571e116566417d2,63da84b9d3ac2b15e511a0b2,CN WINNIPEG,DELIVERLOAD,False,7,7,7,7,7,7,7,7,7,7,7,7,7,7,7,7,7,7,7,7,7,7,7,7,7
6380eae07571e116566417d2,63da84b9d3ac2b15e511a0b2,CN WINNIPEG,DELIVERLOAD,True,32,32,32,32,32,32,32,32,32,32,32,32,32,32,32,32,32,32,32,32,32,32,32,32,32
6380eae07571e116566417d2,63da84b9d3ac2b15e511a0b2,CN WINNIPEG,HOOKCONTAINER,False,24,24,24,24,24,24,24,24,24,13,24,119,24,24,7,24,47,24,24,22,24,24,24,24,24
6380eae07571e116566417d2,63da84b9d3ac2b15e511a0b2,CN WINNIPEG,RETURNCONTAINER,False,64,64,64,64,64,64,64,64,64,64,64,174,24,64,64,64,64,64,64,64,64,64,64,64,64
6380eae07571e116566417d2,65e247298e5c87d734b0f3f3,CN WINNIPEG,PULLCONTAINER,False,29,29,29,29,29,29,29,29,29,29,29,29,29,29,29,29,29,29,29,29,29,29,29,29,29
6380eae07571e116566417d2,65ba9dcd36906ff1d99d1355,COALDALE WAREHOUSE COALDALE,DELIVERLOAD,True,66,66,66,66,66,66,66,66,66,66,66,66,66,66,66,66,66,66,66,66,66,66,66,66,66
6380eae07571e116566417d2,638e774c7510cb164789df1a,COAST,DROPCONTAINER,False,9,9,9,9,9,9,9,9,9,9,9,9,9,9,9,9,9,9,9,9,9,9,9,9,9
6380eae07571e116566417d2,638e774c7510cb164789df1a,COAST,PULLCONTAINER,False,41,41,41,41,41,41,41,41,41,105,38,52,51,60,20,72,27,60,52,33,19,16,41,41,41
6380eae07571e116566417d2,638e774c7510cb164789df1a,COAST,RETURNCONTAINER,False,16,16,16,16,16,16,16,16,16,16,16,16,16,16,16,16,16,16,16,11,16,16,16,16,16
6380eae07571e116566417d2,638e796e32ca271626406a3a,COAST 2000,PULLCONTAINER,False,22,22,22,22,22,22,22,22,22,22,22,22,22,22,22,22,22,22,22,22,22,22,22,22,22
6380eae07571e116566417d2,680e4e2b052ad87b7490c706,Coast App. - Burnaby DC,DELIVERLOAD,True,157,157,157,157,157,157,157,157,157,157,157,157,157,157,157,157,157,157,157,157,157,157,157,157,157
6380eae07571e116566417d2,680e4e139e57a562c1009b33,Coast Appliances - Caledon DC,DELIVERLOAD,True,53,53,53,53,53,53,53,53,53,53,53,53,53,53,53,53,53,53,53,53,53,53,53,53,53
6380eae07571e116566417d2,66f1ac37456def7f341bba59,COAST SPAS - LANGLEY BC,DELIVERLOAD,True,51,51,51,51,51,51,51,51,51,51,51,51,51,51,51,51,51,51,51,51,51,51,51,51,51
6380eae07571e116566417d2,666b289bc52483e0a0d293af,Coco tea,DELIVERLOAD,False,36,36,36,36,36,36,36,36,36,36,36,36,36,36,36,36,36,36,36,36,36,36,36,36,36
6380eae07571e116566417d2,666b289bc52483e0a0d293af,Coco tea,HOOKCONTAINER,False,57,57,57,57,57,57,57,57,57,57,57,57,57,57,57,57,57,57,57,57,57,57,57,57,57
6380eae07571e116566417d2,678030b35d07cbbda55d0413,"Colabor Inc. - Saint-Bruno, QC",DELIVERLOAD,True,17,17,17,17,17,17,17,17,17,17,17,17,17,17,17,17,17,17,17,17,17,17,17,17,17
6380eae07571e116566417d2,65ca16d5d19a6794c751de40,COLDFRONT CALGARY,DELIVERLOAD,True,66,66,66,66,66,66,66,66,66,66,66,66,66,66,66,66,66,66,66,66,66,66,66,66,66
6380eae07571e116566417d2,648ccaf753d1b915f914137e,"Coldfront, Calgary AB",DELIVERLOAD,True,40,40,40,40,40,40,40,40,40,40,40,40,40,40,40,40,40,40,40,40,40,40,40,40,40
6380eae07571e116566417d2,648ccaf753d1b915f914137e,"Coldfront, Calgary AB",HOOKCONTAINER,False,44,44,44,44,44,44,44,44,44,44,44,44,44,44,44,44,44,44,44,44,44,44,44,44,44
6380eae07571e116566417d2,65a859017088441628a70193,Coldfront lethbridge,HOOKCONTAINER,False,20,20,20,20,20,20,20,20,20,20,20,20,20,20,20,20,20,20,20,20,20,20,20,20,20
6380eae07571e116566417d2,6867c83374bc8bf09fcd71e5,Coldfront (Reefer Sales & Service  Brampton),HOOKCONTAINER,False,20,20,20,20,20,20,20,20,20,20,20,20,20,20,20,20,20,20,20,20,20,20,20,20,20
6380eae07571e116566417d2,65948094c0aea116712c2b3c,"ColdFront Surrey, BC",DELIVERLOAD,True,80,80,80,80,80,80,80,80,80,80,80,80,80,80,80,80,80,80,80,80,80,80,80,80,80
6380eae07571e116566417d2,65948094c0aea116712c2b3c,"ColdFront Surrey, BC",HOOKCONTAINER,False,27,27,27,27,27,27,27,27,27,27,27,27,27,27,27,27,27,27,27,27,27,27,27,27,27
6380eae07571e116566417d2,64ee713f0e4e6215dd254675,Cold Front Vancouver,DELIVERLOAD,False,29,29,29,29,29,29,29,29,29,29,29,29,29,29,29,29,29,29,29,29,29,29,29,29,29
6380eae07571e116566417d2,64ee713f0e4e6215dd254675,Cold Front Vancouver,DELIVERLOAD,True,115,115,115,115,115,115,115,115,115,115,115,115,115,115,115,115,115,115,115,115,115,115,115,115,115
6380eae07571e116566417d2,64ee713f0e4e6215dd254675,Cold Front Vancouver,HOOKCONTAINER,False,20,20,20,20,20,20,20,20,20,20,20,20,20,20,20,20,20,20,20,20,20,20,20,20,20
6380eae07571e116566417d2,6418ca79b12af516329136c3,Coldfront Yard,DELIVERLOAD,True,156,156,156,156,156,156,156,156,156,156,156,156,156,156,156,156,156,156,156,156,156,156,156,156,156
6380eae07571e116566417d2,6393c2fa6d10ed163914eba0,Cold lake Sanitary Lanfill,DELIVERLOAD,True,30,30,30,30,30,30,30,30,30,30,30,30,30,30,30,30,30,30,30,30,30,30,30,30,30
6380eae07571e116566417d2,65dd064a5acb5326b99b29a5,COLORTECH,DELIVERLOAD,True,15,15,15,15,15,15,15,15,15,15,15,15,15,15,15,15,15,15,15,15,15,15,15,15,15
6380eae07571e116566417d2,638e581444d310163242c1ea,Columbia Seed Co.ltd,DELIVERLOAD,False,29,29,29,29,29,29,29,29,29,29,29,29,29,29,29,29,29,29,29,29,29,29,29,29,29
6380eae07571e116566417d2,638e581444d310163242c1ea,Columbia Seed Co.ltd,DELIVERLOAD,True,144,144,144,144,144,144,144,144,144,144,144,144,144,144,144,144,144,144,144,144,144,144,144,144,144
6380eae07571e116566417d2,65d3cdcf28a0ef9dbba09577,Combined Metal Industries,DELIVERLOAD,True,87,87,87,87,87,87,87,87,87,87,87,87,87,87,87,87,87,87,87,87,87,87,87,87,87
6380eae07571e116566417d2,638f5669648f7a162c61a9ec,Combined Metal Industries Inc.,DELIVERLOAD,False,29,29,29,29,29,29,29,29,29,29,29,29,29,29,29,29,29,29,29,29,29,29,29,29,29
6380eae07571e116566417d2,638f5669648f7a162c61a9ec,Combined Metal Industries Inc.,DELIVERLOAD,True,20,20,20,20,20,20,20,20,20,20,20,20,20,20,20,20,20,20,20,20,20,20,20,20,20
6380eae07571e116566417d2,638e581444d310163242c21b,Comco Pipe,DELIVERLOAD,False,71,71,71,71,71,71,71,71,71,71,71,71,71,71,71,71,71,71,71,71,71,71,71,71,71
6380eae07571e116566417d2,638e581444d310163242c21b,Comco Pipe,DELIVERLOAD,True,60,60,60,60,60,60,60,60,60,60,60,60,60,60,60,60,60,60,60,60,60,60,60,60,60
6380eae07571e116566417d2,638e3bc71de55a15fc740ef1,comco pipe 2,DELIVERLOAD,True,130,130,130,130,130,130,130,130,130,130,130,130,130,130,130,130,130,130,130,130,130,130,130,130,130
6380eae07571e116566417d2,6476720dd0db9816396c9857,Comfor Tek Seating Inc,DELIVERLOAD,False,29,29,29,29,29,29,29,29,29,29,29,29,29,29,29,29,29,29,29,29,29,29,29,29,29
6380eae07571e116566417d2,6476720dd0db9816396c9857,Comfor Tek Seating Inc,DELIVERLOAD,True,106,106,106,106,106,106,106,106,106,106,106,106,106,106,106,106,106,106,106,106,106,106,106,106,106
6380eae07571e116566417d2,638e1548f26efb162c5a8d49,Complete Shipping CSS,DELIVERLOAD,True,134,134,134,134,134,134,134,134,134,134,134,134,134,134,134,134,134,134,134,134,134,134,134,134,134
6380eae07571e116566417d2,6706a86554092d33991fead4,Complete Suspension and Brake,DELIVERLOAD,False,39,39,39,39,39,39,39,39,39,39,39,39,39,39,39,39,39,39,39,39,39,39,39,39,39
6380eae07571e116566417d2,6491fb35ee44f4160e3cae3e,Con 0,DELIVERLOAD,False,17,17,17,17,17,17,17,17,17,17,17,17,17,17,17,17,17,17,17,17,17,17,17,17,17
6380eae07571e116566417d2,6491fb35ee44f4160e3cae3e,Con 0,HOOKCONTAINER,False,59,59,59,59,59,59,59,59,59,59,59,59,59,59,59,59,59,59,59,59,59,59,59,59,59
6380eae07571e116566417d2,64c21a61ae823a162d1f779c,Con 0,DELIVERLOAD,True,52,52,52,52,52,52,52,52,52,52,52,52,52,52,52,52,52,52,52,52,52,52,52,52,52
6380eae07571e116566417d2,647a40c5fcd1d8166a1c05e4,Con 4  Door B,DELIVERLOAD,False,86,86,86,86,86,86,86,86,86,86,86,86,86,86,86,86,86,86,86,86,86,86,86,86,86
6380eae07571e116566417d2,647a40c5fcd1d8166a1c05e4,Con 4  Door B,DELIVERLOAD,True,57,57,57,57,57,57,57,57,57,57,57,57,57,57,57,57,57,57,57,57,57,57,57,57,57
6380eae07571e116566417d2,66b68bec8406d298269c1873,Con 4  Door B,DELIVERLOAD,False,44,44,44,44,44,44,44,44,44,44,44,44,44,44,44,44,44,44,44,44,44,44,44,44,44
6380eae07571e116566417d2,66b68bec8406d298269c1873,Con 4  Door B,DELIVERLOAD,True,153,153,153,153,153,153,153,153,153,153,153,153,153,153,153,153,153,153,153,153,153,153,153,153,153
6380eae07571e116566417d2,682c8a65cf276b6f25e04d8b,CONAGRA BRANDS - DRESDEN,DELIVERLOAD,True,12,12,12,12,12,12,12,12,12,12,12,12,12,12,12,12,12,12,12,12,12,12,12,12,12
6380eae07571e116566417d2,656a559d5cfb3c15dab1cbac,CONESTOGA CALGARY,DELIVERLOAD,False,89,89,89,89,89,89,89,89,89,89,89,89,89,89,89,89,89,89,89,89,89,89,89,89,89
6380eae07571e116566417d2,656a559d5cfb3c15dab1cbac,CONESTOGA CALGARY,DELIVERLOAD,True,103,103,103,103,103,103,103,103,103,152,103,103,56,103,103,103,103,103,103,103,103,103,103,103,103
6380eae07571e116566417d2,656a559d5cfb3c15dab1cbac,CONESTOGA CALGARY,PULLCONTAINER,False,16,16,16,16,16,16,16,16,16,16,16,16,16,16,16,16,16,16,16,16,16,16,16,16,16
6380eae07571e116566417d2,680bd921ae2823d74a468271,Conestoga Cold Storage,DELIVERLOAD,True,44,44,44,44,44,44,44,44,44,44,44,44,44,44,44,44,44,44,44,44,44,44,44,44,44
6380eae07571e116566417d2,638e2fd4b91dc3160b914f8c,CONESTOGA COLD STORAGE,DELIVERLOAD,False,25,25,25,25,25,25,25,25,28,29,24,84,40,6,25,25,25,18,6,25,25,25,25,25,25
6380eae07571e116566417d2,638e2fd4b91dc3160b914f8c,CONESTOGA COLD STORAGE,DELIVERLOAD,True,150,150,150,150,150,150,150,150,150,159,187,145,151,199,122,116,81,11,150,150,150,150,150,150,150
6380eae07571e116566417d2,638e2fd4b91dc3160b914f8c,CONESTOGA COLD STORAGE,HOOKCONTAINER,False,16,16,16,16,16,16,16,16,16,16,16,16,16,16,12,20,12,16,41,13,16,16,16,16,16
6380eae07571e116566417d2,678956f9609ba72157ec2967,CONESTOGA COLD STORAGE,DELIVERLOAD,True,11,11,11,11,11,11,11,11,11,11,11,11,11,11,11,11,11,11,11,11,11,11,11,11,11
6380eae07571e116566417d2,67c627469218a5216a2594e9,CONESTOGA COLD STORAGE,DELIVERLOAD,True,30,30,30,30,30,30,30,30,30,30,30,30,30,30,30,30,30,30,30,30,30,30,30,30,30
6380eae07571e116566417d2,6761d2c751bc1648e617cff2,CONESTOGA COLD STORAGE - HALTON HILLS ON,DELIVERLOAD,True,158,158,158,158,158,158,158,158,158,158,158,158,158,158,158,158,158,158,158,158,158,158,158,158,158
6380eae07571e116566417d2,6765e4f779479232d9b467bb,CONESTOGA COLD STORAGE - HORNBY ON,DELIVERLOAD,True,78,148,78,78,78,78,78,78,78,78,78,113,78,130,78,78,39,78,78,78,78,78,78,78,78
6380eae07571e116566417d2,638e49e09a8a2f15f940123d,Conestoga Cold Storage Kitchener,DELIVERLOAD,True,23,23,23,23,23,23,23,23,23,23,23,23,23,23,23,23,23,23,23,23,23,23,23,23,23
6380eae07571e116566417d2,655bc04dc319411601f62aa8,CONESTOGA COLD STORAGE MISSISSAUGA,DELIVERLOAD,True,40,40,40,40,40,40,40,40,40,40,40,40,40,40,40,40,40,40,40,40,40,40,40,40,40
6380eae07571e116566417d2,655bc04dc319411601f62aa8,CONESTOGA COLD STORAGE MISSISSAUGA,HOOKCONTAINER,False,5,5,5,5,5,5,5,5,5,5,5,5,5,5,5,5,5,5,5,5,5,5,5,5,5
6380eae07571e116566417d2,656e0034dd7bc8168cc5e9b7,Conestoga Cold Store (Vaudreuil),DELIVERLOAD,True,52,52,52,52,52,52,52,52,52,52,52,52,52,52,52,52,52,52,52,52,52,52,52,52,52
6380eae07571e116566417d2,64c031272c9c691624465032,CONESTOGA CS CALGARY,DELIVERLOAD,True,66,66,66,66,66,66,66,66,66,66,66,66,66,66,66,66,66,66,66,66,66,66,66,66,66
6380eae07571e116566417d2,67d5df76bf2aca068099dc38,CONESTOGA MEAT PACKERS (Conestoga CS),DELIVERLOAD,True,31,31,31,31,31,31,31,31,31,31,31,31,31,31,31,31,31,31,31,31,31,31,31,31,31
6380eae07571e116566417d2,638f5669648f7a162c61a9e4,Conestoga Qc,DELIVERLOAD,True,97,97,97,97,97,97,97,97,97,97,70,97,97,97,97,97,97,97,97,97,97,97,97,97,97
6380eae07571e116566417d2,68921c6d62ae21a54c532ff9,CONGBEC INC. (REXDALE),DELIVERLOAD,False,29,29,29,29,29,29,29,29,29,29,29,29,29,29,29,29,29,29,29,29,29,29,29,29,29
6380eae07571e116566417d2,68921c6d62ae21a54c532ff9,CONGBEC INC. (REXDALE),DELIVERLOAD,True,66,66,66,66,66,66,66,66,66,66,66,66,66,66,66,66,66,66,66,66,66,66,66,66,66
6380eae07571e116566417d2,6887e97daddc5f2a563baa94,CONGEBEC 5503,DELIVERLOAD,False,29,29,29,29,29,29,29,29,29,29,29,29,29,29,29,29,29,29,29,29,29,29,29,29,29
6380eae07571e116566417d2,6887e97daddc5f2a563baa94,CONGEBEC 5503,DELIVERLOAD,True,66,66,66,66,66,66,66,66,66,66,66,66,66,66,66,66,66,66,66,66,66,66,66,66,66
6380eae07571e116566417d2,674793cd4c7c2c1e908e0bce,CONGEBEC BOUCHERVILLE (CONGEB05),DELIVERLOAD,True,66,66,66,66,66,66,66,66,66,66,66,66,66,66,66,66,66,66,66,66,66,66,66,66,66
6380eae07571e116566417d2,68a778ef39dd371911a4c45b,CONGEBEC GODIN,DELIVERLOAD,True,66,66,66,66,66,66,66,66,66,66,66,66,66,66,66,66,66,66,66,66,66,66,66,66,66
6380eae07571e116566417d2,638e6b9034262115e3bed0ea,CONGEBEC INC.,DELIVERLOAD,False,39,39,39,39,39,39,39,39,59,50,39,25,31,39,22,142,39,39,39,39,39,39,39,39,39
6380eae07571e116566417d2,638e6b9034262115e3bed0ea,CONGEBEC INC.,DELIVERLOAD,True,94,94,94,94,94,94,94,94,94,33,94,94,94,136,94,94,94,154,94,94,94,94,94,94,94
6380eae07571e116566417d2,638e6b9034262115e3bed0ea,CONGEBEC INC.,HOOKCONTAINER,False,19,19,19,19,19,19,19,19,19,3,15,8,11,20,8,22,22,28,48,19,7,19,19,19,19
6380eae07571e116566417d2,650372d0e6761016124a745e,CONGEBEC LTEE ST JULIE,DELIVERLOAD,True,66,66,66,66,66,66,66,66,66,66,66,66,66,66,66,66,66,66,66,66,66,66,66,66,66
6380eae07571e116566417d2,64b1b3d609b0a31640812e19,Congebec Rexdale,DELIVERLOAD,True,124,124,124,124,124,124,124,124,124,124,124,111,124,124,124,124,124,124,124,124,124,124,124,124,124
6380eae07571e116566417d2,638ebe87d1dccf15f7bc1653,CONGEBEC SASKATOON,DELIVERLOAD,True,66,66,66,66,66,66,66,66,66,66,66,66,66,66,66,66,66,66,66,66,66,66,66,66,66
6380eae07571e116566417d2,638e54dae2c64116395bb993,Conglom,DELIVERLOAD,True,77,77,77,77,77,77,77,77,77,77,3,84,77,77,77,77,77,77,77,77,77,77,77,77,77
6380eae07571e116566417d2,671931e56188dd414efc070e,CONGLOM EDMONTON - Leduc AB,DELIVERLOAD,True,7,7,7,7,7,7,7,7,7,7,7,7,7,7,7,7,7,7,7,7,7,7,7,7,7
6380eae07571e116566417d2,671931e56188dd414efc070e,CONGLOM EDMONTON - Leduc AB,PULLCONTAINER,False,29,29,29,29,29,29,29,29,29,29,29,29,29,29,29,29,29,29,29,29,29,29,29,29,29
6380eae07571e116566417d2,638e649a0f71ac1600f4f80d,Conglom Inc On,DELIVERLOAD,False,49,49,49,49,49,49,49,49,49,49,49,49,49,49,49,49,49,49,49,49,49,49,49,49,49
6380eae07571e116566417d2,638e649a0f71ac1600f4f80d,Conglom Inc On,DELIVERLOAD,True,66,66,66,66,66,66,66,66,66,66,66,66,66,66,66,66,66,66,66,66,66,66,66,66,66
6380eae07571e116566417d2,638e9e3166512f16196c8952,Conglom Inc Qc,DELIVERLOAD,False,5,5,5,5,5,5,5,5,5,5,5,5,5,5,5,5,5,5,5,5,5,5,5,5,5
6380eae07571e116566417d2,638e9e3166512f16196c8952,Conglom Inc Qc,DELIVERLOAD,True,96,96,96,96,96,96,96,96,96,96,96,96,96,96,96,96,96,96,96,96,96,96,96,96,96
6380eae07571e116566417d2,651d8acfebe08e161fe19ad3,CONGLOM INC VANCOUVER,DELIVERLOAD,False,43,43,43,43,43,43,43,43,43,43,43,43,43,43,43,43,43,58,43,43,43,43,43,43,43
6380eae07571e116566417d2,651d8acfebe08e161fe19ad3,CONGLOM INC VANCOUVER,DELIVERLOAD,True,11,11,11,11,11,11,11,11,11,11,11,11,11,11,11,11,11,11,11,11,11,11,11,11,11
6380eae07571e116566417d2,651d8acfebe08e161fe19ad3,CONGLOM INC VANCOUVER,HOOKCONTAINER,False,23,23,23,23,23,23,23,23,23,23,23,23,23,23,40,23,17,4,39,6,23,23,23,23,23
6380eae07571e116566417d2,643ea9c7668432160280ad5f,CONNECT 4  Door B,DELIVERLOAD,False,67,67,67,67,67,67,67,67,67,67,67,67,67,67,67,67,67,67,67,67,67,67,67,67,67
6380eae07571e116566417d2,643ea9c7668432160280ad5f,CONNECT 4  Door B,DELIVERLOAD,True,107,107,107,107,107,107,107,107,107,107,107,107,107,107,107,107,107,107,107,107,107,107,107,107,107
6380eae07571e116566417d2,638e649a0f71ac1600f4f7ff,Connect Boudreau,DELIVERLOAD,False,26,26,26,26,26,26,26,26,26,26,26,26,26,26,26,26,26,26,26,26,26,26,26,26,26
6380eae07571e116566417d2,638e649a0f71ac1600f4f7ff,Connect Boudreau,DELIVERLOAD,True,66,66,66,66,66,66,66,66,66,66,66,66,66,66,66,66,66,66,66,66,66,66,66,66,66
6380eae07571e116566417d2,638e649a0f71ac1600f4f7ff,Connect Boudreau,HOOKCONTAINER,False,38,38,38,38,38,38,38,38,38,38,38,38,38,38,38,24,38,38,38,38,38,38,38,38,38
6380eae07571e116566417d2,6813c4346eb44a182de0de49,Connections (Edmonton),DELIVERLOAD,True,26,26,26,26,26,26,26,26,26,26,26,26,26,26,26,26,26,26,26,26,26,26,26,26,26
6380eae07571e116566417d2,647544777ce9ff15f8e25998,CONNECT LOGISTICS,DELIVERLOAD,False,17,17,17,17,17,17,17,17,17,17,17,17,17,17,17,17,17,17,17,17,17,17,17,17,17
6380eae07571e116566417d2,647544777ce9ff15f8e25998,CONNECT LOGISTICS,HOOKCONTAINER,False,20,20,20,20,20,20,20,20,20,20,20,20,20,20,20,20,20,20,20,20,20,20,20,20,20
6380eae07571e116566417d2,64668d8dcfce1c1689b2c7a8,"CONNECT LOGISTICS SERVICES, INC.",DELIVERLOAD,False,13,13,13,13,13,13,13,13,13,13,13,13,13,13,13,13,13,13,13,13,13,13,13,13,13
6380eae07571e116566417d2,64668d8dcfce1c1689b2c7a8,"CONNECT LOGISTICS SERVICES, INC.",HOOKCONTAINER,False,41,41,41,41,41,41,41,41,41,41,41,41,41,41,41,41,41,41,41,41,41,41,41,41,41
6380eae07571e116566417d2,68684f7d86b815bd99fa14c3,Constantini,DELIVERLOAD,False,41,41,41,41,41,41,41,41,41,41,41,41,41,41,41,41,41,41,41,41,41,41,41,41,41
6380eae07571e116566417d2,67b3683b21d6b40aceabf549,CONTAINER KING CANADA,RETURNCONTAINER,False,58,58,58,58,58,58,58,58,58,58,58,58,58,58,58,58,58,58,58,58,58,58,58,58,58
6380eae07571e116566417d2,6876c5a52d73f7c3015bbb43,Container Land,RETURNCONTAINER,False,24,24,24,24,24,24,24,24,24,24,24,24,24,24,24,24,24,24,24,24,24,24,24,24,24
6380eae07571e116566417d2,64596e216abf19164fa00597,CONTINENTAL CHAIN & RIGGING,DELIVERLOAD,True,57,57,57,57,57,57,57,57,57,57,57,57,57,57,57,57,57,57,57,57,57,57,57,57,57
6380eae07571e116566417d2,638e468cdeced515f58e1732,CONTROL CHEMICAL,DELIVERLOAD,True,66,66,66,66,66,66,66,66,66,66,66,66,66,66,66,66,66,66,66,66,66,66,66,66,66
6380eae07571e116566417d2,68b203201f8eb9c731c1a9ce,Convergint Technologies,DELIVERLOAD,False,29,29,29,29,29,29,29,29,29,29,29,29,29,29,29,29,29,29,29,29,29,29,29,29,29
6380eae07571e116566417d2,687900b709e653239a245650,"CO-PACKER DELTA, BC",DELIVERLOAD,True,5,5,5,5,5,5,5,5,5,5,5,5,5,5,5,5,5,5,5,5,5,5,5,5,5
6380eae07571e116566417d2,67d3250398b3b8168bf4aed1,"Copper Beech - Chilliwack, BC",DELIVERLOAD,True,86,86,86,86,86,86,86,86,86,86,86,86,86,86,86,86,86,86,86,86,86,86,86,86,86
6380eae07571e116566417d2,6441b4ac090c681637847893,Core design,DELIVERLOAD,False,29,29,29,29,29,29,29,29,29,29,29,29,29,29,29,29,29,29,29,29,29,29,29,29,29
6380eae07571e116566417d2,6441b4ac090c681637847893,Core design,DELIVERLOAD,True,66,66,66,66,66,66,66,66,66,66,66,66,66,66,66,66,66,66,66,66,66,66,66,66,66
6380eae07571e116566417d2,68016d6d3931a8658d6b4bea,Core-Mark,DELIVERLOAD,True,101,101,101,101,101,101,101,101,101,101,101,101,101,101,101,101,101,101,101,101,101,101,101,101,101
6380eae07571e116566417d2,67b89d9c13a5048e5a6049bf,Corey Fresh Direct,DELIVERLOAD,True,61,61,61,61,61,61,61,61,61,61,61,61,61,61,61,61,61,61,61,61,61,61,61,61,61
6380eae07571e116566417d2,6842f70981d3898b2cd418d5,Corrosion Service Company Ltd,DELIVERLOAD,True,28,28,28,28,28,28,28,28,28,28,28,28,28,28,28,28,28,28,28,28,28,28,28,28,28
6380eae07571e116566417d2,638e5a1ff50f3d1616f6ac34,Cosentino Canada Inc.,DELIVERLOAD,True,93,93,93,93,93,93,93,93,93,93,93,93,93,93,93,93,93,93,93,93,93,93,93,93,93
6380eae07571e116566417d2,641a00338a126514b8977e50,COSTCO 993,DELIVERLOAD,True,143,143,143,143,143,143,143,143,143,143,143,143,143,143,143,143,143,143,143,143,143,143,143,143,143
6380eae07571e116566417d2,6753464f9d43877690b1fa55,COSTCO Airdrie,DELIVERLOAD,False,89,89,89,89,89,89,89,89,89,89,89,89,89,89,89,89,89,89,89,89,89,89,89,89,89
6380eae07571e116566417d2,641dbfb50290b2162603ebdb,COSTCO AIRDRIE,DELIVERLOAD,True,5,5,5,5,5,5,5,5,4,5,5,5,5,5,5,5,5,5,5,5,5,5,5,5,5
6380eae07571e116566417d2,66f6d57455f9762ba989aa89,COSTCO AIRDRIE,DELIVERLOAD,False,29,29,29,29,29,29,29,29,29,29,29,29,29,29,29,29,29,29,29,29,29,29,29,29,29
6380eae07571e116566417d2,66f6d57455f9762ba989aa89,COSTCO AIRDRIE,DELIVERLOAD,True,73,73,73,73,73,73,73,73,73,73,73,73,73,73,73,73,73,73,73,73,73,73,73,73,73
6380eae07571e116566417d2,641a125edc7c3316110b3c9b,COSTCO AIRDRIE #1034,DELIVERLOAD,False,90,90,90,90,90,90,90,90,21,134,90,90,90,90,90,90,90,90,90,90,90,90,90,90,90
6380eae07571e116566417d2,641a125edc7c3316110b3c9b,COSTCO AIRDRIE #1034,DELIVERLOAD,True,130,130,130,130,130,130,130,130,130,176,150,188,190,104,111,130,130,130,130,130,130,130,130,130,130
6380eae07571e116566417d2,686c10b5a50168451917679d,"Costco, Airdrie, AB",DELIVERLOAD,False,73,73,73,73,73,73,73,73,73,73,73,73,73,73,73,73,73,73,73,73,73,73,73,73,73
6380eae07571e116566417d2,644ad6cd07600015c667e469,COSTCO DEPOT #1034,DELIVERLOAD,False,29,29,29,29,29,29,29,29,29,29,29,29,29,29,29,29,29,29,29,29,29,29,29,29,29
6380eae07571e116566417d2,644ad6cd07600015c667e469,COSTCO DEPOT #1034,DELIVERLOAD,True,145,145,145,145,145,145,145,190,164,145,156,145,153,160,54,145,145,145,145,145,145,145,145,145,145
6380eae07571e116566417d2,638e649a0f71ac1600f4f848,Costco Langley BC,DELIVERLOAD,False,84,84,84,84,84,84,84,84,84,84,54,84,84,84,84,84,84,84,84,84,84,84,84,84,84
6380eae07571e116566417d2,638e649a0f71ac1600f4f848,Costco Langley BC,DELIVERLOAD,True,90,90,90,90,90,90,90,134,88,138,96,131,12,130,95,30,90,90,90,90,90,90,90,90,90
6380eae07571e116566417d2,638e4e4ac53a0215e5d07c1b,Costco Varennes,DELIVERLOAD,True,50,50,50,50,50,50,50,50,50,50,50,50,50,50,50,50,50,50,50,50,50,50,50,50,50
6380eae07571e116566417d2,638e51a4deced515f58e1954,Costco Vaughan Dry 551 Or 559,DELIVERLOAD,True,66,66,66,66,66,66,66,66,66,66,66,66,66,66,66,66,66,66,66,66,66,66,66,66,66
6380eae07571e116566417d2,638e51a4deced515f58e1951,Costco Vaughan On,DELIVERLOAD,True,5,5,5,5,5,5,5,5,5,5,5,5,5,5,5,5,5,5,5,5,5,5,5,5,5
6380eae07571e116566417d2,66a11aeb17eb3f97ceada905,Costco Wholesale Distribution Centre,DELIVERLOAD,True,169,169,169,169,169,169,169,169,169,169,169,169,169,169,169,169,169,169,169,169,169,169,169,169,169
6380eae07571e116566417d2,68bb5800fbda89dbbdd93b07,"COSTCO WHOLESALE INC 557,",DELIVERLOAD,False,29,29,29,29,29,29,29,29,29,29,29,29,29,29,29,29,29,29,29,29,29,29,29,29,29
6380eae07571e116566417d2,67ddc357f19d61ef41bcb966,Couch9,DELIVERLOAD,False,29,29,29,29,29,29,29,29,29,29,29,29,29,29,29,29,29,29,29,29,29,29,29,29,29
6380eae07571e116566417d2,67ddc357f19d61ef41bcb966,Couch9,HOOKCONTAINER,False,12,12,12,12,12,12,12,12,12,12,12,12,12,12,12,12,12,12,12,12,12,12,12,12,12
6380eae07571e116566417d2,67c782cbdaff705cf89bd7fc,Country Hills Storage,HOOKCONTAINER,False,25,25,25,25,25,25,25,25,25,25,25,25,25,25,25,25,25,25,25,25,25,25,25,25,25
6380eae07571e116566417d2,684c84f14530bc9835f1bcd9,Country Inn and Suites Saskatoon,DELIVERLOAD,True,56,56,56,56,56,56,56,56,56,56,56,56,56,56,56,56,56,56,56,56,56,56,56,56,56
6380eae07571e116566417d2,646523b852ad4115dac91eb0,Country Junction Feeds - Wetaskiwin AB,DELIVERLOAD,True,74,74,74,74,74,74,74,74,74,74,74,74,74,74,74,74,74,74,74,74,74,74,74,74,74
6380eae07571e116566417d2,6865a57a7e678ec65fada37e,Country Wide Auto Recycling Inc.,DELIVERLOAD,True,140,140,140,140,140,140,140,140,140,140,140,140,140,140,140,140,140,140,140,140,140,140,140,140,140
6380eae07571e116566417d2,6865a57a7e678ec65fada37e,Country Wide Auto Recycling Inc.,HOOKCONTAINER,False,20,20,20,20,20,20,20,20,20,20,20,20,20,20,20,20,20,20,20,20,20,20,20,20,20
6380eae07571e116566417d2,6495fa6336c98b168cbcd0c0,Covertech Flexible Packaging-Etbicoke ON,DELIVERLOAD,True,39,39,39,39,39,39,39,39,39,39,39,39,39,39,39,39,39,39,39,39,39,39,39,39,39
6380eae07571e116566417d2,6380eae17571e11656641837,CP CALGARY,DELIVERLOAD,False,19,19,19,19,19,19,19,19,19,19,19,19,19,19,19,19,19,19,19,19,19,19,19,19,19
6380eae07571e116566417d2,6380eae17571e11656641837,CP CALGARY,DELIVERLOAD,True,4,4,4,4,4,4,4,4,4,4,4,4,4,4,4,4,4,4,4,4,4,4,4,4,4
6380eae07571e116566417d2,6380eae17571e11656641837,CP CALGARY,DROPCONTAINER,False,6,6,6,6,6,6,6,6,6,6,6,6,6,6,6,6,6,6,6,6,6,6,6,6,6
6380eae07571e116566417d2,6380eae17571e11656641837,CP CALGARY,HOOKCONTAINER,False,36,36,36,36,36,36,36,36,65,47,3,36,25,36,19,48,36,36,248,36,36,4,36,36,36
6380eae07571e116566417d2,6380eae17571e11656641837,CP CALGARY,PULLCONTAINER,False,29,29,29,29,29,29,29,29,48,51,37,16,40,33,27,25,26,26,28,47,16,26,9,16,29
6380eae07571e116566417d2,6380eae17571e11656641837,CP CALGARY,RETURNCONTAINER,False,28,28,28,28,28,28,28,28,14,19,27,25,28,26,20,24,26,27,36,51,42,33,36,45,28
6380eae07571e116566417d2,6380eae17571e1165664183c,CP EDMONTON,DELIVERLOAD,False,17,17,17,17,17,17,17,17,17,17,17,17,17,17,17,17,17,17,17,17,17,17,17,17,17
6380eae07571e116566417d2,6380eae17571e1165664183c,CP EDMONTON,DELIVERLOAD,True,34,34,34,34,34,34,34,34,34,34,34,34,34,34,34,34,34,34,34,34,34,34,34,34,34
6380eae07571e116566417d2,6380eae17571e1165664183c,CP EDMONTON,DROPCONTAINER,False,39,39,39,39,39,39,39,39,39,39,39,39,39,39,39,39,39,39,39,39,39,39,39,39,39
6380eae07571e116566417d2,6380eae17571e1165664183c,CP EDMONTON,HOOKCONTAINER,False,25,25,25,25,25,25,25,25,25,25,25,72,25,25,25,25,8,44,25,25,25,25,25,25,25
6380eae07571e116566417d2,6380eae17571e1165664183c,CP EDMONTON,PULLCONTAINER,False,28,28,28,28,28,28,28,28,44,29,22,21,15,33,28,39,21,25,30,38,42,28,28,28,28
6380eae07571e116566417d2,6380eae17571e1165664183c,CP EDMONTON,RETURNCONTAINER,False,49,49,49,49,49,49,49,49,49,49,23,64,39,57,52,55,66,68,41,18,13,49,49,49,49
6380eae07571e116566417d2,63d94eed034b5d15c10370e7,CP MONTREAL,PULLCONTAINER,False,29,29,29,29,29,29,29,29,29,29,29,29,29,29,29,29,29,29,29,29,29,29,29,29,29
6380eae07571e116566417d2,65049f4958e8ba16239c6c13,CPP CANADA,DELIVERLOAD,True,63,63,63,63,63,63,63,63,63,63,63,63,63,63,63,63,63,63,63,63,63,63,63,63,63
6380eae07571e116566417d2,63da83d4e847611643c3be82,CP VANCOUVER,DELIVERLOAD,True,66,66,66,66,66,66,66,66,66,66,66,66,66,66,66,66,66,66,66,66,66,66,66,66,66
6380eae07571e116566417d2,63da83d4e847611643c3be82,CP VANCOUVER,HOOKCONTAINER,False,42,42,42,42,42,42,42,42,42,12,43,42,42,42,130,11,42,42,42,42,42,42,42,42,42
6380eae07571e116566417d2,63da83d4e847611643c3be82,CP VANCOUVER,PULLCONTAINER,False,29,29,29,29,29,29,29,29,29,29,29,29,29,29,29,29,29,29,29,29,29,29,29,29,29
6380eae07571e116566417d2,63da83d4e847611643c3be82,CP VANCOUVER,RETURNCONTAINER,False,26,26,26,26,26,26,26,26,26,26,26,26,26,75,26,26,26,26,21,21,35,26,26,26,26
6380eae07571e116566417d2,668c1be5350094bf972e4bf0,CP VANCOUVER,RETURNCONTAINER,False,35,35,35,35,35,35,35,35,35,35,35,35,35,35,35,35,35,35,35,35,35,35,35,35,35
6380eae07571e116566417d2,638e774c7510cb164789df11,CP VAUGHAN,DELIVERLOAD,True,67,67,67,67,67,67,67,67,67,199,67,67,67,67,67,67,67,67,67,67,67,67,67,67,67
6380eae07571e116566417d2,638e774c7510cb164789df11,CP VAUGHAN,HOOKCONTAINER,False,9,9,9,9,9,9,9,9,9,9,9,9,9,9,9,9,9,9,9,9,9,9,9,9,9
6380eae07571e116566417d2,638e774c7510cb164789df11,CP VAUGHAN,PULLCONTAINER,False,29,29,29,29,29,29,29,29,29,29,29,29,29,29,29,29,29,29,29,29,29,29,29,29,29
6380eae07571e116566417d2,638e774c7510cb164789df11,CP VAUGHAN,RETURNCONTAINER,False,22,22,22,22,22,22,22,22,22,22,22,22,22,22,22,22,22,22,22,22,22,22,22,22,22
6380eae07571e116566417d2,63da84f04be1a5161101d13e,CP WINNIPEG,DELIVERLOAD,True,30,30,30,30,30,30,30,30,30,30,30,30,30,30,30,30,30,30,30,30,30,30,30,30,30
6380eae07571e116566417d2,63da84f04be1a5161101d13e,CP WINNIPEG,HOOKCONTAINER,False,34,34,34,34,34,34,78,34,34,34,34,34,64,34,10,34,34,34,34,34,34,34,34,34,34
6380eae07571e116566417d2,63da84f04be1a5161101d13e,CP WINNIPEG,RETURNCONTAINER,False,90,90,90,90,90,90,90,90,36,88,92,61,40,90,95,90,90,90,90,90,90,90,90,90,90
6380eae07571e116566417d2,65da269d3c830bb0730643e2,Craftsman Specialty Products,DELIVERLOAD,True,103,103,103,103,103,103,103,103,103,103,103,103,103,103,103,103,103,103,103,103,103,103,103,103,103
6380eae07571e116566417d2,688252d2de19f831510a8340,CRANE WORLDWIDE LOGISTICS,DELIVERLOAD,True,6,6,6,6,6,6,6,6,6,6,6,6,6,6,6,6,6,6,6,6,6,6,6,6,6
6380eae07571e116566417d2,66a0103cd20f74f96ff7f180,Crane Worldwide Logistics Canada,DELIVERLOAD,False,14,14,14,14,14,14,14,14,14,14,14,14,14,14,14,14,14,14,14,14,14,14,14,14,14
6380eae07571e116566417d2,66a0103cd20f74f96ff7f180,Crane Worldwide Logistics Canada,HOOKCONTAINER,False,31,31,31,31,31,31,31,31,31,31,31,31,31,31,31,31,31,31,31,31,31,31,31,31,31
6380eae07571e116566417d2,638e2fd4b91dc3160b914f7e,Cratex Industries,DELIVERLOAD,False,11,11,11,11,11,11,11,11,11,11,11,8,17,14,14,6,11,11,11,11,11,11,11,11,11
6380eae07571e116566417d2,638e2fd4b91dc3160b914f7e,Cratex Industries,DELIVERLOAD,True,101,101,101,101,101,101,101,101,101,101,101,101,101,101,101,101,101,101,101,101,101,101,101,101,101
6380eae07571e116566417d2,638e2fd4b91dc3160b914f7e,Cratex Industries,HOOKCONTAINER,False,23,23,23,23,23,23,23,23,23,23,23,23,12,17,23,51,23,50,23,23,23,23,23,23,23
6380eae07571e116566417d2,667204f6e5b962942b63330e,CRATEX INDUSTRIES LTD,DELIVERLOAD,False,24,24,24,24,24,24,24,24,24,24,24,24,24,24,24,24,24,24,24,24,24,24,24,24,24
6380eae07571e116566417d2,667204f6e5b962942b63330e,CRATEX INDUSTRIES LTD,HOOKCONTAINER,False,9,9,9,9,9,9,9,9,9,9,9,9,9,9,9,9,9,9,9,9,9,9,9,9,9
6380eae07571e116566417d2,638e511cd07518161966a95e,Cratex Industries Ltd Calg,DELIVERLOAD,False,22,22,22,22,22,22,22,22,22,22,22,22,22,22,22,22,22,22,22,22,22,22,22,22,22
6380eae07571e116566417d2,638e511cd07518161966a95e,Cratex Industries Ltd Calg,HOOKCONTAINER,False,58,58,58,58,58,58,58,58,58,58,58,58,58,58,58,58,58,58,58,58,58,58,58,58,58
6380eae07571e116566417d2,6862fb93d302d86bf014ae0e,CRC Wellhead Supply,DELIVERLOAD,False,29,29,29,29,29,29,29,29,29,29,29,29,29,29,29,29,29,29,29,29,29,29,29,29,29
6380eae07571e116566417d2,681e24924962edb0e1dbad11,CRICKLE WOOD,DELIVERLOAD,False,39,39,39,39,39,39,39,39,39,39,39,39,39,39,39,39,39,39,39,39,39,39,39,39,39
6380eae07571e116566417d2,681e24924962edb0e1dbad11,CRICKLE WOOD,HOOKCONTAINER,False,9,9,9,9,9,9,9,9,9,9,9,9,9,9,9,9,9,9,9,9,9,9,9,9,9
6380eae07571e116566417d2,6406175807539c15d4dabe1a,CROSS COUNTRY CANADA SUPPLIES & RENTALS,DELIVERLOAD,True,144,144,144,144,144,144,144,144,144,144,144,144,144,144,144,144,144,144,144,144,144,144,144,144,144
6380eae07571e116566417d2,677c4c1de6931383d148cd1c,CROSS DOCK SYSTEMS,DELIVERLOAD,True,133,133,133,133,133,133,133,133,133,133,133,133,133,133,133,133,133,133,133,133,133,133,133,133,133
6380eae07571e116566417d2,67bc88df58825578c6425249,Crossdock Xpress LTD,DELIVERLOAD,True,51,51,51,51,51,51,51,51,51,51,51,51,51,51,51,51,51,51,51,51,51,51,51,51,51
6380eae07571e116566417d2,64061afada5fa315e2a3daf0,CROSSROADS C&I DISTRIBUTORS INC,DELIVERLOAD,False,13,13,13,13,13,13,13,13,13,13,13,13,13,13,13,13,13,13,13,13,13,13,13,13,13
6380eae07571e116566417d2,64061afada5fa315e2a3daf0,CROSSROADS C&I DISTRIBUTORS INC,DELIVERLOAD,True,22,22,22,22,22,22,22,22,22,22,22,22,22,22,22,22,22,22,22,22,22,22,22,22,22
6380eae07571e116566417d2,64061afada5fa315e2a3daf0,CROSSROADS C&I DISTRIBUTORS INC,HOOKCONTAINER,False,14,14,14,14,14,14,14,14,14,14,14,14,14,14,14,14,14,14,14,14,14,14,14,14,14
6380eae07571e116566417d2,6852ca191348b5e50300d344,CROWN COFFEE,DELIVERLOAD,True,66,66,66,66,66,66,66,66,66,66,66,66,66,66,66,66,66,66,66,66,66,66,66,66,66
6380eae07571e116566417d2,68b1b43e052dca013d4baf90,CROWN GROUP INC.,DELIVERLOAD,True,6,6,6,6,6,6,6,6,6,6,6,6,6,6,6,6,6,6,6,6,6,6,6,6,6
6380eae07571e116566417d2,638e2fd4b91dc3160b914f11,CROWN METAL PACKAGING,DELIVERLOAD,True,10,10,10,10,10,10,10,10,10,10,10,10,10,10,10,10,10,10,10,10,10,10,10,10,10
6380eae07571e116566417d2,689a401861cac5211a0fac74,CRYSTAL WOOD,HOOKCONTAINER,False,47,47,47,47,47,47,47,47,47,47,47,47,47,47,47,47,47,47,47,47,47,47,47,47,47
6380eae07571e116566417d2,67fed56cdbfd7ea5df3cf36f,CSC (Calgary Sales Center),DELIVERLOAD,True,79,79,79,79,79,79,79,79,79,79,79,79,79,79,79,79,79,79,79,79,79,79,79,79,79
6380eae07571e116566417d2,68796f5b09e653239a3f0f21,CST coal Canada,DELIVERLOAD,True,77,77,77,77,77,77,77,77,77,77,77,77,77,77,77,77,77,77,77,77,77,77,77,77,77
6380eae07571e116566417d2,67f92c23e82066551e4d5cde,CT Distributors Inc. c/o Rosenau Transportation Lethbridge,DELIVERLOAD,False,29,29,29,29,29,29,29,29,29,29,29,29,29,29,29,29,29,29,29,29,29,29,29,29,29
6380eae07571e116566417d2,65fc4969d697d51bc43fb3c5,cts Industries,DELIVERLOAD,False,23,23,23,23,23,23,23,23,23,23,23,23,23,23,23,23,23,23,23,23,23,23,23,23,23
6380eae07571e116566417d2,65fc4969d697d51bc43fb3c5,cts Industries,HOOKCONTAINER,False,24,24,24,24,24,24,24,24,24,24,24,24,24,24,24,24,24,24,24,24,24,24,24,24,24
6380eae07571e116566417d2,67eec452de10057a8305094e,CTS Warehouse - Surrey  160,DELIVERLOAD,True,49,49,49,49,49,49,49,49,49,49,49,49,49,49,49,49,49,49,49,49,49,49,49,49,49
6380eae07571e116566417d2,6839ffda1baa7acfb4f8516e,CURT MANUFACTURING LLC #27,DELIVERLOAD,False,29,29,29,29,29,29,29,29,29,29,29,29,29,29,29,29,29,29,29,29,29,29,29,29,29
6380eae07571e116566417d2,6839ffda1baa7acfb4f8516e,CURT MANUFACTURING LLC #27,DELIVERLOAD,True,39,39,39,39,39,39,39,39,39,39,39,39,39,39,39,39,39,39,39,39,39,39,39,39,39
6380eae07571e116566417d2,6875250a8824d708dbe4a10a,CURT MANUFACTURING LLC #28,DELIVERLOAD,False,71,71,71,71,71,71,71,71,71,71,71,71,71,71,71,71,71,71,71,71,71,71,71,71,71
6380eae07571e116566417d2,686d0d8246017443d010a731,Custom Cubes,DELIVERLOAD,True,66,66,66,66,66,66,66,66,66,66,66,66,66,66,66,66,66,66,66,66,66,66,66,66,66
6380eae07571e116566417d2,6759cd7d6f7022bc53f83c16,CUSTOM DELIVERY SOLUTIONS - ROCKY VIEW,DELIVERLOAD,False,9,9,9,9,9,9,9,9,10,9,9,11,9,9,9,9,9,9,9,9,9,9,9,9,9
6380eae07571e116566417d2,6759cd7d6f7022bc53f83c16,CUSTOM DELIVERY SOLUTIONS - ROCKY VIEW,DELIVERLOAD,True,23,23,23,23,23,23,23,23,23,23,23,23,23,23,23,23,23,23,23,23,23,23,23,23,23
6380eae07571e116566417d2,6759cd7d6f7022bc53f83c16,CUSTOM DELIVERY SOLUTIONS - ROCKY VIEW,HOOKCONTAINER,False,24,24,24,24,24,24,24,24,24,24,24,24,32,24,24,12,28,51,24,24,45,24,24,24,24
6380eae07571e116566417d2,67e6d5e6d45f46bf567da2e3,CUSTOM METAL GLAZING,DELIVERLOAD,True,50,50,50,50,50,50,50,50,50,50,50,50,50,50,50,50,50,50,50,50,50,50,50,50,50
6380eae07571e116566417d2,67f69230221e3ac383278481,CUSTOM SUMMERLEA,DELIVERLOAD,False,89,89,89,89,89,89,89,89,89,89,89,89,89,89,89,89,89,89,89,89,89,89,89,89,89
6380eae07571e116566417d2,6759cda3fa4167f171cb6298,CUSTOM SUMMERLEA - BRAMPTON,DELIVERLOAD,False,29,29,29,29,29,29,29,29,29,29,29,29,29,29,29,29,29,29,29,29,29,29,29,29,29
6380eae07571e116566417d2,6759cda3fa4167f171cb6298,CUSTOM SUMMERLEA - BRAMPTON,DELIVERLOAD,True,107,107,107,107,107,107,107,107,107,107,107,107,107,107,107,107,107,107,107,107,107,107,107,107,107
6380eae07571e116566417d2,672e5294c7efe8aee452678f,CVS CONTROLS,DELIVERLOAD,False,57,57,57,57,57,57,57,57,57,57,78,57,57,57,57,57,57,57,57,57,57,57,57,57,57
6380eae07571e116566417d2,672e5294c7efe8aee452678f,CVS CONTROLS,DELIVERLOAD,True,52,52,52,52,52,52,52,52,52,52,52,68,52,52,52,52,52,52,52,52,52,52,52,52,52
6380eae07571e116566417d2,672e5294c7efe8aee452678f,CVS CONTROLS,HOOKCONTAINER,False,12,12,12,12,12,12,12,12,12,12,12,12,12,12,12,12,12,12,12,12,12,12,12,12,12
6380eae07571e116566417d2,68308cd73f20704f29e541be,CWP Arcitectural,DELIVERLOAD,True,66,66,66,66,66,66,66,66,66,66,66,66,66,66,66,66,66,66,66,66,66,66,66,66,66
6380eae07571e116566417d2,67c0903a8de69bc9f7eb33d6,CWS LOGISTICS Winnipeg,DELIVERLOAD,True,66,66,66,66,66,66,66,66,66,66,66,66,66,66,66,66,66,66,66,66,66,66,66,66,66
6380eae07571e116566417d2,64f20e32c2a4fe15f708e79f,D031 calgary freeport blvd main SL,DELIVERLOAD,True,37,37,37,37,37,37,37,37,37,37,37,37,37,37,37,37,87,37,37,37,37,37,37,37,37
6380eae07571e116566417d2,6776be390361d925dc9148cc,D034 Saskatchewan Fleming Main SL,DELIVERLOAD,True,15,15,15,15,15,15,15,15,15,15,15,15,15,15,15,15,15,15,15,15,15,15,15,15,15
6380eae07571e116566417d2,68557b4117568366815cd5a2,DAFCO FILTRATION GROUP,DELIVERLOAD,True,66,66,66,66,66,66,66,66,66,66,66,66,66,66,66,66,66,66,66,66,66,66,66,66,66
6380eae07571e116566417d2,684b3efdd62d2ffe75dc6996,DAFCO FILTRATION GROUP CORP,DELIVERLOAD,False,29,29,29,29,29,29,29,29,29,29,29,29,29,29,29,29,29,29,29,29,29,29,29,29,29
6380eae07571e116566417d2,684b3efdd62d2ffe75dc6996,DAFCO FILTRATION GROUP CORP,DELIVERLOAD,True,22,22,22,22,22,22,22,22,22,22,22,22,22,22,11,22,22,22,22,22,22,22,22,22,22
6380eae07571e116566417d2,68557b240c15b8985fda2230,DAFCO FILTRATION GROUP CORP,DELIVERLOAD,True,21,21,21,21,21,21,14,21,21,21,21,21,21,21,21,21,21,21,21,21,21,21,21,21,21
6380eae07571e116566417d2,68557b240c15b8985fda2230,DAFCO FILTRATION GROUP CORP,PULLCONTAINER,False,86,86,86,86,86,86,86,86,86,86,86,86,86,86,86,86,86,86,86,86,86,86,86,86,86
6380eae07571e116566417d2,67bf94e9d5aef66a4de703fe,Dainken North America Ltd.,DELIVERLOAD,True,66,66,66,66,66,66,66,66,66,66,66,66,66,66,66,66,66,66,66,66,66,66,66,66,66
6380eae07571e116566417d2,65a31acd9fcdff161eda6b9a,DAISON TRADING CO LTD,HOOKCONTAINER,False,20,20,20,20,20,20,20,20,20,20,20,20,20,20,20,20,20,20,20,20,20,20,20,20,20
6380eae07571e116566417d2,687560616158894d9a77f763,DAISON TRADING CO LTD,DELIVERLOAD,True,66,66,66,66,66,66,66,66,66,66,66,66,66,66,66,66,66,66,66,66,66,66,66,66,66
6380eae07571e116566417d2,65457656f7b7501553db6f68,DAI TRUCK SCALES EDMONTON,DELIVERLOAD,True,13,13,13,13,13,13,13,13,13,13,13,13,13,13,13,13,13,14,13,13,13,13,13,13,13
6380eae07571e116566417d2,66983a534cf2a027a87053f7,DALS,DELIVERLOAD,True,102,102,102,102,102,102,102,102,102,102,102,102,102,102,102,102,102,102,102,102,102,102,102,102,102
6380eae07571e116566417d2,6844b1491d07515d5c5b5429,DANBRO,DELIVERLOAD,False,70,70,70,70,70,70,70,70,69,70,70,70,70,70,70,70,70,70,70,70,70,70,70,70,70
6380eae07571e116566417d2,6844b1491d07515d5c5b5429,DANBRO,DELIVERLOAD,True,64,64,64,64,64,7,98,108,64,6,177,64,64,64,64,110,8,5,64,87,64,64,64,64,64
6380eae07571e116566417d2,65ca85d9db01a33ca2d76fce,Danone Inc,DELIVERLOAD,False,29,29,29,29,29,29,29,29,29,29,29,29,29,29,29,29,29,29,29,29,29,29,29,29,29
6380eae07571e116566417d2,65ca85d9db01a33ca2d76fce,Danone Inc,DELIVERLOAD,True,95,95,95,95,95,95,95,95,181,145,154,325,4,195,95,95,142,120,57,63,95,95,95,95,95
6380eae07571e116566417d2,65ca85d9db01a33ca2d76fce,Danone Inc,HOOKCONTAINER,False,20,20,20,20,20,20,20,20,20,20,20,20,20,20,20,20,20,20,20,20,20,20,20,20,20
6380eae07571e116566417d2,65ca85d9db01a33ca2d76fce,Danone Inc,PULLCONTAINER,False,38,38,38,38,38,38,38,38,38,38,38,38,38,38,38,38,38,38,38,38,38,38,38,38,38
6380eae07571e116566417d2,6536e4155afa85165fe4148d,DANSONS ULC C/O DANSONS US LLC,DELIVERLOAD,False,15,15,15,15,15,15,15,15,15,15,24,14,12,15,15,15,15,15,15,15,15,15,15,15,15
6380eae07571e116566417d2,6536e4155afa85165fe4148d,DANSONS ULC C/O DANSONS US LLC,DELIVERLOAD,True,32,32,32,32,32,32,32,32,32,32,32,32,32,32,32,32,32,32,32,32,32,32,32,32,32
6380eae07571e116566417d2,6536e4155afa85165fe4148d,DANSONS ULC C/O DANSONS US LLC,HOOKCONTAINER,False,27,27,27,27,27,27,27,27,27,27,27,27,27,27,64,27,27,27,27,27,27,27,27,27,27
6380eae07571e116566417d2,6865a7073c307b28d95766c4,D&A PET FOODN MORE LTD.,DELIVERLOAD,True,72,72,72,72,72,72,72,72,72,72,72,72,72,72,72,72,72,72,72,72,72,72,72,72,72
6380eae07571e116566417d2,663177312a32aad679413990,DAVEY TEXTILE SOLUTIONS,DELIVERLOAD,True,3,3,3,3,3,3,3,3,3,3,3,3,3,3,3,3,3,3,3,3,3,3,3,3,3
6380eae07571e116566417d2,6410febfe1f63014b49ea132,DAVEY TEXTILE SOLUTIONS INC,DELIVERLOAD,False,35,35,35,35,35,35,35,35,35,35,35,35,35,35,35,35,35,35,35,35,35,35,35,35,35
6380eae07571e116566417d2,6410febfe1f63014b49ea132,DAVEY TEXTILE SOLUTIONS INC,DELIVERLOAD,True,47,47,47,47,47,47,47,47,47,47,47,47,47,47,47,47,47,47,47,47,47,47,47,47,47
6380eae07571e116566417d2,6832088fbdd64a59369a833a,DAVID ROBERTS FOOD CORP CSMS,DELIVERLOAD,True,66,66,66,66,66,66,66,66,66,66,66,66,66,66,66,66,66,66,66,66,66,66,66,66,66
6380eae07571e116566417d2,667c3f4b879c09cfb4d5c375,Davis Trading,DELIVERLOAD,True,126,126,126,126,126,126,126,126,126,126,126,126,126,126,126,126,126,126,126,126,126,126,126,126,126
6380eae07571e116566417d2,638e9e3166512f16196c893d,Davis Trading And Supply Ltd.,DELIVERLOAD,True,50,50,50,50,50,50,50,50,50,50,50,50,50,50,50,50,50,50,50,50,50,50,50,50,50
6380eae07571e116566417d2,6765d6a335010dd7eaaaeffa,Dawn Gordon Tractor,DELIVERLOAD,False,19,19,19,19,19,19,19,19,19,19,19,19,19,19,19,19,19,19,19,19,19,19,19,19,19
6380eae07571e116566417d2,6765d6a335010dd7eaaaeffa,Dawn Gordon Tractor,HOOKCONTAINER,False,30,30,30,30,30,30,30,30,30,30,30,30,30,30,30,30,30,30,30,30,30,30,30,30,30
6380eae07571e116566417d2,638e542c487e0815fe50f134,Day & Ross  Cgy,HOOKCONTAINER,False,20,20,20,20,20,20,20,20,20,20,20,20,20,20,20,20,20,20,20,20,20,20,20,20,20
6380eae07571e116566417d2,6809317a4e95a88e488ec275,Daytech Limited,DELIVERLOAD,True,15,15,15,15,15,15,15,15,15,15,15,15,15,15,15,15,15,15,15,15,15,15,15,15,15
6380eae07571e116566417d2,64de8a7025be6615f0b8efd4,D BUILDERS STORE,DELIVERLOAD,True,115,115,115,115,115,115,115,115,115,115,115,115,115,115,115,115,115,115,115,115,115,115,115,115,115
6380eae07571e116566417d2,64de8a7025be6615f0b8efd4,D BUILDERS STORE,HOOKCONTAINER,False,5,5,5,5,5,5,5,5,5,5,5,5,5,5,5,5,5,5,5,5,5,5,5,5,5
6380eae07571e116566417d2,6584832c1793800490309ec6,DC28 LobLaws,DELIVERLOAD,False,29,29,29,29,29,29,29,29,29,29,29,29,29,29,29,29,29,29,29,29,29,29,29,29,29
6380eae07571e116566417d2,656fcd222c4e1616646a7824,DC32,DELIVERLOAD,False,3,3,3,3,3,3,3,3,3,3,3,3,3,3,3,3,3,3,3,3,3,3,3,3,3
6380eae07571e116566417d2,656fcd222c4e1616646a7824,DC32,HOOKCONTAINER,False,45,45,45,45,45,45,45,45,45,45,45,20,45,45,45,48,45,45,45,45,45,45,45,45,45
6380eae07571e116566417d2,65666630bbdaf415fd1763a8,DC57 Surrey,DELIVERLOAD,False,5,5,5,5,5,5,5,5,5,5,5,5,5,5,5,5,5,5,5,5,5,5,5,5,5
6380eae07571e116566417d2,65666630bbdaf415fd1763a8,DC57 Surrey,HOOKCONTAINER,False,42,42,42,42,42,42,42,42,42,42,42,42,42,24,42,42,41,42,198,42,16,129,44,7,42
6380eae07571e116566417d2,67b8eaa1954e4dfb9d91100f,DC CALGARY - CWS Logistics,DELIVERLOAD,True,84,84,84,84,84,84,84,84,84,84,84,84,84,84,84,84,84,84,84,84,84,84,84,84,84
6380eae07571e116566417d2,66636b9d8e78249c004287c2,DCG4 Amazon,DELIVERLOAD,False,16,16,16,16,16,16,16,16,16,16,16,16,16,16,16,16,16,16,16,16,16,16,16,16,16
6380eae07571e116566417d2,66636b9d8e78249c004287c2,DCG4 Amazon,DELIVERLOAD,True,27,27,27,27,27,27,27,27,27,27,27,27,27,27,27,27,27,27,27,27,27,27,27,27,27
6380eae07571e116566417d2,66636b9d8e78249c004287c2,DCG4 Amazon,HOOKCONTAINER,False,50,50,50,50,50,50,50,50,50,50,50,50,50,50,50,50,27,50,50,50,50,50,50,50,50
6380eae07571e116566417d2,678001d67cadd804ed3a231e,DCL Warehouse,DELIVERLOAD,True,44,44,44,44,44,44,44,44,44,44,44,44,44,44,44,44,44,44,44,44,44,44,44,44,44
6380eae07571e116566417d2,689d10cece6284dbf2805ac0,DCL Warehouse,DELIVERLOAD,False,42,42,42,42,42,42,42,42,42,42,42,42,42,42,42,42,42,42,42,42,42,42,42,42,42
6380eae07571e116566417d2,689d10cece6284dbf2805ac0,DCL Warehouse,DELIVERLOAD,True,66,66,66,66,66,66,66,66,66,66,66,66,66,66,66,66,66,66,66,66,66,66,66,66,66
6380eae07571e116566417d2,66059d64729e7fcc9781e6da,deadrun aldersyde,HOOKCONTAINER,False,40,40,40,40,40,40,40,40,40,40,40,40,40,40,40,40,40,40,40,40,40,40,40,40,40
6380eae07571e116566417d2,642d9c4d1d7f6116397674cc,DECKED OUT VINYL PRODUCTS,DELIVERLOAD,False,5,5,5,5,5,5,5,5,5,5,5,5,5,5,5,5,5,5,5,5,5,5,5,5,5
6380eae07571e116566417d2,642d9c4d1d7f6116397674cc,DECKED OUT VINYL PRODUCTS,HOOKCONTAINER,False,20,20,20,20,20,20,20,20,20,20,20,20,20,20,20,20,20,20,20,20,20,20,20,20,20
6380eae07571e116566417d2,65f85d1dbb1df331f1eab63a,DELFT BLUE,DELIVERLOAD,True,126,126,126,126,126,126,126,126,126,126,126,126,126,126,126,126,126,126,126,126,126,126,126,126,126
6380eae07571e116566417d2,66db80696f7e8a2616bab00a,DelGate Vancouver,DELIVERLOAD,False,6,6,6,6,6,6,6,6,6,6,6,6,6,6,6,6,6,6,6,6,6,6,6,6,6
6380eae07571e116566417d2,66db80696f7e8a2616bab00a,DelGate Vancouver,DELIVERLOAD,True,106,106,106,106,106,106,106,106,106,106,106,106,106,106,106,106,106,106,106,106,106,106,106,106,106
6380eae07571e116566417d2,66db80696f7e8a2616bab00a,DelGate Vancouver,HOOKCONTAINER,False,39,39,39,39,39,39,39,39,39,39,39,39,39,39,39,39,39,39,39,39,39,39,39,39,39
6380eae07571e116566417d2,66db80696f7e8a2616bab00a,DelGate Vancouver,PULLCONTAINER,False,34,34,34,34,34,34,34,34,34,34,34,34,34,34,34,34,34,34,34,34,34,34,34,34,34
6380eae07571e116566417d2,66730c4f3c3c3e1786f94989,Delibrex Ltd,DELIVERLOAD,True,53,53,53,53,53,53,53,53,53,53,53,53,53,53,53,53,53,53,53,53,53,53,53,53,53
6380eae07571e116566417d2,65d509b1bdd331f57a79e762,Delicate Glass Ltd.,DELIVERLOAD,False,13,13,13,13,13,13,13,13,13,13,13,13,13,13,13,13,13,13,13,13,13,13,13,13,13
6380eae07571e116566417d2,6866936c74ccfaad5b717a5f,Delivrex,DELIVERLOAD,True,57,57,57,57,57,57,57,57,57,57,57,57,57,57,57,57,57,57,57,57,57,57,57,57,57
6380eae07571e116566417d2,6474d0737b2da8160a57ab62,"DELTAGOMMA, Cowansville QC",DELIVERLOAD,False,54,54,54,54,54,54,54,54,54,54,54,54,54,54,54,54,54,54,54,54,54,54,54,54,54
6380eae07571e116566417d2,6474d0737b2da8160a57ab62,"DELTAGOMMA, Cowansville QC",DELIVERLOAD,True,148,148,148,148,148,148,148,148,148,148,148,148,148,148,148,148,148,148,148,148,148,148,148,148,148
6380eae07571e116566417d2,638f5669648f7a162c61a8eb,Delta Port Bc,DROPCONTAINER,False,23,23,23,23,23,23,23,23,23,23,23,23,23,23,23,23,23,23,23,23,23,23,23,23,23
6380eae07571e116566417d2,638f5669648f7a162c61a8eb,Delta Port Bc,PULLCONTAINER,False,73,73,73,73,73,73,73,73,73,73,73,73,73,73,73,71,53,51,76,73,73,73,73,73,73
6380eae07571e116566417d2,638f5669648f7a162c61a8eb,Delta Port Bc,RETURNCONTAINER,False,22,12,18,22,22,22,22,22,22,22,25,25,27,22,20,28,20,17,19,23,12,17,18,22,12
6380eae07571e116566417d2,65a6b3502365be1633be47db,Derlea brand Foods,DELIVERLOAD,True,36,36,36,36,36,36,36,36,36,36,36,36,36,36,36,36,36,36,36,36,36,36,36,36,36
6380eae07571e116566417d2,682f6a44ce08a217f1048bb0,DETAILS K2,DELIVERLOAD,True,66,66,66,66,66,66,66,66,66,66,66,66,66,66,66,66,66,66,66,66,66,66,66,66,66
6380eae07571e116566417d2,6617e925e092a76d628493b3,Devry Greenhouses,DELIVERLOAD,True,66,66,66,66,66,66,66,66,66,66,66,66,66,66,66,66,66,66,66,66,66,66,66,66,66
6380eae07571e116566417d2,684b04465d7ecf5d58886dd3,"DEXTER DISTRIBUTION GROUP CANADA, LTD. BRANCH 215",DELIVERLOAD,True,48,48,48,48,48,48,48,48,48,48,48,48,48,48,48,48,48,48,48,48,48,48,48,48,48
6380eae07571e116566417d2,6605e549c77d60281ff0d0a8,DFA OPERATIONS INC DBA THE DUFRESNE GROUP,DELIVERLOAD,False,31,31,31,31,31,31,31,31,31,31,31,31,31,31,31,31,31,31,31,31,31,31,31,31,31
6380eae07571e116566417d2,6605e549c77d60281ff0d0a8,DFA OPERATIONS INC DBA THE DUFRESNE GROUP,HOOKCONTAINER,False,15,15,15,15,15,15,15,15,15,15,15,15,15,15,15,15,15,15,15,15,15,15,15,15,15
6380eae07571e116566417d2,6877d3d9e6e4e16c3edb8433,DH Supply Chain Inc. Unit 14,DELIVERLOAD,False,29,29,29,29,29,29,29,29,29,29,29,29,29,29,29,29,29,29,29,29,29,29,29,29,29
6380eae07571e116566417d2,6877d3d9e6e4e16c3edb8433,DH Supply Chain Inc. Unit 14,HOOKCONTAINER,False,33,33,33,33,33,33,33,33,33,33,33,33,33,33,33,33,33,33,33,33,33,33,33,33,33
6380eae07571e116566417d2,67acba4f4774098b036b3e64,DIASON,HOOKCONTAINER,False,50,50,50,50,50,50,50,50,50,50,50,50,50,50,50,50,50,50,50,50,50,50,50,50,50
6380eae07571e116566417d2,68c0662448c5e777c71bd58b,DIASON warehouse,DELIVERLOAD,False,21,21,21,21,21,21,21,21,21,21,21,21,21,21,21,21,21,21,21,21,21,21,21,21,21
6380eae07571e116566417d2,68c0662448c5e777c71bd58b,DIASON warehouse,HOOKCONTAINER,False,36,36,36,36,36,36,36,36,36,36,36,36,36,36,36,36,36,36,36,36,36,36,36,36,36
6380eae07571e116566417d2,6813a875f04700fe177c2025,DINO,DELIVERLOAD,True,66,66,66,66,66,66,66,66,66,66,66,66,66,66,66,66,66,66,66,66,66,66,66,66,66
6380eae07571e116566417d2,6704496fa5f275ad7a8d52fa,Dino Transport #23,DELIVERLOAD,False,29,29,29,29,29,29,29,29,29,29,29,29,29,29,29,29,29,29,29,29,29,29,29,29,29
6380eae07571e116566417d2,6704496fa5f275ad7a8d52fa,Dino Transport #23,HOOKCONTAINER,False,20,20,20,20,20,20,20,20,20,20,20,20,20,20,20,20,20,20,20,20,20,20,20,20,20
6380eae07571e116566417d2,689375f7ad3a2f57bd4bb022,Dino Warehouse #130,DELIVERLOAD,True,56,56,56,56,56,56,56,56,56,56,56,56,56,56,56,56,56,56,56,56,56,56,56,56,56
6380eae07571e116566417d2,67acd26e60f9fe3d0bfc779d,Direct Liquidation Vancouver,DELIVERLOAD,False,54,54,54,54,54,54,54,54,54,54,54,54,54,54,54,54,54,54,54,54,54,54,54,54,54
6380eae07571e116566417d2,67acd26e60f9fe3d0bfc779d,Direct Liquidation Vancouver,HOOKCONTAINER,False,20,20,20,20,20,20,20,20,20,20,20,20,20,20,20,20,20,20,20,20,20,20,20,20,20
6380eae07571e116566417d2,638e4f33d07518161966a802,DIRTT ENVIRONMENTAL SOLUTIONS.,DELIVERLOAD,False,5,5,5,5,5,5,5,5,5,5,5,5,5,5,5,5,5,5,5,5,5,5,5,5,5
6380eae07571e116566417d2,638e4f33d07518161966a802,DIRTT ENVIRONMENTAL SOLUTIONS.,DELIVERLOAD,True,169,169,169,169,169,169,169,169,169,169,169,169,169,169,169,169,169,169,169,169,169,169,169,169,169
6380eae07571e116566417d2,667036bec6c1d4bfe7d3df8b,Distribution Center,DELIVERLOAD,True,66,66,66,66,66,66,66,66,66,66,66,66,66,66,66,66,66,66,66,66,66,66,66,66,66
6380eae07571e116566417d2,66106d93fb302b6fda2d6f36,DISTRIBUTION CENTER 6080,DELIVERLOAD,True,110,110,110,110,110,110,110,110,110,110,110,110,110,110,110,110,110,110,110,110,110,110,110,110,110
6380eae07571e116566417d2,6751c1ad366ce7c46b69cd0a,Distribution Vithe Water Pickup,DELIVERLOAD,True,41,41,41,41,41,41,41,41,41,41,41,41,41,41,41,41,41,41,41,41,41,41,41,41,41
6380eae07571e116566417d2,67d2fa751ca3b51c060b4b70,Diverse Storage,DELIVERLOAD,False,29,29,29,29,29,29,29,29,29,29,29,29,29,29,29,29,29,29,29,29,29,29,29,29,29
6380eae07571e116566417d2,67e2d10ab22713cef7dc97d8,Diverse Storage,HOOKCONTAINER,False,6,6,6,6,6,6,6,6,6,6,6,6,6,6,6,6,6,6,6,6,6,6,6,6,6
6380eae07571e116566417d2,661318c418f024bb9aacf70f,Diversitree Plants Inc - Chilliwack,DELIVERLOAD,True,66,66,66,66,66,66,66,66,66,66,66,66,66,66,66,66,66,66,66,66,66,66,66,66,66
6380eae07571e116566417d2,6824d7303bb9d5d065a8f258,Divine Hardwood Flooring Ltd,DELIVERLOAD,False,5,5,5,5,5,5,5,5,5,5,5,5,5,5,5,5,5,5,5,5,5,5,5,5,5
6380eae07571e116566417d2,6824d7303bb9d5d065a8f258,Divine Hardwood Flooring Ltd,HOOKCONTAINER,False,9,9,9,9,9,9,9,9,9,9,9,9,9,9,9,9,9,9,9,9,9,9,9,9,9
6380eae07571e116566417d2,677c0320eb7606de70af98b3,DNW Distribution Inventory,DELIVERLOAD,True,66,66,66,66,66,66,66,66,66,66,66,66,66,66,66,66,66,66,66,66,66,66,66,66,66
6380eae07571e116566417d2,677c0320eb7606de70af98b3,DNW Distribution Inventory,HOOKCONTAINER,False,43,43,43,43,43,43,43,43,43,43,43,43,43,43,43,43,43,43,43,43,43,43,43,43,43
6380eae07571e116566417d2,6877d0b69db6dc8ed8d7deec,DNW DISTRIBUTION LTD UNIT 190,DELIVERLOAD,True,87,87,87,87,87,87,87,87,87,87,87,87,87,87,87,87,87,87,87,87,87,87,87,87,87
6380eae07571e116566417d2,6877d0b69db6dc8ed8d7deec,DNW DISTRIBUTION LTD UNIT 190,HOOKCONTAINER,False,12,12,12,12,12,12,12,12,12,12,12,12,12,12,12,12,12,12,12,12,12,12,12,12,12
6380eae07571e116566417d2,686d2b35d2e6c611cbd7c0bd,DOCK 34,DELIVERLOAD,False,29,29,29,29,29,29,29,29,29,29,29,29,29,29,29,29,29,29,29,29,29,29,29,29,29
6380eae07571e116566417d2,64c8290a53d2de1576057336,Dog E Katz Innovations Inc/KANE,DELIVERLOAD,False,14,14,14,14,14,14,14,14,14,14,14,14,14,14,14,14,14,14,14,14,14,14,14,14,14
6380eae07571e116566417d2,65de99af3923a717e09fde6a,Dogwood Fur Farms,DELIVERLOAD,True,175,175,175,175,175,175,175,175,175,175,175,175,175,175,175,175,175,175,175,175,175,175,175,175,175
6380eae07571e116566417d2,65a8100db502821637e405ad,DOLE FOODS OF CANADA,DELIVERLOAD,True,64,64,64,64,64,64,64,64,64,64,64,64,64,64,64,64,64,64,64,64,64,64,64,64,64
6380eae07571e116566417d2,67f0498162a8fcae091e4a09,Doman Building Materials,DELIVERLOAD,True,93,93,93,93,93,93,93,93,93,55,93,93,185,93,93,93,93,93,93,93,93,93,93,93,93
6380eae07571e116566417d2,638ebfd51de55a15fc741ea2,DOMINION NICKEL ALLOYA,DELIVERLOAD,False,29,29,29,29,29,29,29,29,29,29,29,29,29,29,29,29,29,29,29,29,29,29,29,29,29
6380eae07571e116566417d2,638ebfd51de55a15fc741ea2,DOMINION NICKEL ALLOYA,DELIVERLOAD,True,81,81,81,81,81,81,81,81,81,81,81,81,81,81,81,81,81,81,81,81,81,81,81,81,81
6380eae07571e116566417d2,6826228429470a4003cfacb4,Domino Machine Inc,DELIVERLOAD,True,35,35,35,35,35,35,35,35,35,35,35,35,35,35,35,35,35,35,35,35,35,35,35,35,35
6380eae07571e116566417d2,65133559e613b4162814b83b,Donut Times,DELIVERLOAD,False,22,22,22,22,22,22,22,22,22,22,22,22,22,22,22,22,22,22,22,22,22,22,22,22,22
6380eae07571e116566417d2,65133559e613b4162814b83b,Donut Times,DELIVERLOAD,True,74,74,74,74,74,74,74,74,74,74,74,74,74,74,20,74,74,74,74,74,74,74,74,74,74
6380eae07571e116566417d2,65133559e613b4162814b83b,Donut Times,HOOKCONTAINER,False,28,28,28,28,28,28,28,28,28,28,28,28,28,28,28,28,28,28,28,28,28,28,28,28,28
6380eae07571e116566417d2,64f8a10e1403451608111777,DOTS 11825B-105 AVE,DELIVERLOAD,True,24,24,24,24,24,24,24,24,24,24,24,24,24,24,24,24,24,24,24,24,24,24,24,24,24
6380eae07571e116566417d2,679bef2f3947146db3e2d3b7,Double A Trailers,DELIVERLOAD,False,42,42,42,42,42,42,42,42,42,42,42,42,42,42,42,42,42,42,42,42,42,42,42,42,42
6380eae07571e116566417d2,679bef2f3947146db3e2d3b7,Double A Trailers,HOOKCONTAINER,False,28,28,28,28,28,28,28,28,28,28,28,28,28,28,28,28,28,28,28,28,28,28,28,28,28
6380eae07571e116566417d2,65cd363234bdffef58242a01,DOUCETTE TRUCKING INC,DELIVERLOAD,False,29,29,29,29,29,29,29,29,29,29,29,29,29,29,29,29,29,29,29,29,29,29,29,29,29
6380eae07571e116566417d2,67dc9a5243a99beedf0ce20b,"DOW Chemical Canada Poly Tr4 laydown, BLK340,  125 Street and HWY 15",DELIVERLOAD,True,151,151,151,151,151,151,151,151,151,151,151,151,151,151,151,151,151,151,151,151,151,151,151,151,151
6380eae07571e116566417d2,639117de8e2a95165f79be27,Dow Chemical Canada Ulc,DELIVERLOAD,False,29,29,29,29,29,29,29,29,29,29,29,29,29,29,29,29,29,29,29,29,29,29,29,29,29
6380eae07571e116566417d2,639117de8e2a95165f79be27,Dow Chemical Canada Ulc,DELIVERLOAD,True,69,69,69,69,69,69,69,69,69,69,80,83,69,69,68,69,53,69,69,69,69,69,69,69,69
6380eae07571e116566417d2,688a528de27f7da9a29b2388,Dow Chemical Facility  FS2 Project LOT A 8875,DELIVERLOAD,True,88,88,88,88,88,88,88,88,88,88,88,88,88,88,88,88,88,88,88,88,88,88,88,88,88
6380eae07571e116566417d2,6728f516fec75a09b32596ac,Drexel,DELIVERLOAD,True,36,36,36,36,36,36,36,36,36,36,36,36,36,36,36,36,36,36,36,36,36,36,36,36,36
6380eae07571e116566417d2,6569065f47a0381654c6f365,Drexel - London Ontario,DELIVERLOAD,False,29,29,29,29,29,29,29,29,29,29,29,29,29,29,29,29,29,29,29,29,29,29,29,29,29
6380eae07571e116566417d2,6569065f47a0381654c6f365,Drexel - London Ontario,DELIVERLOAD,True,114,114,114,114,114,114,114,114,114,114,114,114,114,114,114,114,114,114,114,114,114,114,114,114,114
6380eae07571e116566417d2,67c228adf20dc374ba801e54,DRONEDYNAMICS,DELIVERLOAD,False,37,37,37,37,37,37,37,37,37,37,37,37,37,37,37,37,37,37,37,37,37,37,37,37,37
6380eae07571e116566417d2,67c228adf20dc374ba801e54,DRONEDYNAMICS,HOOKCONTAINER,False,12,12,12,12,12,12,12,12,12,12,12,12,12,12,12,12,12,12,12,12,12,12,12,12,12
6380eae07571e116566417d2,6809326c9baf45ab1fa8581c,DSR 2 (Warehousing),DELIVERLOAD,True,91,91,91,91,91,91,91,91,91,91,91,91,91,91,91,91,91,91,91,91,91,91,91,91,91
6380eae07571e116566417d2,686d9403b317787f32003a33,DSR Logistics Inc Calgary Terminal,DELIVERLOAD,False,21,21,21,21,21,21,21,21,21,21,21,21,21,21,21,21,21,21,21,21,21,21,21,21,21
6380eae07571e116566417d2,686d9403b317787f32003a33,DSR Logistics Inc Calgary Terminal,HOOKCONTAINER,False,3,3,3,3,3,3,3,3,3,3,3,3,3,3,3,3,3,3,3,3,3,3,3,3,3
6380eae07571e116566417d2,65a55dddf9933a15efe0b9a3,Dundee Recycling Ltd,DELIVERLOAD,True,102,102,102,102,102,102,102,102,102,102,102,102,102,102,102,102,102,102,102,102,102,102,102,102,102
6380eae07571e116566417d2,638e2fd4b91dc3160b914f71,D Unik Specialty Panels,DELIVERLOAD,False,20,20,20,20,20,20,20,20,20,20,20,20,20,20,20,20,20,20,20,20,20,20,20,20,20
6380eae07571e116566417d2,67eebe6346fe23474a53e3c0,Durabond Products Ltd.,DELIVERLOAD,True,10,10,10,10,10,10,10,10,10,10,10,10,10,10,10,10,10,10,10,10,10,10,10,10,10
6380eae07571e116566417d2,67eebe8a5bad04ff152fe69b,Durabond Products Ltd. EDM,DELIVERLOAD,True,68,68,68,68,68,68,68,68,68,68,68,68,68,68,68,68,68,68,68,68,68,68,68,68,68
6380eae07571e116566417d2,66ba6a94dbec964ed4549b8f,Durabond - Scarborough,DELIVERLOAD,True,121,121,121,121,121,121,121,121,121,121,121,121,121,121,121,121,121,121,121,121,121,121,121,121,121
6380eae07571e116566417d2,638e6247499bdc16072431e9,Duraguard Fence,DELIVERLOAD,False,74,74,74,74,74,74,74,74,74,74,74,74,74,74,74,74,74,74,74,74,74,74,74,74,74
6380eae07571e116566417d2,638e6247499bdc16072431e9,Duraguard Fence,HOOKCONTAINER,False,81,81,81,81,81,81,81,81,81,81,81,81,81,81,81,81,81,81,81,81,81,81,81,81,81
6380eae07571e116566417d2,6871431a4241d697abfebc5e,Dura-Lite Heat Transfer Products Ltd.,DELIVERLOAD,False,48,48,48,48,48,48,48,48,48,48,48,48,48,48,48,48,48,48,48,48,48,48,48,48,48
6380eae07571e116566417d2,6871431a4241d697abfebc5e,Dura-Lite Heat Transfer Products Ltd.,HOOKCONTAINER,False,7,7,7,7,7,7,7,7,7,7,7,7,7,7,7,7,7,7,7,7,7,7,7,7,7
6380eae07571e116566417d2,65381c31f46bb77800a2ed88,DUROCK ALFACING INTERNATIONAL LIMITED,DELIVERLOAD,True,66,66,66,66,66,66,66,66,66,66,66,66,66,66,66,66,66,66,66,66,66,66,66,66,66
6380eae07571e116566417d2,64874ba0f0edcd1642ddcdda,Dutrion North  America LTD,DELIVERLOAD,True,87,87,87,87,87,87,87,87,87,87,87,87,87,87,87,87,87,87,87,87,87,87,87,87,87
6380eae07571e116566417d2,68016fc3c4e740a822ada969,DW ENTERPRISE,DELIVERLOAD,True,57,57,57,57,57,57,57,57,57,57,57,57,57,57,57,57,57,57,57,57,57,57,57,57,57
6380eae07571e116566417d2,638e69935d19cf15e262469a,Dynamic Furniture,DELIVERLOAD,False,23,23,23,23,23,23,23,23,23,23,20,23,23,23,23,23,23,23,23,23,23,23,23,23,23
6380eae07571e116566417d2,638e69935d19cf15e262469a,Dynamic Furniture,DELIVERLOAD,True,12,12,12,12,12,12,12,12,12,12,12,12,12,12,12,12,12,12,12,12,12,12,12,12,12
6380eae07571e116566417d2,638e69935d19cf15e262469a,Dynamic Furniture,HOOKCONTAINER,False,16,16,16,16,16,16,16,16,16,16,16,16,16,16,16,16,16,48,8,16,16,16,16,16,16
6380eae07571e116566417d2,638e511cd07518161966a95d,Dynasty Furniture,DELIVERLOAD,False,15,15,15,15,15,15,15,15,15,18,23,8,6,6,15,12,12,18,15,15,15,15,15,15,15
6380eae07571e116566417d2,638e511cd07518161966a95d,Dynasty Furniture,DELIVERLOAD,True,76,76,76,76,76,76,76,76,76,76,76,76,76,76,76,76,76,76,76,76,76,76,76,76,76
6380eae07571e116566417d2,638e511cd07518161966a95d,Dynasty Furniture,HOOKCONTAINER,False,18,18,18,18,18,18,18,18,18,18,18,18,50,5,17,15,18,14,18,12,18,18,18,18,18
6380eae07571e116566417d2,638e511cd07518161966a95d,Dynasty Furniture,PULLCONTAINER,False,88,88,88,88,88,88,88,88,88,88,88,88,88,88,88,88,88,88,88,88,88,88,88,88,88
6380eae07571e116566417d2,659ee9b9651141163afb7d2d,Dynasty Furniture,DELIVERLOAD,False,43,43,43,43,43,43,139,106,17,6,43,43,43,43,43,43,43,43,43,43,43,43,43,43,43
6380eae07571e116566417d2,659ee9b9651141163afb7d2d,Dynasty Furniture,DELIVERLOAD,True,132,132,132,132,132,132,132,175,132,132,35,132,132,132,132,132,132,132,132,132,132,132,132,132,132
6380eae07571e116566417d2,66e5ffb9f1f0a8ba07ab449c,DYNASTY FURNITURE MANUFACTURING,DELIVERLOAD,False,53,53,53,53,53,53,53,53,53,53,53,53,53,53,53,53,53,53,53,53,53,53,53,53,53
6380eae07571e116566417d2,66e5ffb9f1f0a8ba07ab449c,DYNASTY FURNITURE MANUFACTURING,DELIVERLOAD,True,26,26,26,26,26,26,26,26,26,26,26,26,26,26,26,26,26,26,26,26,26,26,26,26,26
6380eae07571e116566417d2,66e5ffb9f1f0a8ba07ab449c,DYNASTY FURNITURE MANUFACTURING,HOOKCONTAINER,False,16,16,16,16,16,16,16,16,16,16,16,16,16,16,16,16,16,16,16,16,16,16,16,16,16
6380eae07571e116566417d2,654fd050505ab7159a2854a8,DYNASTY TORONTO FINISHED GOODS,DELIVERLOAD,False,12,12,12,12,12,12,12,12,12,12,12,12,12,12,12,12,12,12,12,12,12,12,12,12,12
6380eae07571e116566417d2,638e4f33d07518161966a80b,Dyson Canada Inc  Mississauga ON,DELIVERLOAD,True,125,125,125,125,125,125,125,125,125,125,125,125,125,125,125,125,125,125,125,125,125,125,125,125,125
6380eae07571e116566417d2,67bf4e05457f6808eced6ef1,E360,DELIVERLOAD,True,66,66,66,66,66,66,66,66,66,66,66,66,66,66,66,66,66,66,66,66,66,66,66,66,66
6380eae07571e116566417d2,66a7d4b1d661ea0611644b96,E360S,DELIVERLOAD,False,30,30,30,30,30,30,30,30,30,30,30,30,30,30,30,30,30,30,30,30,30,30,30,30,30
6380eae07571e116566417d2,67f5866e05a1c15cac8754d9,EAGLE ALLOYS LTD,DELIVERLOAD,True,56,56,56,56,56,56,56,56,56,56,56,56,56,56,56,56,56,56,56,56,56,56,56,56,56
6380eae07571e116566417d2,67c61ff65afa6b9a6d6dcb40,Eagle Dallas Spring Investors ULC,DELIVERLOAD,False,48,48,48,48,48,48,48,48,48,48,48,48,48,48,48,48,48,48,48,48,48,48,48,48,48
6380eae07571e116566417d2,67c61ff65afa6b9a6d6dcb40,Eagle Dallas Spring Investors ULC,DELIVERLOAD,True,45,45,45,45,45,45,45,45,45,45,45,45,45,45,45,45,45,45,45,45,45,45,45,45,45
6380eae07571e116566417d2,67b796eb7fe2515f80e83741,Eagle lake turf farms,DELIVERLOAD,False,29,29,29,29,29,29,29,29,29,29,29,29,29,29,29,29,29,29,29,29,29,29,29,29,29
6380eae07571e116566417d2,65d8f022bfe6b69a5d0caf3b,Earths Own Annacis warehouse,DELIVERLOAD,True,110,110,110,110,110,110,110,110,110,110,110,110,110,110,110,110,110,110,110,110,110,110,110,110,110
6380eae07571e116566417d2,638f5669648f7a162c61a97b,Earth's Own Company,DELIVERLOAD,True,59,59,59,59,59,59,59,59,59,59,59,59,59,59,59,59,59,59,59,59,59,59,59,59,59
6380eae07571e116566417d2,65ec976ad29d4560c4f4d82f,Earth's Own Foods Inc G&H,DELIVERLOAD,True,111,111,111,111,111,111,111,111,111,111,111,111,111,111,42,111,111,111,111,111,111,111,111,111,111
6380eae07571e116566417d2,6419c5f0e1ccd915bba61bfa,EASTBAY TRADING,DELIVERLOAD,False,53,53,53,53,53,53,53,53,53,53,53,53,53,53,53,53,53,53,53,53,53,53,53,53,53
6380eae07571e116566417d2,6419c5f0e1ccd915bba61bfa,EASTBAY TRADING,DELIVERLOAD,True,59,59,59,59,59,59,59,59,59,59,59,59,59,59,59,59,59,59,59,59,59,59,59,59,59
6380eae07571e116566417d2,6419c5f0e1ccd915bba61bfa,EASTBAY TRADING,HOOKCONTAINER,False,19,19,19,19,19,19,19,19,19,19,19,19,19,19,19,19,19,19,19,19,19,19,19,19,19
6380eae07571e116566417d2,6463cd0af6ce84162f2ed8cf,EBERHARDT FOODS LTD,DELIVERLOAD,False,46,46,46,46,46,46,46,46,46,46,46,46,46,46,46,46,46,46,46,46,46,46,46,46,46
6380eae07571e116566417d2,6463cd0af6ce84162f2ed8cf,EBERHARDT FOODS LTD,HOOKCONTAINER,False,20,20,20,20,20,20,20,20,20,20,20,20,20,20,20,20,20,20,20,20,20,20,20,20,20
6380eae07571e116566417d2,638e47d11de55a15fc74116b,Eberhardt Foods Ltd Edm,DELIVERLOAD,True,85,85,85,85,85,85,85,85,85,85,85,85,85,85,85,85,85,85,85,85,85,85,85,85,85
6380eae07571e116566417d2,641b66fdadec571610ed1da6,ECCO TRANSPORT,DELIVERLOAD,False,65,65,65,65,65,65,65,65,65,65,65,65,65,65,65,65,65,65,65,65,65,65,65,65,65
6380eae07571e116566417d2,641b66fdadec571610ed1da6,ECCO TRANSPORT,DELIVERLOAD,True,120,120,120,120,120,120,120,120,120,120,120,120,120,120,120,120,120,120,120,120,120,120,120,120,120
6380eae07571e116566417d2,668d98ead4a01bef5cb3baef,ECCO TRANSPORT SERVICES,DELIVERLOAD,False,63,63,63,63,63,63,63,63,63,63,63,63,63,63,63,63,63,63,63,63,63,63,63,63,63
6380eae07571e116566417d2,668d98ead4a01bef5cb3baef,ECCO TRANSPORT SERVICES,DELIVERLOAD,True,146,146,146,146,146,146,146,146,146,146,146,146,146,146,146,146,146,146,146,146,146,146,146,146,146
6380eae07571e116566417d2,638ebfd51de55a15fc741eb6,ECHELON SUPPLY,DELIVERLOAD,False,38,38,38,38,38,38,38,38,38,38,38,38,38,38,38,38,38,38,38,38,38,38,38,38,38
6380eae07571e116566417d2,66b23e4d7d36abd66744a035,ECOLINE WINDOWS,DELIVERLOAD,False,3,3,3,3,3,3,3,3,3,3,3,3,3,3,3,3,3,3,3,3,3,3,3,3,3
6380eae07571e116566417d2,66b23e4d7d36abd66744a035,ECOLINE WINDOWS,HOOKCONTAINER,False,54,54,54,54,54,54,54,54,54,54,54,54,54,54,54,54,54,54,54,54,54,54,54,54,54
6380eae07571e116566417d2,65ea44c3d93f6a33dd1d8c9a,Ecoline Windows and Doors,DELIVERLOAD,False,5,5,5,5,5,5,5,5,5,5,5,5,5,5,5,5,5,5,5,5,5,5,5,5,5
6380eae07571e116566417d2,65ea44c3d93f6a33dd1d8c9a,Ecoline Windows and Doors,HOOKCONTAINER,False,17,17,17,17,17,17,17,17,17,17,17,17,17,17,17,17,17,17,17,17,17,17,17,17,17
6380eae07571e116566417d2,662934b220a9cf243ff9e139,Ecoline Windows and Doors - EDM,DELIVERLOAD,False,27,27,27,27,27,27,27,27,27,27,27,27,27,27,27,27,27,27,27,27,27,27,27,27,27
6380eae07571e116566417d2,662934b220a9cf243ff9e139,Ecoline Windows and Doors - EDM,HOOKCONTAINER,False,45,45,45,45,45,45,45,45,45,45,45,45,45,45,45,45,45,45,45,45,45,45,45,45,45
6380eae07571e116566417d2,6706a7dc0e7b8927a7c4e1bd,ECOM DC 2028,DELIVERLOAD,False,29,29,29,29,29,29,29,29,29,29,29,29,29,29,29,29,29,29,29,29,29,29,29,29,29
6380eae07571e116566417d2,67b653d123d4214a4a9a7301,ECS ELECTRICAL CABLE - Edmonton,DELIVERLOAD,True,107,107,107,107,107,107,107,107,107,107,107,107,107,107,107,107,107,107,107,107,107,107,107,107,107
6380eae07571e116566417d2,683df5cdcb21c677320739a7,Edelweiss Imports,DELIVERLOAD,True,96,96,96,96,96,96,96,96,96,96,96,96,96,96,96,96,96,96,96,96,96,96,96,96,96
6380eae07571e116566417d2,687fddb6dbb5217516319108,Edelweiss Imports Ltd BAY 3,DELIVERLOAD,True,140,140,140,140,140,140,140,140,140,140,140,140,140,140,140,140,140,140,140,140,140,140,140,140,140
6380eae07571e116566417d2,638e63bc7c780a16503cad4d,Eden Textile,DELIVERLOAD,False,29,29,29,29,29,29,29,29,29,29,29,29,29,29,29,29,29,29,29,29,29,29,29,29,29
6380eae07571e116566417d2,638e63bc7c780a16503cad4d,Eden Textile,DELIVERLOAD,True,66,66,66,66,66,66,66,66,66,66,66,66,66,66,66,66,66,66,66,66,66,66,66,66,66
6380eae07571e116566417d2,638e63bc7c780a16503cad4d,Eden Textile,HOOKCONTAINER,False,40,40,40,40,40,40,40,40,40,40,40,40,40,40,40,40,40,40,40,40,40,40,40,40,40
6380eae07571e116566417d2,685b0942bb8244b3b7b51769,EDGEWATER FURNISHINGS INC.,DELIVERLOAD,True,48,48,48,48,48,48,48,48,48,48,48,48,48,48,48,48,48,48,48,48,48,48,48,48,48
6380eae07571e116566417d2,638e55986df97715f0f39510,Edgewood Matting Ltd,DELIVERLOAD,False,16,16,16,16,16,16,16,16,16,16,16,16,16,16,16,16,16,16,16,16,16,16,16,16,16
6380eae07571e116566417d2,638e55986df97715f0f39510,Edgewood Matting Ltd,HOOKCONTAINER,False,17,17,17,17,17,17,17,17,17,17,17,17,17,17,17,17,17,17,17,17,17,17,17,17,17
6380eae07571e116566417d2,67d471a8fc64726666c75e63,"EDMONTON, 1",DELIVERLOAD,True,65,65,65,65,65,65,65,65,65,65,65,65,65,65,65,65,65,65,65,65,65,65,65,65,65
6380eae07571e116566417d2,67d9880562ae947a6a256265,"EDMONTON, 1",DELIVERLOAD,False,60,60,60,60,60,60,60,60,60,60,60,60,60,60,60,60,60,60,60,60,60,60,60,60,60
6380eae07571e116566417d2,67d9880562ae947a6a256265,"EDMONTON, 1",DELIVERLOAD,True,133,133,133,133,133,133,133,133,133,133,133,198,133,85,88,133,133,133,133,133,133,133,133,133,133
6380eae07571e116566417d2,641dffac509d4d16594986e0,EDMONTON CROSS DOCK,DELIVERLOAD,True,11,11,11,11,11,11,11,11,11,11,11,11,11,11,11,11,11,11,11,11,11,11,11,11,11
6380eae07571e116566417d2,686ed0dacf7491ba48de6d75,Edmonton Fabrication Center,DELIVERLOAD,True,25,25,25,25,25,25,25,25,25,25,25,25,25,25,25,25,25,25,25,25,25,25,25,25,25
6380eae07571e116566417d2,64a6f4ded2bf02165f7d8635,Edmonton Granite Memorials Ltd,DELIVERLOAD,False,68,68,68,68,68,68,68,68,68,68,68,68,68,68,68,68,68,68,68,68,68,68,68,68,68
6380eae07571e116566417d2,64a6f4ded2bf02165f7d8635,Edmonton Granite Memorials Ltd,DELIVERLOAD,True,112,112,112,112,112,112,112,112,112,112,112,112,112,112,112,112,112,112,112,112,112,112,112,112,112
6380eae07571e116566417d2,6441b9a8a0a34316507a57bc,Edmonton/Hoover CS,DELIVERLOAD,False,29,29,29,29,29,29,29,29,29,29,29,29,29,29,29,29,29,29,29,29,29,29,29,29,29
6380eae07571e116566417d2,6441b9a8a0a34316507a57bc,Edmonton/Hoover CS,DELIVERLOAD,True,119,119,119,119,119,119,119,119,119,119,119,119,119,119,119,119,119,119,119,119,119,119,119,119,119
6380eae07571e116566417d2,65e8ae8a8867f0a4d7939002,EDMONTON PROD - DC,DELIVERLOAD,True,61,61,61,61,61,61,61,61,61,61,61,61,61,61,61,61,61,61,61,61,61,61,61,61,61
6380eae07571e116566417d2,671124f99f541de3fc426f02,EDMONTON PROD - DC,DELIVERLOAD,False,18,18,18,18,18,18,18,18,18,18,18,18,18,18,18,18,18,18,18,18,18,18,18,18,18
6380eae07571e116566417d2,671124f99f541de3fc426f02,EDMONTON PROD - DC,DELIVERLOAD,True,9,9,9,9,9,9,9,9,9,9,9,9,9,7,9,9,9,9,9,9,9,9,9,9,9
6380eae07571e116566417d2,671124f99f541de3fc426f02,EDMONTON PROD - DC,HOOKCONTAINER,False,76,76,76,76,76,76,76,76,76,76,76,76,76,76,76,76,76,76,76,76,76,76,76,76,76
6380eae07571e116566417d2,638e560044d310163242c13f,Edmonton Proddc (Labatt Brewing),DELIVERLOAD,False,29,29,29,29,29,29,29,29,29,29,29,29,29,29,29,29,29,29,29,29,29,29,29,29,29
6380eae07571e116566417d2,638e560044d310163242c13f,Edmonton Proddc (Labatt Brewing),DELIVERLOAD,True,35,35,35,35,35,35,35,35,35,35,35,35,35,35,35,35,35,35,35,35,35,35,35,35,35
6380eae07571e116566417d2,638e560044d310163242c13f,Edmonton Proddc (Labatt Brewing),HOOKCONTAINER,False,50,50,50,50,50,50,50,50,50,50,50,50,50,48,134,50,50,50,50,50,50,50,50,50,50
6380eae07571e116566417d2,638e560044d310163242c13f,Edmonton Proddc (Labatt Brewing),PULLCONTAINER,False,17,17,17,17,17,17,17,17,17,17,17,17,17,17,17,17,17,17,17,17,17,17,17,17,17
6380eae07571e116566417d2,67e7155fd2fbe524083e5930,Edmonton/Saputo Dairy Products,DELIVERLOAD,True,56,56,56,56,56,56,56,56,56,56,56,56,56,56,56,56,56,56,56,56,56,56,56,56,56
6380eae07571e116566417d2,682ce22fab720d7b958fe62d,Edmonton/Sterling Warehouse C/O Arrow.,DELIVERLOAD,True,112,112,112,112,112,112,112,112,112,112,112,112,112,112,112,112,112,112,112,112,112,112,112,112,112
6380eae07571e116566417d2,65e27d15a16f5dad95367777,Edmonton Yard (Transource),DELIVERLOAD,True,50,50,50,50,50,50,50,50,50,50,15,23,50,50,50,50,50,50,50,50,50,50,50,50,50
6380eae07571e116566417d2,65e27d15a16f5dad95367777,Edmonton Yard (Transource),HOOKCONTAINER,False,49,49,49,49,49,49,49,49,49,49,49,49,49,49,49,49,49,49,49,49,49,49,49,49,49
6380eae07571e116566417d2,678800847620a2d100f379c3,EDM YARD (EDMONTON),HOOKCONTAINER,False,45,45,45,45,45,45,45,45,45,45,45,45,45,45,45,45,45,45,45,45,45,45,45,45,45
6380eae07571e116566417d2,6532b45874650c1674cb075b,ED Smith Hamilton,DELIVERLOAD,True,10,10,10,10,10,10,10,10,10,10,10,10,10,10,10,10,10,10,10,10,10,10,10,10,10
6380eae07571e116566417d2,66b3c97a54a018bf0a2ed06c,Edson,DELIVERLOAD,True,66,66,66,66,66,66,66,66,66,66,66,66,66,66,66,66,66,66,66,66,66,66,66,66,66
6380eae07571e116566417d2,68892b7fa1e1c715e949785f,Edwlweiss Bay 3,DELIVERLOAD,True,49,49,49,49,49,49,49,49,49,49,49,49,49,49,49,49,49,49,49,49,49,49,49,49,49
6380eae07571e116566417d2,681a3c07ec58b53205832ceb,EECOL ELECTRIC,DELIVERLOAD,True,24,24,24,24,24,24,24,24,24,24,24,24,24,24,24,24,24,24,24,24,24,24,24,24,24
6380eae07571e116566417d2,6723b7558da9c7e548e08846,ELASTOCHEM SPECIALTY CHEMICALS,DELIVERLOAD,False,29,29,29,29,29,29,29,29,29,29,29,29,29,29,29,29,29,29,29,29,29,29,29,29,29
6380eae07571e116566417d2,6723b7558da9c7e548e08846,ELASTOCHEM SPECIALTY CHEMICALS,DELIVERLOAD,True,56,56,56,56,56,56,56,56,56,56,56,56,56,56,56,56,56,56,56,56,56,56,56,56,56
6380eae07571e116566417d2,64d7b1c1a193cc158c43b62d,Elecon Systems Ltd,DELIVERLOAD,True,45,45,45,45,45,45,45,45,45,45,45,45,45,45,45,45,45,45,45,45,45,45,45,45,45
6380eae07571e116566417d2,668daee3a320441235f18a37,ELECTRICAL WHOLESALERS CALGARY LTD.,DELIVERLOAD,True,30,30,30,30,30,30,30,30,30,30,30,30,30,30,30,30,30,30,30,30,30,30,30,30,30
6380eae07571e116566417d2,679be8d14bb836be32a3ccff,ELECTRO CABLES,DELIVERLOAD,True,74,74,74,74,74,74,74,74,74,130,74,173,74,74,74,74,74,74,74,74,74,74,74,74,74
6380eae07571e116566417d2,67a28cd041a9a675b5f3c7b1,Electrolux Canada,DELIVERLOAD,False,11,11,11,11,11,11,11,11,11,11,11,11,11,11,11,11,11,11,11,11,11,11,11,11,11
6380eae07571e116566417d2,65a9a6e9bb6d3c160530524b,ELECTRONIC RECYCLING ASSOCIATION,DELIVERLOAD,False,38,38,38,38,38,38,38,38,38,38,38,38,38,38,38,38,38,38,38,38,38,38,38,38,38
6380eae07571e116566417d2,65a9a6e9bb6d3c160530524b,ELECTRONIC RECYCLING ASSOCIATION,DELIVERLOAD,True,66,66,66,66,66,66,66,66,66,66,66,66,66,66,66,66,66,66,66,66,66,66,66,66,66
6380eae07571e116566417d2,65a9a6e9bb6d3c160530524b,ELECTRONIC RECYCLING ASSOCIATION,HOOKCONTAINER,False,59,59,59,59,59,59,59,59,59,59,59,59,59,59,59,59,59,59,59,59,59,59,59,59,59
6380eae07571e116566417d2,67ffbaf800517fe92fde3471,Elephate Express LTD,DELIVERLOAD,False,41,41,41,41,41,41,41,41,41,41,41,41,41,41,41,41,41,41,41,41,41,41,41,41,41
6380eae07571e116566417d2,67ffbaf800517fe92fde3471,Elephate Express LTD,HOOKCONTAINER,False,18,18,18,18,18,18,18,18,18,18,18,18,18,18,18,18,18,18,18,18,18,18,18,18,18
6380eae07571e116566417d2,66904cfd6950e1936ed937dd,elevation supplies,HOOKCONTAINER,False,46,46,46,46,46,46,46,46,46,46,46,46,46,46,46,46,46,46,46,46,46,46,46,46,46
6380eae07571e116566417d2,638e2fd4b91dc3160b914ee9,Elg Canada Inc.,DELIVERLOAD,False,29,29,29,29,29,29,29,29,29,29,29,29,29,29,29,29,29,29,29,29,29,29,29,29,29
6380eae07571e116566417d2,638e2fd4b91dc3160b914ee9,Elg Canada Inc.,DELIVERLOAD,True,25,25,25,25,25,25,25,25,25,25,44,25,25,25,25,25,25,25,25,25,25,25,25,25,25
6380eae07571e116566417d2,66cf5dd78978b53306d0748d,Elite Home Stucco Ltd,DELIVERLOAD,True,9,9,9,9,9,9,9,9,9,9,9,9,9,9,9,9,9,9,9,9,9,9,9,9,9
6380eae07571e116566417d2,6888e96068b54ad93cb4bf83,Elite TSV LTD.,DELIVERLOAD,False,26,26,26,26,26,26,26,26,26,26,26,26,26,26,26,26,26,26,26,26,26,26,26,26,26
6380eae07571e116566417d2,6888e96068b54ad93cb4bf83,Elite TSV LTD.,HOOKCONTAINER,False,6,6,6,6,6,6,6,6,6,6,6,6,6,6,6,6,6,6,6,6,6,6,6,6,6
6380eae07571e116566417d2,65ba908bd508b27e413a23da,ELLIS PACKAGING LIMITED,DELIVERLOAD,True,112,112,112,112,112,112,112,112,112,112,112,112,112,112,112,112,112,112,112,112,112,112,112,112,112
6380eae07571e116566417d2,65fde14b83995f9bbe954cf6,ELMIRA PET PRODUCTS,DELIVERLOAD,True,87,87,87,87,87,87,87,87,87,87,87,87,87,87,87,87,87,87,87,87,87,87,87,87,87
6380eae07571e116566417d2,65fde14b83995f9bbe954cf6,ELMIRA PET PRODUCTS,PULLCONTAINER,False,63,63,63,63,63,63,63,63,63,63,63,63,63,63,63,63,63,63,63,63,63,63,63,63,63
6380eae07571e116566417d2,680bffb3e60df15bad04a059,El Molino Foods Ltd,DELIVERLOAD,True,8,8,8,8,8,8,8,8,8,8,8,8,8,8,8,8,8,8,8,8,8,8,8,8,8
6380eae07571e116566417d2,680bffb3e60df15bad04a059,El Molino Foods Ltd,PULLCONTAINER,False,29,29,29,29,29,29,29,29,29,29,29,29,29,29,29,29,29,29,29,29,29,29,29,29,29
6380eae07571e116566417d2,67db2399e8f80dec3d60818e,Elpro Elevators & Lifts,DELIVERLOAD,True,88,88,88,88,88,88,88,88,88,88,88,88,88,88,88,88,88,88,88,88,88,88,88,88,88
6380eae07571e116566417d2,644c35b438f65c163d1db6be,ELRUS AGGREGATE SYSTEMS LTD,HOOKCONTAINER,False,85,85,85,85,85,85,85,85,85,85,85,85,85,85,85,85,85,85,85,85,85,85,85,85,85
6380eae07571e116566417d2,651320cfc5e9f815f9a5c30d,Emco #124,DELIVERLOAD,False,51,51,51,51,51,51,51,51,51,51,51,51,51,51,51,51,51,51,51,51,51,51,51,51,51
6380eae07571e116566417d2,651320cfc5e9f815f9a5c30d,Emco #124,HOOKCONTAINER,False,11,11,11,11,11,11,11,11,11,11,11,11,11,11,11,11,11,11,11,11,11,11,11,11,11
6380eae07571e116566417d2,66390e90334b69e5dc74a232,EMCO 763 PLUMBING AIRDRIE,DELIVERLOAD,False,64,64,64,64,64,64,64,64,64,64,64,64,64,64,64,64,64,64,64,64,64,64,64,64,64
6380eae07571e116566417d2,6892105fdfe2d7f1e97467cd,Emco 855 Burnaby Hvac,DELIVERLOAD,True,146,146,146,146,146,146,146,146,146,146,146,146,146,146,146,146,146,146,146,146,146,146,146,146,146
6380eae07571e116566417d2,64f237a092a1f3161b5389b8,Emco Calgary Foothills,DELIVERLOAD,False,11,11,11,11,11,11,11,11,11,11,11,11,11,11,11,11,11,11,11,11,11,11,11,11,11
6380eae07571e116566417d2,64f237a092a1f3161b5389b8,Emco Calgary Foothills,HOOKCONTAINER,False,13,13,13,13,13,13,13,13,13,13,13,13,13,13,13,13,13,13,13,13,13,13,13,13,13
6380eae07571e116566417d2,639117de8e2a95165f79bdf7,Emco Calgary Foothills 702,DELIVERLOAD,False,18,18,18,18,18,18,18,18,18,18,18,18,18,18,18,18,18,18,18,18,18,18,18,18,18
6380eae07571e116566417d2,639117de8e2a95165f79bdf7,Emco Calgary Foothills 702,DELIVERLOAD,True,66,66,66,66,66,66,66,66,66,66,66,66,66,66,66,66,66,66,66,66,66,66,66,66,66
6380eae07571e116566417d2,639117de8e2a95165f79bdf7,Emco Calgary Foothills 702,HOOKCONTAINER,False,20,20,20,20,20,20,20,20,20,20,20,20,20,20,20,20,20,20,20,20,20,20,20,20,20
6380eae07571e116566417d2,64554a19f494de162ee63e4f,EMCO EDMONTON WEST,DELIVERLOAD,False,21,21,21,21,21,21,21,21,21,21,21,21,21,21,21,21,21,21,21,21,21,21,21,21,21
6380eae07571e116566417d2,64554a19f494de162ee63e4f,EMCO EDMONTON WEST,HOOKCONTAINER,False,32,32,32,32,32,32,32,32,32,32,32,32,32,32,32,32,32,32,32,32,32,32,32,32,32
6380eae07571e116566417d2,653ab54df690ad164224ef39,EMCO LETHBRIDGE - #755,DELIVERLOAD,False,29,29,29,29,29,29,29,29,29,29,29,29,29,29,29,29,29,29,29,29,29,29,29,29,29
6380eae07571e116566417d2,638e2fd4b91dc3160b914f4a,EMCO RED DEER 718,DELIVERLOAD,True,66,66,66,66,66,66,66,66,66,66,66,66,66,66,66,66,66,66,66,66,66,66,66,66,66
6380eae07571e116566417d2,638e2fd4b91dc3160b914fb3,EMPIRE BANQUET HALL,HOOKCONTAINER,False,20,20,20,20,20,20,20,20,20,20,20,20,20,20,20,20,20,20,20,20,20,20,20,20,20
6380eae07571e116566417d2,67c85d5d73c99e18ae0996f4,EMPIRE DISTRIBUTIONS INC,DELIVERLOAD,True,68,68,68,68,68,68,68,68,68,68,68,68,68,68,68,68,68,68,68,68,68,68,68,68,68
6380eae07571e116566417d2,6393c2fa6d10ed163914ea64,EMPIRE METALS,DELIVERLOAD,True,66,66,66,66,66,66,66,66,66,66,66,66,66,66,66,66,66,66,66,66,66,66,66,66,66
6380eae07571e116566417d2,66edea1949f405a0629e43aa,Empire Metals & Recycling - Edmonton AB,DELIVERLOAD,True,127,127,127,127,127,127,127,127,127,127,127,127,127,127,127,127,127,127,127,127,127,127,127,127,127
6380eae07571e116566417d2,66edea1949f405a0629e43aa,Empire Metals & Recycling - Edmonton AB,HOOKCONTAINER,False,56,56,56,56,56,56,56,56,56,56,56,56,56,56,56,56,56,56,56,56,56,56,56,56,56
6380eae07571e116566417d2,686ea7bcabcbe832eccded6d,EM PLastics #110,DELIVERLOAD,False,64,64,64,64,64,64,64,64,64,64,64,64,64,64,64,64,64,64,64,64,64,64,64,64,64
6380eae07571e116566417d2,6393c2fa6d10ed163914eae3,EMPRESS EASYWEAR INC.,DELIVERLOAD,False,30,30,30,30,30,30,30,30,30,30,30,30,30,30,30,30,30,30,30,30,30,30,30,30,30
6380eae07571e116566417d2,66ed8b10edf97beb41d40c8b,ENCAN GIQ,DELIVERLOAD,False,76,76,76,76,76,76,76,76,76,76,76,76,76,76,76,76,76,76,76,76,76,76,76,76,76
6380eae07571e116566417d2,66ed8b10edf97beb41d40c8b,ENCAN GIQ,DELIVERLOAD,True,4,4,4,4,4,4,4,4,4,4,4,4,4,4,4,4,4,4,4,4,4,4,4,4,4
6380eae07571e116566417d2,66ed8b10edf97beb41d40c8b,ENCAN GIQ,HOOKCONTAINER,False,48,48,48,48,48,48,48,48,48,48,48,48,48,48,48,48,48,48,48,48,48,48,48,48,48
6380eae07571e116566417d2,684aea009a674f611bf4c1f1,Encompass Logistics,DELIVERLOAD,False,29,29,29,29,29,29,29,29,29,29,29,29,29,29,29,29,29,29,29,29,29,29,29,29,29
6380eae07571e116566417d2,684aea009a674f611bf4c1f1,Encompass Logistics,DELIVERLOAD,True,180,180,180,180,180,180,180,180,180,180,180,180,180,180,180,180,180,180,180,180,180,180,180,180,180
6380eae07571e116566417d2,638e47d11de55a15fc7411a1,Endura Manufacturing Co.,DELIVERLOAD,False,9,9,9,9,9,9,9,9,9,9,9,9,9,9,9,9,9,9,9,9,9,9,9,9,9
6380eae07571e116566417d2,638e47d11de55a15fc7411a1,Endura Manufacturing Co.,HOOKCONTAINER,False,20,20,20,20,20,20,20,20,20,20,20,20,20,20,20,20,20,20,20,20,20,20,20,20,20
6380eae07571e116566417d2,64cd7aef0b7dad15ff7eeec6,ENERLINK CORPORATION,DELIVERLOAD,False,76,76,76,76,76,76,76,76,76,76,76,76,76,76,76,76,76,76,76,76,76,76,76,76,76
6380eae07571e116566417d2,64cd7aef0b7dad15ff7eeec6,ENERLINK CORPORATION,DELIVERLOAD,True,85,85,85,85,85,85,85,85,85,85,85,85,85,85,85,85,85,85,85,85,85,85,85,85,85
6380eae07571e116566417d2,64c2d048aa7de91620c6f44e,ENFLOW INDUSTRIES INC.BAY K,DELIVERLOAD,True,96,96,96,96,96,96,96,96,96,96,96,96,96,96,96,96,96,96,96,96,96,96,96,96,96
6380eae07571e116566417d2,64c2d048aa7de91620c6f44e,ENFLOW INDUSTRIES INC.BAY K,HOOKCONTAINER,False,54,54,54,54,54,54,54,54,54,54,54,54,54,54,54,54,54,54,54,54,54,54,54,54,54
6380eae07571e116566417d2,646d37133b8bc7165d5db546,Engineered Power,DELIVERLOAD,False,56,56,56,56,56,56,56,56,56,56,56,56,56,56,56,56,56,56,56,56,56,56,56,56,56
6380eae07571e116566417d2,654bfa3a1f6e4715879bbfbd,Entreposage Herger b/o Nutrisoya Foods Inc,DELIVERLOAD,True,83,83,83,83,83,83,83,83,171,83,83,83,83,83,83,83,83,83,83,83,83,83,83,83,83
6380eae07571e116566417d2,659c5b2762d5ac163e3a8a2b,ENTREPOT OLYMEL (BOUCHERV ILLE),DELIVERLOAD,True,66,66,66,66,66,66,66,66,66,66,66,66,66,66,66,66,66,66,66,66,66,66,66,66,66
6380eae07571e116566417d2,68595acef5b8743e6f2bcc99,Entrept 10/35,DELIVERLOAD,False,29,29,29,29,29,29,29,29,29,29,29,29,29,29,29,29,29,29,29,29,29,29,29,29,29
6380eae07571e116566417d2,68595acef5b8743e6f2bcc99,Entrept 10/35,DELIVERLOAD,True,10,10,10,10,10,10,10,10,10,10,10,10,10,10,10,10,10,10,10,10,10,10,10,10,10
6380eae07571e116566417d2,68b9d80cef2f926de6e4d809,Entrept Congbec,DELIVERLOAD,True,138,138,138,138,138,138,138,138,138,138,138,138,138,138,138,138,138,138,138,138,138,138,138,138,138
6380eae07571e116566417d2,67c1faeed0dcb904d0cc5196,Environmental 360 Solutions - Calgary,DELIVERLOAD,True,96,96,96,96,96,96,96,96,96,89,136,73,96,96,102,96,136,96,92,96,96,96,96,96,96
6380eae07571e116566417d2,64a8688f0f20ff15da09f391,Environmental 360 Solutions Ltd.,DELIVERLOAD,False,26,26,26,26,26,26,26,26,26,41,43,24,25,32,19,25,22,44,23,14,25,26,26,26,26
6380eae07571e116566417d2,64a8688f0f20ff15da09f391,Environmental 360 Solutions Ltd.,DELIVERLOAD,True,76,76,76,76,76,76,76,76,76,102,91,52,79,71,94,93,47,43,26,76,76,76,76,76,76
6380eae07571e116566417d2,64a8688f0f20ff15da09f391,Environmental 360 Solutions Ltd.,HOOKCONTAINER,False,17,17,17,17,17,17,17,17,17,17,17,17,22,17,17,17,17,17,17,17,17,17,17,17,17
6380eae07571e116566417d2,64a8688f0f20ff15da09f391,Environmental 360 Solutions Ltd.,PULLCONTAINER,False,72,72,72,72,72,72,72,72,72,72,72,72,72,72,72,72,72,72,72,72,72,72,72,72,72
6380eae07571e116566417d2,6851c57c613bc8ad33881ab7,ENVIROSMART BIODEGRADABLE PRODUCTS LTD,DELIVERLOAD,True,66,66,66,66,66,66,66,66,66,66,66,66,66,66,66,66,66,66,66,66,66,66,66,66,66
6380eae07571e116566417d2,6841fd1d0d3f76975be7b59d,EPIC COMPONENTS WRAP INC. (MM031425),DELIVERLOAD,True,133,133,133,133,133,133,133,133,133,133,133,133,133,133,133,133,133,133,133,133,133,133,133,133,133
6380eae07571e116566417d2,6802ad92abe4bb55f51aa844,EPR Polymer Plant,DELIVERLOAD,False,29,29,29,29,29,29,29,29,29,29,29,29,29,29,29,29,29,29,29,29,29,29,29,29,29
6380eae07571e116566417d2,6760aac9cc49000bc53a7a4f,EPS Distribution Centre,DELIVERLOAD,True,49,49,49,49,49,49,49,49,49,49,49,49,49,49,49,49,49,49,49,49,49,49,49,49,49
6380eae07571e116566417d2,6890e5a209f2c6988719b922,Equalizer Exercise Machines LTD,DELIVERLOAD,True,43,43,43,43,43,43,43,43,43,43,43,43,43,43,43,43,43,43,43,43,43,43,43,43,43
6380eae07571e116566417d2,67f7f36ec5e5dd58a7980395,Equals - 695 Sovereign Rd,DELIVERLOAD,True,66,66,66,66,66,66,66,66,66,66,66,66,66,66,66,66,66,66,66,66,66,66,66,66,66
6380eae07571e116566417d2,67fe94bb3ddafd1db0dedbfb,Equals - 695 Sovereign Rd,PULLCONTAINER,False,12,12,12,12,12,12,12,12,12,12,12,12,12,12,12,12,12,12,12,12,12,12,12,12,12
6380eae07571e116566417d2,65a6e6a8f86165166a13202b,ERB COLD STORAGE,DELIVERLOAD,True,151,151,151,151,151,151,151,151,151,151,151,151,151,151,151,151,151,151,151,151,151,151,151,151,151
6380eae07571e116566417d2,67f01beb0a823d9ed579aabf,E.R. Bridge Express Logistics (Fulfillment Center),DELIVERLOAD,False,19,19,19,19,19,19,19,19,19,19,19,19,19,19,19,19,19,19,19,19,19,19,19,19,19
6380eae07571e116566417d2,67f01beb0a823d9ed579aabf,E.R. Bridge Express Logistics (Fulfillment Center),DELIVERLOAD,True,66,66,66,66,66,66,66,66,66,66,66,66,66,66,66,66,66,66,66,66,66,66,66,66,66
6380eae07571e116566417d2,67f01beb0a823d9ed579aabf,E.R. Bridge Express Logistics (Fulfillment Center),HOOKCONTAINER,False,6,6,6,6,6,6,6,6,6,6,6,6,6,6,6,6,6,6,6,6,6,6,6,6,6
6380eae07571e116566417d2,64a5e5c4058dc61601ba37c0,ER Bridge Logistic,DELIVERLOAD,False,29,29,29,29,29,29,29,29,29,29,29,29,29,29,29,29,29,29,29,29,29,29,29,29,29
6380eae07571e116566417d2,64a5e5c4058dc61601ba37c0,ER Bridge Logistic,HOOKCONTAINER,False,53,53,53,53,53,53,53,53,53,53,53,53,53,53,53,53,53,53,53,53,53,53,53,53,53
6380eae07571e116566417d2,686ec16c5ae7208604f8b8df,ER Bridge Logistics Unit 60,DELIVERLOAD,False,8,8,8,8,8,8,8,8,8,8,8,8,8,8,8,8,8,8,8,8,8,8,8,8,8
6380eae07571e116566417d2,686ec16c5ae7208604f8b8df,ER Bridge Logistics Unit 60,HOOKCONTAINER,False,21,21,21,21,21,21,21,21,21,21,21,21,21,21,21,21,21,21,21,21,21,21,21,21,21
6380eae07571e116566417d2,65a7f150c098cf161dc0e770,ERIE MEATS,DELIVERLOAD,True,52,52,52,52,52,52,52,100,85,6,105,30,39,67,188,52,31,52,59,52,52,52,52,52,52
6380eae07571e116566417d2,638f5669648f7a162c61a91c,"ESMILTON ON MC, GEORGETOWN,",DELIVERLOAD,False,22,22,22,22,22,22,22,22,22,22,22,22,14,8,22,22,22,22,22,22,22,22,22,22,22
6380eae07571e116566417d2,638f5669648f7a162c61a91c,"ESMILTON ON MC, GEORGETOWN,",DELIVERLOAD,True,35,35,35,35,35,35,35,35,136,35,35,35,35,35,35,35,35,35,35,35,35,35,35,35,35
6380eae07571e116566417d2,638f5669648f7a162c61a91c,"ESMILTON ON MC, GEORGETOWN,",HOOKCONTAINER,False,24,24,24,24,24,24,24,24,24,49,40,25,27,24,105,24,19,24,14,8,71,24,24,24,24
6380eae07571e116566417d2,638f5669648f7a162c61a91c,"ESMILTON ON MC, GEORGETOWN,",PULLCONTAINER,False,27,27,27,27,27,27,27,27,27,27,27,27,27,27,27,27,27,27,27,27,27,27,27,27,27
6380eae07571e116566417d2,638e774c7510cb164789df1b,EURO ASIA,RETURNCONTAINER,False,28,28,28,28,28,28,28,28,28,28,28,28,28,28,28,28,28,28,28,28,28,28,28,28,28
6380eae07571e116566417d2,638e56439a8a2f15f94014a5,EURO ASIA (MITCHELL YARD),DROPCONTAINER,False,22,22,22,22,22,22,22,22,22,22,22,22,22,22,22,22,22,22,22,22,22,22,22,22,22
6380eae07571e116566417d2,638e56439a8a2f15f94014a5,EURO ASIA (MITCHELL YARD),PULLCONTAINER,False,32,32,32,32,32,32,32,32,32,32,32,29,36,32,30,10,8,39,39,34,33,32,32,32,32
6380eae07571e116566417d2,638e56439a8a2f15f94014a5,EURO ASIA (MITCHELL YARD),RETURNCONTAINER,False,18,18,18,18,18,18,18,18,18,18,18,18,18,18,12,18,18,18,18,18,18,18,18,18,18
6380eae07571e116566417d2,684b24c39845477b2b33092e,EUROPEAN DELI & CALGARY,DELIVERLOAD,True,131,131,131,131,131,131,131,131,131,131,131,131,131,131,131,131,131,131,131,131,131,131,131,131,131
6380eae07571e116566417d2,649384d33504e6160b78e495,"Everest Traders Inc., ON",DELIVERLOAD,True,86,86,86,86,86,86,86,86,86,86,86,86,86,86,86,86,86,86,86,86,86,86,86,86,86
6380eae07571e116566417d2,638e4f33d07518161966a822,Evergreen Solutions Okotoks,DELIVERLOAD,True,66,66,66,66,66,66,66,66,66,66,66,66,66,66,66,66,66,66,66,66,66,66,66,66,66
6380eae07571e116566417d2,689b64d7ff1b3ca036cae8bb,Everyday Cash & Carry,DELIVERLOAD,True,5,5,5,5,5,5,5,5,5,5,5,5,5,5,5,5,5,5,5,5,5,5,5,5,5
6380eae07571e116566417d2,689b64d7ff1b3ca036cae8bb,Everyday Cash & Carry,HOOKCONTAINER,False,20,20,20,20,20,20,20,20,20,20,20,20,20,20,20,20,20,20,20,20,20,20,20,20,20
6380eae07571e116566417d2,6393c2fa6d10ed163914eb84,EVG,HOOKCONTAINER,False,16,16,16,16,16,16,16,16,16,16,16,16,16,16,16,16,16,16,16,16,16,16,16,16,16
6380eae07571e116566417d2,6509d0a59b629d160188774b,"EVG - LANGLEY, BC",DELIVERLOAD,False,20,20,20,20,20,20,20,20,20,32,20,20,20,20,20,4,26,20,20,13,26,25,33,20,20
6380eae07571e116566417d2,6509d0a59b629d160188774b,"EVG - LANGLEY, BC",DELIVERLOAD,True,13,13,13,13,13,13,13,13,13,13,13,13,13,13,13,13,82,13,13,13,13,13,13,13,13
6380eae07571e116566417d2,6509d0a59b629d160188774b,"EVG - LANGLEY, BC",HOOKCONTAINER,False,20,20,20,20,20,20,20,20,21,12,17,20,30,90,16,16,20,7,20,9,20,20,20,20,20
6380eae07571e116566417d2,66620bcd02689320a32d8393,EVOLUTION TECHNOLOGY INC. (EDMONTON),DELIVERLOAD,False,13,13,13,13,13,13,13,13,13,13,13,13,13,13,13,13,13,13,13,13,13,13,13,13,13
6380eae07571e116566417d2,66620bcd02689320a32d8393,EVOLUTION TECHNOLOGY INC. (EDMONTON),DELIVERLOAD,True,32,32,32,32,32,32,32,32,32,32,32,32,32,32,32,32,32,32,32,32,32,32,32,32,32
6380eae07571e116566417d2,638e46b50f71ac1600f4f2d6,Evolve Sales Co Total R,DELIVERLOAD,False,29,29,29,29,29,29,29,29,29,29,29,29,29,29,29,29,29,29,29,29,29,29,29,29,29
6380eae07571e116566417d2,64ff3b8b6e6941161ed66180,"EVPF - LANGLEY, BC",DELIVERLOAD,False,10,10,10,10,10,10,10,10,10,10,10,8,3,10,8,72,24,10,9,10,7,10,8,10,10
6380eae07571e116566417d2,64ff3b8b6e6941161ed66180,"EVPF - LANGLEY, BC",DELIVERLOAD,True,12,12,12,12,12,12,12,12,10,56,37,8,16,16,6,10,18,7,17,6,15,28,15,12,2
6380eae07571e116566417d2,64ff3b8b6e6941161ed66180,"EVPF - LANGLEY, BC",HOOKCONTAINER,False,16,16,16,16,16,16,16,16,70,12,7,7,16,16,7,5,31,86,16,9,16,16,8,16,16
6380eae07571e116566417d2,641b6cecd8f99c1648043e09,EXEL CALGARY,DELIVERLOAD,True,107,107,107,107,107,107,107,107,107,107,107,107,107,107,107,107,107,107,107,107,107,107,107,107,107
6380eae07571e116566417d2,646b9d93d75b1a1667473bce,EXM Calgary,DELIVERLOAD,False,70,70,70,70,70,70,70,70,70,70,70,70,70,70,70,70,70,70,70,70,70,70,70,70,70
6380eae07571e116566417d2,646b9d93d75b1a1667473bce,EXM Calgary,DELIVERLOAD,True,66,66,66,66,66,66,66,66,66,66,66,66,66,66,66,66,66,66,66,66,66,66,66,66,66
6380eae07571e116566417d2,646b993cacc1d016027fb9fe,EXM Mississauga ( edwards ),DELIVERLOAD,False,17,17,17,17,17,17,17,17,17,17,17,17,17,17,17,17,17,17,17,17,17,17,17,17,17
6380eae07571e116566417d2,646b993cacc1d016027fb9fe,EXM Mississauga ( edwards ),DELIVERLOAD,True,4,4,4,4,4,4,4,4,4,4,4,4,4,4,4,4,4,4,4,4,4,4,4,4,4
6380eae07571e116566417d2,646b993cacc1d016027fb9fe,EXM Mississauga ( edwards ),HOOKCONTAINER,False,20,20,20,20,20,20,20,20,20,20,20,20,20,20,20,20,20,20,20,20,20,20,20,20,20
6380eae07571e116566417d2,638e2fd4b91dc3160b914f46,Exocor Inc.,DELIVERLOAD,False,60,60,60,60,60,60,60,60,60,60,60,60,60,60,60,60,60,60,60,60,60,60,60,60,60
6380eae07571e116566417d2,638e2fd4b91dc3160b914f46,Exocor Inc.,DELIVERLOAD,True,140,140,140,140,140,140,140,140,140,140,140,140,140,140,140,140,140,140,140,140,140,140,140,140,140
6380eae07571e116566417d2,66ed9c24b0e0cd5e0328d1aa,Exotic plumbing supply ltd,DELIVERLOAD,False,27,27,27,27,27,27,27,27,27,27,27,27,27,27,27,27,27,27,27,27,27,27,27,27,27
6380eae07571e116566417d2,66ed9c24b0e0cd5e0328d1aa,Exotic plumbing supply ltd,HOOKCONTAINER,False,9,9,9,9,9,9,9,9,9,9,9,9,9,9,9,9,9,9,9,9,9,9,9,9,9
6380eae07571e116566417d2,638e542c487e0815fe50f10e,Exotic Plumbing Supply Ltd,DELIVERLOAD,False,7,7,7,7,7,7,7,7,7,7,7,7,7,7,7,7,7,7,7,7,7,7,7,7,7
6380eae07571e116566417d2,638e542c487e0815fe50f10e,Exotic Plumbing Supply Ltd,HOOKCONTAINER,False,18,18,18,18,18,18,18,18,18,18,18,18,18,18,18,18,18,18,18,18,18,18,18,18,18
6380eae07571e116566417d2,683f4b21dd6cadce7bb46c90,Exotic Supply EDM Ltd,DELIVERLOAD,False,82,82,82,82,82,82,82,82,82,82,82,82,82,82,82,82,82,82,82,82,82,82,82,82,82
6380eae07571e116566417d2,683f4b21dd6cadce7bb46c90,Exotic Supply EDM Ltd,HOOKCONTAINER,False,24,24,24,24,24,24,24,24,24,24,24,24,24,24,24,24,24,24,24,24,24,24,24,24,24
6380eae07571e116566417d2,642229ce9cc49815cdb90c6a,"Expeditors Canada, Inc.",DELIVERLOAD,False,29,29,29,29,29,29,29,29,29,29,29,29,29,29,29,29,29,29,29,29,29,29,29,29,29
6380eae07571e116566417d2,6587191c81e8111655f21eb3,Expeditors Canada Inc Unit 37,DELIVERLOAD,True,66,66,66,66,66,66,66,66,66,66,66,66,66,66,66,66,66,66,66,66,66,66,66,66,66
6380eae07571e116566417d2,65b7c451e3370a8d39f37887,Expeditors | Mississauga,DELIVERLOAD,True,68,68,68,68,68,68,68,68,68,68,36,68,68,68,68,68,68,68,68,68,68,68,68,68,68
6380eae07571e116566417d2,68226cb637538b1bb7079de2,Expertz Fleet Service Center,DELIVERLOAD,True,5,5,5,5,5,5,5,5,5,5,5,5,5,5,5,5,5,5,5,5,5,5,5,5,5
6380eae07571e116566417d2,65a97aabd6829b166f89ba93,Export  packers,DELIVERLOAD,True,87,87,5,87,87,87,87,17,87,42,87,4,49,87,87,258,87,183,87,87,87,87,87,87,87
6380eae07571e116566417d2,67d5c5e8027a5485c3f4f96f,Export Packers c/o Americold,DELIVERLOAD,True,11,11,11,11,11,11,11,11,11,11,11,11,11,11,11,11,11,11,11,11,11,11,11,11,11
6380eae07571e116566417d2,67d5c6dc28686ebfd2f6b778,EXPORT PACKERS CO LTD CDNCB (AMERICOLD),DELIVERLOAD,True,126,126,126,126,126,126,126,126,126,176,13,126,126,126,126,126,126,126,126,126,126,126,126,126,126
6380eae07571e116566417d2,67d5c6dc28686ebfd2f6b778,EXPORT PACKERS CO LTD CDNCB (AMERICOLD),PULLCONTAINER,False,29,29,29,29,29,29,29,29,29,29,29,29,29,29,29,29,29,29,29,29,29,29,29,29,29
6380eae07571e116566417d2,65e88522ec39eefba13610f9,EXPRESCO FOODS INC,DELIVERLOAD,True,80,80,80,80,80,80,80,80,80,80,80,155,40,303,80,80,80,80,80,80,80,80,80,80,80
6380eae07571e116566417d2,6807bb00a5d399eff512dfcb,Express Elevators & Lifts Inc.,DELIVERLOAD,True,8,8,8,8,8,8,8,8,8,8,8,8,8,8,8,8,8,8,8,8,8,8,8,8,8
6380eae07571e116566417d2,686bcd53e3193c5ccbec5dad,Extra Storage,DELIVERLOAD,True,66,66,66,66,66,66,66,66,66,66,66,66,66,66,66,66,66,66,66,66,66,66,66,66,66
6380eae07571e116566417d2,646532cd9391ee15f2bb3c86,"Fairfield Tree Nursery - Chilliwack, BC",DELIVERLOAD,True,8,8,8,8,8,8,8,8,8,8,8,8,8,8,8,8,8,8,8,8,8,8,8,8,8
6380eae07571e116566417d2,654a8219048fd5152d188af3,Fairview Ltd,DELIVERLOAD,True,44,44,44,44,44,44,44,44,44,44,44,44,44,44,44,44,44,44,44,44,44,44,44,44,44
6380eae07571e116566417d2,638e99746df97715f0f39f94,Famous Toys,DELIVERLOAD,True,69,69,69,69,69,69,69,69,69,69,69,69,69,69,69,69,69,69,69,69,69,69,69,69,69
6380eae07571e116566417d2,67ae1d245cfd8488d2102b9a,Fancy Windows MFG,DELIVERLOAD,True,61,61,61,61,61,61,61,61,61,61,59,61,61,61,61,61,61,61,61,61,61,61,61,61,61
6380eae07571e116566417d2,66214c6bc2db6cc20c74f1f1,Fancy Windows MFG Inc.,DELIVERLOAD,True,49,49,49,49,49,49,49,49,49,49,49,49,49,49,49,49,49,49,49,49,49,49,49,49,49
6380eae07571e116566417d2,67fec0f5a7d8e5e0c3cd7008,"Far-Met Importers, Burnaby BC",DELIVERLOAD,True,21,21,21,21,21,21,21,21,21,21,21,21,21,21,21,21,21,21,21,21,21,21,21,21,21
6380eae07571e116566417d2,677c53fc8ee4ba0986665237,"FastFrate Calgary, AB",DELIVERLOAD,False,33,33,33,33,33,33,33,33,33,33,33,33,33,33,33,33,33,33,33,33,33,33,33,33,33
6380eae07571e116566417d2,677c53fc8ee4ba0986665237,"FastFrate Calgary, AB",DELIVERLOAD,True,99,99,99,99,99,99,99,99,99,99,99,99,112,65,111,99,99,99,99,99,99,99,99,99,99
6380eae07571e116566417d2,67c9d017183547a1ea0d78be,FASTLANE Transport,DELIVERLOAD,True,44,44,44,44,44,44,44,44,44,44,44,44,44,44,44,44,44,44,44,44,44,44,44,44,44
6380eae07571e116566417d2,67c9d017183547a1ea0d78be,FASTLANE Transport,HOOKCONTAINER,False,18,18,18,18,18,18,18,18,18,18,18,18,18,18,18,18,18,18,18,18,18,18,18,18,18
6380eae07571e116566417d2,67feb1cb1fa126f064a30bb2,FB - LBC - CITYVIEW,DELIVERLOAD,True,115,115,115,115,115,115,115,53,115,115,115,115,115,115,115,115,115,115,115,115,115,115,115,115,115
6380eae07571e116566417d2,663289c145eb4312e6d390c0,Federated Co-operatives Ltd,DELIVERLOAD,False,10,10,10,10,10,10,10,10,10,10,10,10,10,10,10,10,10,10,10,10,10,10,10,10,10
6380eae07571e116566417d2,663289c145eb4312e6d390c0,Federated Co-operatives Ltd,HOOKCONTAINER,False,15,15,15,15,15,15,15,15,15,15,15,15,15,15,15,15,15,15,15,15,15,15,15,15,15
6380eae07571e116566417d2,6452af43aec6850b2ff2979a,Federated CO- OPERATIVES LTD,HOOKCONTAINER,False,11,11,11,11,11,11,11,11,11,11,11,11,11,11,11,11,11,11,11,11,11,11,11,11,11
6380eae07571e116566417d2,66904c181d0eb588d1f22441,FEDERATED CO-OP LIMITED,DELIVERLOAD,False,20,20,20,20,20,20,20,20,20,17,20,20,20,20,20,20,20,20,20,20,20,20,20,20,20
6380eae07571e116566417d2,66904c181d0eb588d1f22441,FEDERATED CO-OP LIMITED,HOOKCONTAINER,False,21,21,21,21,21,21,21,21,21,21,21,21,21,21,21,21,21,21,21,21,21,21,21,21,21
6380eae07571e116566417d2,63ffbacdac66961620735d97,FEDERATED CO-OP LTD. EDMONTON,DELIVERLOAD,True,59,59,59,59,59,59,59,59,59,59,59,59,59,59,59,59,59,59,59,59,59,59,59,59,59
6380eae07571e116566417d2,638ea0bedeced515f58e2218,Federated Co-Opratives Ltd,DELIVERLOAD,True,64,64,64,64,64,64,64,64,64,64,64,64,64,64,64,64,64,64,64,64,64,64,64,64,64
6380eae07571e116566417d2,68bc522addba095330044cf6,FGF BRANDS,PULLCONTAINER,False,2,2,2,2,2,2,2,2,2,2,2,2,2,2,2,2,2,2,2,2,2,2,2,2,2
6380eae07571e116566417d2,67d48d9eb1df51e658d7aa52,FGF BRANDS - HORNBY ON,DELIVERLOAD,True,112,112,112,112,112,112,122,112,87,157,20,112,112,112,112,112,5,112,112,112,112,112,112,112,245
6380eae07571e116566417d2,65d6165a1edac315773eb78e,FGF BRANDS INC,DELIVERLOAD,True,129,129,129,129,129,129,129,129,139,129,129,216,129,129,129,129,129,129,207,129,129,129,129,129,129
6380eae07571e116566417d2,675a199338d0b9801f553674,FGF Brands Pickup,DELIVERLOAD,True,45,45,45,45,45,45,45,45,45,45,45,45,45,45,45,45,45,45,45,45,45,45,45,45,45
6380eae07571e116566417d2,68012b63c6eaf50ea8da3804,FGF BRANDS PICKUP NEW Conestoga Cold Storage,DELIVERLOAD,True,82,82,82,82,82,82,82,82,82,82,82,82,82,82,82,82,82,82,82,82,82,82,82,82,82
6380eae07571e116566417d2,685bf262b8108712278728ad,"FHC Fields - Surrey, BC",DELIVERLOAD,True,64,64,64,64,64,64,64,64,64,64,64,64,64,64,64,64,64,64,64,64,64,64,64,64,64
6380eae07571e116566417d2,64db8e08c5fd4415cda121f6,FINESSE HOME LIVING INC.,DELIVERLOAD,False,34,34,34,34,34,34,34,34,34,34,34,34,34,34,34,34,34,34,34,34,34,34,34,34,34
6380eae07571e116566417d2,64db8e08c5fd4415cda121f6,FINESSE HOME LIVING INC.,DELIVERLOAD,True,66,66,66,66,66,66,66,66,66,66,66,66,66,66,66,66,66,66,66,66,66,66,66,66,66
6380eae07571e116566417d2,64db8e08c5fd4415cda121f6,FINESSE HOME LIVING INC.,HOOKCONTAINER,False,15,15,15,15,15,15,15,15,15,15,15,15,15,15,15,15,15,15,15,15,15,15,15,15,15
6380eae07571e116566417d2,64c802d6c6feb216022a18e7,"Finica/CDS Custom Service, BC",DELIVERLOAD,True,25,25,25,25,25,25,25,25,25,25,25,25,25,25,25,25,25,25,25,25,25,25,25,25,25
6380eae07571e116566417d2,647543939ad6c41665d18cfb,First Choice Industrial Supply Ltd,DELIVERLOAD,False,64,64,64,64,64,64,64,64,64,64,64,64,64,64,64,64,64,64,64,64,64,64,64,64,64
6380eae07571e116566417d2,647543939ad6c41665d18cfb,First Choice Industrial Supply Ltd,DELIVERLOAD,True,130,130,130,130,130,130,130,130,130,130,130,130,130,130,130,130,130,130,130,130,130,130,130,130,130
6380eae07571e116566417d2,685c680a0b6623cc1e1f6b76,First Class Planners,DELIVERLOAD,True,26,26,26,26,26,26,26,26,26,26,26,26,26,26,26,26,26,26,26,26,26,26,26,26,26
6380eae07571e116566417d2,66563bbe6f8f23e50e0fad4a,First Class Planners Ltd.,DELIVERLOAD,True,43,43,43,43,43,43,43,43,43,43,43,43,43,43,43,43,43,43,43,43,43,43,43,43,43
6380eae07571e116566417d2,68b208e0f01902e09d89f505,FITNESS CALGARY #22,DELIVERLOAD,False,36,36,36,36,36,36,36,36,36,36,36,36,36,36,36,36,36,36,36,36,36,36,36,36,36
6380eae07571e116566417d2,65984fc2e1e4d2165221c5c6,FITNESS EXPERIENCE#9,DELIVERLOAD,False,29,29,29,29,29,29,29,29,29,29,29,29,29,29,29,29,29,29,29,29,29,29,29,29,29
6380eae07571e116566417d2,65984fc2e1e4d2165221c5c6,FITNESS EXPERIENCE#9,DELIVERLOAD,True,94,94,94,94,94,94,94,94,94,94,94,94,94,94,94,94,94,94,94,94,94,94,94,94,94
6380eae07571e116566417d2,685ef5bd84e0b11fe0f956bd,Fitness Experience Edmonton,DELIVERLOAD,False,80,80,80,80,80,80,80,80,80,80,80,80,80,80,80,80,80,80,80,80,80,80,80,80,80
6380eae07571e116566417d2,685ef5bd84e0b11fe0f956bd,Fitness Experience Edmonton,DELIVERLOAD,True,121,121,121,121,121,121,121,121,121,121,121,121,121,121,121,121,121,121,121,121,121,121,121,121,121
6380eae07571e116566417d2,64e54f2c62e479162b4db52a,Flagstaff Waste Regional Landfill,DELIVERLOAD,True,62,62,62,62,62,62,62,62,62,62,62,62,62,62,62,62,62,62,62,62,62,62,62,62,62
6380eae07571e116566417d2,638e564b5d19cf15e2624106,Flair Enterprises Inc,DELIVERLOAD,True,16,16,16,16,16,16,16,16,16,16,16,16,16,16,16,16,16,16,16,16,16,16,16,16,16
6380eae07571e116566417d2,65ba8fd305aa9da5fe7c90ca,FLANAGAN FOODSERVICE,DELIVERLOAD,True,111,111,111,111,111,111,279,111,209,141,80,92,111,55,111,111,111,111,111,111,111,111,111,111,111
6380eae07571e116566417d2,67d5d3942bd30138719106ee,FLANAGAN FOODSERVICE,PULLCONTAINER,False,29,29,29,29,29,29,29,29,29,29,29,29,29,29,29,29,29,29,29,29,29,29,29,29,29
6380eae07571e116566417d2,6868013cc3e04ad96a8a910c,FLASH FIRE & SAFETY,DELIVERLOAD,True,73,73,73,73,73,73,73,73,73,73,73,73,73,73,73,73,73,73,73,73,73,73,73,73,73
6380eae07571e116566417d2,654182cba8503c159919027d,Flatland Industries Ltd.,HOOKCONTAINER,False,20,20,20,20,20,20,20,20,20,20,20,20,20,20,20,20,20,20,20,20,20,20,20,20,20
6380eae07571e116566417d2,6772de4cd78e127d6539bb64,Flex nails and beauty superstore,DELIVERLOAD,False,28,28,28,28,28,28,28,28,28,28,28,28,28,28,28,28,28,28,28,28,28,28,28,28,28
6380eae07571e116566417d2,6772de4cd78e127d6539bb64,Flex nails and beauty superstore,HOOKCONTAINER,False,27,27,27,27,27,27,27,27,27,27,27,27,27,27,27,27,27,27,27,27,27,27,27,27,27
6380eae07571e116566417d2,643dbbc580badc1614fa9aa5,Flex Nails & Beauty Superstore,DELIVERLOAD,False,14,14,14,14,14,14,14,14,14,14,14,14,14,14,14,14,14,14,14,14,14,14,14,14,14
6380eae07571e116566417d2,680c15ba6d77c6f264488809,FLEXPAC PRODUCTS  (Entreposage Plaspak Kemira Water Solutions Canada Inc.),DELIVERLOAD,False,29,29,29,29,29,29,29,29,29,29,29,29,29,29,29,29,29,29,29,29,29,29,29,29,29
6380eae07571e116566417d2,68719ed3fd0e91f5c54c4ed6,FLINT CORPORATION 49 WILLOUGHBY STREET HWY 16 RR,DELIVERLOAD,False,29,29,29,29,29,29,29,29,29,29,29,29,29,29,29,29,29,29,29,29,29,29,29,29,29
6380eae07571e116566417d2,641c79e2b2afdb15c8ab0c4e,FLOOR CARE EQUIPMENT,DELIVERLOAD,False,35,35,35,35,35,35,35,35,35,35,35,35,35,35,35,35,35,35,35,35,35,35,35,35,35
6380eae07571e116566417d2,6453f3b214e3db16200fc0db,FLOOR CARE EQUIPMENT 123,DELIVERLOAD,False,34,34,34,34,34,34,34,34,34,34,34,34,34,34,34,34,34,34,34,34,34,34,34,34,34
6380eae07571e116566417d2,63f6a1154fc651161d8ee486,Floor concepts,DELIVERLOAD,False,60,60,60,60,60,60,60,60,60,60,60,60,60,60,60,60,60,60,60,60,60,60,60,60,60
6380eae07571e116566417d2,64b868cd99bed315dd65369d,FLORISTS SUPPLY,DELIVERLOAD,False,42,42,42,42,42,42,42,42,42,42,42,42,42,42,42,42,42,42,42,42,42,42,42,42,42
6380eae07571e116566417d2,64b868cd99bed315dd65369d,FLORISTS SUPPLY,HOOKCONTAINER,False,19,19,19,19,19,19,19,19,19,19,19,19,19,19,19,19,19,19,19,19,19,19,19,19,19
6380eae07571e116566417d2,6751cb28f3d993d7f3a19be0,Flow Water c/o PROACTIVE WAREHOUSE COLERAINE,PULLCONTAINER,False,29,29,29,29,29,29,29,29,29,29,29,29,29,29,29,29,29,29,29,29,29,29,29,29,29
6380eae07571e116566417d2,67479f202b919b3ad9de449e,Fluid Energy Group Ltd,DELIVERLOAD,False,39,39,39,39,39,39,39,39,39,39,39,39,39,39,39,39,39,39,39,39,39,39,39,39,39
6380eae07571e116566417d2,67479f202b919b3ad9de449e,Fluid Energy Group Ltd,HOOKCONTAINER,False,22,22,22,22,22,22,22,22,22,22,22,22,22,22,22,22,22,22,22,22,22,22,22,22,22
6380eae07571e116566417d2,638e6b9034262115e3bed12d,FLYER FORCE,DELIVERLOAD,True,56,56,56,56,56,56,56,56,56,56,56,56,56,56,56,56,56,56,56,56,56,56,56,56,56
6380eae07571e116566417d2,6466a2f2bd9bef16352e6666,Flying J Barlow,DELIVERLOAD,True,55,55,55,55,55,55,55,55,55,55,55,55,55,55,55,55,55,55,55,55,55,55,55,55,55
6380eae07571e116566417d2,6684db55f75451aa248db83d,Flying J Travel Center,HOOKCONTAINER,False,10,10,10,10,10,10,10,10,10,10,10,10,10,10,10,10,10,10,10,10,10,10,10,10,10
6380eae07571e116566417d2,67a157537bfa28759ffd6286,Flyin's Klarity wash,DELIVERLOAD,True,16,16,16,16,16,16,16,16,16,16,16,16,16,16,16,16,16,16,16,16,16,16,16,16,16
6380eae07571e116566417d2,638ec5876df97715f0f3a72c,FMI LOGISTICS INC.,HOOKCONTAINER,False,16,16,16,16,16,16,16,16,16,16,16,16,16,16,16,16,16,16,16,16,16,16,16,16,16
6380eae07571e116566417d2,688a7339ea421e26bf956882,Food Banks Alberta,DELIVERLOAD,True,91,91,91,91,91,91,91,91,91,91,91,91,91,91,91,91,91,91,91,91,91,91,91,91,91
6380eae07571e116566417d2,68879dcb62d6478993898129,Foody World,DELIVERLOAD,True,34,34,34,34,34,34,34,34,34,34,34,34,34,34,34,34,34,34,34,34,34,34,34,34,34
6380eae07571e116566417d2,66576d952f9138845637937e,Foothills Creamery Ltd,DELIVERLOAD,True,107,107,107,107,107,107,107,107,107,107,107,107,107,107,107,107,107,107,107,107,107,107,107,107,107
6380eae07571e116566417d2,681117086524f9093051a9d7,Foothills Truck and Trailers,DELIVERLOAD,False,25,25,25,25,25,25,25,25,25,25,25,25,25,25,25,25,25,25,25,25,25,25,25,25,25
6380eae07571e116566417d2,681117086524f9093051a9d7,Foothills Truck and Trailers,DROPCONTAINER,False,22,22,22,22,22,22,22,22,22,22,22,22,22,22,22,22,22,22,22,22,22,22,22,22,22
6380eae07571e116566417d2,638e7a31d3329815fe29ec48,FOREX EDMONTON,DELIVERLOAD,False,10,10,10,10,10,10,10,10,10,10,10,10,10,10,10,10,10,10,10,10,10,10,10,10,10
6380eae07571e116566417d2,638e7a31d3329815fe29ec48,FOREX EDMONTON,HOOKCONTAINER,False,29,29,29,29,29,29,29,29,29,29,29,29,29,29,29,29,29,29,29,29,29,29,29,29,29
6380eae07571e116566417d2,68b752cbdefd5a91bc469785,Forex new,DELIVERLOAD,False,5,5,5,5,5,5,5,5,5,5,5,5,5,5,5,5,5,5,5,5,5,5,5,5,5
6380eae07571e116566417d2,68b752cbdefd5a91bc469785,Forex new,HOOKCONTAINER,False,5,5,5,5,5,5,5,5,5,5,5,5,5,5,5,5,5,5,5,5,5,5,5,5,5
6380eae07571e116566417d2,638e47d11de55a15fc74117d,Formations Inc,DELIVERLOAD,False,22,22,22,22,22,22,22,22,22,22,22,22,22,22,22,22,22,22,22,22,22,22,22,22,22
6380eae07571e116566417d2,638e47d11de55a15fc74117d,Formations Inc,HOOKCONTAINER,False,28,28,28,28,28,28,28,28,28,28,28,28,28,28,28,28,28,28,28,28,28,28,28,28,28
6380eae07571e116566417d2,638e564b5d19cf15e2624105,Formations Inc.,DELIVERLOAD,True,55,55,55,55,55,55,55,55,55,55,55,55,55,55,55,55,55,55,55,55,55,55,55,55,55
6380eae07571e116566417d2,64cd602d4c7cd615c47999e2,FORMATION'S INC.,DELIVERLOAD,False,70,70,70,70,70,70,70,70,70,70,73,70,70,70,70,70,70,70,70,70,70,70,70,70,70
6380eae07571e116566417d2,64cd602d4c7cd615c47999e2,FORMATION'S INC.,DELIVERLOAD,True,49,49,49,49,49,49,49,49,49,49,49,49,49,49,49,49,49,49,49,49,49,49,49,49,49
6380eae07571e116566417d2,638e2fd4b91dc3160b914ec3,Formula Powell Blackfalds,DELIVERLOAD,False,61,61,61,61,61,61,61,61,61,61,61,61,61,61,61,61,61,61,61,61,61,61,61,61,61
6380eae07571e116566417d2,638e2fd4b91dc3160b914ec3,Formula Powell Blackfalds,DELIVERLOAD,True,36,36,36,36,36,36,36,36,36,36,36,36,36,36,36,36,36,36,36,36,36,36,36,36,36
6380eae07571e116566417d2,6889169a5408d21ea74a6f95,Formula storage,DELIVERLOAD,True,66,66,66,66,66,66,66,66,66,66,66,66,66,66,66,66,66,66,66,66,66,66,66,66,66
6380eae07571e116566417d2,6578ae05dd915b167b787f38,Fortel Express,DELIVERLOAD,True,56,56,56,56,56,56,56,56,56,56,56,56,56,56,56,56,56,56,56,56,56,56,56,56,56
6380eae07571e116566417d2,652ffcfd8499dd162610fc42,"FORTEL XPRESS 7148470 CANADA INC, ON",DELIVERLOAD,True,90,90,90,90,90,90,90,90,90,90,90,107,90,90,90,90,90,90,90,90,90,90,90,90,90
6380eae07571e116566417d2,662822019af8cc41c26c135b,FORTH INDUSTRIES INC.,DELIVERLOAD,True,156,156,156,156,156,156,156,156,156,156,156,156,156,156,156,156,156,156,156,156,156,156,156,156,156
6380eae07571e116566417d2,659dce4b3a058257319aec89,Forty Mile Ventures,DELIVERLOAD,False,50,50,50,50,50,50,50,50,50,50,50,50,50,50,50,50,50,50,50,50,50,50,50,50,50
6380eae07571e116566417d2,6793f01d3f8d343ce39fd4fe,Fountain Tire,DELIVERLOAD,False,84,84,84,84,84,84,84,84,84,84,84,84,84,84,84,84,84,84,84,84,84,84,84,84,84
6380eae07571e116566417d2,6793f01d3f8d343ce39fd4fe,Fountain Tire,HOOKCONTAINER,False,11,11,11,11,11,11,11,11,11,11,11,11,11,11,11,11,11,11,11,11,11,11,11,11,11
6380eae07571e116566417d2,63fe5d78d46cf81620632eb5,FOUNTAIN TIRE,DELIVERLOAD,False,18,18,18,18,18,18,18,18,18,18,18,18,18,18,18,18,18,18,18,18,18,18,18,18,18
6380eae07571e116566417d2,63fe5d78d46cf81620632eb5,FOUNTAIN TIRE,HOOKCONTAINER,False,8,8,8,8,8,8,8,8,8,8,8,8,8,8,8,8,8,8,8,8,8,8,8,8,8
6380eae07571e116566417d2,689a0b179d9d538a40306237,Fountain Tire 512,DELIVERLOAD,True,16,16,16,16,16,16,16,16,16,16,16,16,16,16,16,16,16,16,16,16,16,16,16,16,16
6380eae07571e116566417d2,6643d9787e24c584163d90d8,Fountain Tire (Edmonton Roper Road) LTD.,DELIVERLOAD,False,10,10,10,10,10,10,10,10,10,10,10,10,10,10,10,10,10,10,10,10,10,10,10,10,10
6380eae07571e116566417d2,6643d9787e24c584163d90d8,Fountain Tire (Edmonton Roper Road) LTD.,HOOKCONTAINER,False,20,20,20,20,20,20,20,20,20,20,20,20,20,20,20,20,20,20,20,20,20,20,20,20,20
6380eae07571e116566417d2,664651430d85c38ba16dc24b,FRANCISCO AUTO REPAIR LTD,DELIVERLOAD,False,16,16,16,16,16,16,16,16,16,16,16,16,16,16,16,16,16,16,16,16,16,16,16,16,16
6380eae07571e116566417d2,664651430d85c38ba16dc24b,FRANCISCO AUTO REPAIR LTD,HOOKCONTAINER,False,20,20,20,20,20,20,20,20,20,20,20,20,20,20,20,20,20,20,20,20,20,20,20,20,20
6380eae07571e116566417d2,64b869456e2d5615cc1e0e09,"Fraserview Cedar, BC",DELIVERLOAD,True,19,19,19,19,19,19,19,19,19,19,19,19,31,19,19,19,19,19,19,19,19,19,19,19,19
6380eae07571e116566417d2,64dbc3d4be17561600ff0ebc,"FRC Transport, BC",DELIVERLOAD,True,59,59,59,59,59,59,59,59,59,59,59,59,59,59,59,59,59,59,59,59,59,59,59,59,59
6380eae07571e116566417d2,65a81cc63edca8163e9ade79,FRESH MARK INC CSMS,DELIVERLOAD,True,27,27,27,27,27,27,27,27,27,27,36,27,27,27,11,322,27,27,27,27,27,27,27,27,27
6380eae07571e116566417d2,67d5b9d17b3780829f6d908b,FRESH MARK INC CSMS,DELIVERLOAD,True,84,84,84,84,84,84,84,112,87,4,123,117,63,84,84,84,84,84,84,84,84,84,84,84,84
6380eae07571e116566417d2,67d5b9d17b3780829f6d908b,FRESH MARK INC CSMS,PULLCONTAINER,False,34,34,34,34,34,34,34,34,34,34,34,34,34,34,34,34,34,34,34,34,34,34,34,34,34
6380eae07571e116566417d2,679306d1bda7b40a138ab4a8,Fresh Pack Saskatoon,DELIVERLOAD,True,66,66,66,66,66,66,66,66,66,66,66,66,66,66,66,66,66,66,66,66,66,66,66,66,66
6380eae07571e116566417d2,66cf86aaf338d176aa604dcd,"Friction Tool Solutions, Inc.",DELIVERLOAD,False,68,68,68,68,68,68,68,68,68,68,68,68,68,68,68,68,68,68,68,68,68,68,68,68,68
6380eae07571e116566417d2,6797e1be294a54eb0b66f963,FRIESEN PLASTICS INC,DELIVERLOAD,True,33,33,33,33,33,33,33,33,33,33,33,33,33,33,33,33,33,33,33,33,33,33,33,33,33
6380eae07571e116566417d2,68af776c2e54f418346496bb,FRONTIER DENTAL,DELIVERLOAD,True,72,72,72,72,72,72,72,72,72,72,72,72,72,72,72,72,72,72,72,72,72,72,72,72,72
6380eae07571e116566417d2,68af778b088dc3e4365c06ec,FRONTIER DENTAL - Calgary,DELIVERLOAD,True,46,46,46,46,46,46,46,46,46,46,46,46,46,46,46,46,46,46,46,46,46,46,46,46,46
6380eae07571e116566417d2,687014e5c4aec5e604fa6cf6,Fruiticana Head Office,DELIVERLOAD,True,94,94,94,94,94,94,94,94,94,94,94,94,94,94,94,94,94,94,94,94,94,94,94,94,94
6380eae07571e116566417d2,684c62ca5da293925eb8dda7,Frulact Canada Inc,DELIVERLOAD,True,66,66,66,66,66,66,66,66,66,66,66,66,66,66,66,66,66,66,66,66,66,66,66,66,66
6380eae07571e116566417d2,638e774c7510cb164789df19,FSD,DROPCONTAINER,False,5,5,5,5,5,5,5,5,5,5,5,5,5,5,5,5,5,5,5,5,5,5,5,5,5
6380eae07571e116566417d2,638e774c7510cb164789df19,FSD,PULLCONTAINER,False,29,29,29,29,29,29,29,29,29,29,29,29,29,29,29,29,29,29,29,29,29,29,29,29,29
6380eae07571e116566417d2,638e774c7510cb164789df19,FSD,RETURNCONTAINER,False,8,8,8,8,8,8,8,8,8,8,8,8,8,8,8,8,8,8,8,8,8,8,8,8,8
6380eae07571e116566417d2,64825da10dbef9165c0d04cf,Ftr Golf Canada Inc,DELIVERLOAD,False,29,29,29,29,29,29,29,29,29,29,29,29,29,29,29,29,29,29,29,29,29,29,29,29,29
6380eae07571e116566417d2,643575a4d74abb161d92f29b,FTR Golf Canada Inc,DELIVERLOAD,True,66,66,66,66,66,66,66,66,66,66,66,66,66,66,66,66,66,66,66,66,66,66,66,66,66
6380eae07571e116566417d2,68c179de79a5673e3cb69180,Fuchs Lubricants,DELIVERLOAD,True,37,37,37,37,37,37,37,37,37,37,37,37,37,37,37,37,37,37,37,37,37,37,37,37,37
6380eae07571e116566417d2,688b8f5dfca4c7a4cc08ea9e,Fuchs Lubricants Canada Ltd.,DELIVERLOAD,True,10,10,10,10,10,10,10,10,10,10,10,10,10,10,10,10,10,10,10,10,10,10,10,10,10
6380eae07571e116566417d2,675372249c329a14d6f8489a,Furco Furniture,DELIVERLOAD,False,68,68,68,68,68,68,68,68,68,68,68,68,68,68,68,68,68,68,68,68,68,68,68,68,68
6380eae07571e116566417d2,675372249c329a14d6f8489a,Furco Furniture,DELIVERLOAD,True,66,66,66,66,66,66,66,66,66,66,66,66,66,66,66,66,66,66,66,66,66,66,66,66,66
6380eae07571e116566417d2,675372249c329a14d6f8489a,Furco Furniture,HOOKCONTAINER,False,22,22,22,22,22,22,22,22,22,22,22,22,22,22,22,22,22,22,22,22,22,22,22,22,22
6380eae07571e116566417d2,6753723c442598f05d60ab2c,Furco Furniture Chilliwack,DELIVERLOAD,False,29,29,29,29,29,29,29,29,29,29,29,29,29,29,29,29,29,29,29,29,29,29,29,29,29
6380eae07571e116566417d2,6753723c442598f05d60ab2c,Furco Furniture Chilliwack,DELIVERLOAD,True,138,138,138,138,138,138,138,138,138,138,138,138,138,138,138,138,138,138,138,138,138,138,138,138,138
6380eae07571e116566417d2,680d50b40e36a21ed10b7a91,FURLANI FOODS CORP CSMS,DELIVERLOAD,True,66,66,66,66,66,66,66,66,66,66,66,66,66,66,66,66,66,66,66,66,66,66,66,66,66
6380eae07571e116566417d2,680d50b40e36a21ed10b7a91,FURLANI FOODS CORP CSMS,PULLCONTAINER,False,61,61,61,61,61,61,61,61,61,61,61,61,61,61,61,61,61,61,61,61,61,61,61,61,61
6380eae07571e116566417d2,65a81cfe2f8243160f5bf61a,FURLANIS FOOD CORP CND FND,DELIVERLOAD,True,134,134,79,134,134,134,3,134,134,231,62,107,142,134,207,249,134,127,134,172,177,134,134,134,134
6380eae07571e116566417d2,68389f2abb9185c2aa9fb87c,Furniture Extreme,DELIVERLOAD,False,24,24,24,24,24,24,24,24,24,24,24,24,24,24,24,24,24,24,24,24,24,24,24,24,24
6380eae07571e116566417d2,68389f2abb9185c2aa9fb87c,Furniture Extreme,DELIVERLOAD,True,37,37,37,37,37,37,37,37,37,37,37,37,37,37,37,37,37,37,37,37,37,37,37,37,37
6380eae07571e116566417d2,68389f2abb9185c2aa9fb87c,Furniture Extreme,HOOKCONTAINER,False,3,3,3,3,3,3,3,3,3,3,3,3,3,3,3,3,3,3,3,3,3,3,3,3,3
6380eae07571e116566417d2,6859ec589e01f36b4248d7a9,Furniture Extreme,DELIVERLOAD,False,20,20,20,20,20,20,20,20,20,20,20,20,20,20,20,20,20,20,20,20,20,20,20,20,20
6380eae07571e116566417d2,6859ec589e01f36b4248d7a9,Furniture Extreme,HOOKCONTAINER,False,2,2,2,2,2,2,2,2,2,2,2,2,2,2,2,2,2,2,2,2,2,2,2,2,2
6380eae07571e116566417d2,68a88a48d6e9f90ba4eb4ad6,FUTURE DE HAVILLAND FIELD,DELIVERLOAD,True,75,75,75,75,75,75,75,75,75,75,75,75,75,75,75,75,75,75,75,75,75,75,75,75,75
6380eae07571e116566417d2,659c8032f75ba86c20b8d192,FUTURE TRANSFER (AIRDRIE),DELIVERLOAD,True,43,43,43,43,43,43,43,43,43,43,43,43,43,43,43,43,43,43,43,43,43,43,43,43,43
6380eae07571e116566417d2,641a0309cb6b9a161da48d9b,FUTURE TRANSFER CO INC,DELIVERLOAD,False,75,75,75,75,75,75,75,75,75,75,75,75,75,75,75,75,75,75,75,75,75,75,75,75,75
6380eae07571e116566417d2,641a0309cb6b9a161da48d9b,FUTURE TRANSFER CO INC,DELIVERLOAD,True,60,60,60,60,60,60,60,60,60,60,60,60,60,60,60,60,60,60,60,60,60,60,60,60,60
6380eae07571e116566417d2,67578ac93b34bbc0c9790c06,Fuzion Flooring (Calgary),DELIVERLOAD,False,29,29,29,29,29,29,29,29,29,29,29,29,29,29,29,29,29,29,29,29,29,29,29,29,29
6380eae07571e116566417d2,67578ac93b34bbc0c9790c06,Fuzion Flooring (Calgary),DELIVERLOAD,True,52,52,52,52,52,52,52,52,52,52,52,52,52,52,52,52,52,52,52,52,52,52,52,52,52
6380eae07571e116566417d2,6841f7937a968b8a3e00a721,FX BUILD SOLUTIONS,DELIVERLOAD,False,29,29,29,29,29,29,29,29,29,29,29,29,29,29,29,29,29,29,29,29,29,29,29,29,29
6380eae07571e116566417d2,6841f7937a968b8a3e00a721,FX BUILD SOLUTIONS,DELIVERLOAD,True,66,66,66,66,66,66,66,66,66,66,66,66,66,66,66,66,66,66,66,66,66,66,66,66,66
6380eae07571e116566417d2,66bf7e2fadf12354abf9e5f7,G4 LOGISTICS,DELIVERLOAD,False,37,37,37,37,37,37,37,37,37,37,37,37,37,37,37,37,37,37,37,37,37,37,37,37,37
6380eae07571e116566417d2,66bf7e2fadf12354abf9e5f7,G4 LOGISTICS,HOOKCONTAINER,False,5,5,5,5,5,5,5,5,5,5,5,5,5,5,5,5,5,5,5,5,5,5,5,5,5
6380eae07571e116566417d2,638e2fd4b91dc3160b914f6d,Gaba Stone Inc,DELIVERLOAD,False,70,70,70,70,70,70,70,70,70,70,70,70,70,70,70,70,70,70,70,70,70,70,70,70,70
6380eae07571e116566417d2,638e2fd4b91dc3160b914f6d,Gaba Stone Inc,HOOKCONTAINER,False,84,84,84,84,84,84,84,84,84,84,84,84,84,84,84,84,84,84,84,84,84,84,84,84,84
6380eae07571e116566417d2,6760794f20bf6c535a56d693,"Gagan Foods International Ltd - Delta, BC",DELIVERLOAD,True,66,66,66,66,66,66,66,66,66,66,66,66,66,66,66,66,66,66,66,66,66,66,66,66,66
6380eae07571e116566417d2,67c89ce97a12dc8485e9a4eb,Galderma BDU,DELIVERLOAD,True,23,23,23,23,23,23,23,23,23,23,23,23,23,23,23,23,23,23,34,23,23,23,23,23,23
6380eae07571e116566417d2,671138a693a999738c7132f7,Gallimore Products Inc.,DELIVERLOAD,True,160,160,160,160,160,160,160,160,160,160,160,160,160,160,160,160,160,160,160,160,160,160,160,160,160
6380eae07571e116566417d2,671138bf6052a102b216d666,Gallimore Products Inc Scarborough,DELIVERLOAD,True,17,17,17,17,17,17,17,17,17,17,17,17,17,17,17,17,17,17,17,17,17,17,17,17,17
6380eae07571e116566417d2,66f33469f90141fda99b0a63,GANESH HOLDINGS LTD,DELIVERLOAD,True,66,66,66,66,66,66,66,66,66,66,66,66,66,66,66,66,66,66,66,66,66,66,66,66,66
6380eae07571e116566417d2,67c8b0b38256dea9513b8167,GANESH HOLDINGS LTD,DELIVERLOAD,False,29,29,29,29,29,29,29,29,29,29,29,29,29,29,29,29,29,29,29,29,29,29,29,29,29
6380eae07571e116566417d2,67c8b0b38256dea9513b8167,GANESH HOLDINGS LTD,HOOKCONTAINER,False,6,6,6,6,6,6,6,6,6,6,6,6,6,6,6,6,6,6,6,6,6,6,6,6,6
6380eae07571e116566417d2,638e2fd4b91dc3160b914f62,Ganesh Sweets,DELIVERLOAD,False,61,61,61,61,61,61,61,61,61,61,61,61,61,61,61,61,61,61,61,61,61,61,61,61,61
6380eae07571e116566417d2,6806ceef24677fcfca135b62,GARY  STETTLER AUCTION MART,DELIVERLOAD,True,67,67,67,67,67,67,67,67,67,67,67,67,67,67,67,67,67,67,67,67,67,67,67,67,67
6380eae07571e116566417d2,688a8a8a1c6a608c0bc99a61,GASTRONOMIA,DELIVERLOAD,True,124,124,124,124,124,124,124,124,124,124,124,124,124,124,124,124,124,124,124,124,124,124,124,124,124
6380eae07571e116566417d2,65ba90fc3ca40ae3ada2069a,GAY LEA FOODS CORP,DELIVERLOAD,True,94,15,94,164,94,94,94,94,11,94,94,253,73,192,222,13,200,227,142,17,58,119,94,94,192
6380eae07571e116566417d2,67d5d417027a5485c3f6a078,GAY LEA FOODS CORP LTD CSMS*6,DELIVERLOAD,True,12,12,12,12,12,12,12,12,12,12,12,12,12,12,12,12,12,12,12,12,12,12,12,12,12
6380eae07571e116566417d2,67d5de3091562eaeed878cfd,GAY LEA FOODS CORP LTD CSMS*6,PULLCONTAINER,False,29,29,29,29,29,29,29,29,29,29,29,29,29,29,29,29,29,29,29,29,29,29,29,29,29
6380eae07571e116566417d2,66167e8cb2665c140f639463,GDK (Trenton Cold Storage),DELIVERLOAD,True,11,11,11,11,11,11,11,11,3,8,11,55,11,11,11,11,11,11,11,11,11,11,11,11,11
6380eae07571e116566417d2,6488f7636d82c2162e3d8737,GD LIQUIDATORS,DELIVERLOAD,False,18,18,18,18,18,18,18,18,18,18,18,18,18,18,18,18,18,18,18,18,18,18,18,18,18
6380eae07571e116566417d2,6488f7636d82c2162e3d8737,GD LIQUIDATORS,HOOKCONTAINER,False,20,20,20,20,20,20,20,20,20,20,20,20,20,20,20,20,20,20,20,20,20,20,20,20,20
6380eae07571e116566417d2,638e57e553b69215e982d13a,G.d. Liquidators Ltd.,DELIVERLOAD,False,23,23,23,23,23,23,23,23,23,23,23,23,23,23,23,23,23,23,23,23,23,23,23,23,23
6380eae07571e116566417d2,638e57e553b69215e982d13a,G.d. Liquidators Ltd.,DELIVERLOAD,True,3,3,3,3,3,3,3,3,3,3,3,3,3,3,3,3,3,3,3,3,3,3,3,3,3
6380eae07571e116566417d2,638e57e553b69215e982d13a,G.d. Liquidators Ltd.,HOOKCONTAINER,False,48,48,48,48,48,48,48,48,48,48,48,48,48,48,48,48,48,48,48,48,48,48,48,48,48
6380eae07571e116566417d2,638e78f8683f83165d3f138d,Gdl Logistix,DELIVERLOAD,False,29,29,29,29,29,29,29,29,29,29,29,29,29,29,29,29,29,29,29,29,29,29,29,29,29
6380eae07571e116566417d2,638e78f8683f83165d3f138d,Gdl Logistix,DELIVERLOAD,True,78,78,78,78,78,78,78,78,78,78,78,78,78,78,78,78,78,78,78,78,78,78,78,78,78
6380eae07571e116566417d2,6791780fb9962f38b902dc03,GEM PLASTICS ALBERTA,DELIVERLOAD,True,66,66,66,66,66,66,66,66,66,66,66,66,66,66,66,66,66,66,66,66,66,66,66,66,66
6380eae07571e116566417d2,638e542c487e0815fe50f11d,General body equipment,DELIVERLOAD,True,61,61,61,61,61,61,61,61,61,61,61,61,61,61,61,61,61,61,61,61,61,61,61,61,61
6380eae07571e116566417d2,638e688334262115e3becfa2,GENERAL FASTENERS,DELIVERLOAD,False,8,8,8,8,8,8,8,8,8,8,8,8,8,8,8,8,8,8,8,8,8,8,8,8,8
6380eae07571e116566417d2,660b0dc3a9d4d0a650c7f8c9,GENERAL FILTRATION,DELIVERLOAD,True,81,81,81,81,81,81,81,81,81,81,81,81,81,81,81,81,81,81,81,81,81,81,81,81,81
6380eae07571e116566417d2,638e581444d310163242c203,General Recycling Industries Ltd. - Edmonton,DELIVERLOAD,False,19,19,19,19,19,19,19,19,19,35,18,14,15,11,32,25,20,23,4,19,19,19,19,19,19
6380eae07571e116566417d2,638e581444d310163242c203,General Recycling Industries Ltd. - Edmonton,DELIVERLOAD,True,26,26,26,26,26,26,26,26,26,26,26,26,26,26,26,26,26,26,26,26,26,26,26,26,26
6380eae07571e116566417d2,638e581444d310163242c203,General Recycling Industries Ltd. - Edmonton,HOOKCONTAINER,False,17,17,17,17,17,17,17,17,17,17,17,14,7,43,10,10,50,27,56,11,17,17,17,17,17
6380eae07571e116566417d2,65e49396fa34fe89de8648a9,General Scrap,HOOKCONTAINER,False,55,55,55,55,55,55,55,55,55,55,55,55,55,55,55,55,55,55,55,55,55,55,55,55,55
6380eae07571e116566417d2,68adf3d736da15633a4b9c0e,Gerard-Cadieux,DELIVERLOAD,True,7,7,7,7,7,7,7,7,7,7,7,7,7,7,7,7,7,7,7,7,7,7,7,7,7
6380eae07571e116566417d2,68b086424dabcf1debbfa0ac,Gerard-Cadieux,DELIVERLOAD,True,17,17,17,17,17,17,17,17,17,81,17,17,17,17,17,17,17,17,17,17,17,17,17,17,17
6380eae07571e116566417d2,68b086424dabcf1debbfa0ac,Gerard-Cadieux,PULLCONTAINER,False,13,13,13,13,13,13,13,13,13,13,10,13,13,13,13,13,13,13,13,13,13,13,13,13,13
6380eae07571e116566417d2,64625c3c92f29f1659b12563,Gerhards Importers Ottawa ON,DELIVERLOAD,True,66,66,66,66,66,66,66,66,66,66,66,66,66,66,66,66,66,66,66,66,66,66,66,66,66
6380eae07571e116566417d2,638e649a0f71ac1600f4f841,GFL,DELIVERLOAD,True,29,29,29,29,29,29,29,29,29,29,29,29,29,29,29,29,29,29,29,29,29,29,29,29,29
6380eae07571e116566417d2,68926e2095c3b1ed269aa9fb,GFL Calgary,DELIVERLOAD,True,22,22,22,22,22,22,22,22,22,22,22,22,22,22,22,22,22,22,22,22,22,22,22,22,22
6380eae07571e116566417d2,65e77b9ed55fb064e38b3a65,GFL Calgary MRF,DELIVERLOAD,False,39,39,39,39,39,39,39,39,39,39,39,39,39,39,39,39,39,39,39,39,39,39,39,39,39
6380eae07571e116566417d2,65e77b9ed55fb064e38b3a65,GFL Calgary MRF,DELIVERLOAD,True,67,67,67,67,67,67,67,67,67,67,67,67,67,67,67,67,67,67,67,67,67,67,67,67,67
6380eae07571e116566417d2,64ee2ca3ec08421618fba52d,GFL Edmonton/Northlands Landfill Property,DELIVERLOAD,True,75,75,75,75,75,75,75,75,75,75,75,75,75,75,75,75,75,75,75,75,75,75,75,75,75
6380eae07571e116566417d2,6835d212ae6c0e85a4e7c021,GFL Enviornmental,DELIVERLOAD,True,43,43,43,43,43,43,43,43,43,43,40,69,43,43,43,43,43,43,43,43,43,43,43,43,43
6380eae07571e116566417d2,6849f093875ae846c31c38b8,GFL Environmental Inc.,DELIVERLOAD,False,47,47,47,47,47,47,47,47,47,47,47,47,47,47,47,47,47,47,47,47,47,47,47,47,47
6380eae07571e116566417d2,6849f093875ae846c31c38b8,GFL Environmental Inc.,DELIVERLOAD,True,58,58,58,58,58,58,58,58,58,58,58,52,44,58,58,48,58,58,58,58,58,58,58,58,58
6380eae07571e116566417d2,639117de8e2a95165f79be0d,GFS Calgary,DELIVERLOAD,False,67,67,67,67,67,67,67,67,67,67,67,67,67,67,67,67,67,67,67,67,67,67,67,67,67
6380eae07571e116566417d2,639117de8e2a95165f79be0d,GFS Calgary,DELIVERLOAD,True,66,66,66,66,66,66,66,66,66,66,66,66,66,66,66,66,66,66,66,66,66,66,66,66,66
6380eae07571e116566417d2,638e7afb1de55a15fc741823,Gfs  Delta,DELIVERLOAD,False,29,29,29,29,29,29,29,29,29,29,29,29,29,29,29,29,29,29,29,29,29,29,29,29,29
6380eae07571e116566417d2,638e7afb1de55a15fc741823,Gfs  Delta,DELIVERLOAD,True,46,46,46,46,46,46,46,46,46,115,46,46,46,46,46,46,46,46,46,46,46,46,46,46,46
6380eae07571e116566417d2,638e56ce0f71ac1600f4f5b5,GFS - Edmonton AB,DELIVERLOAD,False,29,29,29,29,29,29,29,29,29,29,29,29,29,29,29,29,29,29,29,29,29,29,29,29,29
6380eae07571e116566417d2,638e56ce0f71ac1600f4f5b5,GFS - Edmonton AB,DELIVERLOAD,True,170,170,170,170,170,170,170,170,170,170,170,170,170,170,170,170,170,170,170,170,170,170,170,170,170
6380eae07571e116566417d2,6477705c49b61816f8fbaa50,"GFS EDMONTON - EDMONTON, AB",DELIVERLOAD,True,92,92,92,92,92,92,92,92,92,92,92,92,92,92,92,92,92,92,92,92,92,92,92,92,92
6380eae07571e116566417d2,671fe7f43dc74a7ca2002796,"GHAWADDI ENTERPRISES 103, BUILDING",DELIVERLOAD,True,66,66,66,66,66,66,66,66,66,66,66,66,66,66,66,66,66,66,66,66,66,66,66,66,66
6380eae07571e116566417d2,661d672397a91df8233a6579,G&H Logistics Inc,DELIVERLOAD,True,66,66,66,66,66,66,66,66,66,66,66,66,66,66,66,66,66,66,66,66,66,66,66,66,66
6380eae07571e116566417d2,67019b8a8981ee9288134d6e,GILL COURIER LTD,HOOKCONTAINER,False,20,20,20,20,20,20,20,20,20,20,20,20,20,20,20,20,20,20,20,20,20,20,20,20,20
6380eae07571e116566417d2,67f92aaed0bcbd36492f320c,Ginger Beef Kitchen,DELIVERLOAD,True,101,101,101,101,101,101,101,101,101,101,101,101,101,101,101,101,101,101,101,101,101,101,101,101,101
6380eae07571e116566417d2,644154db8d81d115f88ebe32,GIQ AUCTION AB INC.,DELIVERLOAD,False,67,67,67,67,67,67,67,67,67,67,67,69,67,67,67,67,67,67,67,67,67,67,67,67,67
6380eae07571e116566417d2,670846724bede9ea8ef9aab0,GIUSTI FINANCE LTD,DELIVERLOAD,False,25,25,25,25,25,25,25,25,25,25,25,25,25,25,25,25,25,25,25,25,25,25,25,25,25
6380eae07571e116566417d2,670846724bede9ea8ef9aab0,GIUSTI FINANCE LTD,HOOKCONTAINER,False,55,55,55,55,55,55,55,55,55,55,55,55,55,55,55,55,55,55,55,55,55,55,55,55,55
6380eae07571e116566417d2,6453bbe714e3db16200fb0a1,GIUSTI GROUP A-4,DELIVERLOAD,False,20,20,20,20,20,20,20,20,20,20,20,20,20,20,20,20,20,20,20,20,20,20,20,20,20
6380eae07571e116566417d2,6453bbe714e3db16200fb0a1,GIUSTI GROUP A-4,HOOKCONTAINER,False,24,24,24,24,24,24,24,24,24,24,24,24,24,24,24,24,24,24,24,24,24,24,24,24,24
6380eae07571e116566417d2,66871a5c9882e6e87ac41bb3,Giusti Wall Tech,DELIVERLOAD,False,89,89,89,89,89,89,89,89,89,89,89,89,89,89,89,89,89,89,89,89,89,89,89,89,89
6380eae07571e116566417d2,65c28a54d36d3c357a5626a6,GIVE AND GO,DELIVERLOAD,True,30,30,30,30,30,30,30,30,157,30,30,64,4,30,30,191,30,13,46,30,30,30,30,30,30
6380eae07571e116566417d2,67d5c288ac3db79ad08a3a96,GIVE & GO PREPARED FOOD CDNCB,DELIVERLOAD,True,66,66,66,66,66,66,66,66,66,66,66,66,66,66,66,66,66,66,66,66,66,66,66,66,66
6380eae07571e116566417d2,67d5c26635683795f75c5156,GIVE & GO PREPARED FOOD CSMS,DELIVERLOAD,True,83,83,83,83,83,83,83,83,15,83,83,83,83,83,234,83,83,83,83,83,83,83,83,83,83
6380eae07571e116566417d2,68bc34e87904d3e75e45a543,GIVE & GO PREPARED FOOD CSMS,PULLCONTAINER,False,70,70,70,70,70,70,70,70,70,70,70,70,70,70,70,70,70,70,70,70,70,70,70,70,70
6380eae07571e116566417d2,681510208b8f26cd58e236ec,GLASS DOCTOR,DELIVERLOAD,False,27,27,27,27,27,27,27,27,27,27,27,27,27,27,27,27,27,27,27,27,27,27,27,27,27
6380eae07571e116566417d2,681510208b8f26cd58e236ec,GLASS DOCTOR,HOOKCONTAINER,False,20,20,20,20,20,20,20,20,20,20,20,20,20,20,20,20,20,20,20,20,20,20,20,20,20
6380eae07571e116566417d2,67c0745b4f2207e22a32714e,GLC CDC WAREHOUSE,DELIVERLOAD,True,112,112,112,112,112,112,112,112,112,112,112,112,112,112,112,112,112,112,112,112,112,112,112,112,112
6380eae07571e116566417d2,67d49e89c1280e35d860dca0,Global Foods Annacis Island Receiving  Warehouse,DELIVERLOAD,True,72,72,72,72,72,72,72,72,72,72,72,72,72,72,72,72,72,72,72,72,72,72,72,72,72
6380eae07571e116566417d2,638e2fd4b91dc3160b914f8a,Global Heat Transfer,DELIVERLOAD,True,88,88,88,88,88,88,88,88,88,88,88,88,88,88,88,88,88,88,88,88,88,88,88,88,88
6380eae07571e116566417d2,638e6b9034262115e3bed0a4,Global Humic Products Ltd,DELIVERLOAD,True,39,39,39,39,39,39,39,39,39,39,39,39,39,39,39,39,39,39,39,39,39,39,39,39,39
6380eae07571e116566417d2,638e6993e2c64116395bbd64,Global Hydraulic Solutions Inc.,DELIVERLOAD,False,22,22,22,22,22,22,22,22,22,22,22,22,22,22,22,22,22,22,22,22,22,22,22,22,22
6380eae07571e116566417d2,638e6993e2c64116395bbd64,Global Hydraulic Solutions Inc.,HOOKCONTAINER,False,22,22,22,22,22,22,22,22,22,22,22,22,22,22,22,22,22,22,22,22,22,22,22,22,22
6380eae07571e116566417d2,641b29fb46f3c71636bb1549,GLOBAL REACH,DELIVERLOAD,False,29,29,29,29,29,29,29,29,29,29,29,29,29,29,29,29,29,29,29,29,29,29,29,29,29
6380eae07571e116566417d2,641b29fb46f3c71636bb1549,GLOBAL REACH,DELIVERLOAD,True,138,138,138,138,138,138,138,138,138,138,138,138,138,138,138,138,138,138,138,138,138,138,138,138,138
6380eae07571e116566417d2,67d9b2524a6008a30ffbbe1d,GLOBAL SOLUTIONS -,DELIVERLOAD,True,39,39,39,39,39,39,39,39,39,39,39,39,39,39,39,39,39,39,39,39,39,39,39,39,39
6380eae07571e116566417d2,65aeb834a3dba616647360ae,Global Wide Auto Recycling and Parts,DELIVERLOAD,True,162,162,162,162,162,162,162,162,162,162,162,162,162,162,162,162,162,162,162,162,162,162,162,162,162
6380eae07571e116566417d2,65aeb834a3dba616647360ae,Global Wide Auto Recycling and Parts,PULLCONTAINER,False,29,29,29,29,29,29,29,29,29,29,29,29,29,29,29,29,29,29,29,29,29,29,29,29,29
6380eae07571e116566417d2,676ed7a1badc06b698b443c8,"GLOBOCAM - MONTREAL, QC",DELIVERLOAD,True,14,14,14,14,14,14,14,14,14,14,14,14,14,14,14,14,14,14,14,14,14,14,14,14,14
6380eae07571e116566417d2,679ba50d3f682bb86fe1db78,Gloucester Way Langley,DELIVERLOAD,True,75,75,75,75,75,75,75,75,75,75,75,75,75,75,75,75,75,75,75,75,75,75,75,75,75
6380eae07571e116566417d2,68adc27506864c9454e7f3f6,GLOVER INT'L TRUCKS,DELIVERLOAD,True,180,180,180,180,180,180,180,180,180,180,180,180,180,180,180,180,180,180,180,180,180,180,180,180,180
6380eae07571e116566417d2,6539407fabac55162fec1efe,Glp Canada Ltd,DELIVERLOAD,False,13,13,13,13,13,13,13,13,13,13,13,13,13,13,13,13,13,13,13,13,13,13,13,13,13
6380eae07571e116566417d2,6539407fabac55162fec1efe,Glp Canada Ltd,HOOKCONTAINER,False,28,28,28,28,28,28,28,28,28,28,28,28,28,28,28,28,28,28,28,28,28,28,28,28,28
6380eae07571e116566417d2,66393f1155d80d1042b6a260,GMCC_GROUPE ROBERT,DELIVERLOAD,True,117,117,117,117,117,117,117,117,117,105,191,117,117,277,117,117,117,117,117,117,117,117,117,117,117
6380eae07571e116566417d2,67056e0350e1df41d47b4cc6,GM GRANITE & MARBLE LTD.,DELIVERLOAD,False,42,42,42,42,42,42,42,42,42,42,42,42,42,42,42,42,42,42,42,42,42,42,42,42,42
6380eae07571e116566417d2,67056e0350e1df41d47b4cc6,GM GRANITE & MARBLE LTD.,HOOKCONTAINER,False,27,27,27,27,27,27,27,27,27,27,27,27,27,27,27,27,27,27,27,27,27,27,27,27,27
6380eae07571e116566417d2,65d24e46f502f62451ba5a11,GMR Logistics LTD,DELIVERLOAD,True,69,69,69,69,69,69,69,69,69,69,274,69,69,36,52,69,69,69,69,69,69,69,69,69,69
6380eae07571e116566417d2,685b2350a4d637299393ef00,GOGGI'S GULLY,DELIVERLOAD,True,4,4,4,4,4,4,4,4,4,4,4,4,4,4,4,4,4,4,4,4,4,4,4,4,4
6380eae07571e116566417d2,638e2fd4b91dc3160b914f49,Goldray Industries Ltd,DELIVERLOAD,False,20,20,20,20,20,20,20,20,20,21,20,20,20,20,20,20,20,20,20,20,20,20,20,20,20
6380eae07571e116566417d2,638e2fd4b91dc3160b914f49,Goldray Industries Ltd,DELIVERLOAD,True,86,86,86,86,86,86,86,86,86,86,86,86,86,86,86,86,86,86,86,86,86,86,86,86,86
6380eae07571e116566417d2,638e2fd4b91dc3160b914f49,Goldray Industries Ltd,HOOKCONTAINER,False,20,20,20,20,20,20,20,20,20,20,20,20,20,20,20,20,20,20,20,20,20,20,20,20,20
6380eae07571e116566417d2,638e650466512f16196c8089,Goodfellow Inc,DELIVERLOAD,True,42,42,42,42,42,42,42,42,42,42,42,42,42,42,42,42,42,42,42,42,42,42,42,42,42
6380eae07571e116566417d2,644168dda68b131620779041,GOODFELLOW INC.,DELIVERLOAD,False,66,66,66,66,66,66,66,66,66,66,66,66,66,66,66,66,66,66,66,66,66,66,66,66,66
6380eae07571e116566417d2,644168dda68b131620779041,GOODFELLOW INC.,HOOKCONTAINER,False,16,16,16,16,16,16,16,16,16,16,16,16,16,16,16,16,16,16,16,16,16,16,16,16,16
6380eae07571e116566417d2,638e7f737c780a16503cb21d,Good Tires,HOOKCONTAINER,False,50,50,50,50,50,50,50,50,50,50,50,50,50,50,50,50,50,50,50,50,50,50,50,50,50
6380eae07571e116566417d2,65383bda7432071663c8dc0c,GOOD TIRES LTD.,DELIVERLOAD,True,66,66,66,66,66,66,66,66,66,66,66,66,66,66,66,66,66,66,66,66,66,66,66,66,66
6380eae07571e116566417d2,65383bda7432071663c8dc0c,GOOD TIRES LTD.,HOOKCONTAINER,False,20,20,20,20,20,20,20,20,20,20,20,20,20,20,20,20,20,20,20,20,20,20,20,20,20
6380eae07571e116566417d2,67e6acacf4ed9d2661a1e315,Good water overflow warehouse,DELIVERLOAD,False,17,17,17,17,17,17,17,17,17,17,17,17,17,17,17,17,17,17,17,17,17,17,17,17,17
6380eae07571e116566417d2,67e6acacf4ed9d2661a1e315,Good water overflow warehouse,DELIVERLOAD,True,38,38,38,38,38,38,38,38,38,38,38,38,38,38,38,38,38,38,38,38,38,38,38,38,38
6380eae07571e116566417d2,67e6acacf4ed9d2661a1e315,Good water overflow warehouse,HOOKCONTAINER,False,5,5,5,5,5,5,5,5,5,5,5,5,5,5,5,5,5,5,5,5,5,5,5,5,5
6380eae07571e116566417d2,638e3bc71de55a15fc740f00,Good Water Warehouse,DELIVERLOAD,False,29,29,29,29,29,29,29,29,29,29,29,29,29,29,29,29,29,29,29,29,29,29,29,29,29
6380eae07571e116566417d2,638e3bc71de55a15fc740f00,Good Water Warehouse,DELIVERLOAD,True,46,46,46,46,46,46,46,46,46,46,46,46,46,46,46,46,46,46,46,46,46,46,46,46,46
6380eae07571e116566417d2,638e3bc71de55a15fc740f00,Good Water Warehouse,HOOKCONTAINER,False,56,56,56,56,56,56,56,56,56,56,56,56,56,56,56,56,56,56,56,56,56,56,56,56,56
6380eae07571e116566417d2,638e682f0f71ac1600f4f9cc,GOODWILL EDMONTON,DELIVERLOAD,True,107,107,107,107,107,107,107,107,107,107,107,107,107,107,107,107,107,107,107,107,107,107,107,107,107
6380eae07571e116566417d2,65bbe17e781b5b3fb2e79a96,GOODYEAR CANADA INC,DELIVERLOAD,False,61,61,61,61,61,61,61,61,61,61,61,61,61,61,61,61,61,61,61,61,61,61,61,61,61
6380eae07571e116566417d2,65bbe17e781b5b3fb2e79a96,GOODYEAR CANADA INC,DELIVERLOAD,True,66,66,66,66,66,66,66,66,66,66,66,66,66,66,66,66,66,66,66,66,66,66,66,66,66
6380eae07571e116566417d2,67ec54142a263beab00b7469,Gordon Food Service,DELIVERLOAD,True,66,66,66,66,66,66,66,66,66,66,66,66,66,66,66,66,66,66,66,66,66,66,66,66,66
6380eae07571e116566417d2,662a66817cdece33dde2f830,GORDON FOOD SERVICE CANADA LTD,DELIVERLOAD,True,2,2,2,2,2,2,2,2,2,2,2,2,2,2,2,2,2,2,2,2,2,2,2,2,2
6380eae07571e116566417d2,638e6672a5295f15ea3e4ba7,Gould Stainless Products Inc.,DELIVERLOAD,False,18,18,18,18,18,18,18,18,18,18,18,18,18,18,18,18,18,18,18,18,18,18,18,18,18
6380eae07571e116566417d2,638e6672a5295f15ea3e4ba7,Gould Stainless Products Inc.,HOOKCONTAINER,False,29,29,29,29,29,29,29,29,29,29,29,29,29,29,29,29,29,29,29,29,29,29,29,29,29
6380eae07571e116566417d2,68c994451e4eeb06a7eb7cf4,GPS Warehouse,PULLCONTAINER,False,29,29,29,29,29,29,29,29,29,29,29,29,29,29,29,29,29,29,29,29,29,29,29,29,29
6380eae07571e116566417d2,689114fab2d05d49867695bc,GRADIENT THERMAL,DELIVERLOAD,False,58,58,58,58,58,58,58,58,58,58,58,58,58,58,58,58,58,58,58,58,58,58,58,58,58
6380eae07571e116566417d2,66f2cc0744e5a9e80afcbbaf,GRAPHIC PACKAGING INTERNATIONAL CANADA U,DELIVERLOAD,True,66,66,66,66,66,66,66,66,66,66,66,66,66,66,66,66,66,66,66,66,66,66,66,66,66
6380eae07571e116566417d2,683492d24737a9951b3b3cb5,Great Plains Warehouse,DELIVERLOAD,True,36,36,36,36,36,36,36,36,36,36,36,36,36,36,36,36,36,36,36,36,36,36,36,36,36
6380eae07571e116566417d2,638e69935d19cf15e2624655,Great West Italian Importers Ltd.,DELIVERLOAD,True,103,103,103,103,103,103,103,103,103,103,103,103,103,103,103,103,103,103,103,103,103,103,103,103,103
6380eae07571e116566417d2,6841fd38dd0c2529d7321496,Green Fox Windows & Doors,DELIVERLOAD,True,16,16,16,16,16,16,16,16,16,16,16,16,16,16,16,16,16,16,16,16,16,16,16,16,16
6380eae07571e116566417d2,66e1b2e675a381626e76e2c1,GREENFOX WINDOWS & DOORS,DELIVERLOAD,True,72,72,72,72,72,72,72,72,72,72,72,72,72,72,72,72,72,72,72,72,72,72,72,72,72
6380eae07571e116566417d2,6876cbef559d9dec432d22dc,GREEN & GOLD REAL ESTATECOLLECTION INC.,HOOKCONTAINER,False,17,17,17,17,17,17,17,17,17,17,17,17,17,17,17,17,17,17,17,17,17,17,17,17,17
6380eae07571e116566417d2,67f921a99f7641e60735037b,Green Integrations Inc.,DELIVERLOAD,True,75,75,75,75,75,75,75,75,75,75,75,75,75,75,75,75,75,75,75,75,75,75,75,75,75
6380eae07571e116566417d2,63911568c025ee15f34573b0,Green Prairie International Inc.  CON,DELIVERLOAD,False,15,15,15,15,15,15,15,15,15,33,10,13,15,11,15,15,15,15,15,15,15,15,15,15,15
6380eae07571e116566417d2,63911568c025ee15f34573b0,Green Prairie International Inc.  CON,DELIVERLOAD,True,12,12,12,12,12,12,12,12,12,12,5,12,12,12,12,12,12,12,12,12,12,12,12,12,12
6380eae07571e116566417d2,63911568c025ee15f34573b0,Green Prairie International Inc.  CON,DROPCONTAINER,False,22,22,22,22,22,22,22,22,22,22,22,22,22,22,22,22,22,22,22,22,22,22,22,22,22
6380eae07571e116566417d2,63911568c025ee15f34573b0,Green Prairie International Inc.  CON,HOOKCONTAINER,False,20,20,20,20,20,20,20,20,20,20,20,20,20,20,20,20,20,20,20,20,20,20,20,20,20
6380eae07571e116566417d2,63911568c025ee15f34573b0,Green Prairie International Inc.  CON,RETURNCONTAINER,False,5,5,5,5,5,5,5,5,5,5,5,5,5,5,5,5,5,5,5,5,5,5,5,5,5
6380eae07571e116566417d2,638e796e32ca271626406a54,Gregg Distributors,DELIVERLOAD,True,111,111,111,111,111,111,111,111,111,111,111,111,111,111,111,111,111,111,111,111,111,111,111,111,111
6380eae07571e116566417d2,67ad09181d358505eec9a1aa,GRIFF GLASS LTD,DELIVERLOAD,False,40,40,40,40,40,40,40,40,40,40,40,40,40,40,40,40,40,40,40,40,40,40,40,40,40
6380eae07571e116566417d2,67ad09181d358505eec9a1aa,GRIFF GLASS LTD,HOOKCONTAINER,False,20,20,20,20,20,20,20,20,20,20,20,20,20,20,20,20,20,20,20,20,20,20,20,20,20
6380eae07571e116566417d2,638e99746df97715f0f39fc5,Griffith Foods / Mainliner Freightways Brampton ON,HOOKCONTAINER,False,20,20,20,20,20,20,20,20,20,20,20,20,20,20,20,20,20,20,20,20,20,20,20,20,20
6380eae07571e116566417d2,638ec1476df97715f0f3a2b5,Griffith Laboratories Langley BC,DELIVERLOAD,False,80,80,80,80,80,80,80,80,80,80,80,80,80,80,80,80,80,80,80,80,80,80,80,80,80
6380eae07571e116566417d2,68a3824c12e88a97fc7b14d9,Grimco,DELIVERLOAD,True,66,66,66,66,66,66,66,66,66,66,66,66,66,66,66,66,66,66,66,66,66,66,66,66,66
6380eae07571e116566417d2,680a8a0dfbb8bd0427c73bc8,Grimshaw Trucking,DELIVERLOAD,False,29,29,29,29,29,29,29,29,29,29,29,29,29,29,29,29,29,29,29,29,29,29,29,29,29
6380eae07571e116566417d2,67b8a0425c786b68381765a8,GRIZZLY TRUCKS,HOOKCONTAINER,False,4,4,4,4,4,4,4,4,4,4,4,4,4,4,4,4,4,4,4,4,4,4,4,4,4
6380eae07571e116566417d2,6838bd423ce95e1c67572bef,Group Bhandal Logistics (GBL),DELIVERLOAD,True,66,66,66,66,66,66,66,66,66,66,66,66,66,66,66,66,66,66,66,66,66,66,66,66,66
6380eae07571e116566417d2,638e55986df97715f0f39500,"Groupe Lafrance Transport, Montreal QC",DELIVERLOAD,True,56,56,56,56,56,56,56,56,56,56,56,56,56,56,56,56,56,56,56,56,56,56,56,56,56
6380eae07571e116566417d2,67dd8e46ab2234c15d1967a2,Groupe Ricochet,DELIVERLOAD,True,66,66,66,66,66,66,66,66,66,66,66,66,66,66,66,66,66,66,66,66,66,66,66,66,66
6380eae07571e116566417d2,6478eb72f3cd1a15ebdff90a,Groupe Robert,DELIVERLOAD,False,41,41,41,41,41,41,41,41,41,41,41,41,41,41,41,41,41,41,41,41,41,41,41,41,41
6380eae07571e116566417d2,6478eb72f3cd1a15ebdff90a,Groupe Robert,DELIVERLOAD,True,92,92,92,92,92,92,92,92,92,92,103,92,107,92,114,92,33,92,92,92,92,92,92,92,92
6380eae07571e116566417d2,64433b3617026d16059b7491,Groupe Robert 261053,DELIVERLOAD,True,80,80,80,80,80,80,80,80,80,80,80,80,80,80,80,80,80,80,80,80,80,80,80,80,80
6380eae07571e116566417d2,687005b0c96e1f8c535d5cf9,GROUPE TOUCHETTE INC,DELIVERLOAD,False,29,29,29,29,29,29,29,29,29,29,29,29,29,29,29,29,29,29,29,29,29,29,29,29,29
6380eae07571e116566417d2,68baf37d219560ade6c9e5ec,Group touchette,DELIVERLOAD,False,29,29,29,29,29,29,29,29,29,29,29,29,29,29,29,29,29,29,29,29,29,29,29,29,29
6380eae07571e116566417d2,649482958e680b161814c712,"GS DUNN & COMPANY LTD. - BOW ISLAND, AB",DELIVERLOAD,False,55,55,55,55,55,55,55,55,55,55,55,55,55,55,55,55,55,55,55,55,55,55,55,55,55
6380eae07571e116566417d2,67575eae02b56301d4d17792,G.S. DUNN LIMITED,DELIVERLOAD,False,29,29,29,29,29,29,29,29,29,29,29,29,29,29,29,29,29,29,29,29,29,29,29,29,29
6380eae07571e116566417d2,67575eae02b56301d4d17792,G.S. DUNN LIMITED,DELIVERLOAD,True,50,50,50,50,50,50,50,50,50,50,50,50,50,50,50,50,50,50,50,50,50,50,50,50,50
6380eae07571e116566417d2,66edca87b0e0cd5e03372547,GT- Calgary,HOOKCONTAINER,False,39,39,39,39,39,39,39,39,39,39,39,39,39,39,39,39,39,39,39,39,39,39,39,39,39
6380eae07571e116566417d2,673b54446e9553bc593b3f76,GT- Edmonton,DELIVERLOAD,True,66,66,66,66,66,66,66,66,66,66,66,66,66,66,66,66,66,66,66,66,66,66,66,66,66
6380eae07571e116566417d2,6737aa610fb951694c64bdbd,GT- Edmonton North(GT/NTD) 14404 128 Avenue NW,DELIVERLOAD,False,18,18,18,18,18,18,18,18,18,18,18,18,18,18,18,18,18,18,18,18,18,18,18,18,18
6380eae07571e116566417d2,6737aa610fb951694c64bdbd,GT- Edmonton North(GT/NTD) 14404 128 Avenue NW,HOOKCONTAINER,False,20,20,20,20,20,20,20,20,20,20,20,20,20,20,20,20,20,20,20,20,20,20,20,20,20
6380eae07571e116566417d2,68714a1f06085f566ff57b7c,GT- Langley(NTD/GT),DELIVERLOAD,True,66,66,66,66,66,66,66,66,66,66,66,66,66,66,66,66,66,66,66,66,66,66,66,66,66
6380eae07571e116566417d2,66edca6b054e8e7a37b612f4,GT- Mississauga(GT/NTD),HOOKCONTAINER,False,39,39,39,39,39,39,39,39,39,39,39,39,39,39,39,39,39,39,39,39,39,39,39,39,39
6380eae07571e116566417d2,6688603f4b0b8ad823bdc118,Gulzar trailer,RETURNCONTAINER,False,49,49,49,49,49,49,49,49,49,49,49,49,49,49,49,49,49,49,49,49,49,49,49,49,49
6380eae07571e116566417d2,67913401c02ac28d439f3bd1,Gurish Trucking Yard,DELIVERLOAD,True,111,111,111,111,111,111,111,111,111,111,111,111,111,111,111,111,111,111,111,111,111,111,111,111,111
6380eae07571e116566417d2,6439c94265cda4159cd5ff89,GWP Warehousing,DELIVERLOAD,False,29,29,29,29,29,29,29,29,29,29,29,29,29,29,29,29,29,29,29,29,29,29,29,29,29
6380eae07571e116566417d2,6439c94265cda4159cd5ff89,GWP Warehousing,DELIVERLOAD,True,30,30,30,30,30,30,30,30,30,30,30,30,30,30,30,30,30,30,30,30,30,30,30,30,30
6380eae07571e116566417d2,638e4e3805db79164b42455d,Hain Celestial Canada,DELIVERLOAD,True,93,93,93,93,93,93,93,93,93,93,93,93,93,93,93,93,93,93,93,93,93,93,93,93,93
6380eae07571e116566417d2,6887c32762d64789939364ed,HALLIBURTON GROUP CANADA,DELIVERLOAD,True,36,36,36,36,36,36,36,36,36,36,36,36,36,36,36,36,36,36,36,36,36,36,36,36,36
6380eae07571e116566417d2,65d3a789d9b9d5987ffc92cb,Hamdani Textiles,DELIVERLOAD,True,5,5,5,5,5,5,5,5,5,5,5,5,5,5,5,5,5,5,5,5,5,5,5,5,5
6380eae07571e116566417d2,681d17de7c15718f35a66723,Hammerstrap Industries Inc,DELIVERLOAD,True,66,66,66,66,66,66,66,66,66,66,66,66,66,66,66,66,66,66,66,66,66,66,66,66,66
6380eae07571e116566417d2,6824a7681c0a9d349de55a63,Hammond Paper Company Limited,DELIVERLOAD,True,66,66,66,66,66,66,66,66,66,66,66,66,66,66,66,66,66,66,66,66,66,66,66,66,66
6380eae07571e116566417d2,66146ea0909d2cdf0c41426e,HANBASE LIMITED C/O RITCHIE BROS AUCTIONEERS,DELIVERLOAD,True,66,66,66,66,66,66,66,66,66,66,66,66,66,66,66,66,66,66,66,66,66,66,66,66,66
6380eae07571e116566417d2,688297658b20ebc64aa7aa00,HANGAR 12,DELIVERLOAD,True,66,66,66,66,66,66,66,66,66,66,66,66,66,66,66,66,66,66,66,66,66,66,66,66,66
6380eae07571e116566417d2,65315210ef6ca116711b3165,Happy Planet,DELIVERLOAD,True,66,66,66,66,66,66,66,66,66,66,66,66,66,66,66,66,66,66,66,66,66,66,66,66,66
6380eae07571e116566417d2,65fa8b4911a9aa52d4e5048d,Happy Planet Annacis,DELIVERLOAD,True,66,66,66,66,66,66,66,66,66,66,66,66,66,66,66,66,66,66,66,66,66,66,66,66,66
6380eae07571e116566417d2,68407f25dd4fd9bd81f0ec1e,Hap Timber Yard - BC,DELIVERLOAD,True,5,5,5,5,5,5,5,5,5,5,5,5,5,5,5,5,5,6,5,5,5,5,5,5,5
6380eae07571e116566417d2,68407f25dd4fd9bd81f0ec1e,Hap Timber Yard - BC,RETURNCONTAINER,False,23,23,23,23,23,23,23,23,23,23,23,23,23,23,23,23,23,23,23,23,23,23,23,23,23
6380eae07571e116566417d2,638e774c7510cb164789df1c,HARBOUR LINK,PULLCONTAINER,False,47,47,47,47,47,47,47,47,47,47,35,43,59,47,44,49,54,52,45,56,54,37,46,34,39
6380eae07571e116566417d2,638e774c7510cb164789df1c,HARBOUR LINK,RETURNCONTAINER,False,29,29,29,29,29,29,29,29,29,29,29,29,29,29,29,29,29,29,29,29,29,29,29,29,29
6380eae07571e116566417d2,638e3bc71de55a15fc740ee1,Hardwoods Specialty Products - Calgary,DELIVERLOAD,True,45,45,45,45,45,45,45,45,45,45,45,45,45,45,45,45,45,45,45,45,45,45,45,45,45
6380eae07571e116566417d2,65e10d4b3ee157434f24aeb7,Harmony Beef,DELIVERLOAD,False,19,19,19,19,19,19,19,19,19,19,19,19,19,19,19,19,19,19,19,19,19,19,19,19,19
6380eae07571e116566417d2,65e10d4b3ee157434f24aeb7,Harmony Beef,HOOKCONTAINER,False,20,20,20,20,20,20,20,20,20,20,20,20,20,20,20,20,20,20,20,20,20,20,20,20,20
6380eae07571e116566417d2,67edb2fd9cc95a70eb2c6ef0,HARMONY BEEF,DELIVERLOAD,False,7,7,7,7,7,7,7,7,7,7,7,7,7,7,7,7,7,7,7,7,7,7,7,7,7
6380eae07571e116566417d2,67edb2fd9cc95a70eb2c6ef0,HARMONY BEEF,DELIVERLOAD,True,3,3,3,3,3,3,3,3,3,3,3,3,3,3,3,3,3,3,3,3,3,3,3,3,3
6380eae07571e116566417d2,67edb2fd9cc95a70eb2c6ef0,HARMONY BEEF,HOOKCONTAINER,False,24,24,24,24,24,24,24,24,24,24,24,24,24,24,24,24,24,24,24,24,24,24,24,24,24
6380eae07571e116566417d2,638e2f925c1f1916101ff125,Harmony Beef Company Ltd,HOOKCONTAINER,False,13,13,13,13,13,13,13,13,13,13,13,13,13,13,13,13,13,13,13,13,13,13,13,13,13
6380eae07571e116566417d2,689fc7523e1b63b75255cdcd,Harmony Logistics Inc.,DELIVERLOAD,False,10,10,10,10,10,10,10,10,10,10,10,10,10,10,10,10,10,10,10,10,10,10,10,10,10
6380eae07571e116566417d2,689fc7523e1b63b75255cdcd,Harmony Logistics Inc.,HOOKCONTAINER,False,15,15,15,15,15,15,15,15,15,15,15,15,15,15,15,15,15,15,15,15,15,15,15,15,15
6380eae07571e116566417d2,67f96b12540a8592c1e83367,HARPREET,HOOKCONTAINER,False,20,20,20,20,20,20,20,20,20,20,20,20,20,20,20,20,20,20,20,20,20,20,20,20,20
6380eae07571e116566417d2,66c89f6ba08f86d5df0aa091,Harry Sink,DELIVERLOAD,False,33,33,33,33,33,33,33,33,33,33,33,33,33,33,33,33,33,33,33,33,33,33,33,33,33
6380eae07571e116566417d2,66c89f6ba08f86d5df0aa091,Harry Sink,HOOKCONTAINER,False,20,20,20,20,20,20,20,20,20,20,20,20,20,20,20,20,20,20,20,20,20,20,20,20,20
6380eae07571e116566417d2,683f81fbed4d9709d7fdb25c,HATTY PRO DRY INC,DELIVERLOAD,False,53,53,53,53,53,53,53,53,53,53,53,53,53,53,53,53,53,53,53,53,53,53,53,53,53
6380eae07571e116566417d2,66eb14c32db14cd87bebf47b,Heatlink Group inc #115,DELIVERLOAD,False,36,36,36,36,36,36,36,36,36,36,36,36,36,36,36,36,36,36,36,36,36,36,36,36,36
6380eae07571e116566417d2,66eb14c32db14cd87bebf47b,Heatlink Group inc #115,DELIVERLOAD,True,45,45,45,45,45,45,45,45,45,45,45,45,45,45,45,45,45,45,45,45,45,45,45,45,45
6380eae07571e116566417d2,66eb14c32db14cd87bebf47b,Heatlink Group inc #115,HOOKCONTAINER,False,5,5,5,5,5,5,5,5,5,5,5,5,5,5,5,5,5,5,5,5,5,5,5,5,5
6380eae07571e116566417d2,65aea8d8ea21fe164aa7dff9,Hello Fresh,RETURNCONTAINER,False,60,60,60,60,60,60,60,60,60,60,60,60,60,60,60,60,60,60,60,60,60,60,60,60,60
6380eae07571e116566417d2,67e2fd0307a06c93805af379,HENG HING TRADING LTD - SCARBOROUGH,DELIVERLOAD,True,67,67,67,67,67,67,67,67,67,67,67,67,67,67,67,67,67,67,67,67,67,67,67,67,67
6380eae07571e116566417d2,638f5669648f7a162c61a9c3,Henry Company Scarborough,DELIVERLOAD,True,66,66,66,66,66,66,66,66,66,66,66,66,66,66,66,66,66,66,66,66,66,66,66,66,66
6380eae07571e116566417d2,67aa6518bd4c97eb617d62ab,Hercules Nisku,DELIVERLOAD,False,19,19,19,19,19,19,19,19,19,19,19,19,19,19,19,19,19,19,19,19,19,19,19,19,19
6380eae07571e116566417d2,67aa6518bd4c97eb617d62ab,Hercules Nisku,HOOKCONTAINER,False,25,25,25,25,25,25,25,25,25,25,25,25,25,25,25,25,25,25,25,25,25,25,25,25,25
6380eae07571e116566417d2,6776bc2a0dac78f08240f3c6,Hereford,DELIVERLOAD,True,3,3,3,3,3,3,3,3,3,3,3,3,3,3,3,3,3,3,3,3,3,3,3,3,3
6380eae07571e116566417d2,68225467fed5a79fdbb0baab,HGS Bioscience,DELIVERLOAD,True,66,66,66,66,66,66,66,66,66,66,66,66,66,66,66,66,66,66,66,66,66,66,66,66,66
6380eae07571e116566417d2,646fac0c2720581605845d68,Hibbert International Inc. 161,DELIVERLOAD,False,29,29,29,29,29,29,29,29,29,29,29,29,29,29,29,29,29,29,29,29,29,29,29,29,29
6380eae07571e116566417d2,646fac0c2720581605845d68,Hibbert International Inc. 161,HOOKCONTAINER,False,47,47,47,47,47,47,47,47,47,47,47,47,47,47,47,47,47,47,47,47,47,47,47,47,47
6380eae07571e116566417d2,67993bc225942f2fb2e35119,Hidaya Fashion,DELIVERLOAD,False,41,41,41,41,41,41,41,41,41,41,41,41,41,41,41,41,41,41,41,41,41,41,41,41,41
6380eae07571e116566417d2,67993bc225942f2fb2e35119,Hidaya Fashion,HOOKCONTAINER,False,20,20,20,20,20,20,20,20,20,20,20,20,20,20,20,20,20,20,20,20,20,20,20,20,20
6380eae07571e116566417d2,6844b1344f458074df1f4e78,High Plains 3PL,DELIVERLOAD,True,6,6,6,6,6,6,6,6,6,6,6,6,6,6,6,6,6,6,6,6,6,6,6,6,6
6380eae07571e116566417d2,6844b22883d239519e839513,High Plains 3PL,DELIVERLOAD,True,40,40,40,40,40,40,40,40,40,139,5,40,57,40,6,245,80,7,5,28,11,48,6,23,40
6380eae07571e116566417d2,6844b22883d239519e839513,High Plains 3PL,PULLCONTAINER,False,9,9,9,9,9,9,9,9,9,9,9,9,9,9,196,9,9,10,9,9,9,9,9,9,9
6380eae07571e116566417d2,638e6672a5295f15ea3e4bab,Highwood Distillers Ltd.,DELIVERLOAD,False,29,29,29,29,29,29,29,29,29,29,29,29,29,29,29,29,29,29,29,29,29,29,29,29,29
6380eae07571e116566417d2,638e6672a5295f15ea3e4bab,Highwood Distillers Ltd.,DELIVERLOAD,True,69,69,69,69,69,69,69,69,69,69,69,69,69,69,69,69,69,69,69,69,69,69,69,69,69
6380eae07571e116566417d2,67ddd132c93e41cecd2eea33,Hi-Kalibre Equipment ltd,DELIVERLOAD,True,130,130,130,130,130,130,130,130,130,130,130,130,130,130,130,130,130,130,130,130,130,130,130,130,130
6380eae07571e116566417d2,638e7afb1de55a15fc741842,Hillman Group,DELIVERLOAD,True,66,66,66,66,66,66,66,66,66,66,66,66,66,66,66,66,66,66,66,66,66,66,66,66,66
6380eae07571e116566417d2,67b3b3626170baa589b4fe89,Hilton Transportation Warehouse c/o Speedee Etobicoke,DELIVERLOAD,False,4,4,4,4,4,4,4,4,4,4,4,4,4,4,4,4,4,4,4,4,4,4,4,4,4
6380eae07571e116566417d2,687e895af2fd378e3a75ed2d,Hi-Tech Seals Inc.,DELIVERLOAD,True,37,37,37,37,37,37,37,37,37,37,37,37,37,37,37,37,37,37,37,37,37,37,37,37,37
6380eae07571e116566417d2,679928078be9db83998f573d,HI-TEK C/O BEYOND ENERGY,DELIVERLOAD,True,45,45,45,45,45,45,45,45,45,45,45,45,45,45,45,45,45,45,45,45,45,45,45,45,45
6380eae07571e116566417d2,64f226e3fd283015ba763992,HKP Traders Ltd,DELIVERLOAD,False,29,29,29,29,29,29,29,29,29,29,29,29,29,29,29,29,29,29,29,29,29,29,29,29,29
6380eae07571e116566417d2,64f226e3fd283015ba763992,HKP Traders Ltd,HOOKCONTAINER,False,11,11,11,11,11,11,11,11,11,11,11,11,11,11,11,11,11,11,11,11,11,11,11,11,11
6380eae07571e116566417d2,67c740865223a744e2d1ab09,HOME DEPOT 7347 - Rocky View County,DELIVERLOAD,False,29,29,29,29,29,29,29,29,29,29,29,29,29,29,29,29,29,29,29,29,29,29,29,29,29
6380eae07571e116566417d2,67c740865223a744e2d1ab09,HOME DEPOT 7347 - Rocky View County,HOOKCONTAINER,False,57,57,57,57,57,57,57,57,57,57,57,57,57,57,57,57,57,57,57,57,57,57,57,57,57
6380eae07571e116566417d2,67ca4a1b275fdb708db680ef,Home Depot Calgary,DELIVERLOAD,True,106,106,106,106,106,106,106,106,106,106,106,106,106,106,106,106,106,106,106,106,106,106,106,106,106
6380eae07571e116566417d2,638e4e3805db79164b4245af,Home Depot Canada Calgary Sfc,DELIVERLOAD,False,18,18,18,18,18,18,18,18,18,18,12,19,20,16,18,5,5,20,18,6,18,18,18,18,18
6380eae07571e116566417d2,638e4e3805db79164b4245af,Home Depot Canada Calgary Sfc,HOOKCONTAINER,False,22,22,22,22,22,22,22,22,22,5,24,17,29,30,29,56,22,25,14,23,109,22,22,22,22
6380eae07571e116566417d2,67b8d76c9e5facc0f8a7de03,HOME FLOORING,DELIVERLOAD,False,31,31,31,31,31,31,31,31,31,31,31,31,31,31,31,31,31,31,31,31,31,31,31,31,31
6380eae07571e116566417d2,67b8d76c9e5facc0f8a7de03,HOME FLOORING,HOOKCONTAINER,False,20,20,20,20,20,20,20,20,20,20,20,20,20,20,20,20,20,20,20,20,20,20,20,20,20
6380eae07571e116566417d2,638e542c487e0815fe50f138,Home Flooring Design Center Co,DELIVERLOAD,False,30,30,30,30,30,30,30,30,30,30,30,30,30,30,30,30,30,30,30,30,30,30,30,30,30
6380eae07571e116566417d2,67f92601116e639f3deca249,HOME & LEISURE,DELIVERLOAD,True,42,42,42,42,42,42,42,42,42,42,42,42,42,42,42,42,42,42,42,42,42,42,42,42,42
6380eae07571e116566417d2,68c454b944bf0ad1fc0a51f2,Home Pro Building Materials BC,HOOKCONTAINER,False,38,38,38,38,38,38,38,38,38,38,38,38,38,38,38,38,38,38,38,38,38,38,38,38,38
6380eae07571e116566417d2,67ed75ca1681deca4e658820,Homes Alive Ltd,DELIVERLOAD,False,27,27,27,27,27,27,27,27,27,27,27,27,27,27,27,27,27,27,27,27,27,27,27,27,27
6380eae07571e116566417d2,68c1c704aba3b79026a2bd22,Homes Pro Building Materials (Richmond),PULLCONTAINER,False,29,29,29,29,29,29,29,29,29,29,29,29,29,29,29,29,29,29,29,29,29,29,29,29,29
6380eae07571e116566417d2,672937d43a8c9596262162e1,"Hood Packaging Corp - East Angus, QC",DELIVERLOAD,False,29,29,29,29,29,29,29,29,29,29,29,29,29,29,29,29,29,29,29,29,29,29,29,29,29
6380eae07571e116566417d2,672937d43a8c9596262162e1,"Hood Packaging Corp - East Angus, QC",DELIVERLOAD,True,11,11,11,11,11,11,11,11,11,11,11,11,11,11,11,11,11,11,11,11,11,11,11,11,11
6380eae07571e116566417d2,679bf6c6ba5209ae9caf2c98,HOOD PACKAGING CORPORATION,DELIVERLOAD,True,83,83,83,83,83,83,83,83,83,83,83,83,83,83,83,83,83,83,83,83,83,83,83,83,83
6380eae07571e116566417d2,646fb769ce759c1634002196,"Hood Packaging Corporation, Calgary AB",DELIVERLOAD,False,25,25,25,25,25,25,25,25,25,25,25,25,25,25,2,25,25,25,25,25,25,25,25,25,25
6380eae07571e116566417d2,646fb769ce759c1634002196,"Hood Packaging Corporation, Calgary AB",DELIVERLOAD,True,130,130,130,130,130,130,130,130,130,130,130,130,130,130,130,130,130,130,130,130,130,130,130,130,130
6380eae07571e116566417d2,646fb769ce759c1634002196,"Hood Packaging Corporation, Calgary AB",HOOKCONTAINER,False,5,5,5,5,5,5,5,5,5,5,5,5,5,5,5,5,5,5,5,5,5,5,5,5,5
6380eae07571e116566417d2,6797d0311c02ec2ccba3b07c,Hood Packaging - MABE Warehouse,DELIVERLOAD,False,41,41,41,41,41,41,41,41,41,41,41,41,41,41,41,41,41,41,41,41,41,41,41,41,41
6380eae07571e116566417d2,67d19a27ba721511ddd6f8ec,HOOD PAPER,DELIVERLOAD,False,6,6,6,6,6,6,6,6,6,6,6,6,6,6,6,6,6,6,6,6,6,6,6,6,6
6380eae07571e116566417d2,67d19a27ba721511ddd6f8ec,HOOD PAPER,DELIVERLOAD,True,66,66,66,66,66,66,66,66,66,66,66,66,66,66,66,66,66,66,66,66,66,66,66,66,66
6380eae07571e116566417d2,67d19a27ba721511ddd6f8ec,HOOD PAPER,HOOKCONTAINER,False,45,45,45,45,45,45,45,45,45,45,45,45,45,45,45,45,45,45,45,45,45,45,45,45,45
6380eae07571e116566417d2,6835f5cda880ced802c6bc03,"HOSKINS WHSE - DELTA, BC",DELIVERLOAD,True,125,125,125,125,125,125,125,125,125,125,125,125,125,125,125,125,125,125,125,125,125,125,125,125,125
6380eae07571e116566417d2,67ddcb12e2d0da6f8a270b8c,Hot Freight Head Office,DELIVERLOAD,True,93,93,93,93,93,93,93,93,93,93,93,93,93,93,93,93,93,93,93,93,93,93,93,93,93
6380eae07571e116566417d2,65d0f8bf3b55b16cd7f16868,HOTPARY TIRES INC.,DELIVERLOAD,False,21,21,21,21,21,21,21,21,21,21,21,21,21,21,21,21,21,21,21,21,21,21,21,21,21
6380eae07571e116566417d2,6542a8a82765c9157826e1e5,HOUSE OF METALS,DELIVERLOAD,False,29,29,29,29,29,29,29,29,29,29,29,29,29,29,29,29,29,29,29,29,29,29,29,29,29
6380eae07571e116566417d2,6542a8a82765c9157826e1e5,HOUSE OF METALS,DELIVERLOAD,True,142,142,142,142,142,142,142,142,142,142,142,142,142,142,142,142,142,142,142,142,142,142,142,142,142
6380eae07571e116566417d2,65f4a189ca272197da729dd2,HP Warehouse Annacis,DELIVERLOAD,True,66,66,66,66,66,66,66,66,66,66,66,66,66,66,66,66,66,66,66,66,66,66,66,66,66
6380eae07571e116566417d2,65f4a189ca272197da729dd2,HP Warehouse Annacis,HOOKCONTAINER,False,40,40,40,40,40,40,40,40,40,40,40,40,40,40,40,40,40,40,40,40,40,40,40,40,40
6380eae07571e116566417d2,67d6e592f7077b01e1e40893,HS Worldwide logistic Canada Inc,DELIVERLOAD,True,129,129,129,129,129,129,129,129,129,129,129,129,129,129,129,129,129,129,129,129,129,129,129,129,129
6380eae07571e116566417d2,63911180a064e915dac3b045,Huber Ag Equipment.,DELIVERLOAD,True,110,110,110,110,110,110,110,110,110,110,110,110,110,110,110,110,110,110,110,110,110,110,110,110,110
6380eae07571e116566417d2,68782ab2a9f3bbd2cfd67048,Hub W/H (DELTA-S312),DELIVERLOAD,True,106,106,106,106,106,106,106,106,106,106,106,106,106,106,106,106,106,106,106,106,106,106,106,106,106
6380eae07571e116566417d2,684c3c2b5d355570ab370d76,Humberline - 3PL,DELIVERLOAD,True,25,25,25,25,25,25,25,25,25,25,25,25,25,25,25,25,25,25,25,25,25,25,25,25,25
6380eae07571e116566417d2,67d3259b4a56637b6ba405fd,Humber Nurseries Caledon BC,DELIVERLOAD,True,170,170,170,170,170,170,170,170,170,170,170,170,170,170,170,170,170,170,170,170,170,170,170,170,170
6380eae07571e116566417d2,66465cb8ea493d88633caf23,Humber Nurseries (Frans G. Peters),DELIVERLOAD,True,62,62,62,62,62,62,62,62,62,62,62,62,62,62,62,62,62,62,62,62,62,62,62,62,62
6380eae07571e116566417d2,6865a64952b34653c30df052,Humble Snacks c/o VAS Canada,DELIVERLOAD,True,160,160,160,160,160,160,160,160,160,160,160,160,160,160,160,160,160,160,160,160,160,160,160,160,160
6380eae07571e116566417d2,639117de8e2a95165f79bdf8,Hunter Logistics Ltd,DELIVERLOAD,False,51,51,51,51,51,51,51,51,51,51,51,51,51,51,51,51,51,51,51,51,51,51,51,51,51
6380eae07571e116566417d2,639117de8e2a95165f79bdf8,Hunter Logistics Ltd,DELIVERLOAD,True,66,66,66,66,66,66,66,66,66,66,66,66,66,66,66,66,66,66,66,66,66,66,66,66,66
6380eae07571e116566417d2,67d1b6e589138c961f6ea8ee,HUNTSMAN BUILDING SOLUTIONS C/O CDS DELTA,DELIVERLOAD,True,3,3,3,3,3,3,3,3,3,3,3,3,3,3,3,3,3,3,3,3,3,3,3,3,3
6380eae07571e116566417d2,662823a691f6185b91017074,Husky,HOOKCONTAINER,False,10,10,10,10,10,10,10,10,10,10,10,10,10,10,10,10,10,5,359,10,10,10,10,10,10
6380eae07571e116566417d2,638e9e3166512f16196c893a,HUSKY GAS STATION,DELIVERLOAD,True,139,139,139,139,139,139,139,139,139,139,139,139,139,139,139,139,139,139,139,139,139,139,139,139,139
6380eae07571e116566417d2,6544011fa2604e150d881c84,HVDC6081,DELIVERLOAD,False,24,24,24,24,24,24,24,24,24,24,24,24,24,24,24,24,24,24,24,24,24,24,24,24,24
6380eae07571e116566417d2,6544011fa2604e150d881c84,HVDC6081,DELIVERLOAD,True,118,118,118,118,118,118,118,118,118,118,118,118,118,118,118,118,118,118,118,118,118,118,118,118,118
6380eae07571e116566417d2,6544011fa2604e150d881c84,HVDC6081,HOOKCONTAINER,False,20,20,20,20,20,20,20,20,20,20,20,20,20,20,20,20,20,20,20,20,20,20,20,20,20
6380eae07571e116566417d2,6792df093f471a0b18f5bf72,Hydrofarm Warehouse / AFS Transco,DELIVERLOAD,True,59,59,59,59,59,59,59,59,59,59,59,59,59,59,59,59,59,59,59,59,59,59,59,59,59
6380eae07571e116566417d2,6733d17468927eda9d84025a,Hymopack Ltd.,DELIVERLOAD,True,5,5,5,5,5,5,5,5,5,5,5,5,5,5,5,5,5,5,5,5,5,5,5,5,5
6380eae07571e116566417d2,6854696d44d7bcbc779698dd,HYTECH PRODUCTION LTD. 100055,DELIVERLOAD,True,165,165,165,165,165,165,165,165,165,165,165,165,165,165,165,165,165,165,165,165,165,165,165,165,165
6380eae07571e116566417d2,67defa47d6db67895f8f358a,HYUNDAI L&C CANADA INC,DELIVERLOAD,False,29,29,29,29,29,29,29,29,29,29,29,29,29,29,29,29,29,29,29,29,29,29,29,29,29
6380eae07571e116566417d2,67d3511480f7a955079f2fbc,HYUNDAI L&C CANADA INC  Unique Versatile LTD,DELIVERLOAD,True,147,147,147,147,147,147,147,147,147,147,147,147,147,147,147,147,147,147,147,147,147,147,147,147,147
6380eae07571e116566417d2,687e4a6307b8c13f75f912dc,Ideal Products,DELIVERLOAD,True,44,44,44,44,44,44,44,44,44,44,44,44,44,44,44,44,44,44,44,44,44,44,44,44,44
6380eae07571e116566417d2,685c329eebb43d58846a7210,Ideal Products Of Canada,DELIVERLOAD,False,72,72,72,72,72,72,72,72,72,72,72,72,72,72,72,72,72,72,72,72,72,72,72,72,72
6380eae07571e116566417d2,685c329eebb43d58846a7210,Ideal Products Of Canada,DELIVERLOAD,True,85,85,85,85,85,85,85,85,85,85,85,85,85,85,85,85,85,85,85,85,85,85,85,85,85
6380eae07571e116566417d2,638e468cdeced515f58e176f,Ideal Products Of Canada Ltd. Edm,DELIVERLOAD,True,38,38,38,38,38,38,38,38,38,38,38,38,38,38,38,38,38,38,38,38,38,38,38,38,38
6380eae07571e116566417d2,65dd08e7f22c74bc52b676f5,IFC SEAFOOD INC CSMS,DELIVERLOAD,True,20,20,20,20,20,20,20,20,4,30,20,20,20,10,4,36,20,4,20,20,20,20,20,20,20
6380eae07571e116566417d2,6633f595547200fc3fe6f0d3,IFR Workwear Inc.,DELIVERLOAD,False,29,29,29,29,29,29,29,29,29,29,29,29,29,29,29,29,29,29,29,29,29,29,29,29,29
6380eae07571e116566417d2,647635958f9f0d162b507489,IFT GROUP,DELIVERLOAD,False,12,12,12,12,12,12,12,12,12,12,12,12,12,12,12,12,12,12,12,12,12,12,12,12,12
6380eae07571e116566417d2,647635958f9f0d162b507489,IFT GROUP,HOOKCONTAINER,False,65,65,65,65,65,65,65,65,65,65,65,65,65,65,65,65,65,65,65,65,65,65,65,65,65
6380eae07571e116566417d2,66e064b5cd89d4cf71375055,IFT GROUP LLC,DELIVERLOAD,False,15,15,15,15,15,15,15,15,15,15,15,15,15,15,15,15,15,15,15,15,15,15,15,15,15
6380eae07571e116566417d2,67c5c39f39e2f2b497a018b8,IFT GROUP LLC SPI,DELIVERLOAD,True,66,66,66,66,66,66,66,66,66,66,66,66,66,66,66,66,66,66,66,66,66,66,66,66,66
6380eae07571e116566417d2,68138618a1051dd36647c4ee,IGLOO,DELIVERLOAD,True,5,5,5,5,5,5,5,5,5,5,5,5,5,5,5,5,5,5,5,5,5,5,5,5,5
6380eae07571e116566417d2,663bee0281e580e34c8d1f67,Imperial Dade Canada,DELIVERLOAD,False,39,39,39,39,39,39,39,39,39,39,39,39,39,39,39,39,39,39,39,39,39,39,39,39,39
6380eae07571e116566417d2,663bee0281e580e34c8d1f67,Imperial Dade Canada,DELIVERLOAD,True,46,46,46,46,46,46,46,46,46,46,46,46,46,46,46,46,46,46,46,46,46,46,46,46,46
6380eae07571e116566417d2,68aca27572e4b55eff48df91,Imperial Dade Canada,DELIVERLOAD,True,36,36,36,36,36,36,36,36,36,36,36,36,36,36,36,36,36,36,36,36,36,36,36,36,36
6380eae07571e116566417d2,673a09ba852f06f8ea8d1843,"Imperial Dade Canada, Inc.",DELIVERLOAD,True,110,110,110,110,110,110,110,110,110,193,110,110,110,110,110,110,110,110,110,110,110,110,110,110,110
6380eae07571e116566417d2,64432101154aae1606dce3a1,Imperial dade Canada Inc - Calgary,DELIVERLOAD,False,23,23,23,23,23,23,23,23,23,23,23,23,23,23,23,23,23,23,23,23,23,23,23,23,23
6380eae07571e116566417d2,64432101154aae1606dce3a1,Imperial dade Canada Inc - Calgary,DELIVERLOAD,True,79,79,79,79,79,79,79,79,79,79,79,79,79,79,79,79,79,79,79,79,79,79,79,79,79
6380eae07571e116566417d2,64432101154aae1606dce3a1,Imperial dade Canada Inc - Calgary,HOOKCONTAINER,False,9,9,9,9,9,9,9,9,9,9,9,9,9,9,9,9,9,9,9,9,9,9,9,9,9
6380eae07571e116566417d2,6605e97465bcbb42a4fd4a1c,IMPERIAL DADE-EDMONTON,DELIVERLOAD,False,22,22,22,22,22,22,22,22,22,22,22,22,22,22,22,22,22,22,22,22,22,22,22,22,22
6380eae07571e116566417d2,6605e97465bcbb42a4fd4a1c,IMPERIAL DADE-EDMONTON,HOOKCONTAINER,False,15,15,15,15,15,15,15,15,15,15,15,15,15,15,15,15,15,15,15,15,15,15,15,15,15
6380eae07571e116566417d2,666a015d1fc645935450c230,"Imperial Oil Resources Limited Edmonton Cross Dock, C/O Blue Water",DELIVERLOAD,True,64,64,64,64,64,64,64,64,64,64,64,64,64,64,64,64,64,64,64,64,64,64,64,64,64
6380eae07571e116566417d2,638e6b9034262115e3bed0fa,Import tools,DELIVERLOAD,True,40,40,40,40,40,40,40,40,40,40,40,40,40,40,40,40,40,40,40,40,40,40,40,40,40
6380eae07571e116566417d2,6659ea793417841ae09d6a93,IMT STANDEN'S LIMITED PARTNERSHIP,DELIVERLOAD,False,81,81,81,81,81,81,81,81,81,81,81,81,81,81,81,81,81,81,81,81,81,81,81,81,81
6380eae07571e116566417d2,6659ea793417841ae09d6a93,IMT STANDEN'S LIMITED PARTNERSHIP,DELIVERLOAD,True,91,91,91,91,91,91,91,91,91,91,91,91,91,91,91,91,91,91,91,91,91,91,91,91,91
6380eae07571e116566417d2,6661f9829502aec41c5826fa,INFASCO DISTRIBUTION,DELIVERLOAD,False,18,18,18,18,18,18,18,18,18,18,18,18,18,18,18,18,18,18,18,18,18,18,18,18,18
6380eae07571e116566417d2,6661f9829502aec41c5826fa,INFASCO DISTRIBUTION,HOOKCONTAINER,False,29,29,29,29,29,29,29,29,29,29,29,29,29,29,29,29,29,29,29,29,29,29,29,29,29
6380eae07571e116566417d2,66478279fd8cfeca9097269d,INFUSE CULINARY GROUP INC,DELIVERLOAD,True,44,44,44,44,44,44,44,44,44,44,44,44,44,44,44,44,44,44,44,44,44,44,44,44,44
6380eae07571e116566417d2,638e542c487e0815fe50f122,Ingenia Polymers,DELIVERLOAD,False,75,75,75,75,75,75,75,75,75,75,75,75,75,75,75,75,75,75,75,75,75,75,75,75,75
6380eae07571e116566417d2,638e542c487e0815fe50f122,Ingenia Polymers,DELIVERLOAD,True,57,57,57,57,57,57,57,57,57,57,57,57,57,57,57,57,57,57,57,57,57,57,57,57,57
6380eae07571e116566417d2,659c27fa5b3e45164373e3af,"Ingot Metal Co - Weston, ON",DELIVERLOAD,False,29,29,29,29,29,29,29,29,29,29,29,29,29,29,29,29,29,29,29,29,29,29,29,29,29
6380eae07571e116566417d2,65821969e265ea15f0eacdbe,Ingredion,DELIVERLOAD,True,108,108,108,108,108,108,108,108,108,108,108,108,108,108,108,108,108,108,108,108,108,108,108,108,108
6380eae07571e116566417d2,65b417f115f5b316323b7270,Inline Fiberglass,DELIVERLOAD,True,110,110,110,110,110,110,110,110,110,110,110,110,110,110,110,110,110,110,110,110,110,110,110,110,110
6380eae07571e116566417d2,6890c1956ebc249a654648f8,Innofoods MS warehouse,DELIVERLOAD,True,72,72,72,72,72,72,72,72,72,72,72,72,72,72,72,72,72,72,72,72,72,72,72,72,72
6380eae07571e116566417d2,6890c158fd341cb0531ce258,Inno L1,DELIVERLOAD,True,53,53,53,53,53,53,53,53,53,53,53,53,53,53,53,53,53,53,53,53,53,53,53,53,53
6380eae07571e116566417d2,6890c158fd341cb0531ce258,Inno L1,PULLCONTAINER,False,54,54,54,54,54,54,54,54,54,54,54,54,54,54,54,54,54,54,54,54,54,54,54,54,54
6380eae07571e116566417d2,68bb2f7d2761f3c0bba98214,Innovative Autoworx,DELIVERLOAD,False,39,39,39,39,39,39,39,39,39,39,39,39,39,39,39,39,39,39,39,39,39,39,39,39,39
6380eae07571e116566417d2,68bb2f7d2761f3c0bba98214,Innovative Autoworx,HOOKCONTAINER,False,9,9,9,9,9,9,9,9,9,9,9,9,9,9,9,9,9,9,9,9,9,9,9,9,9
6380eae07571e116566417d2,638e54dae2c64116395bb997,Inovata Foods - EDM,DELIVERLOAD,True,133,133,133,133,133,133,133,133,133,133,133,133,133,133,133,133,133,133,133,133,133,133,133,133,133
6380eae07571e116566417d2,66f5c85363cc4771e1b4941b,"InStore Products Ltd - Mississauga, ON",DELIVERLOAD,True,147,147,147,147,147,147,147,147,147,147,147,147,147,147,147,147,147,147,147,147,147,147,147,147,147
6380eae07571e116566417d2,68a365cb73754198bb3dfb33,INTERCUBE FREIGHT Unit # 18,DELIVERLOAD,True,59,59,59,59,59,59,59,59,59,59,59,59,59,59,59,59,59,59,59,59,59,59,59,59,59
6380eae07571e116566417d2,685dc09e791b1e1d523a7ab4,Intermodex Logistics Ltd,DELIVERLOAD,True,44,44,44,44,44,44,44,44,44,44,44,44,44,44,44,44,44,44,44,44,44,44,44,44,44
6380eae07571e116566417d2,685dc09e791b1e1d523a7ab4,Intermodex Logistics Ltd,PULLCONTAINER,False,51,51,51,51,51,51,51,51,51,51,51,51,51,51,51,51,51,51,51,51,51,51,51,51,51
6380eae07571e116566417d2,681b875eae64cf4e51e5ed49,I Pull U Pull Canada Inc,DELIVERLOAD,True,76,76,76,76,76,76,76,76,76,76,76,76,76,76,76,76,76,76,76,76,76,76,76,76,76
6380eae07571e116566417d2,681d14c073e4cfee90150aff,Iron Creek MFG,DELIVERLOAD,False,29,29,29,29,29,29,29,29,29,29,29,29,29,29,29,29,29,29,29,29,29,29,29,29,29
6380eae07571e116566417d2,68150e3c1e8ae3b90b102720,IRONHAUL,DELIVERLOAD,False,16,16,16,16,16,16,16,16,16,16,16,16,16,16,16,16,16,16,16,16,16,16,16,16,16
6380eae07571e116566417d2,68150e3c1e8ae3b90b102720,IRONHAUL,HOOKCONTAINER,False,42,42,42,42,42,42,42,42,42,42,42,42,42,42,42,42,42,42,42,42,42,42,42,42,42
6380eae07571e116566417d2,638e2fd4b91dc3160b914eb3,I.r.p. Industrial Rubber Ltd,DELIVERLOAD,False,5,5,5,5,5,5,5,5,5,5,5,5,5,5,5,5,5,5,5,5,5,5,5,5,5
6380eae07571e116566417d2,67cb329bcd499437c574e28d,I.R.P. INDUSTRIAL RUBBER LTD,DELIVERLOAD,True,35,35,35,35,35,35,35,35,35,35,35,35,35,35,35,35,35,35,35,35,35,35,35,35,35
6380eae07571e116566417d2,661ec393f15f790f727e5f9b,Italmatch USA Acropolis C/O ACROPOLIS WAREHOUSING,DELIVERLOAD,True,113,113,113,113,113,113,113,113,113,113,113,113,113,113,113,113,113,113,113,113,113,113,113,113,113
6380eae07571e116566417d2,689bbd5be9d30bb6e69b1660,ITN Food Corporation,DELIVERLOAD,True,8,8,8,8,8,8,8,8,8,8,8,8,8,8,8,8,8,8,8,8,8,8,8,8,8
6380eae07571e116566417d2,686543e3e3eb77e5d20f4073,I-XL BUILDING PRODUCTS,DELIVERLOAD,True,88,88,88,88,88,88,88,88,88,88,88,88,88,88,88,88,88,88,88,88,88,88,88,88,88
6380eae07571e116566417d2,686543f79e6a21a6def2cdba,I-XL BUILDING PRODUCTS - CALGARY,DELIVERLOAD,True,45,45,45,45,45,45,45,45,45,45,45,45,45,45,45,45,45,45,45,45,45,45,45,45,45
6380eae07571e116566417d2,67911b493c2d91a2d8bddb44,J.-A.-Bombardier,HOOKCONTAINER,False,20,20,20,20,20,20,20,20,20,20,20,20,20,20,20,20,20,20,20,20,20,20,20,20,20
6380eae07571e116566417d2,662c12baecdedc25ca50aa57,JADEE MEAT PRODUCTS LTD,DELIVERLOAD,True,150,150,150,150,150,150,150,150,150,150,150,150,150,150,150,150,150,150,150,150,150,150,150,150,150
6380eae07571e116566417d2,686ec90fbab758ceb4db86a1,JADE EQUIPMENT CO. LTD DBA ELVAAN EQUIPMENT SOLUTIONS,DELIVERLOAD,False,41,41,41,41,41,41,41,41,41,41,41,41,41,41,41,41,41,41,41,41,41,41,41,41,41
6380eae07571e116566417d2,68bc345590475a98d24b526d,JANES FAMILY FOODS,PULLCONTAINER,False,29,29,29,29,29,29,29,29,29,29,29,29,29,29,29,29,29,29,29,29,29,29,29,29,29
6380eae07571e116566417d2,67d5dcee91562eaeed876e3a,JANES FAMILY FOODS (CONESTOGA COLD STORAGE),DELIVERLOAD,True,11,11,11,11,11,11,11,11,11,9,60,11,11,11,11,11,11,11,11,11,11,11,11,11,11
6380eae07571e116566417d2,665e080d53f9e8868a0ce96f,JANES FAMILY FOODS (Conestoga CS) - MISSISSAUGA,DELIVERLOAD,False,78,78,78,78,78,78,78,78,78,78,78,78,78,78,78,78,78,78,78,78,78,78,78,78,78
6380eae07571e116566417d2,665e080d53f9e8868a0ce96f,JANES FAMILY FOODS (Conestoga CS) - MISSISSAUGA,DELIVERLOAD,True,82,82,82,59,82,82,82,227,131,62,216,48,82,74,14,44,83,82,82,4,82,82,82,82,82
6380eae07571e116566417d2,665e080d53f9e8868a0ce96f,JANES FAMILY FOODS (Conestoga CS) - MISSISSAUGA,PULLCONTAINER,False,29,29,29,29,29,29,29,29,29,29,29,29,29,29,29,29,29,29,29,29,29,29,29,29,29
6380eae07571e116566417d2,6862c5ebd2906b4aad57afb9,JANICKI HOLDINGS ALBERTA INC #115,DELIVERLOAD,False,44,44,44,44,44,44,44,44,44,44,44,44,44,44,44,44,44,44,44,44,44,44,44,44,44
6380eae07571e116566417d2,689e2b6afb5376ccff9c0346,Jasmine Hala Meats,DELIVERLOAD,True,59,59,59,59,59,59,59,59,59,59,59,59,59,59,59,59,59,59,59,59,59,59,59,59,59
6380eae07571e116566417d2,660c7591cd36364a3a01eec3,Jay's metal,DELIVERLOAD,False,17,17,17,17,17,17,17,17,17,17,17,17,17,17,17,17,17,17,17,17,17,17,17,17,17
6380eae07571e116566417d2,67e8061c54223332255a530f,Jay's metal,HOOKCONTAINER,False,7,7,7,7,7,7,7,7,7,7,7,7,7,7,7,7,7,7,7,7,7,7,7,7,7
6380eae07571e116566417d2,67004e7b97fa3435ed00547c,Jay 's Metal,HOOKCONTAINER,False,20,20,20,20,20,20,20,20,20,20,20,20,20,20,20,20,20,20,20,20,20,20,20,20,20
6380eae07571e116566417d2,68939bf07ebc465548a12241,Jay's Metal  Bay 7,DELIVERLOAD,False,9,9,9,9,9,9,9,9,9,9,9,9,9,9,9,9,9,9,9,9,9,9,9,9,9
6380eae07571e116566417d2,638ec3336df97715f0f3a527,JBS BROOKS,DELIVERLOAD,False,5,5,5,5,5,5,5,5,5,5,5,5,5,5,5,5,5,5,5,5,5,5,5,5,5
6380eae07571e116566417d2,638ec3336df97715f0f3a527,JBS BROOKS,HOOKCONTAINER,False,20,20,20,20,20,20,20,20,20,20,20,20,20,20,20,20,20,20,20,20,20,20,20,20,20
6380eae07571e116566417d2,63911568c025ee15f34573b2,Jbs Canada  CON,DELIVERLOAD,True,41,41,41,41,41,41,41,41,41,41,41,41,41,41,41,41,41,41,41,41,41,41,41,41,41
6380eae07571e116566417d2,6882884fe80aaa20c4b914d0,JBS c/o Clauson CS,DELIVERLOAD,True,66,66,66,66,66,66,66,66,66,66,66,66,66,66,66,66,66,66,66,66,66,66,66,66,66
6380eae07571e116566417d2,65eb79f402fef86160a761ec,J.C. LABONTE,DELIVERLOAD,True,116,116,116,116,116,116,116,116,116,116,116,116,116,116,116,116,116,116,116,116,116,116,116,116,116
6380eae07571e116566417d2,649c96d8a45192163a8b6632,JD Crossdock Brampton,DELIVERLOAD,False,18,18,18,18,18,18,18,18,18,18,18,18,18,18,18,18,18,18,18,18,18,18,18,18,18
6380eae07571e116566417d2,649c96d8a45192163a8b6632,JD Crossdock Brampton,DELIVERLOAD,True,146,146,146,146,146,146,146,146,146,146,146,146,146,129,146,301,146,69,146,146,146,146,146,175,146
6380eae07571e116566417d2,649c96d8a45192163a8b6632,JD Crossdock Brampton,HOOKCONTAINER,False,2,2,2,2,2,2,2,2,2,2,2,2,2,2,2,2,2,2,2,2,2,2,2,2,2
6380eae07571e116566417d2,638f5669648f7a162c61a91f,"JD Smith,",DELIVERLOAD,True,112,112,112,112,112,112,112,112,112,112,112,112,112,112,112,112,112,112,112,112,112,112,112,112,112
6380eae07571e116566417d2,65a95864282c88165eef8619,JD Smith & Sons,DELIVERLOAD,True,3,3,3,3,3,3,3,3,3,3,3,3,3,3,3,3,3,3,3,3,3,3,3,3,3
6380eae07571e116566417d2,638e6b9034262115e3bed0bc,"Jd Smith Vaughan, On",DELIVERLOAD,True,23,23,23,23,23,23,23,23,23,23,23,23,23,23,23,23,23,23,23,23,23,23,23,23,23
6380eae07571e116566417d2,64b827f1b1c6722015404df6,"JEAN LANDRY & COMPANY LTD, MARIEVILLE PQ",DELIVERLOAD,True,122,122,122,122,122,122,122,122,122,122,122,122,122,122,122,122,122,122,122,122,122,122,122,122,122
6380eae07571e116566417d2,646523f0befc5c16192a284a,Jean Yves Dion Inc - Sherbrooke QC,DELIVERLOAD,True,66,66,66,66,66,66,66,66,66,66,66,66,66,66,66,66,66,66,66,66,66,66,66,66,66
6380eae07571e116566417d2,663a626225978d5a87de0082,Jeld Wen WPG,DELIVERLOAD,False,4,4,4,4,4,4,4,4,4,4,4,4,4,4,4,4,4,4,4,4,4,4,4,4,4
6380eae07571e116566417d2,663a626225978d5a87de0082,Jeld Wen WPG,DELIVERLOAD,True,63,63,63,63,63,63,63,63,63,59,59,63,63,51,63,63,63,63,63,63,63,63,63,63,63
6380eae07571e116566417d2,660b729ba26814c60e02c1d4,JESSE TREE IMPORTING LTD,DELIVERLOAD,True,43,43,43,43,43,43,43,43,43,43,43,43,43,43,43,43,43,43,43,43,43,43,43,43,43
6380eae07571e116566417d2,684aee49193d1094df2058a3,JET ICE LIMITED,DELIVERLOAD,True,7,7,7,7,7,7,7,7,7,7,7,7,7,7,7,7,7,7,7,7,7,7,7,7,7
6380eae07571e116566417d2,6751e99f7c0baeb784dd859c,JFC INTERNATIONAL - Calgary unit 3,DELIVERLOAD,True,27,27,27,27,27,27,27,27,27,27,27,27,27,27,27,27,27,27,27,27,27,27,27,27,27
6380eae07571e116566417d2,68409becbf131bd891719982,J&F WATERWORKS SUPPLY LTD.,DELIVERLOAD,False,14,14,14,14,14,14,14,14,14,14,14,14,14,14,14,14,14,14,14,14,14,14,14,14,14
6380eae07571e116566417d2,6638eb8e48a9dc4f1cb13a39,J.Hamelin 690 Boul Roland Godard,DELIVERLOAD,True,148,148,148,148,148,148,148,148,148,148,148,148,148,148,148,148,148,148,148,148,148,148,148,148,148
6380eae07571e116566417d2,6890feff07c301fdaf65ab33,JKR BRAND SOLUTIONS LTD #145,DELIVERLOAD,False,18,18,18,18,18,18,18,18,18,18,18,18,18,18,18,18,18,18,18,18,18,18,18,18,18
6380eae07571e116566417d2,6890feff07c301fdaf65ab33,JKR BRAND SOLUTIONS LTD #145,HOOKCONTAINER,False,10,10,10,10,10,10,10,10,10,10,10,10,10,10,10,10,10,10,10,10,10,10,10,10,10
6380eae07571e116566417d2,638e564b5d19cf15e26240f2,Jl Filtration Operating Limited Partnership,DELIVERLOAD,True,46,46,46,46,46,46,46,46,46,46,46,46,46,46,46,46,46,46,46,46,46,46,46,46,46
6380eae07571e116566417d2,65c6a85343784298bcc4ec76,JLM SUPPLY,DELIVERLOAD,False,54,54,54,54,54,54,54,54,54,54,54,54,54,54,54,54,54,54,54,54,54,54,54,54,54
6380eae07571e116566417d2,65c6a85343784298bcc4ec76,JLM SUPPLY,DELIVERLOAD,True,103,103,103,103,103,103,103,103,103,103,103,103,103,103,103,210,103,103,103,103,103,103,103,103,103
6380eae07571e116566417d2,638e47d11de55a15fc7411b3,JNR GRANITE Import & Export Ltd,DELIVERLOAD,True,137,137,137,137,137,137,137,137,137,137,137,137,137,137,137,137,137,137,137,137,137,137,137,137,137
6380eae07571e116566417d2,683e119aaf0d37c868cb47ed,JOCRI WINDOWS AND DOORS MFG,DELIVERLOAD,True,12,12,12,12,12,12,12,12,12,12,12,12,12,12,12,12,12,12,12,12,12,12,12,12,12
6380eae07571e116566417d2,680138e1cc42b45ee6604a9e,Jonathan Martin - North York,DELIVERLOAD,True,172,172,172,172,172,172,172,172,172,172,172,172,172,172,172,172,172,172,172,172,172,172,172,172,172
6380eae07571e116566417d2,671bf0523dc3cc2940554963,JORI LOGISTICS,DELIVERLOAD,False,8,8,8,8,8,8,8,8,8,8,8,8,8,8,8,8,8,8,8,8,8,8,8,8,8
6380eae07571e116566417d2,671bf0523dc3cc2940554963,JORI LOGISTICS,HOOKCONTAINER,False,28,28,28,28,28,28,28,28,28,28,28,28,28,28,28,28,28,28,28,28,28,28,28,28,28
6380eae07571e116566417d2,663a4974041fe4f2691c7232,Jori Logistics Warehouse Unit 154,DELIVERLOAD,False,29,29,29,29,29,29,29,29,29,29,29,29,29,29,29,29,29,29,29,29,29,29,29,29,29
6380eae07571e116566417d2,67a0fd83e485755e9f90807c,JORI WAREHOUSE,DELIVERLOAD,False,18,18,18,18,18,18,18,18,18,18,18,18,18,18,18,18,18,18,18,18,18,18,18,18,18
6380eae07571e116566417d2,67a0fd83e485755e9f90807c,JORI WAREHOUSE,DELIVERLOAD,True,66,66,66,66,66,66,66,66,66,66,66,66,66,66,66,66,66,66,66,66,66,66,66,66,66
6380eae07571e116566417d2,67a0fd83e485755e9f90807c,JORI WAREHOUSE,HOOKCONTAINER,False,28,28,28,28,28,28,28,28,28,28,28,28,28,28,28,28,28,28,28,28,28,28,28,28,28
6380eae07571e116566417d2,684b2559c68df43534cc3313,JORI WAREHOUSE,DELIVERLOAD,False,29,29,29,29,29,29,29,29,29,29,29,29,29,29,29,29,29,29,29,29,29,29,29,29,29
6380eae07571e116566417d2,684b2559c68df43534cc3313,JORI WAREHOUSE,DELIVERLOAD,True,66,66,66,66,66,66,66,66,66,66,66,66,66,66,66,66,66,66,66,66,66,66,66,66,66
6380eae07571e116566417d2,6474c50d716190163d8aaca8,JP RACKS LLC Richmond BC,DELIVERLOAD,True,162,162,162,162,162,162,162,162,162,162,162,162,162,162,162,162,162,162,162,162,162,162,162,162,162
6380eae07571e116566417d2,641b21ef672c9816017a5736,J-SMART INVESTMENTS INC.  O/A LA-Z-BOY FURNITURE GALLERIES,DELIVERLOAD,True,123,123,123,123,123,123,123,123,123,123,123,123,123,123,123,123,123,123,123,123,123,123,123,123,123
6380eae07571e116566417d2,67e9a0704ccf19244ac131e3,Jungbunzlauer Canada Inc,DELIVERLOAD,True,7,7,7,7,7,7,7,7,7,7,7,7,7,7,7,7,7,7,7,7,7,7,7,7,7
6380eae07571e116566417d2,6806ce2e4bd8d015fc6cc9f4,JUSTIN  ACROPOLIS WAREHOUSING INC,DELIVERLOAD,True,66,66,66,66,66,66,66,66,66,66,66,66,66,66,66,66,66,66,66,66,66,66,66,66,66
6380eae07571e116566417d2,686c3094426b8ec6bde492a5,JW FULFILLMENT YVR INC,DELIVERLOAD,True,93,93,93,93,93,93,93,93,93,93,93,93,93,93,93,93,93,93,93,93,93,93,93,93,93
6380eae07571e116566417d2,6393c2fa6d10ed163914ea8d,KADRIAN IMPORTS INC.,HOOKCONTAINER,False,24,24,24,24,24,24,24,24,24,24,24,24,24,24,24,24,24,24,24,24,24,24,24,24,24
6380eae07571e116566417d2,641cd6694259b0164029e7af,KAINAI,DELIVERLOAD,False,42,42,42,42,42,42,42,42,42,42,84,38,34,58,25,35,39,22,28,63,14,42,42,42,42
6380eae07571e116566417d2,641cd6694259b0164029e7af,KAINAI,DELIVERLOAD,True,165,165,165,165,165,165,165,165,165,165,196,156,192,160,149,198,153,166,173,161,149,165,165,165,165
6380eae07571e116566417d2,641cd6694259b0164029e7af,KAINAI,HOOKCONTAINER,False,20,20,20,20,20,20,20,20,20,20,20,20,20,20,20,20,20,20,20,20,20,20,20,20,20
6380eae07571e116566417d2,67898f10bf0b7334d0ae76f4,Kainai Forage,DELIVERLOAD,False,32,32,32,32,32,32,32,32,32,32,32,32,32,32,32,32,32,32,32,32,32,32,32,32,32
6380eae07571e116566417d2,67898f10bf0b7334d0ae76f4,Kainai Forage,HOOKCONTAINER,False,20,20,20,20,20,20,20,20,20,20,20,20,20,20,20,20,20,20,20,20,20,20,20,20,20
6380eae07571e116566417d2,64b716b904f6d714a8ad45a9,KALTIRE,DELIVERLOAD,False,15,15,15,15,15,15,15,15,25,16,15,15,16,12,11,15,15,15,15,15,15,15,15,15,15
6380eae07571e116566417d2,64b716b904f6d714a8ad45a9,KALTIRE,HOOKCONTAINER,False,12,12,12,12,12,12,12,12,12,12,8,12,12,6,12,6,9,20,39,12,12,12,12,12,12
6380eae07571e116566417d2,684b45897768d8bc45693d2a,KAL TIRE,DELIVERLOAD,False,16,16,16,16,16,16,16,16,16,16,16,16,16,16,16,16,16,16,16,16,16,16,16,16,16
6380eae07571e116566417d2,684b45897768d8bc45693d2a,KAL TIRE,HOOKCONTAINER,False,12,12,12,12,12,12,12,12,12,12,12,12,12,12,12,12,12,12,12,12,12,12,12,12,12
6380eae07571e116566417d2,6465182fcb10c1167e222454,Kane Veterinary Services - Cambridge ON,DELIVERLOAD,True,16,16,16,16,16,16,16,16,16,16,16,16,16,16,16,16,16,16,16,16,16,16,16,16,16
6380eae07571e116566417d2,638e650466512f16196c8099,Kane Veterinary Supplies Ltd,DELIVERLOAD,True,24,24,24,24,24,24,24,24,24,24,24,24,24,24,24,24,24,24,24,24,24,24,24,24,24
6380eae07571e116566417d2,642f4ff1830f3716361805d4,KANYA Calgary Warehouse,DELIVERLOAD,True,47,47,47,47,47,47,47,47,47,47,47,47,47,47,47,47,47,47,47,47,47,47,47,47,47
6380eae07571e116566417d2,6787057460b0f53bac2811f0,Karma Fruit Company,DELIVERLOAD,True,157,157,157,157,157,157,157,157,157,157,157,157,157,157,157,157,157,157,157,157,157,157,157,157,157
6380eae07571e116566417d2,68011aece1196bbadfb919a6,Katch Kan,DELIVERLOAD,False,2,2,2,2,2,2,2,2,2,2,2,2,2,2,2,2,2,2,2,2,2,2,2,2,2
6380eae07571e116566417d2,68011aece1196bbadfb919a6,Katch Kan,HOOKCONTAINER,False,57,57,57,57,57,57,57,57,57,57,57,57,57,57,57,102,57,57,57,57,57,57,57,57,57
6380eae07571e116566417d2,638ec5876df97715f0f3a758,KAYU CANADA INC.,DELIVERLOAD,False,74,74,74,74,74,74,74,74,74,74,74,74,74,74,74,74,74,74,74,74,74,74,74,74,74
6380eae07571e116566417d2,638ec5876df97715f0f3a758,KAYU CANADA INC.,HOOKCONTAINER,False,20,20,20,20,20,20,20,20,20,20,20,20,20,20,20,20,20,20,20,20,20,20,20,20,20
6380eae07571e116566417d2,67cb5bdf2eefc782ee3fb001,KEARL OILSANDS OPERATIONS,DELIVERLOAD,True,66,66,66,66,66,66,66,66,66,66,66,66,66,66,66,66,66,66,66,66,66,66,66,66,66
6380eae07571e116566417d2,6782bc84fe1d63fa8397204f,KEELE WAREHOUSE,DELIVERLOAD,True,82,82,82,82,82,82,82,82,82,82,82,82,82,82,82,82,82,82,82,82,82,82,82,82,82
6380eae07571e116566417d2,6782bc84fe1d63fa8397204f,KEELE WAREHOUSE,PULLCONTAINER,False,29,29,29,29,29,29,29,29,29,29,29,29,29,29,29,29,29,29,29,29,29,29,29,29,29
6380eae07571e116566417d2,66d8932dede4ff494be3c122,KEG RIVER,PULLCONTAINER,False,88,88,88,88,88,88,88,88,88,88,88,88,88,88,88,88,88,88,88,88,88,88,88,88,88
6380eae07571e116566417d2,67117b177c2ca5a134755f1c,Keg River Chemical Corporation,DELIVERLOAD,True,144,144,144,144,144,144,144,144,144,144,144,144,144,144,144,144,144,144,144,144,144,144,144,144,144
6380eae07571e116566417d2,67117b177c2ca5a134755f1c,Keg River Chemical Corporation,PULLCONTAINER,False,24,24,24,24,24,24,24,24,24,24,24,24,24,24,24,24,24,24,24,24,24,24,24,24,24
6380eae07571e116566417d2,680178db318ccbb41dd37417,Kencor Heavy Haul,DELIVERLOAD,True,99,99,99,99,99,99,99,99,99,99,99,99,99,99,99,99,99,99,99,99,99,99,99,99,99
6380eae07571e116566417d2,645044657d59641670335ec9,KHAN PRODUCTS,HOOKCONTAINER,False,4,4,4,4,4,4,4,4,4,4,4,4,4,4,4,4,4,4,4,4,4,4,4,4,4
6380eae07571e116566417d2,65fdf3ab29e274e14d8abedf,Kimecopak,DELIVERLOAD,False,11,11,11,11,11,11,11,11,11,11,11,11,11,11,11,11,11,11,11,11,11,11,11,11,11
6380eae07571e116566417d2,655f882abb3f76162c867c55,"King Koil - Brampton, ON",DELIVERLOAD,True,54,54,54,54,54,87,54,54,54,54,54,54,54,54,54,54,54,54,54,54,54,54,54,54,54
6380eae07571e116566417d2,67fdbb165fb7a168d5d72841,"KING OF NORTH AUCTIONS - Barrie, ON",DELIVERLOAD,False,29,29,29,29,29,29,29,29,29,29,29,29,29,29,29,29,29,29,29,29,29,29,29,29,29
6380eae07571e116566417d2,67fdbb165fb7a168d5d72841,"KING OF NORTH AUCTIONS - Barrie, ON",DELIVERLOAD,True,128,128,128,128,128,128,128,128,132,128,128,128,128,128,128,128,128,128,128,128,128,128,128,128,128
6380eae07571e116566417d2,67c8a1cbdee38ccf18882a93,KING OF THE NORTH AUCTIONS,DELIVERLOAD,True,112,112,112,112,112,112,112,112,112,112,112,167,112,112,112,112,112,112,112,112,112,112,112,112,112
6380eae07571e116566417d2,638e63bc7c780a16503cad42,KINGSWOOD CABINETS,DELIVERLOAD,False,29,29,29,29,29,29,29,29,29,29,29,29,29,29,29,29,29,29,29,29,29,29,29,29,29
6380eae07571e116566417d2,638e63bc7c780a16503cad42,KINGSWOOD CABINETS,HOOKCONTAINER,False,11,11,11,11,11,11,11,11,11,11,11,11,11,11,11,11,11,11,11,11,11,11,11,11,11
6380eae07571e116566417d2,6883c5a6f2f938984df846cf,Kintetsu World Express  (Calgary),DELIVERLOAD,True,149,149,149,149,149,149,149,149,149,149,149,149,149,149,149,149,149,149,149,149,149,149,149,149,149
6380eae07571e116566417d2,6442f80981ddec15f0735372,KIRK'S TIRE,DELIVERLOAD,False,29,29,29,29,29,29,29,29,29,29,29,29,29,29,29,29,29,29,29,29,29,29,29,29,29
6380eae07571e116566417d2,666c9f4c207b84e4e1819233,Kismet Glass Ltd,DELIVERLOAD,False,16,16,16,16,16,16,16,16,16,16,16,16,16,16,16,16,16,16,16,16,16,16,16,16,16
6380eae07571e116566417d2,666c9f4c207b84e4e1819233,Kismet Glass Ltd,HOOKCONTAINER,False,65,65,65,65,65,65,65,65,65,65,65,65,65,65,65,65,65,65,65,65,65,65,65,65,65
6380eae07571e116566417d2,654ec61f64d06e1566972421,Klarity Wash,DELIVERLOAD,False,19,19,19,19,19,19,19,19,19,19,19,19,19,19,19,19,19,19,19,19,19,19,19,19,19
6380eae07571e116566417d2,654ec61f64d06e1566972421,Klarity Wash,DELIVERLOAD,True,23,23,23,23,23,23,23,23,23,23,23,23,23,23,18,15,25,23,11,32,23,23,23,23,23
6380eae07571e116566417d2,677d9c343110caeff57403ee,Klearwater,DELIVERLOAD,False,79,79,79,79,79,79,79,79,79,79,79,79,79,79,79,79,79,79,79,79,79,79,79,79,79
6380eae07571e116566417d2,677d9c343110caeff57403ee,Klearwater,DELIVERLOAD,True,73,73,73,73,73,73,73,73,73,73,73,73,73,73,73,73,73,73,73,73,73,73,73,73,73
6380eae07571e116566417d2,638e47d11de55a15fc74119f,Kleysen Edmonton,DELIVERLOAD,False,38,38,38,38,38,38,38,38,38,38,38,38,38,38,38,38,38,38,38,38,38,38,38,38,38
6380eae07571e116566417d2,638e47d11de55a15fc74119f,Kleysen Edmonton,HOOKCONTAINER,False,12,12,12,12,12,12,12,12,12,12,12,12,12,12,12,12,12,12,12,12,12,12,12,12,12
6380eae07571e116566417d2,67c8957dc0be9d964733fc66,Kleysen Group Ltd,DELIVERLOAD,False,34,34,34,34,34,34,34,34,34,34,34,34,34,34,34,34,34,34,34,34,34,34,34,34,34
6380eae07571e116566417d2,67c8957dc0be9d964733fc66,Kleysen Group Ltd,DELIVERLOAD,True,57,57,57,57,57,57,57,57,57,57,57,57,13,57,57,57,57,57,57,57,57,57,57,57,57
6380eae07571e116566417d2,6393c2fa6d10ed163914eb90,Klondike Cold Storage,DELIVERLOAD,True,123,123,123,123,123,123,123,123,123,123,123,123,123,123,123,123,123,123,123,123,123,123,123,123,123
6380eae07571e116566417d2,6503257857ee3f159d804db8,KLONDIKE COLD STORAGE,DELIVERLOAD,True,145,145,145,145,145,145,145,145,145,145,145,145,145,145,145,145,145,145,145,145,145,145,145,145,145
6380eae07571e116566417d2,67db25c701ab0efecad503ed,KLONDIKE COLD STORAGE LTD,DELIVERLOAD,True,136,136,136,136,136,136,136,136,136,136,136,136,136,136,136,136,136,136,136,136,136,136,136,136,136
6380eae07571e116566417d2,65455f604679af15631e00bf,Klondike Cold Storage Surrey,DELIVERLOAD,True,163,163,163,163,163,163,163,163,163,163,163,163,163,163,163,163,163,163,163,163,163,163,163,163,163
6380eae07571e116566417d2,638e49e09a8a2f15f940126d,Klondike Cold Storage-SURREY,DELIVERLOAD,True,87,87,87,87,87,87,87,87,87,87,87,87,87,211,87,87,87,87,83,87,87,87,87,87,87
6380eae07571e116566417d2,67e18af853e086c16b51c1a5,KLONDIKE LUBRICANTS C/O MACMILLAN SUPPLY CHAIN,DELIVERLOAD,True,156,156,156,156,156,156,156,156,156,156,156,156,156,156,156,156,156,156,156,156,156,156,156,156,156
6380eae07571e116566417d2,65e27313bc1bacba52c067ee,Korea Food Trading,DELIVERLOAD,True,66,66,66,66,66,66,66,66,66,66,66,66,66,66,66,66,66,66,66,66,66,66,66,66,66
6380eae07571e116566417d2,669922ed104273f2b6cc9668,KOREX CANADA,DELIVERLOAD,True,64,64,64,64,64,64,64,64,64,64,64,64,64,64,64,64,64,64,64,64,64,64,64,64,64
6380eae07571e116566417d2,6887af0f407966eba5eb46b8,KRAS Canada,HOOKCONTAINER,False,13,13,13,13,13,13,13,13,13,13,13,13,13,13,13,13,13,13,13,13,13,13,13,13,13
6380eae07571e116566417d2,66fea256064c3e826700db77,KRINOS FOODS CANADA LTD,DELIVERLOAD,True,66,66,66,66,66,66,66,66,66,66,66,66,66,66,66,66,66,66,66,66,66,66,66,66,66
6380eae07571e116566417d2,638f5669648f7a162c61a9a0,Kruger Inc,DELIVERLOAD,True,32,32,32,32,32,32,32,32,32,32,32,32,32,32,32,32,32,32,32,32,32,32,32,32,32
6380eae07571e116566417d2,66db1e2dcd63fcbf8d672380,KRUGER PRODUCTS,DELIVERLOAD,False,7,7,7,7,7,7,7,7,7,7,7,7,7,7,7,7,7,7,7,7,7,7,7,7,7
6380eae07571e116566417d2,66db1e2dcd63fcbf8d672380,KRUGER PRODUCTS,DELIVERLOAD,True,97,97,97,97,97,97,97,97,349,97,97,97,97,97,97,97,97,97,97,97,97,97,97,97,97
6380eae07571e116566417d2,67c1fb82d4272eafefe5b1f9,Kruger Trois-Rivires QC,DELIVERLOAD,True,27,27,27,27,27,27,27,27,27,27,27,27,27,27,27,27,27,27,27,27,27,27,27,27,27
6380eae07571e116566417d2,66bbc410726ba85c53164248,KTL TRANSPORT,RETURNCONTAINER,False,9,9,9,9,9,9,9,9,9,9,9,9,9,9,9,9,9,9,9,9,9,9,9,9,9
6380eae07571e116566417d2,67d49d3b06bb4a5b4538e65a,KUEHNE & NAGEL - 6050 MILLCREE 7147K,DELIVERLOAD,False,26,26,26,26,26,26,26,26,26,26,26,26,26,26,26,26,26,26,26,26,26,26,26,26,26
6380eae07571e116566417d2,67aa3e94e470e1a37c8a80bc,KUEHNE & NAGEL - 6050 MILLCREEK,DELIVERLOAD,False,21,21,21,21,21,21,21,21,9,21,21,21,21,21,21,21,21,21,21,21,21,21,21,21,21
6380eae07571e116566417d2,67aa3e94e470e1a37c8a80bc,KUEHNE & NAGEL - 6050 MILLCREEK,DELIVERLOAD,True,21,21,21,21,21,21,21,21,21,21,21,21,21,21,21,21,21,21,21,21,21,21,21,21,21
6380eae07571e116566417d2,67aa3e94e470e1a37c8a80bc,KUEHNE & NAGEL - 6050 MILLCREEK,HOOKCONTAINER,False,27,27,27,27,27,27,27,27,27,27,27,27,27,27,27,27,27,11,27,27,27,27,27,27,27
6380eae07571e116566417d2,67aa3e94e470e1a37c8a80bc,KUEHNE & NAGEL - 6050 MILLCREEK,PULLCONTAINER,False,38,38,38,38,38,38,38,38,38,38,38,38,38,38,38,38,38,38,38,38,38,38,38,38,38
6380eae07571e116566417d2,638e69935d19cf15e262460c,"Kuehne Nagel Ltd Brampton, ON",DELIVERLOAD,True,12,12,12,12,12,12,12,12,12,12,12,12,12,12,12,12,12,12,12,12,12,12,12,12,12
6380eae07571e116566417d2,67eadc0342c27bdaed166dd1,KUEHNE + NAGEL - WINNIPEG,DELIVERLOAD,False,7,7,7,7,7,7,7,7,7,7,7,7,7,7,7,7,7,7,7,7,7,7,7,7,7
6380eae07571e116566417d2,67eadc0342c27bdaed166dd1,KUEHNE + NAGEL - WINNIPEG,DELIVERLOAD,True,66,66,66,66,66,66,66,66,66,66,66,66,66,66,66,66,66,66,66,66,66,66,66,66,66
6380eae07571e116566417d2,67f06c25d46576eb6f949028,Kuhene & Nagel (K&N) Building F,DELIVERLOAD,False,8,8,8,8,8,8,8,8,8,8,8,8,8,8,8,8,8,8,8,8,8,8,8,8,8
6380eae07571e116566417d2,67f06c25d46576eb6f949028,Kuhene & Nagel (K&N) Building F,DELIVERLOAD,True,50,50,50,50,50,50,50,50,50,50,50,50,50,50,50,50,50,50,50,50,50,50,50,50,50
6380eae07571e116566417d2,638e468cdeced515f58e1751,KUMA OUTDOOR GEAR LTD.,DELIVERLOAD,False,20,20,20,20,20,20,20,20,20,20,20,20,20,20,20,20,20,20,20,20,20,20,20,20,20
6380eae07571e116566417d2,638e468cdeced515f58e1751,KUMA OUTDOOR GEAR LTD.,DELIVERLOAD,True,55,55,55,55,55,55,55,55,55,55,55,55,55,55,55,55,55,55,55,55,55,55,55,55,55
6380eae07571e116566417d2,638e468cdeced515f58e1751,KUMA OUTDOOR GEAR LTD.,HOOKCONTAINER,False,36,36,36,36,36,36,36,36,36,36,36,36,36,36,36,36,36,36,36,36,36,36,36,36,36
6380eae07571e116566417d2,64fb7b098b00e2163c9a481f,"Kumho Tire Canada, ON",DELIVERLOAD,False,29,29,29,29,29,29,29,29,29,29,29,29,29,29,29,29,29,29,29,29,29,29,29,29,29
6380eae07571e116566417d2,64fb7b098b00e2163c9a481f,"Kumho Tire Canada, ON",DELIVERLOAD,True,88,88,88,88,88,88,88,88,88,88,88,88,88,88,88,88,88,88,88,88,88,88,88,88,88
6380eae07571e116566417d2,64fb7b098b00e2163c9a481f,"Kumho Tire Canada, ON",HOOKCONTAINER,False,25,25,25,25,25,25,25,25,25,25,25,25,25,25,25,25,25,25,25,25,25,25,25,25,25
6380eae07571e116566417d2,68740ff337a5815df127b75e,KUMHO TIRE CANADA (RICHMOND WAREHOUSE),DELIVERLOAD,False,4,4,4,4,4,4,4,4,4,4,4,4,4,4,4,4,4,4,4,4,4,4,4,4,4
6380eae07571e116566417d2,68740ff337a5815df127b75e,KUMHO TIRE CANADA (RICHMOND WAREHOUSE),HOOKCONTAINER,False,14,14,14,14,14,14,14,14,14,14,14,14,14,14,14,14,14,14,14,14,14,14,14,14,14
6380eae07571e116566417d2,66d779006b590a016ad0c206,KUO HUA TRADING - Head Office,DELIVERLOAD,True,98,98,98,98,98,98,98,98,98,98,98,98,98,98,98,98,98,98,98,98,98,98,98,98,98
6380eae07571e116566417d2,66d778e2db112a27c0d174f6,Kuo Hua Trading - Vancouver,DELIVERLOAD,True,28,28,28,28,28,28,28,28,28,28,28,28,28,28,28,28,28,28,28,28,28,28,28,28,28
6380eae07571e116566417d2,683dd60dcefeb23de8495216,KUWALLA TREE,DELIVERLOAD,True,8,8,8,8,8,8,8,8,8,8,8,8,8,8,8,8,8,8,8,8,8,8,8,8,8
6380eae07571e116566417d2,65495a41486738150bafea6f,KWE WORLD WIDE EXPRESS,PULLCONTAINER,False,8,8,8,8,8,8,8,8,8,8,8,8,8,8,8,8,8,8,8,8,8,8,8,8,8
6380eae07571e116566417d2,681121183edd8a8d6fe2d776,KX - JD SMITH & SONS LTD,DELIVERLOAD,True,86,86,86,86,86,86,86,86,86,86,86,86,86,86,86,86,86,86,86,86,86,86,86,86,86
6380eae07571e116566417d2,65d39ed56e2c79ccdaa05fec,Kyle Mckerral wheatland county,DELIVERLOAD,False,84,84,84,84,84,84,84,84,84,84,84,84,84,84,84,84,84,84,84,84,84,84,84,84,84
6380eae07571e116566417d2,65d39ed56e2c79ccdaa05fec,Kyle Mckerral wheatland county,DELIVERLOAD,True,55,55,55,55,55,55,55,55,55,55,55,40,55,29,55,50,55,65,68,55,55,55,55,55,55
6380eae07571e116566417d2,6849c22adb1f0801e3e19600,KYLIN-C3297 Roro,DELIVERLOAD,False,31,31,31,31,31,31,31,31,31,31,31,31,31,31,31,31,31,31,31,31,31,31,31,31,31
6380eae07571e116566417d2,6849c22adb1f0801e3e19600,KYLIN-C3297 Roro,HOOKCONTAINER,False,5,5,5,5,5,5,5,5,5,5,5,5,5,5,5,5,5,5,5,5,5,5,5,5,5
6380eae07571e116566417d2,67ffbf3cbf9c175fcc0985f6,LA1 - A.LASSONDE INC (DOOR T),DELIVERLOAD,True,2,2,2,2,2,2,2,2,2,2,2,2,2,2,2,2,2,2,2,2,2,2,2,2,2
6380eae07571e116566417d2,66b4d913de3696248429abd6,Labatt Breweries Alberta,DELIVERLOAD,False,28,28,28,28,28,28,28,28,28,28,28,28,28,28,28,28,28,28,28,28,28,28,28,28,28
6380eae07571e116566417d2,66b4d913de3696248429abd6,Labatt Breweries Alberta,HOOKCONTAINER,False,61,61,61,61,61,61,61,61,61,61,61,61,61,61,61,61,61,61,61,61,61,61,61,61,61
6380eae07571e116566417d2,638e560044d310163242c13e,Labatt Edm Brewery,DELIVERLOAD,False,29,29,29,29,29,29,29,29,29,29,29,29,29,29,29,29,29,29,29,29,29,29,29,29,29
6380eae07571e116566417d2,67f00f1a8c75c3f95d66f853,Lactalis Belleville,DELIVERLOAD,True,93,93,93,93,93,93,93,93,93,93,93,93,93,93,93,93,93,93,93,93,93,93,93,93,93
6380eae07571e116566417d2,662198b362846f5154ea3c13,Lactalis Longueuil Pickup,DELIVERLOAD,True,126,126,126,126,126,126,126,126,319,98,126,126,126,126,126,126,126,126,126,126,126,126,126,126,126
6380eae07571e116566417d2,662198b362846f5154ea3c13,Lactalis Longueuil Pickup,PULLCONTAINER,False,15,15,15,15,15,15,15,15,15,15,15,15,15,15,15,15,15,15,15,15,15,15,15,15,15
6380eae07571e116566417d2,66b681512cbe1d148120c54d,Lactalis Mississauga Pickup,DELIVERLOAD,False,29,29,29,29,29,29,29,29,29,29,29,29,29,29,29,29,29,29,29,29,29,29,29,29,29
6380eae07571e116566417d2,66b681512cbe1d148120c54d,Lactalis Mississauga Pickup,DELIVERLOAD,True,108,108,108,108,108,108,108,108,108,108,116,199,108,150,108,75,108,108,108,108,108,108,108,108,108
6380eae07571e116566417d2,66b681512cbe1d148120c54d,Lactalis Mississauga Pickup,HOOKCONTAINER,False,41,41,41,41,41,41,41,41,41,41,41,41,41,41,41,41,41,41,41,41,41,41,26,41,41
6380eae07571e116566417d2,66b681512cbe1d148120c54d,Lactalis Mississauga Pickup,PULLCONTAINER,False,29,29,29,29,29,29,29,29,29,29,29,29,29,29,29,29,29,29,29,29,29,29,29,29,29
6380eae07571e116566417d2,67b8a3941c7575358cb95e94,Lactalis Oshawa,DELIVERLOAD,False,44,44,44,44,44,44,44,44,44,44,44,44,27,44,44,44,44,44,44,44,44,44,44,44,44
6380eae07571e116566417d2,67b8a3941c7575358cb95e94,Lactalis Oshawa,DELIVERLOAD,True,8,8,8,8,8,8,8,8,8,8,8,8,8,8,8,8,8,8,8,8,8,8,8,8,8
6380eae07571e116566417d2,67b8a3941c7575358cb95e94,Lactalis Oshawa,HOOKCONTAINER,False,32,154,49,32,32,32,32,32,32,16,21,32,157,32,18,32,28,37,32,32,127,32,32,101,32
6380eae07571e116566417d2,64ff3b61d960a5158037cebe,"Lactalis Trenton - TRENTON, ON",DELIVERLOAD,True,96,96,96,96,96,96,96,96,96,96,96,96,96,96,96,96,96,96,96,96,96,96,96,96,96
6380eae07571e116566417d2,68a360a4d65fdcb40c14aa80,Lactalis Winnipeg,DELIVERLOAD,True,97,97,97,97,97,97,97,97,97,97,97,97,97,97,97,97,97,97,97,97,97,97,97,97,97
6380eae07571e116566417d2,660c45a01aa9a683d9fc5afd,LAFARGE EDM ( ON BEHALF OF ASHPHALT ADDITIVE),DELIVERLOAD,True,84,84,84,84,84,84,84,84,84,84,84,84,84,84,84,84,84,84,84,84,84,84,84,84,84
6380eae07571e116566417d2,67b76a59c8a175ed4fcfd316,LAMA WATERPROOFING INC,DELIVERLOAD,True,66,66,66,66,66,66,66,66,66,66,66,66,66,66,66,66,66,66,66,66,66,66,66,66,66
6380eae07571e116566417d2,64906f2949ae3116589294aa,LANAI OUTDOORS IN,DELIVERLOAD,True,27,27,27,27,27,27,27,27,27,27,27,27,27,27,27,27,27,27,27,27,27,27,27,27,27
6380eae07571e116566417d2,64078fe5f8807115db2f37a6,Lancashire Distributions,DELIVERLOAD,False,82,82,82,82,82,82,82,82,82,82,82,82,82,82,82,82,82,82,82,82,82,82,82,82,82
6380eae07571e116566417d2,64078fe5f8807115db2f37a6,Lancashire Distributions,DELIVERLOAD,True,102,102,102,102,102,102,102,102,102,102,102,102,102,102,102,102,102,102,102,102,102,102,102,102,102
6380eae07571e116566417d2,64af34901cf68c1624b4ae62,Lancashire Distributions,DELIVERLOAD,False,29,29,29,29,29,29,29,29,29,29,29,29,29,29,29,29,29,29,29,29,29,29,29,29,29
6380eae07571e116566417d2,64af34901cf68c1624b4ae62,Lancashire Distributions,DELIVERLOAD,True,85,85,85,85,85,85,85,85,85,85,85,85,85,85,85,85,85,85,85,85,85,85,85,85,85
6380eae07571e116566417d2,678971e472766fc0993f0a68,Lancashire Distributions Bay 4,DELIVERLOAD,True,91,91,91,91,91,91,91,91,91,91,91,91,91,91,91,91,91,91,91,91,91,91,91,91,91
6380eae07571e116566417d2,64e3c1dab719ed7a421a6a21,Langley Dry,DELIVERLOAD,True,38,38,38,38,38,38,38,38,38,38,38,38,10,7,38,38,38,38,38,38,38,38,38,38,38
6380eae07571e116566417d2,6807a539a103fe09b8874d7f,Langley Truck Stop 1,DELIVERLOAD,True,16,16,16,16,16,16,16,16,16,16,16,16,16,16,16,16,16,16,16,16,16,16,16,16,16
6380eae07571e116566417d2,68922e528a08e02b904c8782,Langley Truck Stop Ltd,DELIVERLOAD,True,3,3,3,3,3,3,3,3,3,3,3,3,3,3,3,3,3,3,3,3,3,3,3,3,3
6380eae07571e116566417d2,638e47d11de55a15fc741187,Lantic Inc,DELIVERLOAD,True,95,95,95,95,95,95,95,95,95,101,110,85,75,99,10,95,95,95,95,95,95,95,95,95,95
6380eae07571e116566417d2,680013f48a68df672761c26b,LANTIC INC,DELIVERLOAD,True,122,122,122,122,122,122,122,122,136,122,122,122,122,122,227,122,221,122,264,84,95,122,122,122,122
6380eae07571e116566417d2,638ea0bedeced515f58e2217,Lantic Inc Montreal,DELIVERLOAD,True,143,143,143,143,143,143,143,143,143,143,143,143,143,143,143,143,143,143,143,143,143,143,143,143,143
6380eae07571e116566417d2,638ec3336df97715f0f3a534,LANTIC INC VANCOUVER,DELIVERLOAD,True,8,8,8,8,8,8,8,8,8,8,8,8,8,8,8,8,8,8,8,8,8,8,8,8,8
6380eae07571e116566417d2,638e6b9034262115e3bed0c8,Lantic Taber,DELIVERLOAD,False,29,29,29,29,29,29,29,29,29,29,29,29,29,29,29,29,29,29,29,29,29,29,29,29,29
6380eae07571e116566417d2,638e468cdeced515f58e1743,"Lassonde, Rougemont Qc",PULLCONTAINER,False,5,5,5,5,5,5,5,5,5,5,5,5,5,5,5,5,5,5,5,5,5,5,5,5,5
6380eae07571e116566417d2,638e3bc71de55a15fc740ef4,Last Mile Logistics Inc,DELIVERLOAD,True,66,66,66,66,66,66,66,66,66,66,66,66,66,66,66,66,66,66,66,66,66,66,66,66,66
6380eae07571e116566417d2,638e55986df97715f0f394e2,LAYFIELD CANADA LTD,DELIVERLOAD,False,24,24,24,24,24,24,24,24,24,24,24,24,24,24,24,24,24,24,24,24,24,24,24,24,24
6380eae07571e116566417d2,638e55986df97715f0f394e2,LAYFIELD CANADA LTD,DELIVERLOAD,True,4,4,4,4,4,4,4,4,4,4,4,4,4,4,4,4,4,4,4,4,4,4,4,4,4
6380eae07571e116566417d2,638e55986df97715f0f394e2,LAYFIELD CANADA LTD,HOOKCONTAINER,False,56,56,56,56,56,56,56,56,56,56,56,56,56,56,56,56,56,56,56,56,56,56,56,56,56
6380eae07571e116566417d2,68a4a06ac7cd20bb5ae73f0f,LAYHER SCAFFOLDING,DELIVERLOAD,False,82,82,82,82,82,82,82,82,82,82,82,82,82,82,82,82,82,82,82,82,82,82,82,82,82
6380eae07571e116566417d2,67f9450496de93d1ef50049b,LB - A LASSONDE INC (RP),DELIVERLOAD,True,79,79,79,79,79,176,79,79,79,85,79,79,70,135,79,79,79,79,79,79,79,79,79,79,79
6380eae07571e116566417d2,66f481cbcccb671c2e5dadeb,LEAHY ORCHARDS INC (Another address),DELIVERLOAD,True,3,3,3,3,3,3,3,2,3,3,3,3,111,3,3,3,3,3,3,3,3,3,3,3,3
6380eae07571e116566417d2,67db258555c41bf19be03ce1,"Lefong Trading - Richmond, BC 2180-",DELIVERLOAD,True,45,45,45,45,45,45,45,45,45,45,45,45,45,45,45,45,45,45,45,45,45,45,45,45,45
6380eae07571e116566417d2,685da4728aca0b5fbebf6be1,LEGACY C/O CABINET SOLUTIONS,DELIVERLOAD,False,10,10,10,10,10,10,10,10,10,10,10,10,10,10,10,10,10,10,10,10,10,10,10,10,10
6380eae07571e116566417d2,67eac0dd95cb3ae1dbd3f701,Legacy Dodge,DELIVERLOAD,True,66,66,66,66,66,66,66,66,66,66,66,66,66,66,66,66,66,66,66,66,66,66,66,66,66
6380eae07571e116566417d2,67c0af1607196867878cfbc1,LEGACY KITCHEN,DELIVERLOAD,False,10,10,10,10,10,10,10,10,10,10,10,10,10,10,10,10,10,10,10,10,10,10,10,10,10
6380eae07571e116566417d2,67c0af1607196867878cfbc1,LEGACY KITCHEN,HOOKCONTAINER,False,15,15,15,15,15,15,15,15,15,15,15,15,15,15,15,15,15,15,15,15,15,15,15,15,15
6380eae07571e116566417d2,68c1c1852f4fcedcb6ddfabb,LEGACY KITCHENS,DELIVERLOAD,False,75,75,75,75,75,75,75,75,75,75,75,75,75,75,75,75,75,75,75,75,75,75,75,75,75
6380eae07571e116566417d2,68c1c1852f4fcedcb6ddfabb,LEGACY KITCHENS,HOOKCONTAINER,False,13,13,13,13,13,13,13,13,13,13,13,13,13,13,13,13,13,13,13,13,13,13,13,13,13
6380eae07571e116566417d2,64d51af576dc0f161d7fbf2b,Legal Alfalfa - Legal AB,DELIVERLOAD,True,27,27,27,27,27,27,27,27,27,232,27,17,27,27,27,27,27,27,27,27,27,27,27,27,27
6380eae07571e116566417d2,638e47d11de55a15fc7411ba,Lehigh Cement,DELIVERLOAD,True,66,66,66,66,66,66,66,66,66,66,66,66,66,66,66,66,66,66,66,66,66,66,66,66,66
6380eae07571e116566417d2,680f9cc52d41248aa2eb3dd1,Lenbeth Weeping Tile,DELIVERLOAD,True,59,59,59,59,59,59,59,59,59,59,59,59,59,59,59,59,59,59,59,59,59,59,59,59,59
6380eae07571e116566417d2,638e56ce0f71ac1600f4f5c4,Leon's Edmonton North,DELIVERLOAD,False,14,14,14,14,14,14,14,14,14,14,14,14,14,14,14,14,14,14,14,14,14,14,14,14,14
6380eae07571e116566417d2,6463ae62a3529f1679fa7831,LEONS FURNITURE-,DELIVERLOAD,False,29,29,29,29,29,29,29,29,29,29,29,29,29,29,29,29,29,29,29,29,29,29,29,29,29
6380eae07571e116566417d2,644ffe46c95dbb162b1ef6d2,Leon'S Furniture Limited,DELIVERLOAD,False,14,14,14,14,14,14,14,14,14,14,14,14,14,14,14,14,14,14,14,14,14,14,14,14,14
6380eae07571e116566417d2,644ffe46c95dbb162b1ef6d2,Leon'S Furniture Limited,HOOKCONTAINER,False,9,9,9,9,9,9,9,9,9,9,9,9,9,9,9,9,9,9,9,9,9,9,9,9,9
6380eae07571e116566417d2,65f367c4566876c920dda6d0,Leon's Furniture Ltd.,DELIVERLOAD,True,57,57,57,57,57,57,57,57,57,57,57,57,57,57,57,57,57,57,57,57,57,57,57,57,57
6380eae07571e116566417d2,65f367c4566876c920dda6d0,Leon's Furniture Ltd.,HOOKCONTAINER,False,14,14,14,14,14,14,14,14,14,14,14,14,14,14,14,14,14,14,14,14,14,14,14,14,14
6380eae07571e116566417d2,6478bb2d2d8924161e3caf1d,LEONS FURNITURE LTD. EDMONTON,DELIVERLOAD,False,14,14,14,14,14,14,14,14,14,15,14,14,14,14,14,14,14,14,14,14,14,14,14,14,14
6380eae07571e116566417d2,6478bb2d2d8924161e3caf1d,LEONS FURNITURE LTD. EDMONTON,DELIVERLOAD,True,42,42,42,42,42,42,42,42,42,42,42,42,42,42,42,42,42,42,42,42,42,42,42,42,42
6380eae07571e116566417d2,6478bb2d2d8924161e3caf1d,LEONS FURNITURE LTD. EDMONTON,HOOKCONTAINER,False,14,14,14,14,14,14,14,14,14,14,14,14,14,14,14,14,14,14,14,14,14,14,14,14,14
6380eae07571e116566417d2,64dd39325779ac16247f23ea,LEONS LETHBRIDGE WAREHOUSE,DELIVERLOAD,False,29,29,29,29,29,29,29,29,29,29,29,29,29,29,29,29,29,29,29,29,29,29,29,29,29
6380eae07571e116566417d2,6802618fba3a3a3423277a36,LES ALIMENTS ET SERVICES ALTITUDE INC.,DELIVERLOAD,True,12,12,12,12,12,12,12,12,12,12,12,12,12,12,12,12,12,12,12,12,12,12,12,12,12
6380eae07571e116566417d2,688a8b181187383fb1d9e333,LES ALIMENTS O'SOLE MIO CDNCB,DELIVERLOAD,True,66,66,66,66,66,66,66,66,66,66,66,66,66,66,66,66,66,66,66,66,66,66,66,66,66
6380eae07571e116566417d2,68016f96fa4665efefa79617,LES ALIMENTS YAMADA,DELIVERLOAD,True,3,3,3,3,3,3,3,3,3,3,3,3,3,3,3,3,3,3,3,3,3,3,3,3,3
6380eae07571e116566417d2,66706cf2195e2c317eb3d657,Leslie Forest,DELIVERLOAD,True,180,180,180,180,180,180,180,180,180,180,180,180,180,180,180,180,180,180,180,180,180,180,180,180,180
6380eae07571e116566417d2,6577712b2a3880169009e85a,Les Sources Saint-Elie Inc,DELIVERLOAD,True,111,111,111,111,111,111,111,111,111,111,111,111,111,111,111,111,111,111,111,111,111,111,111,111,111
6380eae07571e116566417d2,687143ab4af7623eba8e3a9e,LESTERS FOODS LTD.,DELIVERLOAD,True,105,105,105,105,105,105,105,105,105,105,105,105,105,105,105,105,105,105,105,105,105,105,105,105,105
6380eae07571e116566417d2,638e46b50f71ac1600f4f2dc,Lethbridge Fasteners & Tools Ltd,DELIVERLOAD,False,29,29,29,29,29,29,29,29,29,29,29,29,29,29,29,29,29,29,29,29,29,29,29,29,29
6380eae07571e116566417d2,638e663fe50c1016291a0395,Lethbridge WILBUR ELLIS,DELIVERLOAD,False,15,15,15,15,15,15,15,15,4,13,18,22,23,13,23,11,15,15,15,15,15,15,15,15,15
6380eae07571e116566417d2,638e663fe50c1016291a0395,Lethbridge WILBUR ELLIS,DELIVERLOAD,True,15,15,15,15,15,15,15,15,15,15,15,15,15,15,15,15,15,15,15,15,15,15,15,15,15
6380eae07571e116566417d2,638e663fe50c1016291a0395,Lethbridge WILBUR ELLIS,HOOKCONTAINER,False,20,20,20,20,20,20,20,20,20,20,20,20,20,20,20,20,20,20,20,20,20,20,20,20,20
6380eae07571e116566417d2,68b9bdfde86f101c91203927,LEYMAN DISTRIBUTORS,DELIVERLOAD,False,10,10,10,10,10,10,10,10,10,10,10,10,10,10,10,10,10,10,10,10,10,10,10,10,10
6380eae07571e116566417d2,67f045db71ff2e9cfd760145,LGG Industrial - Edmonton,DELIVERLOAD,False,20,20,20,20,20,20,20,20,20,20,20,20,20,20,20,20,20,20,20,20,20,20,20,20,20
6380eae07571e116566417d2,67f045db71ff2e9cfd760145,LGG Industrial - Edmonton,HOOKCONTAINER,False,20,20,20,20,20,20,20,20,20,20,20,20,20,20,20,20,20,20,20,20,20,20,20,20,20
6380eae07571e116566417d2,646e868aeccf01167cd7238c,LICINA HOLDINGS,DELIVERLOAD,False,68,68,68,68,68,68,68,68,68,68,68,68,68,68,68,68,68,68,68,68,68,68,68,68,68
6380eae07571e116566417d2,681ba674dea9dd052cfe3e21,LIDL WHOLESALE,DELIVERLOAD,True,12,12,12,12,12,12,12,12,12,12,12,12,12,12,12,12,12,12,12,12,12,12,12,12,12
6380eae07571e116566417d2,681ba674dea9dd052cfe3e21,LIDL WHOLESALE,HOOKCONTAINER,False,10,10,10,10,10,10,10,10,10,10,10,10,10,10,10,10,10,10,10,10,10,10,10,10,10
6380eae07571e116566417d2,68322c06e5945ff77fd76efb,LIDL WHOLESALE LTD.,DELIVERLOAD,True,131,131,131,131,131,131,131,131,131,131,131,131,131,131,131,131,131,131,131,131,131,131,131,131,131
6380eae07571e116566417d2,681ba69c8e1643fdd095a2c3,LIDL WHOLESALE - MISSISSAUGA,DELIVERLOAD,False,29,29,29,29,29,29,29,29,29,29,29,29,29,29,29,29,29,29,29,29,29,29,29,29,29
6380eae07571e116566417d2,681ba69c8e1643fdd095a2c3,LIDL WHOLESALE - MISSISSAUGA,DELIVERLOAD,True,47,47,47,47,47,47,47,47,47,47,47,47,47,47,47,47,47,47,47,47,47,47,47,47,47
6380eae07571e116566417d2,681ba69c8e1643fdd095a2c3,LIDL WHOLESALE - MISSISSAUGA,HOOKCONTAINER,False,20,20,20,20,20,20,20,20,20,20,20,20,20,20,20,20,20,20,20,20,20,20,20,20,20
6380eae07571e116566417d2,681e871a406751e955fe8b18,Liebherr Canada,DELIVERLOAD,True,66,66,66,66,66,66,66,66,66,66,66,66,66,66,66,66,66,66,66,66,66,66,66,66,66
6380eae07571e116566417d2,638e542c487e0815fe50f11e,Lifting Solutions Inc,DELIVERLOAD,True,33,33,33,33,33,33,33,33,33,33,33,33,33,33,33,33,33,33,33,33,33,33,33,33,33
6380eae07571e116566417d2,659d56ddc0cb8e1671ececab,LILYDALE CALGARY,DELIVERLOAD,False,20,20,20,20,20,20,20,20,20,20,20,20,20,20,20,20,20,20,20,20,20,20,20,20,20
6380eae07571e116566417d2,659d56ddc0cb8e1671ececab,LILYDALE CALGARY,HOOKCONTAINER,False,87,87,87,87,87,87,87,87,87,87,87,87,87,87,87,87,87,87,87,87,87,87,87,87,87
6380eae07571e116566417d2,65af1036fcb6ae166b7e5068,Lilydale Inc EDMONTON,DELIVERLOAD,False,31,31,31,31,31,31,31,31,31,31,31,31,31,31,31,31,31,31,31,31,31,31,31,31,31
6380eae07571e116566417d2,65af1036fcb6ae166b7e5068,Lilydale Inc EDMONTON,HOOKCONTAINER,False,20,20,20,20,20,20,20,20,20,20,20,20,20,20,20,20,20,20,20,20,20,20,20,20,20
6380eae07571e116566417d2,681cffa59943fae77475e9a1,LINA MARKET,DELIVERLOAD,False,29,29,29,29,29,29,29,29,29,29,29,29,29,29,29,29,29,29,29,29,29,29,29,29,29
6380eae07571e116566417d2,68c1de58dc0cbe9a6ec0c897,Lina's Distribution,DELIVERLOAD,False,81,81,81,81,81,81,81,81,81,81,81,81,81,81,81,81,81,81,81,81,81,81,81,81,81
6380eae07571e116566417d2,67ddcd366395300c6c0f23de,LINDSTROM FASTENERS (CANADA) LTD,DELIVERLOAD,True,12,12,12,12,12,12,12,12,12,12,12,12,12,12,12,12,12,12,12,12,12,12,12,12,12
6380eae07571e116566417d2,674baea697c3d97a882a50f7,Lineage (Brampton),DELIVERLOAD,True,91,91,91,91,91,91,91,91,91,91,91,91,91,91,91,91,91,91,91,91,91,91,91,91,91
6380eae07571e116566417d2,67a118bd1649768d2fa25c5d,"Lineage Logistics - Delta, BC",DELIVERLOAD,True,107,107,107,107,107,107,107,107,107,108,107,107,107,107,107,107,107,107,107,107,107,107,107,107,107
6380eae07571e116566417d2,67e2f10ff2e2f667a24a927c,Lineage Rocky Hill,DELIVERLOAD,True,175,175,175,175,175,175,175,175,175,175,175,175,175,175,175,175,175,175,175,175,175,175,175,175,175
6380eae07571e116566417d2,65723314e9600d1606f3de9f,"Lineage, St-Laurent",DELIVERLOAD,True,25,25,25,25,25,25,25,25,25,25,25,25,25,25,25,25,25,25,25,25,25,25,25,25,25
6380eae07571e116566417d2,68153c38cb9ed3c500de5146,Lions Group of Companies INC.,DELIVERLOAD,True,68,68,68,68,68,68,68,68,68,68,68,68,68,68,68,68,68,68,68,68,68,68,68,68,68
6380eae07571e116566417d2,68891be66b0e485499bceb20,Lippert Plant # 138,DELIVERLOAD,False,53,53,53,53,53,53,53,53,53,53,53,53,53,53,53,53,53,53,53,53,53,53,53,53,53
6380eae07571e116566417d2,67c6056c1083a34e27374752,LIQUIDITY SERVICES,DELIVERLOAD,True,66,66,66,66,66,66,66,66,66,66,66,66,66,66,66,66,66,66,66,66,66,66,66,66,66
6380eae07571e116566417d2,65b03884149bb2167257acf0,Lloydminster,DELIVERLOAD,False,11,11,11,11,11,11,11,11,11,11,11,11,11,11,11,11,11,11,11,11,11,11,11,11,11
6380eae07571e116566417d2,65b03884149bb2167257acf0,Lloydminster,DELIVERLOAD,True,96,96,96,96,96,96,96,96,96,96,96,96,96,54,96,96,96,96,96,96,96,96,96,96,96
6380eae07571e116566417d2,677ec8a71ec911cef2d2e152,LMW,DELIVERLOAD,True,66,66,66,66,66,66,66,66,66,66,66,66,66,66,66,66,66,66,66,66,66,66,66,66,66
6380eae07571e116566417d2,642dcb98d17e1115d64fc3c1,Loadstar,DELIVERLOAD,False,13,13,13,13,13,13,13,13,13,13,13,13,13,13,13,13,13,13,13,13,13,13,13,13,13
6380eae07571e116566417d2,642dcb98d17e1115d64fc3c1,Loadstar,DELIVERLOAD,True,141,141,141,141,141,141,141,141,141,141,141,141,141,141,141,141,141,141,141,141,141,141,141,141,141
6380eae07571e116566417d2,642dcb98d17e1115d64fc3c1,Loadstar,HOOKCONTAINER,False,9,9,9,9,9,9,9,9,9,9,9,9,9,9,9,9,9,9,9,9,9,9,9,9,9
6380eae07571e116566417d2,661453c8403ced1e948e92c9,Loblaw Ajax Distribution Centre DC60,DELIVERLOAD,False,52,52,52,52,52,52,52,52,52,52,52,52,52,52,52,52,52,52,52,52,52,52,52,52,52
6380eae07571e116566417d2,6434565b1a4139160ea46790,LOBLAWS D022 Calgary,DELIVERLOAD,True,41,41,41,41,41,41,41,41,41,41,41,41,41,41,41,41,41,41,41,41,41,41,41,41,41
6380eae07571e116566417d2,638e796e32ca271626406a40,Loblaws DC04 Edmonton AB,DELIVERLOAD,False,46,46,46,46,46,46,46,46,46,46,46,46,46,46,46,46,46,46,46,46,46,46,46,46,46
6380eae07571e116566417d2,638e796e32ca271626406a40,Loblaws DC04 Edmonton AB,DELIVERLOAD,True,14,14,14,14,14,14,14,14,14,14,14,14,14,14,14,14,14,14,14,14,14,14,14,14,14
6380eae07571e116566417d2,638e796e32ca271626406a40,Loblaws DC04 Edmonton AB,DROPCONTAINER,False,38,38,38,38,38,38,38,38,38,38,38,38,38,38,38,38,38,38,38,38,38,38,38,38,38
6380eae07571e116566417d2,638e796e32ca271626406a40,Loblaws DC04 Edmonton AB,HOOKCONTAINER,False,20,20,20,20,20,20,20,20,20,20,20,20,20,20,20,20,20,20,20,20,20,20,20,20,20
6380eae07571e116566417d2,64820df8da9ec516a9c3fde4,"Loblaws DC 60, Atlas Facility, ON",DELIVERLOAD,False,45,45,45,45,45,45,45,45,45,45,45,45,45,45,45,45,45,45,45,45,45,45,45,45,45
6380eae07571e116566417d2,64820df8da9ec516a9c3fde4,"Loblaws DC 60, Atlas Facility, ON",DELIVERLOAD,True,84,84,84,84,84,84,84,84,84,84,84,84,84,84,84,84,84,84,84,84,84,84,84,84,84
6380eae07571e116566417d2,63910dfbfc3de016186aaa4e,LOBLAWS DC61,DELIVERLOAD,False,38,38,38,38,38,38,38,38,38,38,38,38,38,38,38,38,38,38,38,38,38,38,38,38,38
6380eae07571e116566417d2,647df0f8cab9ac15d568deae,LOBLAWS INC,DELIVERLOAD,False,11,11,11,11,11,11,11,11,11,11,11,11,11,11,11,11,11,11,11,11,11,11,11,11,11
6380eae07571e116566417d2,647df0f8cab9ac15d568deae,LOBLAWS INC,DELIVERLOAD,True,66,66,66,66,66,66,66,66,66,66,66,66,66,66,66,66,66,66,66,66,66,66,66,66,66
6380eae07571e116566417d2,638e650466512f16196c806f,LOBLAWS Maple Grove DC03,DELIVERLOAD,False,29,29,29,29,29,29,29,29,29,29,29,29,29,29,29,29,29,29,29,29,29,29,29,29,29
6380eae07571e116566417d2,638e650466512f16196c806f,LOBLAWS Maple Grove DC03,DELIVERLOAD,True,66,66,66,66,66,66,66,66,66,66,66,66,66,66,66,66,66,66,66,66,66,66,66,66,66
6380eae07571e116566417d2,647f8313a3f6f516adc00af1,"Loblaws, Matrix Distribution Center, ON",DELIVERLOAD,False,29,29,29,29,29,29,29,29,29,29,29,29,29,29,29,29,29,29,29,29,29,29,29,29,29
6380eae07571e116566417d2,654d9e10768b7515cb2cb921,Locher Evers International BRAMPTON,DELIVERLOAD,True,57,57,57,57,57,57,57,57,57,57,57,57,57,57,57,57,57,57,57,57,57,57,57,57,57
6380eae07571e116566417d2,67b4e9fd7f7cced01605f8c2,lock & Go,DELIVERLOAD,False,29,29,29,29,29,29,29,29,29,29,29,29,29,29,29,29,29,29,29,29,29,29,29,29,29
6380eae07571e116566417d2,6711576fa200b75cad1171c9,Lok Dairy Farm,DELIVERLOAD,True,66,66,66,66,66,66,66,66,66,66,66,66,66,66,66,66,66,66,66,66,66,66,66,66,66
6380eae07571e116566417d2,638e54dae2c64116395bb9aa,London Drugs Central Warehouse Richmond,DELIVERLOAD,True,107,107,107,107,107,107,107,107,107,107,107,107,107,107,107,107,107,107,107,107,107,107,107,107,107
6380eae07571e116566417d2,687019d4bb5185f1512f02e1,Lot 13,DELIVERLOAD,False,29,29,29,29,29,29,29,29,29,29,29,29,29,29,29,29,29,29,29,29,29,29,29,29,29
6380eae07571e116566417d2,687578a2e0d151404e916400,"Lot 38, Concession",DELIVERLOAD,True,86,86,86,86,86,86,86,86,86,86,86,86,86,86,86,86,86,86,86,86,86,86,86,86,86
6380eae07571e116566417d2,650ca25ea0328915e8d3f10b,LTR mechanical,DELIVERLOAD,False,41,41,41,41,41,41,41,41,41,41,41,41,41,41,41,41,41,41,41,41,41,41,41,41,41
6380eae07571e116566417d2,647790fce20e5e1663a5b4db,LUXFER GAS CYLINDERS,DELIVERLOAD,True,44,44,44,44,44,44,44,44,44,44,44,44,44,44,44,44,44,44,44,44,44,44,44,44,44
6380eae07571e116566417d2,6859b76262d9e71d5a7fd51b,LVL ELECTRIC LTD,DELIVERLOAD,True,66,66,66,66,66,66,66,66,66,66,66,66,66,66,66,66,66,66,66,66,66,66,66,66,66
6380eae07571e116566417d2,65b16da832a70d16305bfda6,LX Hausys AB,DELIVERLOAD,False,26,26,26,26,26,26,26,26,26,26,26,26,26,26,26,26,26,26,26,26,26,26,26,26,26
6380eae07571e116566417d2,65b16da832a70d16305bfda6,LX Hausys AB,HOOKCONTAINER,False,32,32,32,32,32,32,32,32,32,32,32,32,32,32,32,32,32,32,32,32,32,32,32,32,32
6380eae07571e116566417d2,67f4036626191688e3d12408,LX HAUSYS CANADA,DELIVERLOAD,False,8,8,8,8,8,8,8,8,8,8,8,8,8,8,8,8,8,8,8,8,8,8,8,8,8
6380eae07571e116566417d2,67f4036626191688e3d12408,LX HAUSYS CANADA,HOOKCONTAINER,False,25,25,25,25,25,25,25,25,25,25,25,25,25,25,25,25,25,25,25,25,25,25,25,25,25
6380eae07571e116566417d2,6424c55c36e4e515db296607,Lynden International,DELIVERLOAD,False,5,5,5,5,5,5,5,5,5,5,5,5,5,5,5,5,5,5,5,5,5,5,5,5,5
6380eae07571e116566417d2,684ca7132811f945ce2494f0,Lynx Calgary,DELIVERLOAD,False,29,29,29,29,29,29,29,29,29,29,29,29,29,29,29,29,29,29,29,29,29,29,29,29,29
6380eae07571e116566417d2,67cb3dac47bc28b11837401c,L & Y Universal Ent. Inc.,DELIVERLOAD,True,27,27,27,27,27,27,27,27,27,27,27,27,27,27,27,27,27,27,27,27,27,27,27,27,27
6380eae07571e116566417d2,6745e14e263020dd081bccd6,MACGREGORS- INGERSOLL,DELIVERLOAD,True,65,65,65,65,65,65,65,65,65,65,90,65,65,65,65,65,65,65,65,65,65,65,65,65,65
6380eae07571e116566417d2,65a7f10e4763091673a941e5,MACGREGORS MEATS North York,DELIVERLOAD,True,130,130,130,130,130,130,130,130,130,130,130,130,130,130,170,130,10,130,130,130,130,130,130,130,130
6380eae07571e116566417d2,649df60649a1ef16666d1c04,"MACGREGOR'S Toronto, ON",DELIVERLOAD,True,8,8,8,8,8,8,8,8,8,8,8,8,8,8,8,8,8,8,8,8,8,8,8,8,8
6380eae07571e116566417d2,681f4a76aa3949bb79577071,Machinery Supply,DELIVERLOAD,False,32,32,32,32,32,32,32,32,32,32,32,32,32,32,32,32,32,32,32,32,32,32,32,32,32
6380eae07571e116566417d2,664e3b28d421b00c607296e3,"Madera Forest Products, Inc.",DELIVERLOAD,False,53,53,53,53,53,53,53,53,53,53,53,53,53,53,53,53,53,53,53,53,53,53,53,53,53
6380eae07571e116566417d2,664e3b28d421b00c607296e3,"Madera Forest Products, Inc.",DELIVERLOAD,True,88,88,88,88,88,88,88,88,88,88,117,99,87,64,98,88,13,57,88,88,88,88,88,88,88
6380eae07571e116566417d2,664e3b28d421b00c607296e3,"Madera Forest Products, Inc.",PULLCONTAINER,False,44,44,44,44,44,44,44,44,44,44,26,44,44,44,44,44,44,44,44,44,44,44,44,44,44
6380eae07571e116566417d2,64419a82e972a315c47976f3,Magic Resin Inc. C/O The Coffee Connection,DELIVERLOAD,False,20,20,20,20,20,20,20,20,20,20,20,20,20,20,20,20,20,20,20,20,20,20,20,20,20
6380eae07571e116566417d2,64419a82e972a315c47976f3,Magic Resin Inc. C/O The Coffee Connection,DELIVERLOAD,True,93,93,93,93,93,93,93,93,93,93,93,93,93,93,93,93,93,93,93,93,93,93,93,93,93
6380eae07571e116566417d2,64419a82e972a315c47976f3,Magic Resin Inc. C/O The Coffee Connection,HOOKCONTAINER,False,20,20,20,20,20,20,20,20,20,20,20,20,20,20,20,20,20,20,20,20,20,20,20,20,20
6380eae07571e116566417d2,64c2c0151c29fa40b6f5b47c,MAGMA NORTH AMERICA INC.,DELIVERLOAD,True,121,121,121,121,121,121,121,121,121,121,121,121,121,121,121,121,121,121,121,121,121,121,121,121,121
6380eae07571e116566417d2,638e564b5d19cf15e2624120,Magna Hardwood Floors International Inc,DELIVERLOAD,True,69,69,69,69,69,69,69,69,69,69,69,69,69,69,69,69,69,69,69,69,69,69,69,69,69
6380eae07571e116566417d2,65cb8617dfb75e7902d741ab,MAID RITE SPECIALTY FOODS Confederation Freezers,DELIVERLOAD,True,14,14,14,14,14,14,14,14,14,14,176,14,14,133,14,14,14,14,14,14,14,14,14,14,14
6380eae07571e116566417d2,67e1afd9b5b2ed9c48f71c63,Mammoet Canada Western Ltd.,DELIVERLOAD,True,66,66,66,66,66,66,66,66,66,66,66,66,66,66,66,66,66,66,66,66,66,66,66,66,66
6380eae07571e116566417d2,688a514b89e94dbf42d42a14,MANCHESTER PET SUPPLIES,DELIVERLOAD,False,29,29,29,29,29,29,29,29,29,29,29,29,29,29,29,29,29,29,29,29,29,29,29,29,29
6380eae07571e116566417d2,688a514b89e94dbf42d42a14,MANCHESTER PET SUPPLIES,DELIVERLOAD,True,40,40,40,40,40,40,40,40,33,69,40,40,40,40,239,40,40,40,40,40,40,40,40,40,40
6380eae07571e116566417d2,68151de328e9a931515f0617,MANITOBA STARCH CARBERRY,DELIVERLOAD,True,66,66,66,66,66,66,66,66,66,66,66,66,66,66,66,66,66,66,66,66,66,66,66,66,66
6380eae07571e116566417d2,68508149bc940d7b7d728d0f,MANTL CANADA INC.,DELIVERLOAD,True,46,46,46,46,46,46,46,46,46,46,46,46,46,46,46,46,46,46,46,46,46,46,46,46,46
6380eae07571e116566417d2,638e581444d310163242c209,Maple Lethbridge,DELIVERLOAD,False,14,14,14,14,14,14,3,14,14,14,14,14,16,14,14,14,14,14,20,14,14,14,14,16,14
6380eae07571e116566417d2,638e581444d310163242c209,Maple Lethbridge,DELIVERLOAD,True,20,20,20,20,20,20,20,20,20,20,20,20,20,20,20,20,20,20,20,20,20,20,20,20,20
6380eae07571e116566417d2,638e581444d310163242c209,Maple Lethbridge,HOOKCONTAINER,False,11,11,11,11,11,7,11,19,11,11,11,11,11,11,18,11,10,9,7,18,16,4,11,19,5
6380eae07571e116566417d2,663cfb9a0fcbbe9eb1cd4856,MAPLE LETHBRIDGE,DELIVERLOAD,False,13,13,13,13,13,13,13,13,13,13,13,13,13,13,13,13,12,24,10,9,13,10,46,13,13
6380eae07571e116566417d2,663cfb9a0fcbbe9eb1cd4856,MAPLE LETHBRIDGE,DELIVERLOAD,True,37,37,37,37,37,37,37,37,37,37,37,37,37,37,37,37,37,37,37,37,37,37,37,37,37
6380eae07571e116566417d2,663cfb9a0fcbbe9eb1cd4856,MAPLE LETHBRIDGE,HOOKCONTAINER,False,16,16,16,16,16,16,16,16,14,20,16,16,23,16,104,147,21,9,16,163,8,12,3,16,162
6380eae07571e116566417d2,638e649a0f71ac1600f4f85d,Maple Ridge Yard (Lot 12),HOOKCONTAINER,False,17,17,17,17,17,17,17,17,17,17,357,14,4,17,17,17,17,17,17,17,17,17,17,17,17
6380eae07571e116566417d2,638e649a0f71ac1600f4f85d,Maple Ridge Yard (Lot 12),PULLCONTAINER,False,17,17,17,17,17,17,17,17,17,11,17,17,17,17,17,17,17,17,17,17,17,17,17,17,17
6380eae07571e116566417d2,638e649a0f71ac1600f4f85d,Maple Ridge Yard (Lot 12),RETURNCONTAINER,False,5,5,5,5,5,5,5,5,5,5,5,5,5,5,5,5,5,5,5,5,5,5,5,5,5
6380eae07571e116566417d2,638b9ac366512f16196c702c,Maple Yard,CHASSISPICK,False,20,20,20,20,20,20,20,20,20,20,20,20,20,20,20,20,20,20,20,20,20,20,20,20,20
6380eae07571e116566417d2,638b9ac366512f16196c702c,Maple Yard,DROPCONTAINER,False,8,8,8,8,8,8,8,8,8,8,8,8,8,8,8,8,8,8,8,8,8,8,8,8,8
6380eae07571e116566417d2,638b9ac366512f16196c702c,Maple Yard,HOOKCONTAINER,False,15,16,15,15,15,15,15,15,15,15,15,99,21,7,15,15,8,15,15,15,103,15,90,15,15
6380eae07571e116566417d2,638b9ac366512f16196c702c,Maple Yard,PULLCONTAINER,False,25,25,25,25,25,25,25,25,25,25,25,99,25,25,25,25,25,25,25,25,25,25,25,25,25
6380eae07571e116566417d2,67d997c44a6008a30ff7e0fd,MARATHON FASTENERS,DELIVERLOAD,False,29,29,29,29,29,29,29,29,29,29,29,29,29,29,29,29,29,29,29,29,29,29,29,29,29
6380eae07571e116566417d2,67d997c44a6008a30ff7e0fd,MARATHON FASTENERS,DELIVERLOAD,True,117,117,117,117,117,117,117,117,117,117,117,117,117,117,117,117,117,117,117,117,117,117,117,117,117
6380eae07571e116566417d2,67d997c44a6008a30ff7e0fd,MARATHON FASTENERS,HOOKCONTAINER,False,29,29,29,29,29,29,29,29,29,29,29,29,29,29,29,29,29,29,29,29,29,29,29,29,29
6380eae07571e116566417d2,68409dc98b6f605c8667b390,"MARCONE CANADA 4152 27TH STREET UNIT 132,BUILDING E",DELIVERLOAD,True,86,86,86,86,86,86,86,86,86,86,86,86,86,86,86,86,86,86,86,86,86,86,86,86,86
6380eae07571e116566417d2,6500b8b8d7e23e1606c19cf5,MARCO POLO HOME FURNISHINGS,DELIVERLOAD,False,8,8,8,8,8,8,8,8,8,8,8,8,8,8,8,8,8,8,8,8,8,8,8,8,8
6380eae07571e116566417d2,6500b8b8d7e23e1606c19cf5,MARCO POLO HOME FURNISHINGS,HOOKCONTAINER,False,41,41,41,41,41,41,41,41,41,41,41,41,41,41,41,41,41,41,41,41,41,41,41,41,41
6380eae07571e116566417d2,650e0571b71c8f15d419c135,MARINE LINES INC.,DELIVERLOAD,False,74,74,74,74,74,74,74,74,74,74,74,74,74,74,74,74,74,74,74,74,74,74,74,74,74
6380eae07571e116566417d2,650e0571b71c8f15d419c135,MARINE LINES INC.,HOOKCONTAINER,False,53,53,53,53,53,53,53,53,53,53,53,53,53,53,53,53,53,53,53,53,53,53,53,53,53
6380eae07571e116566417d2,686be6358dc9a2f9eb6e94a2,marlborough mall,HOOKCONTAINER,False,20,20,20,20,20,20,20,20,20,20,20,20,20,20,20,20,20,20,20,20,20,20,20,20,20
6380eae07571e116566417d2,67ec2a99be681b2822df15f7,MARSAN FOODS LIMITED *1,DELIVERLOAD,True,11,11,11,11,11,11,11,11,11,11,11,11,11,11,11,11,11,11,11,11,11,11,11,11,11
6380eae07571e116566417d2,67ec2a99be681b2822df15f7,MARSAN FOODS LIMITED *1,PULLCONTAINER,False,27,27,27,27,27,27,27,27,27,27,27,27,27,27,27,27,27,27,27,27,27,27,27,27,27
6380eae07571e116566417d2,65a7f206f416ac16070c03c3,MARSAN FOODS LTD (Avila CS),DELIVERLOAD,True,26,26,26,26,26,26,26,26,37,58,26,54,26,35,3,20,4,26,3,26,26,26,26,26,26
6380eae07571e116566417d2,65a7f206f416ac16070c03c3,MARSAN FOODS LTD (Avila CS),PULLCONTAINER,False,29,29,29,29,29,29,29,29,29,29,29,29,29,29,29,29,29,29,29,29,29,29,29,29,29
6380eae07571e116566417d2,67df1cdc5cf819a0d0d06310,MARSAN FOODS LTD (Avila CS),DELIVERLOAD,True,77,77,77,77,77,77,77,77,77,77,77,77,77,77,77,77,77,77,77,77,77,77,77,77,77
6380eae07571e116566417d2,638e2fd4b91dc3160b914f50,Master flo,DELIVERLOAD,True,105,105,105,105,105,105,105,105,105,105,105,105,105,105,105,105,105,105,105,105,105,105,105,105,105
6380eae07571e116566417d2,638f5669648f7a162c61a9f4,MASTERS BEST FRIEND,DELIVERLOAD,True,94,94,94,94,94,94,94,94,94,94,94,94,94,94,94,94,94,94,94,94,94,94,94,94,94
6380eae07571e116566417d2,67f2f9c6042565352a5f40a1,Masters Tire Brampton,DELIVERLOAD,True,61,61,61,61,61,61,61,61,61,61,61,61,61,61,61,61,61,61,61,61,61,61,61,61,61
6380eae07571e116566417d2,67f2f9db4921367656205960,Masters Tire Edmonton,DELIVERLOAD,True,27,27,27,27,27,27,27,27,27,27,27,27,27,27,27,27,27,27,27,27,27,27,27,27,27
6380eae07571e116566417d2,6792980e7d6a9355dda751e2,Matco,DELIVERLOAD,True,66,66,66,66,66,66,66,66,66,66,66,66,66,66,66,66,66,66,66,66,66,66,66,66,66
6380eae07571e116566417d2,68bb47de9e05974f77b6ed55,MATCO MOVING SOLUTIO CALGARY,HOOKCONTAINER,False,36,36,36,36,36,36,36,36,36,36,36,36,36,36,36,36,36,36,36,36,36,36,36,36,36
6380eae07571e116566417d2,654bb5f6617612156a128b8d,Matco Moving Solutions,DELIVERLOAD,True,66,66,66,66,66,66,66,66,66,66,66,66,66,66,66,66,66,66,66,66,66,66,66,66,66
6380eae07571e116566417d2,6793cad48a2e633a03d3d048,Matharu Welding,DELIVERLOAD,False,11,11,11,11,11,11,11,11,11,11,11,11,11,11,11,11,11,11,11,11,11,11,11,11,11
6380eae07571e116566417d2,68828666f1474fde7b325f3c,MATRIX ENVIRONMENT SOLUTIONS LTD. #201,DELIVERLOAD,False,32,32,32,32,32,32,32,32,32,32,32,32,32,32,32,32,32,32,32,32,32,32,32,32,32
6380eae07571e116566417d2,68892ea953989c2d4b82ed2d,MATRIX ENVIRONMENT SOLUTOINS LTD #201,DELIVERLOAD,False,57,57,57,57,57,57,57,57,57,57,57,57,57,57,57,57,57,57,57,57,57,57,57,57,57
6380eae07571e116566417d2,67d851fe5d2a7e8bbcde1a3d,Matrix Motor - Barrie ON,DELIVERLOAD,True,6,6,6,6,6,6,6,6,6,6,6,6,6,6,6,6,6,6,6,6,6,6,6,6,6
6380eae07571e116566417d2,67dc4792b71b070ca315e559,Mattr Corp - Etobicoke,DELIVERLOAD,True,50,50,50,50,50,50,50,50,50,50,50,50,50,50,50,50,50,50,50,50,50,50,50,50,50
6380eae07571e116566417d2,688a6930f1a199cb15e64846,Mattson Tree Farm,DELIVERLOAD,True,66,66,66,66,66,66,66,66,66,66,66,66,66,66,66,66,66,66,66,66,66,66,66,66,66
6380eae07571e116566417d2,6813c8e7299e16103cab04a1,MAUSER PACKAGING - DELTA JEFF & SCOTT,DELIVERLOAD,True,11,11,11,11,11,11,11,11,11,11,11,11,11,11,11,11,11,11,11,11,11,11,11,11,11
6380eae07571e116566417d2,68716f154635ba373fa1bab4,Maxon Tire LTD  UNIT 6,DELIVERLOAD,False,14,14,14,14,14,14,14,14,14,14,14,14,14,14,14,14,14,14,14,14,14,14,14,14,14
6380eae07571e116566417d2,68716f154635ba373fa1bab4,Maxon Tire LTD  UNIT 6,HOOKCONTAINER,False,46,46,46,46,46,46,46,46,46,46,46,46,46,46,46,46,46,46,46,46,46,46,46,46,46
6380eae07571e116566417d2,6674ac824f8fb4fe320f925b,Max Warehousing,DELIVERLOAD,False,21,21,21,21,21,21,21,21,21,21,21,21,21,7,21,21,21,21,21,21,21,21,21,21,21
6380eae07571e116566417d2,6674ac824f8fb4fe320f925b,Max Warehousing,DELIVERLOAD,True,61,61,61,61,61,61,61,61,61,61,61,61,61,61,73,61,61,61,61,61,61,61,61,61,61
6380eae07571e116566417d2,6674ac824f8fb4fe320f925b,Max Warehousing,HOOKCONTAINER,False,16,16,16,16,16,16,16,16,16,16,16,26,16,16,16,23,16,16,16,16,16,16,16,16,16
6380eae07571e116566417d2,6806b7930b7f0a16c7e9a866,MAYK FOODS GLOBAL-CANADA  INC,DELIVERLOAD,False,29,29,29,29,29,29,29,29,29,29,29,29,29,29,29,29,29,29,29,29,29,29,29,29,29
6380eae07571e116566417d2,6806b7930b7f0a16c7e9a866,MAYK FOODS GLOBAL-CANADA  INC,HOOKCONTAINER,False,61,61,61,61,61,61,61,61,61,61,61,61,61,61,61,61,61,61,61,61,61,61,61,61,61
6380eae07571e116566417d2,661456139750f57805c28edd,McCain Foods,DELIVERLOAD,True,45,45,45,45,45,45,45,45,45,45,64,9,56,45,45,45,45,10,45,45,45,45,45,45,45
6380eae07571e116566417d2,66922c84230bc85baf99a256,MCCAIN FOODS LTD,DELIVERLOAD,True,28,28,28,28,28,28,28,28,28,28,28,28,28,28,28,28,28,28,28,28,28,28,28,28,28
6380eae07571e116566417d2,67113c47fd208aa46a485fc2,MCCAIN FOODS LTD -  MB,DELIVERLOAD,True,66,66,66,66,66,66,66,66,66,66,66,66,66,66,66,66,66,66,66,66,66,66,66,66,66
6380eae07571e116566417d2,647797a127870216da334c3d,McIntyre Group/Interlink Logistics,DELIVERLOAD,True,94,94,94,94,94,94,94,94,94,94,94,94,94,94,94,94,94,94,94,94,94,94,94,94,94
6380eae07571e116566417d2,641df6c81b957615fbe6ae77,Mckerral Hay & Grain,DELIVERLOAD,False,44,44,44,44,44,44,44,44,44,44,44,44,44,44,44,44,44,44,44,44,44,44,44,44,44
6380eae07571e116566417d2,641df6c81b957615fbe6ae77,Mckerral Hay & Grain,DELIVERLOAD,True,78,78,78,78,78,78,78,78,78,78,78,78,78,98,78,51,78,78,78,78,78,78,78,78,78
6380eae07571e116566417d2,66d74934aca2505f9008bacc,McKesson,DELIVERLOAD,True,51,51,51,51,51,51,51,51,51,51,51,51,51,51,51,51,51,51,51,51,51,51,51,51,51
6380eae07571e116566417d2,6785ae0ba67149928551de0f,McKesson Canada - Drummondville QC,DELIVERLOAD,True,93,93,93,93,93,93,93,93,93,93,93,93,93,93,93,93,93,93,93,93,93,93,93,93,93
6380eae07571e116566417d2,65bfcd6974536b65a15cf70b,McKesson Canada - Edmonton Distribution Center,DELIVERLOAD,True,139,139,139,139,139,139,139,139,139,139,139,139,139,139,139,139,139,139,139,139,139,139,139,139,139
6380eae07571e116566417d2,64e4fcfe8411ea15ddb05377,MDG Calgary Warehouse,DELIVERLOAD,False,19,19,19,19,19,19,19,19,19,19,19,19,19,19,19,19,19,19,19,19,19,19,19,19,19
6380eae07571e116566417d2,64e4fcfe8411ea15ddb05377,MDG Calgary Warehouse,HOOKCONTAINER,False,40,40,40,40,40,40,40,40,40,40,40,40,40,40,40,40,40,40,40,40,40,40,40,40,40
6380eae07571e116566417d2,689b80ba4a6f2346b04fc0cf,MECART Inc,DELIVERLOAD,True,110,110,110,110,110,110,110,110,110,110,110,110,110,110,110,110,110,110,110,110,110,110,110,110,110
6380eae07571e116566417d2,638b9b2e9a8a2f15f94006a6,Medlog,DELIVERLOAD,False,40,40,40,40,40,40,40,40,40,40,40,40,40,40,40,40,40,40,40,40,40,40,40,40,40
6380eae07571e116566417d2,638b9b2e9a8a2f15f94006a6,Medlog,DELIVERLOAD,True,66,66,66,66,66,66,66,66,66,66,66,66,66,66,66,66,66,66,66,66,66,66,66,66,66
6380eae07571e116566417d2,6871437687711bbc85c4b82a,MEGA FOOD IMPORTS INC,DELIVERLOAD,True,66,66,66,66,66,66,66,66,66,66,66,66,66,66,66,66,66,66,66,66,66,66,66,66,66
6380eae07571e116566417d2,675a04ab23dfe39a3402795b,Mega sphere Trading,DELIVERLOAD,False,21,21,21,21,21,21,21,21,21,21,21,21,21,21,21,21,21,21,21,21,21,21,21,21,21
6380eae07571e116566417d2,675a04ab23dfe39a3402795b,Mega sphere Trading,HOOKCONTAINER,False,11,11,11,11,11,11,11,11,11,11,11,11,11,11,11,11,11,11,11,11,11,11,11,11,11
6380eae07571e116566417d2,67e43da1bcef1548fc0da77b,Megasphere Trading,DELIVERLOAD,False,34,34,34,34,34,34,34,34,34,34,34,34,34,34,34,34,34,34,34,34,34,34,34,34,34
6380eae07571e116566417d2,67e43da1bcef1548fc0da77b,Megasphere Trading,HOOKCONTAINER,False,5,5,5,5,5,5,5,5,5,5,5,5,5,5,5,5,5,5,5,5,5,5,5,5,5
6380eae07571e116566417d2,684c57c822f05b219e07f23c,MELLISA MARTIN,DELIVERLOAD,True,39,39,39,39,39,39,39,39,39,39,39,39,39,39,39,39,39,39,39,39,39,39,39,39,39
6380eae07571e116566417d2,64d6bbb27d554a15f786cb85,MEL'S MANUFACTURING,DELIVERLOAD,False,29,29,29,29,29,29,29,29,29,29,29,29,29,29,29,29,29,29,29,29,29,29,29,29,29
6380eae07571e116566417d2,64d6bbb27d554a15f786cb85,MEL'S MANUFACTURING,DELIVERLOAD,True,66,66,66,66,66,66,66,66,66,66,66,66,66,66,66,66,66,66,66,66,66,66,66,66,66
6380eae07571e116566417d2,638e4e3805db79164b424583,Merlin Plastics,HOOKCONTAINER,False,39,39,39,39,39,39,39,39,39,39,39,39,39,39,39,39,39,39,39,39,39,39,39,39,39
6380eae07571e116566417d2,689aac006653b4bed6afa1f5,META BREWERY,DELIVERLOAD,False,45,45,45,45,45,45,45,45,45,45,45,45,45,45,45,45,45,45,45,45,45,45,45,45,45
6380eae07571e116566417d2,689aac006653b4bed6afa1f5,META BREWERY,DELIVERLOAD,True,163,163,163,163,163,163,163,163,163,163,163,163,163,163,163,163,163,163,163,163,163,163,163,163,163
6380eae07571e116566417d2,6846fb1b44b179f486ba9e2a,Metalmax Auto Recycling and Parts,DELIVERLOAD,True,138,138,138,138,138,138,138,138,138,138,138,138,138,138,138,138,138,138,138,138,138,138,138,138,138
6380eae07571e116566417d2,654423925c6998155db8a93b,Metal Max part,DELIVERLOAD,True,93,93,93,93,93,93,93,93,93,93,93,93,93,93,93,93,93,93,93,93,93,93,93,93,93
6380eae07571e116566417d2,660c770ab171d34bd140c535,Metrie Canada LTD,DELIVERLOAD,True,57,57,57,57,57,57,57,57,57,57,57,57,57,40,57,57,57,57,57,57,57,57,57,57,57
6380eae07571e116566417d2,641a161068fc9915cf90172b,Metro Logistics,DELIVERLOAD,True,66,66,66,66,66,66,66,66,66,66,66,66,66,66,66,66,66,66,66,66,66,66,66,66,66
6380eae07571e116566417d2,643d7025bd0d02161881434c,METRO LOGISTICS,DELIVERLOAD,True,67,67,67,67,67,67,67,67,67,67,67,67,67,67,67,67,67,67,67,67,67,67,67,67,67
6380eae07571e116566417d2,674789675fba5005697da51c,METRO TO HOME - DELTA WAREHOUSE,DELIVERLOAD,False,47,47,47,47,47,47,47,47,47,35,54,47,47,47,47,47,47,47,47,47,47,47,47,47,47
6380eae07571e116566417d2,674789675fba5005697da51c,METRO TO HOME - DELTA WAREHOUSE,DELIVERLOAD,True,135,135,135,135,135,135,135,135,135,135,135,135,188,119,135,135,135,135,135,135,135,135,135,135,135
6380eae07571e116566417d2,674789675fba5005697da51c,METRO TO HOME - DELTA WAREHOUSE,HOOKCONTAINER,False,48,48,48,48,48,48,48,48,48,48,48,48,48,48,48,48,48,48,84,37,48,48,48,48,48
6380eae07571e116566417d2,674789675fba5005697da51c,METRO TO HOME - DELTA WAREHOUSE,PULLCONTAINER,False,78,78,78,78,78,78,78,78,78,78,78,78,78,78,78,78,78,78,78,78,78,78,78,78,78
6380eae07571e116566417d2,6759cdc7e02f8efd1b7a05e3,METRO TO HOME - MISSISSAUGA,DELIVERLOAD,False,29,29,29,29,29,29,29,29,29,29,29,29,29,29,29,29,29,29,29,29,29,29,29,29,29
6380eae07571e116566417d2,65e8f6cf37780d8e3650546c,MGA International Logistics,DELIVERLOAD,True,10,10,10,10,10,10,10,10,10,10,10,10,10,10,10,10,10,10,10,10,10,10,10,10,10
6380eae07571e116566417d2,65e64f7281dbadf0c5d7bbc3,M&H Distribution,DELIVERLOAD,True,66,66,66,66,66,66,66,66,66,66,66,66,66,66,66,66,66,66,66,66,66,66,66,66,66
6380eae07571e116566417d2,6729533588bfb1304c5d287a,Michener Allen AuctioneeringLtd,RETURNCONTAINER,False,47,47,47,47,47,47,47,47,47,47,47,47,47,47,47,47,47,47,47,47,47,47,47,47,47
6380eae07571e116566417d2,68c0a24c4cbc02ed6a649f3e,Midfield Valve & Supply,DELIVERLOAD,True,78,78,78,78,78,78,78,78,78,78,78,78,78,78,78,78,78,78,78,78,78,78,78,78,78
6380eae07571e116566417d2,67a0e7795c97ca11a06ef264,Midway Industries,DELIVERLOAD,True,66,66,66,66,66,66,66,66,66,66,66,66,66,66,66,66,66,66,66,66,66,66,66,66,66
6380eae07571e116566417d2,638ec5876df97715f0f3a764,MIELE LIMITED,DELIVERLOAD,False,75,75,75,75,75,75,75,75,75,75,75,75,75,75,75,75,75,75,75,75,75,75,75,75,75
6380eae07571e116566417d2,660b0e2b02a923a67dd747f4,Millennium Oilflow Systems & Tech,DELIVERLOAD,True,148,148,148,148,148,148,148,148,148,148,148,148,148,148,148,148,148,148,148,148,148,148,148,148,148
6380eae07571e116566417d2,685ae4caa044d62d225ee983,Millennium Oilflow Systems & Tech.  (MOST Oil) #103,DELIVERLOAD,True,66,66,66,66,66,66,66,66,66,66,66,66,66,66,66,66,66,66,66,66,66,66,66,66,66
6380eae07571e116566417d2,67911d393c2d91a2d8be194a,MILTON WHSE,DELIVERLOAD,True,48,48,48,48,48,48,48,48,48,16,102,48,50,48,48,32,48,48,48,48,48,48,48,48,48
6380eae07571e116566417d2,67866e296a47882b63d3b026,MIMI FOOD PRODUCTS INC,DELIVERLOAD,True,91,91,91,91,91,91,91,91,91,91,91,91,91,91,91,91,91,91,91,91,91,91,91,91,91
6380eae07571e116566417d2,6419b8af52ba04160e946d21,Minibulk Inc,DELIVERLOAD,False,29,29,29,29,29,29,29,29,29,29,20,29,29,29,29,29,29,29,29,29,29,29,29,29,29
6380eae07571e116566417d2,6419b8af52ba04160e946d21,Minibulk Inc,DELIVERLOAD,True,59,59,59,59,59,59,59,59,59,59,59,59,59,59,59,59,59,59,59,59,59,59,59,59,59
6380eae07571e116566417d2,638e4b62c53a0215e5d07abe,Minibulk Inc.,DELIVERLOAD,True,66,66,66,66,66,66,66,66,66,66,66,66,66,66,66,66,66,66,66,66,66,66,66,66,66
6380eae07571e116566417d2,66d8be7c41fda98a6dbf6aa9,MINIMAX EXPRESS,DELIVERLOAD,True,72,72,72,72,72,72,72,72,72,80,72,72,72,72,72,72,72,72,72,72,72,72,72,72,72
6380eae07571e116566417d2,6849aef5c0bcfbfb01e7cb4f,MINT FLOOR COVERINGS  BAY 105,DELIVERLOAD,True,114,114,114,114,114,114,114,114,114,114,114,114,114,114,114,114,114,114,114,114,114,114,114,114,114
6380eae07571e116566417d2,675a0551332a972bdc257481,Mississauga ON Plant,DELIVERLOAD,False,29,29,29,29,29,29,29,29,29,29,29,29,29,29,29,29,29,29,29,29,29,29,29,29,29
6380eae07571e116566417d2,675a0551332a972bdc257481,Mississauga ON Plant,DELIVERLOAD,True,35,35,35,35,35,35,35,35,35,35,35,35,35,35,35,35,35,35,35,35,35,35,35,35,35
6380eae07571e116566417d2,67c0d7ceacfd520546c01077,MISSISSAUGA TERMINAL,DELIVERLOAD,False,30,30,30,61,43,30,30,30,30,30,72,30,14,30,10,30,28,29,30,30,30,30,30,30,36
6380eae07571e116566417d2,67c0d7ceacfd520546c01077,MISSISSAUGA TERMINAL,DELIVERLOAD,True,47,47,47,47,47,47,47,47,47,47,47,47,47,47,47,47,47,47,47,47,47,47,47,47,47
6380eae07571e116566417d2,67c0d7ceacfd520546c01077,MISSISSAUGA TERMINAL,HOOKCONTAINER,False,21,28,21,86,36,21,7,48,79,9,16,11,49,54,31,114,21,21,21,21,21,21,21,21,21
6380eae07571e116566417d2,67d49e3663ffe3c168ce1e49,MJM WHEELS LTD,DELIVERLOAD,False,29,29,29,29,29,29,29,29,29,29,29,29,29,29,29,29,29,29,29,29,29,29,29,29,29
6380eae07571e116566417d2,638e56ce0f71ac1600f4f5b8,Mobler Imports Inc. Edmonton,DELIVERLOAD,False,37,37,37,37,37,37,37,37,37,37,37,37,37,37,37,37,37,37,37,37,37,37,37,37,37
6380eae07571e116566417d2,638e56ce0f71ac1600f4f5b8,Mobler Imports Inc. Edmonton,HOOKCONTAINER,False,88,88,88,88,88,88,88,88,88,88,88,88,88,88,88,88,88,88,88,88,88,88,88,88,88
6380eae07571e116566417d2,639117de8e2a95165f79be0e,Modern Alberta,DELIVERLOAD,False,83,83,83,83,83,83,83,83,83,83,83,83,83,83,83,83,83,83,83,83,83,83,83,83,83
6380eae07571e116566417d2,66db62ece62094b804aa9f02,Modern Houseware Imports Inc.,HOOKCONTAINER,False,30,30,30,30,30,30,30,30,30,30,30,30,30,30,30,30,30,30,30,30,30,30,30,30,30
6380eae07571e116566417d2,68435b02d422b6b13d3bfb44,MODULE YARD Dow Chemical Canada,DELIVERLOAD,True,7,7,7,7,7,7,7,7,7,7,7,7,7,7,7,7,7,7,7,7,7,7,7,7,7
6380eae07571e116566417d2,65282ea382b01b165521f952,"Monco Produce Inc. , ON",DELIVERLOAD,True,66,66,66,66,66,66,66,66,66,66,66,66,66,66,66,66,66,66,66,66,66,66,66,66,66
6380eae07571e116566417d2,667d8f13347dda2bf3d52771,Mondelez Brampton,PULLCONTAINER,False,13,13,13,13,13,13,13,13,13,13,13,13,13,13,13,13,13,13,13,13,13,13,13,13,13
6380eae07571e116566417d2,6509d08a89433c15f7682cff,"Mondelez Brampton Pickup - BRAMPTON, ON",DELIVERLOAD,False,41,41,41,41,22,41,41,41,41,3,41,38,41,3,93,41,41,41,41,87,41,41,41,41,41
6380eae07571e116566417d2,6509d08a89433c15f7682cff,"Mondelez Brampton Pickup - BRAMPTON, ON",DELIVERLOAD,True,20,20,20,20,20,20,20,20,20,20,20,20,20,20,3,20,20,20,20,20,20,20,20,20,20
6380eae07571e116566417d2,6509d08a89433c15f7682cff,"Mondelez Brampton Pickup - BRAMPTON, ON",HOOKCONTAINER,False,50,50,50,50,50,50,50,50,27,24,15,13,95,20,34,43,54,160,50,50,50,18,50,50,50
6380eae07571e116566417d2,66bf8786c05e997acfa3d0ef,Mondi Hinton Inc,DELIVERLOAD,False,29,29,29,29,29,29,29,29,29,29,29,29,29,29,29,29,29,29,29,29,29,29,29,29,29
6380eae07571e116566417d2,66bf8786c05e997acfa3d0ef,Mondi Hinton Inc,DELIVERLOAD,True,75,75,75,75,75,75,75,75,75,75,75,82,75,75,235,58,75,75,75,75,75,75,75,75,75
6380eae07571e116566417d2,638ea0bedeced515f58e222c,MONTGOMERY AUCTION SERVICES LTD.,DELIVERLOAD,False,29,29,29,29,29,29,29,29,29,29,29,29,29,29,29,29,29,29,29,29,29,29,29,29,29
6380eae07571e116566417d2,638ea0bedeced515f58e222c,MONTGOMERY AUCTION SERVICES LTD.,DELIVERLOAD,True,66,66,66,66,66,66,66,66,66,66,66,66,66,66,66,66,66,66,66,66,66,66,66,66,66
6380eae07571e116566417d2,67c0d92d9f765ac79174847a,MONTREAL TERMINAL,DELIVERLOAD,True,66,66,66,66,66,66,66,66,66,66,66,66,66,66,66,66,66,66,66,66,66,66,66,66,66
6380eae07571e116566417d2,638e2fd4b91dc3160b914f1b,Montreal Yard,DELIVERLOAD,True,162,162,162,162,162,162,162,162,162,162,162,162,162,162,162,162,162,162,162,162,162,162,162,162,162
6380eae07571e116566417d2,638e2fd4b91dc3160b914f1b,Montreal Yard,RETURNCONTAINER,False,32,32,32,32,32,32,32,32,32,32,32,32,32,32,32,32,32,32,32,32,32,32,32,32,32
6380eae07571e116566417d2,67bcc4c4b240387829c150c3,Montreal Yard - Hickmore,HOOKCONTAINER,False,20,20,20,20,20,20,20,20,20,20,20,20,20,20,20,20,20,20,20,20,20,20,20,20,20
6380eae07571e116566417d2,67f00474168e7dead3e49f28,Montreal Yard - Hickmore,HOOKCONTAINER,False,20,20,20,20,20,20,20,20,20,20,20,20,20,20,20,20,20,20,20,20,20,20,20,20,20
6380eae07571e116566417d2,67f00474168e7dead3e49f28,Montreal Yard - Hickmore,PULLCONTAINER,False,29,29,29,29,29,29,29,29,29,29,29,29,29,29,29,29,29,29,29,29,29,29,29,29,29
6380eae07571e116566417d2,67f00474168e7dead3e49f28,Montreal Yard - Hickmore,RETURNCONTAINER,False,23,23,23,23,23,23,23,23,23,23,23,23,23,23,23,23,23,23,23,23,23,23,23,23,23
6380eae07571e116566417d2,683b353b3d522dad2f0247d2,MONTROSE INTERNATIONAL GROUP,DELIVERLOAD,True,37,37,37,37,37,37,37,37,37,37,37,37,37,37,37,37,37,37,37,37,37,37,37,37,37
6380eae07571e116566417d2,67e18296fa7bfe74aa2be7b3,MONTROSE INTERNATONAL GROUP,DELIVERLOAD,True,13,13,13,13,13,13,13,13,13,13,13,13,13,13,13,13,13,13,13,13,13,13,13,13,13
6380eae07571e116566417d2,67b35e4dcdc4e596a362eed4,MOOSEHEAD BREWERY LTD BELFIELD WAREHOUSE,DELIVERLOAD,True,78,78,78,78,78,78,78,78,78,78,78,78,78,78,78,78,78,78,78,78,78,78,78,78,78
6380eae07571e116566417d2,642c946b91bb1f161182be95,MORE THAN JUST FEED,DELIVERLOAD,False,84,84,84,84,84,84,84,84,84,84,84,84,84,84,84,84,84,84,84,84,84,84,84,84,84
6380eae07571e116566417d2,642c946b91bb1f161182be95,MORE THAN JUST FEED,DELIVERLOAD,True,128,128,128,128,128,128,128,128,128,128,128,128,128,128,128,128,128,128,128,128,128,128,128,128,128
6380eae07571e116566417d2,6837619b11aff02201752ea4,MORSKATE Manufacturing,DELIVERLOAD,False,29,29,29,29,29,29,29,29,29,29,29,29,29,29,29,29,29,29,29,29,29,29,29,29,29
6380eae07571e116566417d2,67d8a080736e10a632e540a6,MORSKATE MANUFACTURING LTD,DELIVERLOAD,True,142,142,142,142,142,142,142,142,142,142,142,142,142,142,142,142,142,142,142,142,142,142,142,142,142
6380eae07571e116566417d2,659c82552e6d0d6c3c0d5d72,MORSKATE MANUFACTURING LTD.,DELIVERLOAD,False,29,29,29,29,29,29,29,29,29,29,29,29,29,29,29,29,29,29,29,29,29,29,29,29,29
6380eae07571e116566417d2,659c82552e6d0d6c3c0d5d72,MORSKATE MANUFACTURING LTD.,DELIVERLOAD,True,156,156,156,156,156,156,156,156,156,156,156,156,156,156,156,156,156,156,156,156,156,156,156,156,156
6380eae07571e116566417d2,65e648717c8f53ba331cd081,MOST Oil Corp.,DELIVERLOAD,False,36,36,36,36,36,36,36,36,36,36,36,36,36,36,36,36,36,36,36,36,36,36,36,36,36
6380eae07571e116566417d2,65e648717c8f53ba331cd081,MOST Oil Corp.,HOOKCONTAINER,False,9,9,9,9,9,9,9,9,9,9,9,9,9,9,9,9,9,9,9,9,9,9,9,9,9
6380eae07571e116566417d2,666c7b3f36751028ef8b49d0,MOST Oil Corp.,DELIVERLOAD,True,66,66,66,66,66,66,66,66,66,66,66,66,66,66,66,66,66,66,66,66,66,66,66,66,66
6380eae07571e116566417d2,666c7b3f36751028ef8b49d0,MOST Oil Corp.,HOOKCONTAINER,False,9,9,9,9,9,9,9,9,9,9,9,9,9,9,9,9,9,9,9,9,9,9,9,9,9
6380eae07571e116566417d2,638e69935d19cf15e262462b,Mrc Canada Nisku,DELIVERLOAD,True,36,36,36,36,36,36,36,36,36,36,36,36,36,36,36,36,36,36,36,36,36,36,36,36,36
6380eae07571e116566417d2,64b718a94b0df515fafdea1d,"MRC GLOBAL (CANADA) LTD ,#759 NISKU DISTRIBUTION CENTRE",DELIVERLOAD,True,71,71,71,71,71,71,71,71,71,71,71,71,71,71,71,71,71,71,71,71,71,71,71,71,71
6380eae07571e116566417d2,6393c2fa6d10ed163914eb82,MRC GLOBAL NISKU DISTRIBUTION CENTRE,DELIVERLOAD,False,30,30,30,30,30,30,30,30,30,30,30,30,30,30,30,30,30,30,30,30,30,30,30,30,30
6380eae07571e116566417d2,6393c2fa6d10ed163914eb82,MRC GLOBAL NISKU DISTRIBUTION CENTRE,DELIVERLOAD,True,32,32,32,32,32,32,32,32,32,32,32,32,32,32,32,32,32,32,32,32,32,32,32,32,32
6380eae07571e116566417d2,66e04c99cfe5c1cd264b1569,"Mr Fireplace - Calgary, AB",DELIVERLOAD,False,29,29,29,29,29,29,29,29,29,29,29,29,29,29,29,29,29,29,29,29,29,29,29,29,29
6380eae07571e116566417d2,663141981d53bed509fedc3b,MTE Logistics 2,DELIVERLOAD,True,89,89,89,89,89,89,89,89,89,89,89,89,89,89,89,89,89,89,89,89,89,89,89,89,89
6380eae07571e116566417d2,64b18a146ad63a165f25d408,MTE Logistics Calgary,DELIVERLOAD,False,29,29,29,29,29,29,29,29,29,29,29,29,29,29,29,29,29,29,29,29,29,29,29,29,29
6380eae07571e116566417d2,64b18a146ad63a165f25d408,MTE Logistics Calgary,DELIVERLOAD,True,19,19,19,19,19,19,19,19,19,19,19,19,19,19,19,19,19,19,19,19,19,19,19,19,19
6380eae07571e116566417d2,64b18a146ad63a165f25d408,MTE Logistics Calgary,HOOKCONTAINER,False,16,16,16,16,16,16,16,16,16,16,16,16,16,16,16,16,16,16,16,16,16,16,16,16,16
6380eae07571e116566417d2,638e650466512f16196c8064,MTE Logistics-EDM,DELIVERLOAD,True,78,78,78,78,78,78,78,78,78,78,78,56,78,78,78,92,78,78,78,78,78,78,78,78,78
6380eae07571e116566417d2,65873f20bd60c4163af943fc,MTE LOGISTICS UNIT 113,DELIVERLOAD,False,39,39,39,39,39,39,39,39,39,39,39,39,39,39,39,39,39,39,39,39,39,39,39,39,39
6380eae07571e116566417d2,65873f20bd60c4163af943fc,MTE LOGISTICS UNIT 113,DELIVERLOAD,True,66,66,66,66,66,66,66,66,66,66,66,66,66,66,66,66,66,66,66,66,66,66,66,66,66
6380eae07571e116566417d2,638e57e553b69215e982d14e,Mte Logistix,DELIVERLOAD,False,25,25,25,25,25,25,25,25,25,25,25,25,25,25,25,25,25,25,25,25,25,25,25,25,25
6380eae07571e116566417d2,638e57e553b69215e982d14e,Mte Logistix,DELIVERLOAD,True,94,94,94,94,94,94,94,94,94,94,94,94,94,106,73,94,94,94,94,94,94,94,94,94,94
6380eae07571e116566417d2,638e57e553b69215e982d14e,Mte Logistix,HOOKCONTAINER,False,13,13,13,13,13,13,13,13,13,13,13,13,13,13,13,13,13,13,13,13,13,13,13,13,13
6380eae07571e116566417d2,638e54dae2c64116395bb9b5,MTE LOGISTIX 175 STREET,DELIVERLOAD,True,46,46,46,46,46,46,46,46,46,46,46,46,46,46,46,46,46,46,46,46,46,46,46,46,46
6380eae07571e116566417d2,638e2fd4b91dc3160b914f67,MTE LOGISTIX 4660,DELIVERLOAD,False,10,10,10,10,10,10,10,10,10,10,10,10,10,10,10,10,10,10,10,10,10,10,10,10,10
6380eae07571e116566417d2,638e2fd4b91dc3160b914f67,MTE LOGISTIX 4660,DELIVERLOAD,True,27,27,27,27,27,27,27,27,27,27,27,27,27,27,27,27,27,27,27,27,27,27,27,27,27
6380eae07571e116566417d2,638e4f33d07518161966a838,MTE Logistix 48 Street,DELIVERLOAD,False,78,78,78,78,78,78,78,78,78,78,78,78,78,78,78,78,78,78,78,78,78,78,78,78,78
6380eae07571e116566417d2,638e4f33d07518161966a838,MTE Logistix 48 Street,DELIVERLOAD,True,106,106,106,106,106,106,106,106,106,106,106,106,106,106,106,106,106,106,106,106,106,106,106,106,106
6380eae07571e116566417d2,638e4f33d07518161966a838,MTE Logistix 48 Street,HOOKCONTAINER,False,20,20,20,20,20,20,20,20,20,20,20,20,20,20,20,20,20,20,20,20,20,20,20,20,20
6380eae07571e116566417d2,664646e4a133cf62dab8a097,MTE Logistix Calgary - C#7 Warehouse,DELIVERLOAD,False,46,46,46,46,46,46,46,46,46,46,46,46,46,46,46,46,46,46,46,46,46,46,46,46,46
6380eae07571e116566417d2,664646e4a133cf62dab8a097,MTE Logistix Calgary - C#7 Warehouse,HOOKCONTAINER,False,9,9,9,9,9,9,9,9,9,9,9,9,9,9,9,9,9,9,9,9,9,9,9,9,9
6380eae07571e116566417d2,641a0668dc3dc0162b5518ed,MTE Logistix calgary Inc,DELIVERLOAD,False,29,29,29,29,29,29,29,29,29,29,29,29,29,29,29,29,29,29,29,29,29,29,29,29,29
6380eae07571e116566417d2,641a0668dc3dc0162b5518ed,MTE Logistix calgary Inc,DELIVERLOAD,True,58,58,58,58,58,58,58,58,58,58,58,58,58,58,58,58,58,58,58,58,58,58,58,58,58
6380eae07571e116566417d2,68878eba589d0270ec2735b9,MTE Logistix Calgary Inc.,DELIVERLOAD,True,139,139,139,139,139,139,139,139,139,139,139,139,139,139,139,139,139,139,139,139,139,139,139,139,139
6380eae07571e116566417d2,67d34310fa39912e93d9981e,MTE Logistix  M5 c/o Traffic Tech / REDA,DELIVERLOAD,False,71,71,71,71,71,71,71,71,71,71,71,71,71,71,71,71,71,71,71,71,71,71,71,71,71
6380eae07571e116566417d2,67d34310fa39912e93d9981e,MTE Logistix  M5 c/o Traffic Tech / REDA,DELIVERLOAD,True,66,66,66,66,66,66,66,66,66,66,66,66,66,66,66,66,66,66,66,66,66,66,66,66,66
6380eae07571e116566417d2,660b08d0d328615a71ca1d0c,MTE Logistix Warehouse C/O Acmeindtex,DELIVERLOAD,True,57,57,57,57,57,57,57,57,57,57,57,57,57,57,57,57,57,57,57,57,57,57,57,57,57
6380eae07571e116566417d2,672d46445abf02bd9d2cec7b,MTE WAREHOUSE,DELIVERLOAD,True,54,54,54,54,54,54,54,54,54,54,54,54,54,54,54,54,54,54,54,54,54,54,54,54,54
6380eae07571e116566417d2,68826fe6c32b7b6aa6b8d470,M TIRU IMPORT AND EXPORT INC. #180,DELIVERLOAD,False,29,29,29,29,29,29,29,29,29,29,29,29,29,29,29,29,29,29,29,29,29,29,29,29,29
6380eae07571e116566417d2,646f890668ace7167d956d3c,MTL Yard,PULLCONTAINER,False,29,29,29,29,29,29,29,29,29,29,29,29,29,29,29,29,29,29,29,29,29,29,29,29,29
6380eae07571e116566417d2,646f890668ace7167d956d3c,MTL Yard,RETURNCONTAINER,False,28,28,28,28,28,28,28,28,28,28,28,28,28,28,28,28,28,28,28,28,28,28,28,28,28
6380eae07571e116566417d2,638e3bc71de55a15fc740f20,MTT RECYCLING TECHNOLOGIES LTD,DELIVERLOAD,True,82,82,82,82,82,82,82,82,82,82,82,82,82,82,82,82,82,82,82,82,82,82,82,82,82
6380eae07571e116566417d2,64fb88721b74c8161b371692,MTT RECYCLING TECHNOLOGIES LTD,DELIVERLOAD,False,29,29,29,29,29,29,29,29,29,29,29,29,29,29,29,29,29,29,29,29,29,29,29,29,29
6380eae07571e116566417d2,64fb88721b74c8161b371692,MTT RECYCLING TECHNOLOGIES LTD,DELIVERLOAD,True,47,47,47,47,47,47,47,47,47,47,47,47,47,47,59,47,47,47,47,47,47,47,47,47,47
6380eae07571e116566417d2,67c9eed4940f9e614a5c5ff6,MULLER EXPO SERVICES INTERNATIONAL,DELIVERLOAD,False,26,26,26,26,26,26,26,26,26,26,26,26,26,26,26,26,26,26,26,26,26,26,26,26,26
6380eae07571e116566417d2,67c9eed4940f9e614a5c5ff6,MULLER EXPO SERVICES INTERNATIONAL,HOOKCONTAINER,False,20,20,20,20,20,20,20,20,20,20,20,20,20,20,20,20,20,20,20,20,20,20,20,20,20
6380eae07571e116566417d2,638e4e3805db79164b424557,Nalco Champion,HOOKCONTAINER,False,20,20,20,20,20,20,20,20,20,20,20,20,20,20,20,20,20,20,20,20,20,20,20,20,20
6380eae07571e116566417d2,65a07dec3f934c163d323117,"NANTON WATER & SODA LTD. - NANTON, AB",DELIVERLOAD,True,66,66,66,66,66,66,66,66,66,66,66,66,66,66,66,66,66,66,66,66,66,66,66,66,66
6380eae07571e116566417d2,6890e5dc50990769fd2f7b64,NARP (North American Rail Products) (BC),DELIVERLOAD,True,6,6,6,6,6,6,6,6,6,6,6,6,6,6,6,6,6,6,6,6,6,6,6,6,6
6380eae07571e116566417d2,638e56ce0f71ac1600f4f5d0,National Cargo Services,DELIVERLOAD,True,158,158,158,158,158,158,158,158,158,158,158,158,158,158,158,158,158,158,158,158,158,158,158,158,158
6380eae07571e116566417d2,67b4a63c791e31e0fed36a60,National Concrete Accessories Edmonton,DELIVERLOAD,True,94,94,94,94,94,94,94,94,94,94,94,94,94,94,94,94,94,94,94,94,94,94,94,94,94
6380eae07571e116566417d2,638e49e09a8a2f15f940124e,National Dry Company Limited,DELIVERLOAD,True,107,107,107,107,107,107,107,107,107,107,107,107,107,107,107,107,107,107,107,107,107,107,107,107,107
6380eae07571e116566417d2,68783432f2caf5925bfd7b60,National Energy Equipment Inc. NEEI 17107,DELIVERLOAD,True,107,107,107,107,107,107,107,107,107,107,107,107,107,107,107,107,107,107,107,107,107,107,107,107,107
6380eae07571e116566417d2,67e71490d192c7f4fd3785db,NATIONAL FIRE EQUIPMENT,DELIVERLOAD,True,154,154,154,154,154,154,154,154,154,154,154,154,154,154,154,154,154,154,154,154,154,154,154,154,154
6380eae07571e116566417d2,68a4fee16c003b2a985b9ef8,Natural Assembly C/O APPS Cargo Terminal,DELIVERLOAD,True,59,59,59,59,59,59,59,59,59,59,59,59,59,59,59,59,59,59,59,59,59,59,59,59,59
6380eae07571e116566417d2,67c093e860f1b3cf4cac8436,ND Packaging & Distribution Inc.,DELIVERLOAD,True,14,14,14,14,14,14,14,14,14,14,14,14,14,14,14,14,14,14,14,14,14,14,14,14,14
6380eae07571e116566417d2,68b20f0abd57305d24e29822,NEMALUX INC,DELIVERLOAD,False,90,90,90,90,90,90,90,90,90,90,90,90,90,90,90,90,90,90,90,90,90,90,90,90,90
6380eae07571e116566417d2,65205c6c5485ae16159f5699,NERVAL CORPORATION DBA AFL IMPORTS,DELIVERLOAD,False,18,18,18,18,18,18,18,18,18,18,18,18,18,18,18,18,18,18,18,18,18,18,18,18,18
6380eae07571e116566417d2,65205c6c5485ae16159f5699,NERVAL CORPORATION DBA AFL IMPORTS,HOOKCONTAINER,False,18,18,18,18,18,18,18,18,18,18,18,18,18,18,18,18,18,18,18,18,18,18,18,18,18
6380eae07571e116566417d2,667b3fe42772ea7ef1ab4b8e,NERVAL CORPORATION The Villa,DELIVERLOAD,True,66,66,66,66,66,66,66,66,66,66,66,66,66,66,66,66,66,66,66,66,66,66,66,66,66
6380eae07571e116566417d2,67aa77da62cdf3b06974178d,Nestle Purina Petcare,DELIVERLOAD,True,8,8,8,8,8,8,8,8,8,8,8,8,8,8,8,8,8,8,8,8,8,8,8,8,8
6380eae07571e116566417d2,6813e27d0daa50d35e7ea7a7,Neudorf Colony  (Hutterer),DELIVERLOAD,False,40,40,40,40,40,40,40,40,40,40,40,40,40,40,40,40,40,40,40,40,40,40,40,40,40
6380eae07571e116566417d2,6813e27d0daa50d35e7ea7a7,Neudorf Colony  (Hutterer),DELIVERLOAD,True,66,66,66,66,66,66,66,66,66,66,66,66,66,66,66,66,66,66,66,66,66,66,66,66,66
6380eae07571e116566417d2,6813e27d0daa50d35e7ea7a7,Neudorf Colony  (Hutterer),RETURNCONTAINER,False,52,52,52,52,52,52,52,52,52,52,52,52,52,52,52,52,52,52,52,52,52,52,52,52,52
6380eae07571e116566417d2,67eed3584a86ab5c7f9e4e87,NEW ALMANIC INTERNATIONAL LTD,DELIVERLOAD,False,15,15,15,15,15,15,15,15,15,15,15,15,15,15,15,15,15,15,15,15,15,15,15,15,15
6380eae07571e116566417d2,67eed3584a86ab5c7f9e4e87,NEW ALMANIC INTERNATIONAL LTD,HOOKCONTAINER,False,13,13,13,13,13,13,13,13,13,13,13,13,13,13,13,13,13,13,13,13,13,13,13,13,13
6380eae07571e116566417d2,68151479757a1f13b1c932eb,NEW ALMANIC INTERNATIONAL LTD,DELIVERLOAD,True,66,66,66,66,66,66,66,66,66,66,66,66,66,66,66,66,66,66,66,66,66,66,66,66,66
6380eae07571e116566417d2,688293a6132fdb80ced4fe9b,NEW ALMANIC INTERNATIONAL LTD,DELIVERLOAD,False,24,24,24,24,24,24,24,24,24,24,24,24,24,24,24,24,24,24,24,24,24,24,24,24,24
6380eae07571e116566417d2,67cf35d97281a134fe8c0aa4,New Co - Etobicoke ON,DELIVERLOAD,True,49,49,49,49,49,49,49,49,49,49,49,49,49,49,49,49,49,49,49,49,49,49,49,49,49
6380eae07571e116566417d2,66f1c9b9261c5fa2962a5705,NEW COLD ALBERTA,DELIVERLOAD,False,29,29,29,29,29,29,29,29,29,29,29,29,29,29,29,29,29,29,29,29,29,29,29,29,29
6380eae07571e116566417d2,66f1c9b9261c5fa2962a5705,NEW COLD ALBERTA,DELIVERLOAD,True,66,66,66,66,66,66,66,66,66,66,66,66,66,66,66,66,66,66,66,66,66,66,66,66,66
6380eae07571e116566417d2,6669f051be892a4106cecae8,"NEWCOLD METAL CONSTRUCTION, LTD",DELIVERLOAD,True,156,156,156,156,156,156,156,156,156,156,156,156,156,156,156,156,156,156,156,156,156,156,156,156,156
6380eae07571e116566417d2,66a5521f5f0ff79eb6d02c32,NEWCOLD PROJECT MOOSE,DELIVERLOAD,False,29,29,29,29,29,29,29,29,29,29,29,29,29,29,29,29,29,29,29,29,29,29,29,29,29
6380eae07571e116566417d2,67c85d946751627b6f28ccfe,NEW EMPIRE DISTRIBUTIONS INC,DELIVERLOAD,True,74,74,74,74,74,74,74,74,74,74,74,74,74,74,74,74,74,74,74,74,74,74,74,74,74
6380eae07571e116566417d2,638f5669648f7a162c61a8b7,New Horizon Mall,DELIVERLOAD,False,41,41,41,41,41,41,41,41,41,41,41,41,41,41,41,41,41,41,41,41,41,41,41,41,41
6380eae07571e116566417d2,638f5669648f7a162c61a8b7,New Horizon Mall,HOOKCONTAINER,False,20,20,20,20,20,20,20,20,20,20,20,20,20,20,20,20,20,20,20,20,20,20,20,20,20
6380eae07571e116566417d2,6613f2f9403ced1e9473c863,NEWLYWED FOODS,DELIVERLOAD,True,66,66,66,66,66,66,66,66,66,66,66,66,66,66,66,66,66,66,66,66,66,66,66,66,66
6380eae07571e116566417d2,64933ea1c32f25164dc3b71e,Newrest Canada,DELIVERLOAD,False,82,82,82,82,82,82,82,82,82,82,82,82,82,82,82,82,82,82,82,82,82,82,82,82,82
6380eae07571e116566417d2,64933ea1c32f25164dc3b71e,Newrest Canada,HOOKCONTAINER,False,51,51,51,51,51,51,51,51,51,51,51,51,51,51,51,51,51,51,51,51,51,51,51,51,51
6380eae07571e116566417d2,67c3423446d75f33ac4e4550,Newrest Inflight,DELIVERLOAD,False,29,29,29,29,29,29,29,29,29,29,29,29,29,29,29,29,29,29,29,29,29,29,29,29,29
6380eae07571e116566417d2,67c3423446d75f33ac4e4550,Newrest Inflight,HOOKCONTAINER,False,22,22,22,22,22,22,22,22,22,22,22,22,22,22,22,22,22,22,22,22,22,22,22,22,22
6380eae07571e116566417d2,6686e8030d638ced5e212095,NIPPON TRENDS FOOD SERVICE CANADA INC,DELIVERLOAD,True,68,68,68,68,68,68,68,68,68,68,68,68,68,68,68,68,68,68,68,68,68,68,68,68,68
6380eae07571e116566417d2,64c194f860853016084172bd,Nische Solutions Inc. c/o Complete Shipping Solutions,DELIVERLOAD,True,51,51,51,51,51,51,51,51,51,51,51,51,51,51,51,51,51,51,51,51,51,51,51,51,51
6380eae07571e116566417d2,68939eed2bde37014c4fa312,NISHAN TRANSPORT,DELIVERLOAD,True,35,35,35,35,35,35,35,35,35,35,35,35,35,35,35,35,35,35,35,35,35,35,35,35,35
6380eae07571e116566417d2,68763ecc271b4f115233f78d,"NISO - ABBOTSFORD, BC",DELIVERLOAD,False,29,29,29,29,29,29,29,29,29,29,29,29,29,29,29,29,29,29,29,29,29,29,29,29,29
6380eae07571e116566417d2,68763ecc271b4f115233f78d,"NISO - ABBOTSFORD, BC",HOOKCONTAINER,False,20,20,20,20,20,20,20,20,20,20,20,20,20,20,20,20,20,20,20,20,20,20,20,20,20
6380eae07571e116566417d2,67882ba53e2a98f16fc4f266,NITESTAR (WASH/SCALE),DELIVERLOAD,True,66,66,66,66,66,66,66,66,66,66,66,66,66,66,66,66,66,66,66,66,66,66,66,66,66
6380eae07571e116566417d2,67882ba53e2a98f16fc4f266,NITESTAR (WASH/SCALE),HOOKCONTAINER,False,8,8,8,8,8,8,8,8,8,8,8,8,8,8,8,8,8,8,8,8,8,8,8,8,8
6380eae07571e116566417d2,681a431e05010fda67b63ac9,NO3RD WAREHOUSE,DELIVERLOAD,True,21,21,21,21,21,21,21,21,21,21,21,21,21,21,21,21,21,21,21,21,21,21,21,21,21
6380eae07571e116566417d2,65c4069321b6fa66afb58539,NOBLE AGROFOOD INC,DELIVERLOAD,True,28,28,28,28,28,28,28,28,28,12,28,82,5,28,28,28,28,28,28,28,28,28,28,28,28
6380eae07571e116566417d2,679be87366ee8e8e3d898cdb,NORAMCO WIRE & CABLE,DELIVERLOAD,True,108,108,108,108,108,108,108,108,108,108,108,94,108,175,108,108,108,108,108,108,108,108,108,108,108
6380eae07571e116566417d2,64626bbca9b98e19ece5e63e,Norc Windows and Doors,DELIVERLOAD,True,7,7,7,7,7,7,7,7,7,7,7,6,7,7,7,7,7,7,7,7,7,7,7,7,7
6380eae07571e116566417d2,659082cdfa8bba162d06f1d0,Nordic,DELIVERLOAD,True,35,35,35,35,35,35,35,35,35,35,35,35,35,35,35,35,35,35,35,35,35,35,35,35,35
6380eae07571e116566417d2,638e688334262115e3becfb4,NORDIC HOLDINGS LTD,DELIVERLOAD,False,19,19,19,19,19,19,19,19,19,19,21,19,17,26,17,21,19,19,14,19,19,19,19,19,19
6380eae07571e116566417d2,638e688334262115e3becfb4,NORDIC HOLDINGS LTD,DELIVERLOAD,True,34,34,34,34,34,34,34,34,34,34,34,34,34,34,34,34,34,34,34,34,34,34,34,34,34
6380eae07571e116566417d2,638e688334262115e3becfb4,NORDIC HOLDINGS LTD,HOOKCONTAINER,False,10,10,10,10,10,10,10,10,10,10,10,10,7,6,10,20,10,10,11,9,10,10,10,10,10
6380eae07571e116566417d2,685c603a5b7e8dda071c0ed4,Nordquest CELT,DELIVERLOAD,True,76,76,76,76,76,76,76,76,76,76,76,76,76,76,76,76,76,76,76,76,76,76,76,76,76
6380eae07571e116566417d2,67bf595b45a35efa5aa72a8f,NORELCO SAFECAM CALGARY,DELIVERLOAD,True,76,76,76,76,76,76,76,76,76,76,76,76,76,76,76,76,76,76,76,76,76,76,76,76,76
6380eae07571e116566417d2,638e57e553b69215e982d142,Norseman,DELIVERLOAD,False,27,27,27,27,27,27,27,27,27,27,27,27,27,27,27,27,27,27,27,27,27,27,27,27,27
6380eae07571e116566417d2,638e57e553b69215e982d142,Norseman,HOOKCONTAINER,False,10,10,10,10,10,10,10,10,10,10,10,10,10,10,10,10,10,10,10,10,10,10,10,10,10
6380eae07571e116566417d2,66abea9303ce31f3a81a6968,NORSEMAN,DELIVERLOAD,True,110,110,110,110,110,110,110,110,110,142,110,110,110,110,110,110,110,110,110,110,110,110,110,110,110
6380eae07571e116566417d2,685c838469018aeb04078663,NORSEMAN INC,DELIVERLOAD,True,66,66,66,66,66,66,66,66,66,66,66,66,66,66,66,66,66,66,66,66,66,66,66,66,66
6380eae07571e116566417d2,68c31a8709ec870647aeccab,Nortera Foods,PULLCONTAINER,False,5,5,5,5,5,5,5,5,5,5,5,5,5,5,5,5,5,5,5,5,5,5,5,5,5
6380eae07571e116566417d2,67fc0047ab76b5195a686695,Nortera Foods Inc,DELIVERLOAD,True,8,8,8,8,8,8,8,8,3,8,8,8,8,8,8,8,8,8,8,8,8,8,8,8,8
6380eae07571e116566417d2,67fc0047ab76b5195a686695,Nortera Foods Inc,PULLCONTAINER,False,13,13,13,13,13,13,13,13,13,13,13,13,13,13,13,13,13,13,13,13,13,13,13,13,13
6380eae07571e116566417d2,65a6b9c11b39e9165d3a0db8,Nortera Foods INC,DELIVERLOAD,True,100,100,100,100,100,100,100,100,100,100,100,100,80,100,100,100,100,100,100,100,100,100,100,100,100
6380eae07571e116566417d2,67d5c002876343c1b5479020,NORTERA FROZEN CSMS,DELIVERLOAD,False,29,29,29,29,29,29,29,29,29,29,29,29,29,29,29,29,29,29,29,29,29,29,29,29,29
6380eae07571e116566417d2,67d5c002876343c1b5479020,NORTERA FROZEN CSMS,DELIVERLOAD,True,164,164,164,164,164,164,164,331,164,139,137,164,164,307,324,164,269,164,10,164,164,164,164,164,164
6380eae07571e116566417d2,6734eeae362ba9bd7cbac0e9,NORTERRA FROZEN CSMS- 799 WRIGHT,PULLCONTAINER,False,7,7,7,7,7,7,7,7,7,7,7,7,7,7,7,7,7,7,7,7,7,7,7,7,7
6380eae07571e116566417d2,65ba93d936906ff1d99a49e2,NORTH AMERICAN QUALITY MEAT,DELIVERLOAD,True,35,35,35,35,35,35,8,35,35,35,20,33,35,35,35,243,35,35,35,35,35,35,35,35,35
6380eae07571e116566417d2,688252b8ccccf86bc6398191,NORTH AMERICAN STEEL,DELIVERLOAD,True,66,66,66,66,66,66,66,66,66,66,66,66,66,66,66,66,66,66,66,66,66,66,66,66,66
6380eae07571e116566417d2,638e1548f26efb162c5a8d45,North Country Tire,DELIVERLOAD,False,6,6,6,6,6,6,6,6,6,6,6,6,6,6,6,6,6,6,6,6,6,6,6,6,6
6380eae07571e116566417d2,660c4e1053dc0fc9b51cb20e,North Country Tire,DELIVERLOAD,False,13,13,13,13,13,13,13,13,13,13,13,13,13,13,13,13,13,13,13,13,13,13,13,13,13
6380eae07571e116566417d2,660c4e1053dc0fc9b51cb20e,North Country Tire,DELIVERLOAD,True,13,13,13,13,13,13,13,13,13,13,13,13,13,13,13,13,13,13,13,13,13,13,13,13,13
6380eae07571e116566417d2,660c4e1053dc0fc9b51cb20e,North Country Tire,HOOKCONTAINER,False,11,11,11,11,11,11,11,11,11,11,11,11,11,11,11,11,11,11,11,11,11,11,11,11,11
6380eae07571e116566417d2,66d74f814551c55ed38efc97,North Country Tire,HOOKCONTAINER,False,20,20,20,20,20,20,20,20,20,20,20,20,20,20,20,20,20,20,20,20,20,20,20,20,20
6380eae07571e116566417d2,660c877d76ec2ceccc094be8,NORTH COUNTRY TIREDISTRIBUTORS,DELIVERLOAD,False,26,26,26,26,26,26,26,26,26,26,26,26,26,26,26,26,26,26,26,26,26,26,26,26,26
6380eae07571e116566417d2,660c877d76ec2ceccc094be8,NORTH COUNTRY TIREDISTRIBUTORS,HOOKCONTAINER,False,11,11,11,11,11,11,11,11,11,11,11,11,11,11,11,11,11,11,11,11,11,11,11,11,11
6380eae07571e116566417d2,65e250a40d711f4b0eb0e895,NORTHEAST WHOLESALE INC,DELIVERLOAD,True,114,114,114,114,114,114,114,114,114,114,114,114,114,114,114,114,114,114,114,114,114,114,114,114,114
6380eae07571e116566417d2,679157e2f96ed0e1392e57b1,NORTH EDMONTON SALES,DELIVERLOAD,True,107,107,107,107,107,107,107,107,107,107,107,107,107,107,107,107,107,107,107,107,107,107,107,107,107
6380eae07571e116566417d2,6876b220af0fb1ea8c0fa2cb,NORTHERN,DELIVERLOAD,False,6,6,6,6,6,6,6,6,6,6,6,6,6,6,6,6,6,6,6,6,6,6,6,6,6
6380eae07571e116566417d2,66f57de7bd9c2381b6b9510c,North Kee Trading - Scarborough,DELIVERLOAD,True,66,66,66,66,66,66,66,66,66,66,66,66,66,66,66,66,66,66,66,66,66,66,66,66,66
6380eae07571e116566417d2,66f57de7bd9c2381b6b9510c,North Kee Trading - Scarborough,PULLCONTAINER,False,29,29,29,29,29,29,29,29,29,29,29,29,29,29,29,29,29,29,29,29,29,29,29,29,29
6380eae07571e116566417d2,680a9a79bef4ea25785469b2,NORTHSTAR CLEAN TECHNOLOGIES INC,DELIVERLOAD,False,70,70,70,70,70,70,70,70,70,70,70,70,70,70,70,70,70,70,70,70,70,70,70,70,70
6380eae07571e116566417d2,67819c59d729e9abd3bed288,North Town Centre,DELIVERLOAD,True,66,66,66,66,66,66,66,66,66,66,66,66,66,66,66,66,66,66,66,66,66,66,66,66,66
6380eae07571e116566417d2,64482a8c56cef31680503d69,Nova Cold Logistic,DELIVERLOAD,False,29,29,29,29,29,29,29,29,29,29,29,29,29,29,29,29,29,29,29,29,29,29,29,29,29
6380eae07571e116566417d2,64482a8c56cef31680503d69,Nova Cold Logistic,DELIVERLOAD,True,155,155,155,155,155,155,155,155,155,160,163,205,170,200,7,155,155,121,213,73,161,91,155,155,155
6380eae07571e116566417d2,64482a8c56cef31680503d69,Nova Cold Logistic,PULLCONTAINER,False,8,8,8,8,8,8,8,8,8,8,8,8,8,8,8,8,8,8,8,8,8,8,8,8,8
6380eae07571e116566417d2,66c6334994934088fdd0ea87,NOVA COLD LOGISTICS - CALGARY,DELIVERLOAD,False,29,29,29,29,29,29,29,29,29,29,29,29,29,29,29,29,29,29,29,29,29,29,29,29,29
6380eae07571e116566417d2,66c6334994934088fdd0ea87,NOVA COLD LOGISTICS - CALGARY,DELIVERLOAD,True,117,117,117,117,117,117,117,117,11,155,6,170,149,145,117,3,117,178,117,194,46,117,117,117,117
6380eae07571e116566417d2,66c6334994934088fdd0ea87,NOVA COLD LOGISTICS - CALGARY,PULLCONTAINER,False,29,29,29,29,29,29,29,29,29,29,29,29,29,29,29,29,29,29,29,29,29,29,29,29,29
6380eae07571e116566417d2,63f6478f38e6bd161d7cf4da,NOVAMEN,DELIVERLOAD,False,29,29,29,29,29,29,29,29,29,29,29,29,29,29,29,29,29,29,29,29,29,29,29,29,29
6380eae07571e116566417d2,63f6478f38e6bd161d7cf4da,NOVAMEN,DELIVERLOAD,True,135,135,135,135,135,135,135,135,135,135,135,135,135,135,135,135,135,135,135,135,135,135,135,135,135
6380eae07571e116566417d2,66c88a19e2799ac17e4d2d0b,Novatech Calgary New,DELIVERLOAD,True,41,41,41,41,41,41,41,41,46,42,29,41,41,41,41,41,41,41,41,41,41,41,41,41,41
6380eae07571e116566417d2,660c76cd40fa5060ee1269b2,Novatech Patio Doors Ontario Inc.,DELIVERLOAD,False,19,19,19,19,19,19,19,19,19,19,19,19,19,19,19,19,19,19,19,19,19,19,19,19,19
6380eae07571e116566417d2,660c76cd40fa5060ee1269b2,Novatech Patio Doors Ontario Inc.,DELIVERLOAD,True,78,78,78,78,78,78,78,146,96,39,74,34,67,78,10,78,109,78,78,78,78,78,78,78,78
6380eae07571e116566417d2,660c76cd40fa5060ee1269b2,Novatech Patio Doors Ontario Inc.,PULLCONTAINER,False,83,83,83,83,83,83,83,83,83,83,83,83,83,83,83,83,83,83,83,83,83,83,83,83,83
6380eae07571e116566417d2,68703f28f555ef98fcbd34d5,NOV Canada ULC,DELIVERLOAD,True,66,66,66,66,66,66,66,66,66,66,66,66,66,66,66,66,66,66,66,66,66,66,66,66,66
6380eae07571e116566417d2,673cac88e3aeeac56d42b4c7,NSI DISTRIBUTION,DELIVERLOAD,True,45,45,45,45,45,45,45,45,45,45,45,45,45,45,45,45,45,45,45,45,45,45,45,45,45
6380eae07571e116566417d2,67d1e4551be686bee4e330ef,NSI DISTRIBUTION,DELIVERLOAD,True,66,66,66,66,66,66,66,66,66,66,66,66,66,66,66,66,66,66,66,66,66,66,66,66,66
6380eae07571e116566417d2,644162c4cf6fa715f0811784,Nucor,DELIVERLOAD,True,66,66,66,66,66,66,66,66,66,66,66,66,66,66,66,66,66,66,66,66,66,66,66,66,66
6380eae07571e116566417d2,66031a7afb7704fd865dc9d9,OCTS,DELIVERLOAD,False,6,6,6,6,6,6,6,6,6,6,6,6,6,6,6,6,6,6,6,6,6,6,6,6,6
6380eae07571e116566417d2,6615b0bc8feef21cc7921674,OCTS,DELIVERLOAD,True,66,66,66,66,66,66,66,66,66,66,66,66,66,66,66,66,66,66,66,66,66,66,66,66,66
6380eae07571e116566417d2,6615b0bc8feef21cc7921674,OCTS,RETURNCONTAINER,False,40,40,40,40,40,40,40,40,40,40,40,40,40,40,40,40,40,40,40,40,40,40,40,40,40
6380eae07571e116566417d2,67cb3d70b487facf99b69371,OCTS,DELIVERLOAD,False,39,39,39,39,39,39,39,39,39,39,39,39,39,39,39,39,39,39,39,39,39,39,39,39,39
6380eae07571e116566417d2,67cb3d70b487facf99b69371,OCTS,DELIVERLOAD,True,8,8,8,8,8,8,8,8,8,8,8,8,8,8,8,8,8,8,8,8,8,8,8,8,8
6380eae07571e116566417d2,638e774c7510cb164789df01,OCTS CALGARY,PULLCONTAINER,False,14,14,14,14,14,14,14,14,14,14,16,14,75,14,15,13,16,10,12,16,14,14,14,14,14
6380eae07571e116566417d2,638e774c7510cb164789df01,OCTS CALGARY,RETURNCONTAINER,False,17,17,17,17,17,17,17,17,17,17,22,11,20,21,10,17,15,17,12,10,17,17,17,17,17
6380eae07571e116566417d2,6380eae17571e11656641838,OCTS EDMONTON,DELIVERLOAD,False,18,18,18,18,18,18,18,18,18,18,18,18,18,18,18,18,18,18,18,18,18,18,18,18,18
6380eae07571e116566417d2,6380eae17571e11656641838,OCTS EDMONTON,DELIVERLOAD,True,18,18,18,18,18,18,18,18,18,18,18,18,18,18,18,18,18,18,18,18,18,18,18,18,18
6380eae07571e116566417d2,6380eae17571e11656641838,OCTS EDMONTON,HOOKCONTAINER,False,20,20,20,20,20,20,20,20,20,20,20,20,20,20,20,20,20,20,20,20,20,20,20,20,20
6380eae07571e116566417d2,6380eae17571e11656641838,OCTS EDMONTON,PULLCONTAINER,False,40,40,40,40,40,40,40,40,40,40,40,28,18,44,40,40,33,40,40,40,40,40,40,40,40
6380eae07571e116566417d2,6380eae17571e11656641838,OCTS EDMONTON,RETURNCONTAINER,False,37,37,37,37,37,37,37,37,37,37,37,37,20,30,56,67,66,50,30,13,37,37,37,37,37
6380eae07571e116566417d2,65a81ce6c630701649d88f46,O'Doughs/Congebex,DELIVERLOAD,True,75,75,75,75,75,75,118,75,75,75,75,75,75,75,75,75,75,75,75,75,75,75,75,75,75
6380eae07571e116566417d2,683b6589b587920a94b6a55e,ODOUGHS WOODSTOCK,DELIVERLOAD,True,2,2,2,2,2,2,2,2,2,2,2,2,2,2,2,2,2,87,2,2,2,2,2,2,2
6380eae07571e116566417d2,67d46d72d50eba56d4816394,OETKER-Brimtech Brantford Pickup,DELIVERLOAD,True,110,110,110,110,110,110,110,110,110,110,110,110,110,110,110,110,110,107,110,110,110,110,110,110,110
6380eae07571e116566417d2,67d46d72d50eba56d4816394,OETKER-Brimtech Brantford Pickup,PULLCONTAINER,False,29,29,29,29,29,29,29,29,29,29,29,29,29,29,29,29,29,29,29,29,29,29,29,29,29
6380eae07571e116566417d2,65441653a24845151b0aadc0,OETKER FRZ PICKUP,DELIVERLOAD,True,161,161,161,161,161,161,161,161,161,161,161,161,161,161,161,161,161,161,161,161,161,161,161,161,161
6380eae07571e116566417d2,67b748897fe2515f80dd9b34,OI BRAMPTON,DELIVERLOAD,True,140,140,140,140,140,140,140,140,140,140,140,140,140,140,140,140,140,140,140,140,140,140,140,140,140
6380eae07571e116566417d2,67b659e03f4703b20a4a6a61,O-I Canada Corp,DELIVERLOAD,True,107,107,107,107,107,107,107,107,107,107,107,107,107,107,107,107,107,107,107,107,107,107,107,107,107
6380eae07571e116566417d2,6716b3857c63fa4a2926d752,"OIC FOODS - Mississauga, ON BUILDING A",DELIVERLOAD,True,66,66,66,66,66,66,66,66,66,66,66,66,66,66,66,66,66,66,66,66,66,66,66,66,66
6380eae07571e116566417d2,638e51a4deced515f58e1948,Oil Lift Technology Inc,DELIVERLOAD,False,9,9,9,9,9,9,9,9,9,9,9,9,9,9,9,9,9,9,9,9,9,9,9,9,9
6380eae07571e116566417d2,638e51a4deced515f58e1948,Oil Lift Technology Inc,HOOKCONTAINER,False,34,34,34,34,34,34,34,34,34,34,34,34,34,34,34,34,34,34,34,34,34,34,34,34,34
6380eae07571e116566417d2,680d6410ad60ab9db4e04a11,OLYMEL - BOUCHERVILLE QC,DELIVERLOAD,True,66,66,66,66,66,66,66,66,66,66,66,66,66,66,66,66,66,66,66,66,66,66,66,66,66
6380eae07571e116566417d2,638e49c27510cb164789d922,OLYMEL LLC,DELIVERLOAD,False,29,29,29,29,29,29,29,29,29,29,29,29,29,29,29,159,29,29,29,29,29,29,29,29,29
6380eae07571e116566417d2,638e49c27510cb164789d922,OLYMEL LLC,DELIVERLOAD,True,66,66,66,66,66,66,66,66,66,66,66,66,66,66,66,66,66,66,66,66,66,66,66,66,66
6380eae07571e116566417d2,638e49c27510cb164789d922,OLYMEL LLC,HOOKCONTAINER,False,20,20,20,20,20,20,20,20,20,20,20,20,20,20,20,20,20,20,20,20,20,20,20,20,20
6380eae07571e116566417d2,65e70ae0ce9a4a4f65b74f2f,OLYMEL S.E.C/LP CDNCB,DELIVERLOAD,True,88,88,88,88,88,88,88,88,88,88,88,88,88,88,88,88,88,88,88,127,88,88,88,88,88
6380eae07571e116566417d2,681505baf0daad58c761ed8b,OLYMEL SEC LP CDNCB,DELIVERLOAD,True,18,18,18,18,18,18,18,18,18,270,14,18,18,18,9,18,18,18,18,18,18,18,18,18,18
6380eae07571e116566417d2,681505baf0daad58c761ed8b,OLYMEL SEC LP CDNCB,PULLCONTAINER,False,79,79,79,79,79,79,79,79,79,79,79,79,79,79,79,79,79,79,79,79,79,79,79,79,79
6380eae07571e116566417d2,686c43707653e6f776aec128,OLYMEL SEC LP CDNCB,PULLCONTAINER,False,29,29,29,29,29,29,29,29,29,29,29,29,29,29,29,29,29,29,29,29,29,29,29,29,29
6380eae07571e116566417d2,67d5d0aebf2aca06809840e4,OLYMEL SEC LP SYSCO BRAND CSMS,DELIVERLOAD,True,66,66,66,66,66,66,66,66,66,66,66,66,66,66,66,66,66,66,66,66,66,66,66,66,66
6380eae07571e116566417d2,68bc5b9a85b57aa2c779648c,OLYMEL SEC LP SYSCO BRAND CSMS,PULLCONTAINER,False,29,29,29,29,29,29,29,29,29,29,29,29,29,29,29,29,29,29,29,29,29,29,29,29,29
6380eae07571e116566417d2,6577739b970bba167a89b398,OLYMEL ST-BRUNO,DELIVERLOAD,True,146,146,146,146,146,146,298,146,298,156,198,146,22,28,146,146,160,146,146,146,146,146,146,146,146
6380eae07571e116566417d2,669565226259b730923d8be9,OLYMEL ST-BRUNO,PULLCONTAINER,False,76,76,76,76,76,76,76,76,76,76,76,76,76,76,76,76,76,76,76,76,76,76,76,76,76
6380eae07571e116566417d2,649377fa151d8815e877a8a9,OMNIPET Nutrition,DELIVERLOAD,True,63,63,63,63,63,63,63,63,63,63,63,63,63,63,63,63,63,63,63,63,63,63,63,63,63
6380eae07571e116566417d2,68375af1f1d2ef810712079c,OMSP Construction Equipment Inc,DELIVERLOAD,False,42,42,42,42,42,42,42,42,42,42,42,42,42,42,42,42,42,42,42,42,42,42,42,42,42
6380eae07571e116566417d2,638e55986df97715f0f394ed,One Degree Organic Abbotsford BC,DELIVERLOAD,True,99,99,99,99,99,99,99,99,99,99,99,99,100,99,99,99,99,99,99,99,99,99,99,99,99
6380eae07571e116566417d2,6758d8606248115de8420e6c,ONELINEAGE -WAREHOUSE,DELIVERLOAD,False,64,64,64,64,64,64,64,64,64,64,64,64,64,64,64,64,64,64,64,64,64,64,64,64,64
6380eae07571e116566417d2,6758d8606248115de8420e6c,ONELINEAGE -WAREHOUSE,DELIVERLOAD,True,98,98,98,98,98,98,98,98,98,98,98,98,98,98,98,98,98,98,98,98,98,98,98,98,98
6380eae07571e116566417d2,67b8bf0b19e0ede03be16032,ONE MILTON,DELIVERLOAD,True,2,2,2,2,2,2,2,2,2,2,2,2,2,2,2,2,2,2,2,2,2,2,2,2,2
6380eae07571e116566417d2,66549ff561a08e48666a7814,ONE WORLD FOODS INC,DELIVERLOAD,True,79,79,79,79,79,79,79,79,73,79,79,79,79,79,79,79,79,79,79,79,79,79,79,79,79
6380eae07571e116566417d2,681d391233c1435e05377ec4,ONSORT MATERIAL MGT INC,DELIVERLOAD,True,7,7,7,7,7,7,7,7,7,7,7,7,7,7,7,7,7,7,7,7,7,7,7,7,7
6380eae07571e116566417d2,684af0a09a674f611bf64e18,ONTARIO PLASTICS CONTAINERS,DELIVERLOAD,True,73,73,73,73,73,73,73,73,73,73,73,73,73,73,73,73,73,73,73,73,73,73,73,73,73
6380eae07571e116566417d2,689a2952d7e34d4f5671ce03,ONTARIO REFRIGERATED SERVICES,DELIVERLOAD,True,66,66,66,66,66,66,66,66,66,66,66,66,66,66,66,66,66,66,66,66,66,66,66,66,66
6380eae07571e116566417d2,681a59ccd9c7055e9724c285,On the Level Concrete Suite 101,DELIVERLOAD,True,66,66,66,66,66,66,66,66,66,66,66,66,66,66,66,66,66,66,66,66,66,66,66,66,66
6380eae07571e116566417d2,67619b3fdde2205d75097e36,OPTIMUM CO CONGEBEC WESTCO,DELIVERLOAD,True,2,2,2,2,2,2,2,2,2,2,2,2,2,2,2,2,2,2,2,2,2,2,2,2,2
6380eae07571e116566417d2,6490b8e05a400e166c236cef,OPTIMUM MANUFACTURING,DELIVERLOAD,False,72,72,72,72,72,72,72,72,72,72,72,72,72,72,72,72,72,72,72,72,72,72,72,72,72
6380eae07571e116566417d2,67f0145b0c54cb9c70e38f11,Orbis Waste,DELIVERLOAD,True,55,55,55,55,55,55,55,55,55,55,55,55,55,55,55,55,55,55,55,55,55,55,55,55,55
6380eae07571e116566417d2,689bab7bb54890330f794d53,Orico Distribution,DELIVERLOAD,True,7,7,7,7,7,7,7,7,7,7,7,7,7,7,7,7,7,7,7,7,7,7,7,7,7
6380eae07571e116566417d2,6459510351037e162e57fb0c,ORLICKS INC.,DELIVERLOAD,False,14,14,14,14,14,14,14,14,14,14,14,14,14,14,14,14,14,14,14,14,14,14,14,14,14
6380eae07571e116566417d2,6459510351037e162e57fb0c,ORLICKS INC.,DELIVERLOAD,True,35,35,35,35,35,35,35,35,35,13,17,28,26,35,69,3,63,35,35,35,35,35,35,35,35
6380eae07571e116566417d2,6459510351037e162e57fb0c,ORLICKS INC.,HOOKCONTAINER,False,7,7,7,7,7,7,7,7,7,7,7,7,7,7,7,7,7,7,7,7,7,7,7,7,7
6380eae07571e116566417d2,638e55986df97715f0f3957e,Osoyoos,DELIVERLOAD,True,66,66,66,66,66,66,66,66,66,66,66,66,66,66,66,66,66,66,66,66,66,66,66,66,66
6380eae07571e116566417d2,689636a190a23b949b95f721,OS Systems,HOOKCONTAINER,False,83,83,83,83,83,83,83,83,83,83,83,83,83,83,83,83,83,83,83,83,83,83,83,83,83
6380eae07571e116566417d2,65943659136b4015e908d444,OTI Food Products Ltd.,DELIVERLOAD,False,29,29,29,29,29,29,29,29,29,29,29,29,29,29,29,29,29,29,29,29,29,29,29,29,29
6380eae07571e116566417d2,65943659136b4015e908d444,OTI Food Products Ltd.,DELIVERLOAD,True,66,66,66,66,66,66,66,66,66,66,66,66,66,66,66,66,66,66,66,66,66,66,66,66,66
6380eae07571e116566417d2,68093191865d7ae09340f9ce,OUTEDGE STORAGE YARD,DELIVERLOAD,True,66,66,66,66,66,66,66,66,66,66,66,66,66,66,66,66,66,66,66,66,66,66,66,66,66
6380eae07571e116566417d2,658327a8b737b616460e3479,OUTLOOK FARMS -221022,DELIVERLOAD,False,29,29,29,29,29,29,29,29,29,29,29,29,29,29,29,29,29,29,29,29,29,29,29,29,29
6380eae07571e116566417d2,679297f18e900a6caca9ff9f,Outlook Farms Ltd,DELIVERLOAD,False,45,45,45,45,45,45,45,45,45,45,45,45,45,45,45,45,45,45,45,45,45,45,45,45,45
6380eae07571e116566417d2,679bb0b9e720892a879dcc06,Out of the Box Packaging,DELIVERLOAD,True,172,172,172,172,172,172,172,172,172,172,172,172,172,172,172,172,172,172,172,172,172,172,172,172,172
6380eae07571e116566417d2,67a5225e6ca5326b75b97bf5,Overland West Freight Lines Ltd,DELIVERLOAD,False,21,21,21,21,21,21,21,21,21,52,21,21,21,21,21,21,15,21,21,21,21,21,21,21,21
6380eae07571e116566417d2,67a5225e6ca5326b75b97bf5,Overland West Freight Lines Ltd,DELIVERLOAD,True,88,88,88,88,88,88,88,88,88,88,88,5,88,88,88,88,88,88,88,88,88,88,88,88,88
6380eae07571e116566417d2,67a5225e6ca5326b75b97bf5,Overland West Freight Lines Ltd,HOOKCONTAINER,False,22,22,22,22,22,22,22,22,22,22,22,22,18,32,9,22,21,26,22,23,22,22,22,22,22
6380eae07571e116566417d2,67a5225e6ca5326b75b97bf5,Overland West Freight Lines Ltd,PULLCONTAINER,False,30,30,30,30,30,30,30,30,30,30,30,30,30,30,30,30,30,30,30,30,30,30,30,30,30
6380eae07571e116566417d2,651332ba2d0d87161b241982,Overstock Warehouse Calgary Fasteners Foothills,DELIVERLOAD,False,66,66,66,66,66,66,66,66,66,66,66,66,66,66,66,66,66,66,66,66,66,66,66,66,66
6380eae07571e116566417d2,638ebfd51de55a15fc741e9d,OWENS CORNING CANADA LP,DELIVERLOAD,True,121,121,121,121,121,121,121,121,121,121,121,121,121,121,121,121,121,121,121,121,121,121,121,121,121
6380eae07571e116566417d2,638e542c487e0815fe50f10a,Oxygen Products Calgary Inc.,DELIVERLOAD,False,24,24,24,24,24,24,24,24,24,24,24,24,24,24,24,24,24,24,24,24,24,24,24,24,24
6380eae07571e116566417d2,670c302f7e989c044d0b681d,OZERYS PITA BREAK,DELIVERLOAD,False,29,29,29,29,29,29,29,29,29,29,29,29,29,29,29,29,29,29,29,29,29,29,29,29,29
6380eae07571e116566417d2,670c302f7e989c044d0b681d,OZERYS PITA BREAK,DELIVERLOAD,True,130,130,130,130,130,130,130,130,130,130,130,47,130,198,115,24,130,130,130,130,130,130,130,130,130
6380eae07571e116566417d2,687e4bf14b72547248dece4d,Pacaire HVAC Supplies LTD,DELIVERLOAD,True,49,49,49,49,49,49,49,49,49,49,49,49,49,49,49,49,49,49,49,49,49,49,49,49,49
6380eae07571e116566417d2,65bbe512c5eb6957a39fa519,Pacaire Hvac Supply,DELIVERLOAD,True,53,53,53,53,53,53,53,53,53,53,53,53,53,53,53,53,53,53,53,53,53,53,53,53,53
6380eae07571e116566417d2,6706cd833486a5f1e584d192,PACIFIC BLENDS LTD,DELIVERLOAD,True,66,66,66,66,66,66,66,66,66,66,66,66,66,66,66,66,66,66,66,66,66,66,66,66,66
6380eae07571e116566417d2,638e46b50f71ac1600f4f2b6,Pacific Coast Distribution,DELIVERLOAD,True,155,155,155,155,155,155,155,155,155,155,155,155,155,155,155,155,155,155,155,155,155,155,155,155,155
6380eae07571e116566417d2,6704559e1708b52a44872be0,PACIFIC COAST DISTRIBUTION LTD (CGY),DELIVERLOAD,False,23,23,23,23,23,23,23,23,23,23,23,23,23,23,23,23,23,23,23,23,23,23,23,23,23
6380eae07571e116566417d2,6704559e1708b52a44872be0,PACIFIC COAST DISTRIBUTION LTD (CGY),DELIVERLOAD,True,28,28,28,28,28,28,28,28,28,28,28,28,28,28,28,28,28,28,28,28,28,28,28,28,28
6380eae07571e116566417d2,6704559e1708b52a44872be0,PACIFIC COAST DISTRIBUTION LTD (CGY),HOOKCONTAINER,False,14,14,14,14,14,14,14,14,14,14,14,14,14,14,14,14,14,14,14,14,14,14,14,14,14
6380eae07571e116566417d2,679914b0c038e48bf6b6c330,PACIFIC DISTRIBUTION WHOLESALE INC,DELIVERLOAD,True,85,85,85,85,85,85,85,85,85,85,85,85,85,85,85,85,85,85,85,85,85,85,85,85,85
6380eae07571e116566417d2,67ca0cb63d0c208384706d83,"Pacific Injection Molding - Abbotsford, BC #1",DELIVERLOAD,True,88,88,88,88,88,88,88,88,88,88,88,88,88,88,88,88,88,88,88,88,88,88,88,88,88
6380eae07571e116566417d2,67f5a7928494581a5d73060e,Pacific Injection Molding Ltd,DELIVERLOAD,True,66,66,66,66,66,66,66,66,66,66,66,66,66,66,66,66,66,66,66,66,66,66,66,66,66
6380eae07571e116566417d2,67cdc57ceae2da523629232a,Pacific Lumber Remanufacturing Inc.,DELIVERLOAD,True,146,146,146,146,146,146,146,146,146,146,146,146,146,146,146,146,146,146,146,146,146,146,146,146,146
6380eae07571e116566417d2,681a47eb714396fd0e60f639,Pacific Northwest Propagators INC,DELIVERLOAD,True,68,68,68,68,68,68,68,68,68,68,68,68,68,68,68,68,68,68,68,68,68,68,68,68,68
6380eae07571e116566417d2,679914400dddb5e12d8e6397,Pacific West Distribution Unit 106,DELIVERLOAD,True,69,69,69,69,69,69,69,69,69,69,69,69,69,69,69,69,69,69,69,69,69,69,69,69,69
6380eae07571e116566417d2,66142224909d2cdf0c2ce38a,Packaging Technologies INC.,DELIVERLOAD,True,52,52,52,52,52,52,52,52,52,52,52,52,52,52,52,52,52,52,52,52,52,52,52,52,52
6380eae07571e116566417d2,684c6c7c3836eb37ec696747,"Packmetrics, Inc.",DELIVERLOAD,True,153,153,153,153,153,153,153,153,153,153,153,153,153,153,153,153,153,153,153,153,153,153,153,153,153
6380eae07571e116566417d2,638e4316a4795315f27bee49,PACTIV - BOLTON,DELIVERLOAD,True,104,104,104,104,104,104,104,104,104,104,104,104,104,104,104,104,104,104,104,104,104,104,104,104,104
6380eae07571e116566417d2,638e4316a4795315f27bee49,PACTIV - BOLTON,PULLCONTAINER,False,36,36,36,36,36,36,36,36,36,36,36,36,36,36,36,36,36,36,36,36,36,36,36,36,36
6380eae07571e116566417d2,656f5dece702b916911396fb,PALESHI AUTO PARTS&RECYLING INC O/A BISON TONNEAU COVERS,DELIVERLOAD,False,68,68,68,68,68,68,68,68,68,68,68,68,68,68,68,68,68,68,68,68,68,68,68,68,68
6380eae07571e116566417d2,6581e8358ae4141650f2e6a8,PALESHI AUTO PARTS&RECYLING INC O/A BISON TONNEAU COVERS,DELIVERLOAD,False,11,11,11,11,11,11,11,11,11,11,11,11,11,11,11,11,11,11,11,11,11,11,11,11,11
6380eae07571e116566417d2,6581e8358ae4141650f2e6a8,PALESHI AUTO PARTS&RECYLING INC O/A BISON TONNEAU COVERS,DELIVERLOAD,True,66,66,66,66,66,66,66,66,66,66,66,66,66,66,66,66,66,66,66,66,66,66,66,66,66
6380eae07571e116566417d2,6581e8358ae4141650f2e6a8,PALESHI AUTO PARTS&RECYLING INC O/A BISON TONNEAU COVERS,HOOKCONTAINER,False,16,16,16,16,16,16,16,16,16,16,16,16,16,16,16,16,16,16,16,16,16,16,16,16,16
6380eae07571e116566417d2,650b19a58936ce1615306573,"Pan American Nursery, ON",DELIVERLOAD,True,57,57,57,57,57,57,57,57,57,57,57,57,57,57,57,57,57,57,57,57,57,57,57,57,57
6380eae07571e116566417d2,65a9958bde2ce2163d7ea014,Park Avenue Furniture,DELIVERLOAD,False,18,18,18,18,18,18,18,18,18,18,18,18,18,18,18,18,18,18,18,18,18,18,18,18,18
6380eae07571e116566417d2,65a9958bde2ce2163d7ea014,Park Avenue Furniture,DELIVERLOAD,True,16,16,16,16,16,16,16,16,16,16,16,16,16,16,16,16,16,16,16,16,16,16,16,16,16
6380eae07571e116566417d2,65a9958bde2ce2163d7ea014,Park Avenue Furniture,HOOKCONTAINER,False,17,17,17,17,17,17,17,17,17,17,17,17,17,17,17,17,17,17,17,17,17,17,17,17,17
6380eae07571e116566417d2,63fd51facc8a5d1615e84660,PARK LIGHTING,DELIVERLOAD,False,9,9,9,9,9,9,9,9,9,9,9,9,9,9,9,9,9,9,9,9,9,9,9,9,9
6380eae07571e116566417d2,63fd51facc8a5d1615e84660,PARK LIGHTING,HOOKCONTAINER,False,20,20,20,20,20,20,20,20,20,20,20,20,20,20,20,20,20,20,20,20,20,20,20,20,20
6380eae07571e116566417d2,67eeed2b414e38a816733294,PARMALAT CANADA -BEATRICE/ LACTALIS,DELIVERLOAD,False,16,16,16,16,16,16,16,16,16,16,16,16,16,16,16,16,16,16,16,16,16,16,16,16,16
6380eae07571e116566417d2,67eeed2b414e38a816733294,PARMALAT CANADA -BEATRICE/ LACTALIS,DELIVERLOAD,True,132,132,132,132,132,132,132,132,132,132,132,132,132,132,132,132,132,132,132,132,132,132,132,132,132
6380eae07571e116566417d2,67eeed2b414e38a816733294,PARMALAT CANADA -BEATRICE/ LACTALIS,HOOKCONTAINER,False,39,39,39,39,39,39,39,39,39,39,39,39,39,39,39,39,39,39,39,39,39,39,39,39,39
6380eae07571e116566417d2,67e813385c9d74fa32843101,PARRISH & HEIMBECKER LTD -MOSSLEIGH,DELIVERLOAD,False,27,27,27,27,27,27,27,27,27,27,27,27,27,27,27,27,27,27,27,27,27,27,27,27,27
6380eae07571e116566417d2,641a04cbfa7cfe15d57ef0b5,PARTS CANADA DEVELOPMENT CO.,HOOKCONTAINER,False,32,32,32,32,32,32,32,32,32,32,32,32,32,32,32,32,32,32,32,32,32,32,32,32,32
6380eae07571e116566417d2,67378d181384d726d54fbe4e,PARTS CANADA DEVELOPMENT CORP,DELIVERLOAD,False,27,27,27,27,27,27,27,27,27,27,27,27,27,27,27,27,27,27,27,27,27,27,27,27,27
6380eae07571e116566417d2,67378d181384d726d54fbe4e,PARTS CANADA DEVELOPMENT CORP,DELIVERLOAD,True,39,39,39,39,39,39,39,39,39,39,39,39,39,39,39,39,39,39,39,39,39,39,39,39,39
6380eae07571e116566417d2,67378d181384d726d54fbe4e,PARTS CANADA DEVELOPMENT CORP,HOOKCONTAINER,False,13,13,13,13,13,13,13,13,13,13,13,13,13,13,13,13,13,13,13,13,13,13,13,13,13
6380eae07571e116566417d2,6696d1c002e9d272112118f7,Parts for truck,DELIVERLOAD,True,66,66,66,66,66,66,66,66,66,66,66,66,66,66,66,66,66,66,66,66,66,66,66,66,66
6380eae07571e116566417d2,6668d33eb98105b3f57fa477,"PARTS FOR TRUCKS, INC.",DELIVERLOAD,False,29,29,29,29,29,29,29,29,29,29,29,29,29,29,29,29,29,29,29,29,29,29,29,29,29
6380eae07571e116566417d2,6668d33eb98105b3f57fa477,"PARTS FOR TRUCKS, INC.",DELIVERLOAD,True,47,47,47,47,47,47,47,47,47,47,47,47,47,47,47,47,47,47,47,47,47,47,47,47,47
6380eae07571e116566417d2,661d6f757b30753c1476631f,PASSION FRESH FOODS,DELIVERLOAD,True,12,12,12,12,12,12,12,12,12,12,12,12,12,12,12,12,12,12,12,12,12,12,12,12,12
6380eae07571e116566417d2,67ed6539e48f0e656dd6dfad,PATS AUTO SUPPLY,DELIVERLOAD,False,29,29,29,29,29,29,29,29,29,29,29,29,29,29,29,29,29,29,29,29,29,29,29,29,29
6380eae07571e116566417d2,64ae88d96869ad15f9c7a91a,PATTISON (ACHESON),DELIVERLOAD,False,50,50,50,50,50,50,50,50,50,50,50,50,50,50,50,50,50,50,50,50,50,50,50,50,50
6380eae07571e116566417d2,64ae88d96869ad15f9c7a91a,PATTISON (ACHESON),DELIVERLOAD,True,15,15,15,15,15,15,15,15,15,15,15,15,15,15,15,15,15,15,15,15,15,15,15,15,15
6380eae07571e116566417d2,64ae88d96869ad15f9c7a91a,PATTISON (ACHESON),HOOKCONTAINER,False,8,8,8,8,8,8,8,8,8,8,8,8,8,8,8,8,8,8,8,8,8,8,8,8,8
6380eae07571e116566417d2,687ec9bea9d4f24094332350,Paxxol Packing - Abbotsford,DELIVERLOAD,True,66,66,66,66,66,66,66,66,66,66,66,66,66,66,66,66,66,66,66,66,66,66,66,66,66
6380eae07571e116566417d2,638e2fd4b91dc3160b914fa3,Pbc Calgary,DELIVERLOAD,True,66,66,66,66,66,66,66,66,66,66,66,66,66,66,66,66,66,66,66,66,66,66,66,66,66
6380eae07571e116566417d2,638e49c27510cb164789d90b,Pbc Delta,DELIVERLOAD,False,29,29,29,29,29,29,29,29,29,29,29,29,29,29,29,29,29,29,29,29,29,29,29,29,29
6380eae07571e116566417d2,638e6672a5295f15ea3e4b91,Pbc Edmonton,DELIVERLOAD,False,54,54,54,54,54,54,54,54,54,54,54,82,54,54,54,54,54,54,54,54,54,54,54,54,54
6380eae07571e116566417d2,672e616d4882b02a1a87a68c,PBC - MONTREAL QC,DELIVERLOAD,True,152,152,152,152,152,152,152,152,152,200,152,152,152,152,152,152,152,152,152,152,152,152,152,152,152
6380eae07571e116566417d2,680be0e462377881b4784eeb,PBC MONTREAL QC,DELIVERLOAD,True,53,53,53,53,53,53,53,53,53,53,53,53,53,53,53,53,53,53,53,53,53,53,53,53,53
6380eae07571e116566417d2,67ceffb43fab0e2127021046,PBC VANCOUVER DWD,DELIVERLOAD,False,29,29,29,29,29,29,29,29,29,29,29,29,29,29,29,29,29,29,29,29,29,29,29,29,29
6380eae07571e116566417d2,638e55986df97715f0f3952b,Pbc Winnipeg,DELIVERLOAD,False,66,66,66,66,66,66,66,66,66,66,66,66,66,66,66,66,66,66,66,66,66,66,66,66,66
6380eae07571e116566417d2,638e55986df97715f0f3952b,Pbc Winnipeg,DELIVERLOAD,True,107,107,107,107,107,107,107,107,107,107,107,107,107,107,107,107,107,107,107,107,107,107,107,107,107
6380eae07571e116566417d2,66a7df448769b944e74b5c66,PBG CALGARY DWD,DELIVERLOAD,False,29,29,29,29,29,29,29,29,29,29,29,29,29,29,29,29,29,29,29,29,29,29,29,29,29
6380eae07571e116566417d2,66a7df448769b944e74b5c66,PBG CALGARY DWD,HOOKCONTAINER,False,20,20,20,20,20,20,20,20,20,20,20,20,20,20,20,20,20,20,20,20,20,20,20,20,20
6380eae07571e116566417d2,67d1f2d75398195035266550,PBG EDMONTON DWD,DELIVERLOAD,False,29,29,29,29,29,29,29,29,29,29,29,29,29,29,29,29,29,29,29,29,29,29,29,29,29
6380eae07571e116566417d2,67d1f2d75398195035266550,PBG EDMONTON DWD,DELIVERLOAD,True,167,167,167,167,167,167,167,167,167,167,126,167,167,167,167,167,167,167,167,167,167,167,167,167,167
6380eae07571e116566417d2,673ba721e26c3ef62fe3e437,PBG - MONTREAL,DELIVERLOAD,True,21,21,21,21,21,21,21,21,21,21,21,21,21,21,21,21,21,21,21,21,21,21,21,21,21
6380eae07571e116566417d2,66a7f02110460cf58074870a,PBG Winnipeg DWD,DELIVERLOAD,False,84,84,84,84,84,84,84,84,114,84,84,84,84,24,84,84,84,84,84,84,84,84,84,84,84
6380eae07571e116566417d2,66a7f02110460cf58074870a,PBG Winnipeg DWD,DELIVERLOAD,True,69,69,69,69,69,69,69,69,69,69,69,69,69,69,69,69,69,69,69,69,69,69,69,69,69
6380eae07571e116566417d2,6781a244da31851ea7fb3538,PCS NEW YARD CALGARY,DELIVERLOAD,True,8,8,8,8,8,8,8,8,8,8,8,8,8,8,8,8,8,8,8,8,8,8,8,8,8
6380eae07571e116566417d2,6781a244da31851ea7fb3538,PCS NEW YARD CALGARY,PULLCONTAINER,False,25,25,25,25,25,25,25,25,25,25,25,25,17,25,25,25,25,25,25,25,25,25,25,25,25
6380eae07571e116566417d2,6781a244da31851ea7fb3538,PCS NEW YARD CALGARY,RETURNCONTAINER,False,35,35,35,35,35,35,35,35,35,35,35,35,35,35,35,35,35,35,35,35,35,35,35,35,35
6380eae07571e116566417d2,641b5f36f10312161540fa58,PCS PRO-FORMANCE CALGARY,DELIVERLOAD,False,72,72,72,72,72,72,72,72,72,72,3,72,72,72,72,72,72,72,72,72,72,72,72,72,72
6380eae07571e116566417d2,641b5f36f10312161540fa58,PCS PRO-FORMANCE CALGARY,DELIVERLOAD,True,16,16,16,16,16,16,16,16,16,16,16,16,16,16,16,16,16,16,16,16,16,16,16,16,16
6380eae07571e116566417d2,641b5f36f10312161540fa58,PCS PRO-FORMANCE CALGARY,DROPCONTAINER,False,30,30,30,30,30,30,30,30,30,30,30,30,30,30,30,30,30,30,30,30,30,30,30,30,30
6380eae07571e116566417d2,641b5f36f10312161540fa58,PCS PRO-FORMANCE CALGARY,HOOKCONTAINER,False,24,24,24,24,24,24,24,24,24,24,24,24,68,21,77,30,13,24,14,17,6,24,24,24,24
6380eae07571e116566417d2,641b5f36f10312161540fa58,PCS PRO-FORMANCE CALGARY,LIFTON,False,31,31,31,31,31,31,31,31,31,24,51,60,35,45,17,36,39,46,34,26,29,20,9,31,31
6380eae07571e116566417d2,641b5f36f10312161540fa58,PCS PRO-FORMANCE CALGARY,PULLCONTAINER,False,19,19,19,19,19,19,19,19,49,27,30,40,35,32,22,12,20,12,15,15,15,12,19,19,19
6380eae07571e116566417d2,641b5f36f10312161540fa58,PCS PRO-FORMANCE CALGARY,RETURNCONTAINER,False,19,19,19,19,19,19,19,19,19,31,16,16,17,18,23,15,23,27,17,21,10,12,19,19,19
6380eae07571e116566417d2,6398b2b8d34fea162d2558d8,PCS Pro-formance Edmonton,DELIVERLOAD,False,11,11,11,11,11,11,11,11,11,11,11,11,11,11,11,11,11,11,11,11,11,11,11,11,11
6380eae07571e116566417d2,6398b2b8d34fea162d2558d8,PCS Pro-formance Edmonton,DELIVERLOAD,True,22,22,22,22,22,22,22,22,22,22,22,22,22,22,22,22,22,22,22,22,22,22,22,22,22
6380eae07571e116566417d2,6398b2b8d34fea162d2558d8,PCS Pro-formance Edmonton,HOOKCONTAINER,False,60,60,60,60,60,60,60,60,60,60,60,60,60,60,60,60,60,60,60,60,60,60,60,60,60
6380eae07571e116566417d2,6398b2b8d34fea162d2558d8,PCS Pro-formance Edmonton,PULLCONTAINER,False,43,43,43,43,43,43,43,43,67,68,56,43,33,33,47,8,38,60,59,26,14,43,43,43,43
6380eae07571e116566417d2,6398b2b8d34fea162d2558d8,PCS Pro-formance Edmonton,RETURNCONTAINER,False,20,20,20,20,20,20,20,20,20,23,14,21,23,23,21,14,22,24,13,20,12,26,20,20,20
6380eae07571e116566417d2,67eb111eedc4e16711bd7f2e,PEAK SOURCE,DELIVERLOAD,True,73,73,73,73,73,73,73,73,73,73,73,73,73,73,73,73,73,73,73,73,73,73,73,73,73
6380eae07571e116566417d2,686d4287118af821857d1254,PEARL CANADA,HOOKCONTAINER,False,42,42,42,42,42,42,42,42,42,42,42,42,42,42,42,42,42,42,42,42,42,42,42,42,42
6380eae07571e116566417d2,680932569a1ab4fa93f8c894,Peat Sorb 2011 Inc,DELIVERLOAD,True,30,30,30,30,30,30,30,30,30,30,30,30,30,30,30,30,30,30,30,30,30,30,30,30,30
6380eae07571e116566417d2,6581db0a4ec79b163ab002a2,PELICAN INTERNATIONAL INC,DELIVERLOAD,True,66,66,66,66,66,66,66,66,66,66,66,66,66,66,66,66,66,66,66,66,66,66,66,66,66
6380eae07571e116566417d2,673a004c84ad71fcdb1e0f0a,Pemberton Burnaby WHSE,HOOKCONTAINER,False,9,9,9,9,9,9,9,9,9,9,9,9,9,9,9,9,9,9,9,9,9,9,9,9,9
6380eae07571e116566417d2,66d886f32760169052871c1b,Penguin Meat,DELIVERLOAD,True,132,132,132,132,132,132,132,132,132,132,132,132,132,132,132,132,132,132,132,132,132,132,132,132,132
6380eae07571e116566417d2,673cbce503b3ec8b2dada44f,Peninsula Plastics,DELIVERLOAD,True,4,4,4,4,4,4,4,4,4,4,4,4,4,4,4,4,4,4,4,4,4,4,4,4,4
6380eae07571e116566417d2,656a6ab33902f91651c972f7,PENNER FARM SERVICES,DELIVERLOAD,True,66,66,66,66,66,66,66,66,66,66,66,66,66,66,66,66,66,66,66,66,66,66,66,66,66
6380eae07571e116566417d2,68507a2aca086e206b20b58b,PENNER FARM SERVICES,DELIVERLOAD,True,66,66,66,66,66,66,66,66,66,66,66,66,66,66,66,66,66,66,66,66,66,66,66,66,66
6380eae07571e116566417d2,68a4dcfdacb93f62c648b2a6,PENNER FARM SERVICES,DELIVERLOAD,False,88,88,88,88,88,88,88,88,88,88,88,88,88,88,88,88,88,88,88,88,88,88,88,88,88
6380eae07571e116566417d2,68a4dcfdacb93f62c648b2a6,PENNER FARM SERVICES,DELIVERLOAD,True,66,66,66,66,66,66,66,66,66,66,66,66,66,66,66,66,66,66,66,66,66,66,66,66,66
6380eae07571e116566417d2,688bb2f834d4e0008068f3fb,PENNER FARM SERVICES AB,DELIVERLOAD,True,66,66,66,66,66,66,66,66,66,66,66,66,66,66,66,66,66,66,66,66,66,66,66,66,66
6380eae07571e116566417d2,68692e485b3f1104a102f295,Pentagon Link  #125,DELIVERLOAD,True,96,96,96,96,96,96,96,96,96,96,96,96,96,96,96,96,96,96,96,96,96,96,96,96,96
6380eae07571e116566417d2,67bf69c173de462879f4293e,Pentagon warehouse unit 125 & 130,HOOKCONTAINER,False,13,13,13,13,13,13,13,13,13,13,13,13,13,13,13,13,13,13,13,13,13,13,13,13,13
6380eae07571e116566417d2,660de73923738585e18dd020,Pepiniere Lanctot et Frere Inc,DELIVERLOAD,True,108,108,108,108,108,108,108,108,108,108,108,108,108,108,108,108,108,108,108,108,108,108,108,108,108
6380eae07571e116566417d2,65a7f0d1815388162781d2b3,PEPPOS FOODS,DELIVERLOAD,True,31,31,31,31,31,31,31,12,49,12,154,29,334,31,160,31,31,21,31,31,31,31,31,31,31
6380eae07571e116566417d2,65a7f0d1815388162781d2b3,PEPPOS FOODS,PULLCONTAINER,False,80,80,80,80,80,80,80,80,80,80,80,80,80,80,80,80,80,80,80,80,80,80,80,80,80
6380eae07571e116566417d2,638e2fd4b91dc3160b914fa4,Pepsi,DELIVERLOAD,False,29,29,29,29,29,29,29,29,29,29,29,29,29,29,29,29,29,29,29,29,29,29,29,29,29
6380eae07571e116566417d2,680bbbe755a702e6f28b4090,"Pepsico Calgary, AB Plant",DELIVERLOAD,False,22,22,22,22,22,22,22,22,22,22,22,22,22,22,22,22,22,22,22,22,22,22,22,22,22
6380eae07571e116566417d2,638e49c27510cb164789d90d,Pepsico - Delta,DELIVERLOAD,False,29,29,29,29,29,29,29,29,29,29,29,29,29,29,29,29,29,29,29,29,29,29,29,29,29
6380eae07571e116566417d2,680030d03c6d3115c2a803c3,PepsiCo - Edmonton (AB Sales),DELIVERLOAD,False,8,8,8,8,8,8,8,8,8,8,8,8,8,8,8,8,8,8,8,8,8,8,8,8,8
6380eae07571e116566417d2,638e542c487e0815fe50f113,Peri Formwork Systems Inc.,DELIVERLOAD,False,41,41,41,41,41,41,41,41,41,50,70,66,53,25,41,41,25,41,41,41,41,41,41,41,41
6380eae07571e116566417d2,638e542c487e0815fe50f113,Peri Formwork Systems Inc.,DELIVERLOAD,True,73,73,73,73,73,73,73,73,73,73,73,73,73,73,73,73,73,73,73,73,73,73,73,73,73
6380eae07571e116566417d2,638e542c487e0815fe50f113,Peri Formwork Systems Inc.,HOOKCONTAINER,False,16,16,16,16,16,16,16,16,16,16,17,16,16,11,16,4,24,16,16,16,16,16,16,16,16
6380eae07571e116566417d2,643472111a4139160ea46ec3,PERMANENT WINDOWS SOLUTIONS INC.,DELIVERLOAD,False,9,9,9,9,9,9,9,9,9,9,9,9,9,9,9,9,9,9,9,9,9,9,9,9,9
6380eae07571e116566417d2,643472111a4139160ea46ec3,PERMANENT WINDOWS SOLUTIONS INC.,HOOKCONTAINER,False,24,24,24,24,24,24,24,24,24,24,24,24,24,24,24,24,24,24,24,24,24,24,24,24,24
6380eae07571e116566417d2,675c9715940d268c21a3d549,PERMANENT WINDOWS SOLUTIONS INC.,DELIVERLOAD,False,24,24,24,24,24,24,24,24,24,24,24,24,24,24,24,24,24,24,24,24,24,24,24,24,24
6380eae07571e116566417d2,675c9715940d268c21a3d549,PERMANENT WINDOWS SOLUTIONS INC.,HOOKCONTAINER,False,37,37,37,37,37,37,37,37,37,37,37,37,37,37,37,37,37,37,37,37,37,37,37,37,37
6380eae07571e116566417d2,67be30045238f7e1fc37485e,PETE FRIESEN AGROPLUS INC,DELIVERLOAD,True,34,34,34,34,34,34,34,34,34,34,34,34,34,34,34,34,34,34,34,34,34,34,34,34,34
6380eae07571e116566417d2,65d4ff62afc172cfa80af663,PETERSON FARMS INC (TRENTON COLD STORAGE),DELIVERLOAD,True,66,66,66,66,66,66,66,66,66,66,66,66,66,66,66,66,66,66,66,66,66,66,66,66,66
6380eae07571e116566417d2,65ea39e48b727a46efd5b118,petro pass,DELIVERLOAD,True,38,38,38,38,38,38,38,38,63,38,38,38,38,38,38,38,38,38,38,38,38,38,38,38,38
6380eae07571e116566417d2,65bfd329d5a35fc5d0e601a2,Petro Pass,DELIVERLOAD,False,29,29,29,29,29,29,29,29,29,29,29,29,29,29,29,29,29,29,29,29,29,29,29,29,29
6380eae07571e116566417d2,65bfd329d5a35fc5d0e601a2,Petro Pass,DELIVERLOAD,True,22,22,22,22,22,22,22,22,22,22,22,22,22,16,22,23,22,22,22,22,22,22,22,22,22
6380eae07571e116566417d2,65dce2883ecb75abe6ae104d,PETRO PASS,DELIVERLOAD,True,11,11,11,11,11,11,11,11,11,11,11,11,11,11,11,11,13,10,55,11,11,11,11,11,11
6380eae07571e116566417d2,65b12abe9df27e1665708aa6,"petro pass,Abbotsford,BC",DELIVERLOAD,True,57,57,57,57,57,57,57,57,57,57,57,57,57,57,57,57,57,57,57,57,57,57,57,57,57
6380eae07571e116566417d2,67a147fa5dfacbac8c683b53,Petro Pass Cardlock,DELIVERLOAD,True,14,14,14,14,14,14,14,14,14,14,14,14,14,14,14,14,14,14,14,14,14,14,14,14,14
6380eae07571e116566417d2,68507ddab6a391acfb226e93,Petropass Stop - (Chevron Commercial Cardlock),DELIVERLOAD,False,10,10,10,10,10,10,10,10,10,10,10,10,10,13,10,10,10,10,10,10,10,10,10,10,10
6380eae07571e116566417d2,68507ddab6a391acfb226e93,Petropass Stop - (Chevron Commercial Cardlock),DELIVERLOAD,True,8,8,8,8,8,8,8,8,8,8,8,7,8,8,9,8,8,8,6,8,8,8,8,8,8
6380eae07571e116566417d2,68507ddab6a391acfb226e93,Petropass Stop - (Chevron Commercial Cardlock),PULLCONTAINER,False,4,4,4,4,4,4,4,4,4,4,4,4,4,4,4,4,4,4,4,4,4,4,4,4,4
6380eae07571e116566417d2,683ccc06441769d661fc1a11,Petro-Pass Truck Stop,DELIVERLOAD,True,15,15,15,15,15,15,15,15,15,15,15,15,15,15,15,15,15,15,15,15,15,15,15,15,15
6380eae07571e116566417d2,68b8538add219e43c7ebe096,Petro-Pass Truck Stop,DELIVERLOAD,True,59,59,59,59,59,59,59,59,59,59,59,59,59,59,59,59,59,59,59,59,59,59,59,59,59
6380eae07571e116566417d2,66da04ce7e6b6b7572464cf7,PETSMART C/O METRO,DELIVERLOAD,False,77,77,77,77,77,77,77,77,77,77,77,77,77,77,77,77,77,77,77,77,77,77,77,77,77
6380eae07571e116566417d2,68c45a406497ae5a7d9bc3c8,PETSMART C/O  METRO LOGISTICS,HOOKCONTAINER,False,20,20,20,20,20,20,20,20,20,20,20,20,20,20,20,20,20,20,20,20,20,20,20,20,20
6380eae07571e116566417d2,66df7305a8e402fde2c93f2f,Petsmart DC 13,DELIVERLOAD,False,6,6,6,6,6,6,6,6,23,6,6,6,6,6,6,6,6,6,6,6,6,6,6,6,6
6380eae07571e116566417d2,66df7305a8e402fde2c93f2f,Petsmart DC 13,HOOKCONTAINER,False,19,19,19,19,19,19,19,19,19,19,19,19,19,19,19,19,19,19,19,19,19,19,19,19,19
6380eae07571e116566417d2,67ec5acc81bc50def7be2094,Pfenning Farms,DELIVERLOAD,True,4,4,4,4,4,4,4,4,4,4,4,4,4,4,4,4,4,4,4,4,4,4,4,4,4
6380eae07571e116566417d2,67d996a5c92478933a9406a3,PFM WAREHOUSE,DELIVERLOAD,False,30,30,30,30,30,30,30,30,30,30,30,30,30,30,30,30,30,30,30,30,30,30,30,30,30
6380eae07571e116566417d2,67d996a5c92478933a9406a3,PFM WAREHOUSE,DELIVERLOAD,True,52,52,52,52,52,52,52,52,52,52,52,52,52,52,52,52,52,52,52,52,52,52,52,52,52
6380eae07571e116566417d2,67f7f3cd3b8e733954a0540f,Phillips Brewing,DELIVERLOAD,True,18,18,18,18,18,18,18,18,18,18,18,18,18,18,18,18,18,18,18,18,18,18,18,18,18
6380eae07571e116566417d2,6721183653a4f621746092ea,PHILLIPS BREWING,DELIVERLOAD,True,79,79,79,79,79,79,79,79,79,79,79,99,98,79,79,79,79,79,79,79,79,79,79,79,79
6380eae07571e116566417d2,676f0c7498e709629c89cd07,P&H Millings,DELIVERLOAD,True,95,95,95,95,95,95,95,95,95,95,95,95,95,95,95,95,95,95,95,95,95,95,95,95,95
6380eae07571e116566417d2,67f54848aece12473559d4ba,P&H Milling Springbrook,DELIVERLOAD,False,29,29,29,29,29,29,29,29,29,29,29,29,29,29,29,29,29,29,29,29,29,29,29,29,29
6380eae07571e116566417d2,67c747a60a519d2074f327fd,Phoenicia Group,DELIVERLOAD,False,29,29,29,29,29,29,29,29,29,29,29,29,29,29,29,29,29,29,29,29,29,29,29,29,29
6380eae07571e116566417d2,686eb046554f7ab41ee07123,Phoenix Beauty Corp,HOOKCONTAINER,False,12,12,12,12,12,12,12,12,12,12,12,12,12,12,12,12,12,12,12,12,12,12,12,12,12
6380eae07571e116566417d2,6854667b85311ec6fda30700,Phoenix Beauty Corp. DBA Supply and Apply,DELIVERLOAD,True,66,66,66,66,66,66,66,66,66,66,66,66,66,66,66,66,66,66,66,66,66,66,66,66,66
6380eae07571e116566417d2,638e54dae2c64116395bb9a5,Phoenix Fence Corp.,DELIVERLOAD,False,12,12,12,12,12,12,12,12,12,12,12,12,12,12,12,12,12,12,12,12,12,12,12,12,12
6380eae07571e116566417d2,638e54dae2c64116395bb9a5,Phoenix Fence Corp.,HOOKCONTAINER,False,30,30,30,30,30,30,30,30,30,30,30,30,30,30,30,30,30,30,30,30,30,30,30,30,30
6380eae07571e116566417d2,67e19fa0fe9f56a4e859231a,PHOENIX GLASS CALGARY INC,HOOKCONTAINER,False,20,20,20,20,20,20,20,20,20,20,20,20,20,20,20,20,20,20,20,20,20,20,20,20,20
6380eae07571e116566417d2,683e10e4e868099913a25cf2,PHOENIX WAREHOUSE,DELIVERLOAD,True,9,9,9,9,9,9,9,9,9,9,9,9,9,9,9,9,9,9,9,9,9,9,9,9,9
6380eae07571e116566417d2,67aa3eb3656010d556a72bbb,PHSA - 86 AVE WHSE,DELIVERLOAD,False,38,38,38,38,38,38,38,38,38,38,38,38,38,38,38,38,38,38,38,38,38,38,38,38,38
6380eae07571e116566417d2,68800a6e1e7c90bb8ddd5bd5,(Pick) Agenda Makers Canada,DELIVERLOAD,True,44,44,44,44,44,44,44,44,44,44,44,44,44,44,44,44,44,44,44,44,44,44,44,44,44
6380eae07571e116566417d2,688bcfc3858de9209e7b2ed0,PIEDMONT SHEET METAL (1997) LTD,DELIVERLOAD,True,14,14,14,14,14,14,14,14,14,14,14,14,14,14,14,14,14,14,14,14,14,14,14,14,14
6380eae07571e116566417d2,679bb21acd90d0ad7ab18f33,PinkWood Ltd,DELIVERLOAD,False,29,29,29,29,29,29,29,29,29,29,29,29,29,29,29,29,29,29,29,29,29,29,29,29,29
6380eae07571e116566417d2,679bb21acd90d0ad7ab18f33,PinkWood Ltd,HOOKCONTAINER,False,14,14,14,14,14,14,14,14,14,14,14,14,14,14,14,14,14,14,14,14,14,14,14,14,14
6380eae07571e116566417d2,684af0d172a69317ba32ec06,PINNACLE DAIRY INC,DELIVERLOAD,True,66,66,66,66,66,66,66,66,66,66,66,66,66,66,66,66,66,66,66,66,66,66,66,66,66
6380eae07571e116566417d2,68ac79e499c0c528645d71e8,Pinnacle Storage,DELIVERLOAD,True,3,3,3,3,3,3,3,3,3,3,3,3,3,3,3,3,3,3,3,3,3,3,3,3,3
6380eae07571e116566417d2,682f7a77ab315257c65b0f96,Pinnacle Wholesale Foods #110,DELIVERLOAD,False,29,29,29,29,29,29,29,29,29,29,29,29,29,29,29,29,29,29,29,29,29,29,29,29,29
6380eae07571e116566417d2,665e2ab5f1b60ab95bdf8ddc,PINTY DELICIOUS FOODS - (CONESTOGA COLD STORAGE),DELIVERLOAD,True,98,98,98,98,98,98,98,100,47,101,98,22,156,98,8,297,98,126,98,98,98,98,98,38,98
6380eae07571e116566417d2,67d5e083bf48dcbaa7e92e7d,PINTYS DELICIOUS SYSCO BRAND C,DELIVERLOAD,True,19,19,19,19,19,19,19,60,3,19,3,19,19,19,70,19,19,19,19,19,19,19,19,19,19
6380eae07571e116566417d2,67d077faab0268ca3335f5f3,Pioneer & Legends,DELIVERLOAD,True,92,92,92,92,92,92,92,92,92,52,42,92,92,92,92,92,92,92,92,92,92,92,92,92,92
6380eae07571e116566417d2,67d077faab0268ca3335f5f3,Pioneer & Legends,PULLCONTAINER,False,29,29,29,29,29,29,29,29,29,29,29,29,29,29,29,29,29,29,29,29,29,29,29,29,29
6380eae07571e116566417d2,67ddb1bc0760a9fd6704820a,PIONEER PRODUCTS,DELIVERLOAD,False,15,15,15,15,15,15,15,15,15,15,15,15,15,15,15,15,15,15,15,15,15,15,15,15,15
6380eae07571e116566417d2,67ddb1bc0760a9fd6704820a,PIONEER PRODUCTS,HOOKCONTAINER,False,42,42,42,42,42,42,42,42,42,42,42,42,42,42,42,42,42,42,42,42,42,42,42,42,42
6380eae07571e116566417d2,6827d557dabe70b3c71bbe9d,Pirelli Guelph,DELIVERLOAD,True,3,3,3,3,3,3,3,3,3,3,3,3,3,3,3,3,3,3,3,3,3,3,3,3,3
6380eae07571e116566417d2,6827d5410ccfe51533ae79e5,Pirelli Surrey,PULLCONTAINER,False,71,71,71,71,71,71,71,71,71,71,71,71,71,71,71,71,71,71,71,71,71,71,71,71,71
6380eae07571e116566417d2,65dd09143b019ef627ff4715,PITA DELIGHT,DELIVERLOAD,True,51,51,51,51,51,51,51,51,51,51,51,51,51,51,51,51,51,51,51,51,51,51,51,51,51
6380eae07571e116566417d2,665a0ac84639315527acaa3f,PLAIN LAKE FARMING,DELIVERLOAD,True,140,140,140,140,140,140,140,140,140,140,140,140,140,140,140,140,140,140,140,140,140,140,140,140,140
6380eae07571e116566417d2,67991bdbbd7199659e8f07d6,"Plainsman Clay - Medicine Hat, AB",DELIVERLOAD,True,38,38,38,38,38,38,38,38,38,38,38,38,38,38,38,38,38,38,38,38,38,38,38,38,38
6380eae07571e116566417d2,67994c75bdcd5afa40890f77,Planet Paper Box Inc.,DELIVERLOAD,True,72,72,72,72,72,72,72,72,72,72,72,72,72,72,72,72,72,72,72,72,72,72,72,72,72
6380eae07571e116566417d2,6716dd40c9b9f46337227e80,PLEASANT VALLEY PRECAST,DELIVERLOAD,True,130,130,130,130,130,130,130,130,130,130,130,130,130,130,130,130,130,130,130,130,130,130,130,130,130
6380eae07571e116566417d2,638e649a0f71ac1600f4f839,Plumbing Gallery Ltd,HOOKCONTAINER,False,44,44,44,44,44,44,44,44,44,44,44,44,44,44,44,44,44,44,44,44,44,44,44,44,44
6380eae07571e116566417d2,65ce67ea2b2635133c6a9e7e,PLUMBING GALLERY LTD,DELIVERLOAD,False,18,18,18,18,18,18,18,18,18,18,18,18,18,18,18,18,18,18,18,18,18,18,18,18,18
6380eae07571e116566417d2,65ce67ea2b2635133c6a9e7e,PLUMBING GALLERY LTD,HOOKCONTAINER,False,5,5,5,5,5,5,5,5,5,5,5,5,5,5,5,5,5,5,5,5,5,5,5,5,5
6380eae07571e116566417d2,6682d750b7e99822ca6782fd,PLUMBING GALLERY LTD,DELIVERLOAD,False,23,23,23,23,23,23,23,23,23,23,23,23,23,23,23,23,23,23,23,23,23,23,23,23,23
6380eae07571e116566417d2,6682d750b7e99822ca6782fd,PLUMBING GALLERY LTD,DELIVERLOAD,True,38,38,38,38,38,38,38,38,38,38,38,38,38,38,38,38,38,38,38,38,38,38,38,38,38
6380eae07571e116566417d2,6682d750b7e99822ca6782fd,PLUMBING GALLERY LTD,HOOKCONTAINER,False,27,27,27,27,27,27,27,27,27,27,27,27,27,27,27,27,27,27,27,27,27,27,27,27,27
6380eae07571e116566417d2,6838c924afdb9407efb177c0,PLUMBING GALLERY LTD,DELIVERLOAD,False,17,17,17,17,17,17,17,17,17,17,17,17,17,17,17,17,17,17,17,17,17,17,17,17,17
6380eae07571e116566417d2,6838c924afdb9407efb177c0,PLUMBING GALLERY LTD,HOOKCONTAINER,False,11,11,11,11,11,11,11,11,11,11,11,11,11,11,11,11,11,11,11,11,11,11,11,11,11
6380eae07571e116566417d2,638e49c27510cb164789d921,Pmc Logistics Warehouse,DELIVERLOAD,True,74,74,74,74,74,74,74,74,74,74,74,204,74,78,42,74,74,74,74,74,74,74,74,74,74
6380eae07571e116566417d2,681b87a3a414d0564328bd86,PMR Catalytic Converter Recycling,DELIVERLOAD,True,108,108,108,108,108,108,108,108,108,108,108,108,108,108,108,108,108,108,108,108,108,108,108,108,108
6380eae07571e116566417d2,66915f470d8ff98893c8a335,POINTS WEST MARKETING INC,DELIVERLOAD,False,42,42,42,42,42,42,42,42,42,42,42,42,42,42,42,42,42,42,42,42,42,42,42,42,42
6380eae07571e116566417d2,66915f470d8ff98893c8a335,POINTS WEST MARKETING INC,HOOKCONTAINER,False,20,20,20,20,20,20,20,20,20,20,20,20,20,20,20,20,20,20,20,20,20,20,20,20,20
6380eae07571e116566417d2,686ed67e09e15d2fb55cab0b,POLAR IND SERVICE,DELIVERLOAD,False,29,29,29,29,29,29,29,29,29,29,29,29,29,29,29,29,29,29,29,29,29,29,29,29,29
6380eae07571e116566417d2,68b730db127d9786eb661c44,Polaron Energy Corp #108,DELIVERLOAD,True,66,66,66,66,66,66,66,66,66,66,66,66,66,66,66,66,66,66,66,66,66,66,66,66,66
6380eae07571e116566417d2,681535d6e76966d280b4b85e,Polaron Energy Corp Unit 104,DELIVERLOAD,True,117,117,117,117,117,117,117,117,117,117,117,117,117,117,117,117,117,117,117,117,117,117,117,117,117
6380eae07571e116566417d2,686d3673af6e9219a43755a3,POLARPAK,DELIVERLOAD,True,28,28,28,28,28,28,28,28,28,28,28,28,28,28,28,28,28,28,28,28,28,28,28,28,28
6380eae07571e116566417d2,6426f9ca30192415f87b93a9,"PolyCycle Environmental Calgary, AB",DELIVERLOAD,False,29,29,29,29,29,29,29,29,29,29,29,29,29,29,29,29,29,29,29,29,29,29,29,29,29
6380eae07571e116566417d2,6426f9ca30192415f87b93a9,"PolyCycle Environmental Calgary, AB",DELIVERLOAD,True,67,67,67,67,67,67,67,67,67,67,122,30,67,67,67,67,67,67,67,67,67,67,67,67,67
6380eae07571e116566417d2,6426f9ca30192415f87b93a9,"PolyCycle Environmental Calgary, AB",HOOKCONTAINER,False,11,11,11,11,11,11,11,11,11,11,11,11,11,11,11,11,11,11,11,11,11,11,11,11,11
6380eae07571e116566417d2,6731517906f8c306d7ccda1f,"Polyethics Industries - Orillia, ON",DELIVERLOAD,True,91,91,91,91,91,91,91,91,91,91,91,91,91,91,91,91,91,91,91,91,91,91,91,91,91
6380eae07571e116566417d2,6801407d1d39f9e4ae9547f4,PolyExpert,DELIVERLOAD,True,77,77,77,77,77,77,77,77,77,77,77,77,77,77,77,77,77,77,77,77,77,77,77,77,77
6380eae07571e116566417d2,644adad27d72a7160bff36b1,POLYJOHN CANADA INC,DELIVERLOAD,False,42,42,42,42,42,42,42,42,42,42,42,42,42,42,42,42,42,42,42,42,42,42,42,42,42
6380eae07571e116566417d2,644adad27d72a7160bff36b1,POLYJOHN CANADA INC,HOOKCONTAINER,False,5,5,5,5,5,5,5,5,5,5,5,5,5,5,5,5,5,5,5,5,5,5,5,5,5
6380eae07571e116566417d2,65b0234f5f895b164404d802,POLYKAR (AB),DELIVERLOAD,True,126,126,126,126,126,126,126,126,126,126,126,126,126,126,126,126,126,126,126,126,126,126,126,126,126
6380eae07571e116566417d2,65dd0673fa6220e8b268b346,POLYTUBES,DELIVERLOAD,False,4,4,4,4,4,4,4,4,4,4,4,4,4,4,4,4,4,4,4,4,4,4,4,4,4
6380eae07571e116566417d2,686d59c1ca021e3717740527,POLYTUBES,DELIVERLOAD,False,84,84,84,84,84,84,84,84,84,84,84,84,84,84,84,84,84,84,84,84,84,84,84,84,84
6380eae07571e116566417d2,686d59c1ca021e3717740527,POLYTUBES,DELIVERLOAD,True,66,66,66,66,66,66,66,66,66,66,66,66,66,66,66,66,66,66,66,66,66,66,66,66,66
6380eae07571e116566417d2,661460b60f479a9e65bdd093,POPPIES INTERNATIONAL,DELIVERLOAD,False,2,2,2,2,2,2,2,2,2,2,2,2,2,2,2,2,2,2,2,2,2,2,2,2,2
6380eae07571e116566417d2,661460b60f479a9e65bdd093,POPPIES INTERNATIONAL,DELIVERLOAD,True,31,31,31,31,31,31,31,31,31,31,31,31,31,31,31,31,31,31,31,31,31,31,31,31,31
6380eae07571e116566417d2,661460b60f479a9e65bdd093,POPPIES INTERNATIONAL,PULLCONTAINER,False,47,47,47,47,47,47,47,47,47,47,47,47,47,47,47,47,47,47,47,47,47,47,47,47,47
6380eae07571e116566417d2,6490699440f16e1656940432,PORTER WAREHOUSEING & DISTRIBUTION INC,DELIVERLOAD,False,35,35,35,35,35,35,35,35,35,35,35,35,35,35,35,35,35,35,35,35,35,35,35,35,35
6380eae07571e116566417d2,6490699440f16e1656940432,PORTER WAREHOUSEING & DISTRIBUTION INC,DELIVERLOAD,True,134,134,134,134,134,134,134,134,134,134,134,134,134,134,134,134,134,134,134,134,134,134,134,134,134
6380eae07571e116566417d2,65aac32cd6829b166f8a759c,Porter Warehousing,DELIVERLOAD,True,145,145,145,145,145,145,145,145,145,145,145,145,145,145,145,145,145,145,145,145,145,145,145,145,145
6380eae07571e116566417d2,67e4603ba6ed14b1e9cfc810,Porter Warehousing and distribution P01,DELIVERLOAD,True,80,80,80,80,80,80,80,80,80,80,80,80,80,80,80,80,80,80,80,80,80,80,80,80,80
6380eae07571e116566417d2,6883b6e5f2f938984df4ebaf,Powercoat Canada,DELIVERLOAD,True,114,114,114,114,114,114,114,114,114,114,114,114,114,114,114,114,114,114,114,114,114,114,114,114,114
6380eae07571e116566417d2,6834bc5cdf6220268fd39e36,Prairie Battery - Edmonton,DELIVERLOAD,True,85,85,85,85,85,85,85,85,85,85,85,85,85,85,85,85,85,85,85,85,85,85,85,85,85
6380eae07571e116566417d2,6846f9f7f42d2098e5c7f5a4,"Prairie Battery, Edmonton",DELIVERLOAD,True,50,50,50,50,50,50,50,50,50,50,50,50,50,50,50,50,50,50,50,50,50,50,50,50,50
6380eae07571e116566417d2,655e8649f54005160be0bce8,PRAIRIE BATTERY EDMONTON,DELIVERLOAD,True,50,50,50,50,50,50,50,50,50,50,50,50,50,50,50,50,50,50,50,50,50,50,50,50,50
6380eae07571e116566417d2,6601de971bfe5ca2c19065fe,Pranaam transport,DELIVERLOAD,True,42,42,42,42,42,42,42,42,42,42,42,42,42,42,42,42,42,42,42,42,42,42,42,42,42
6380eae07571e116566417d2,682cd42b3336c2b3c81a6243,PRATTS FOOD,DELIVERLOAD,True,2,2,2,2,2,2,2,2,2,2,2,2,2,2,2,2,2,2,2,2,2,2,2,2,2
6380eae07571e116566417d2,638f5669648f7a162c61a8d1,Pratts Food Service Alberta Ltd,DELIVERLOAD,True,28,28,28,28,28,28,28,28,28,28,28,28,28,28,28,28,28,28,28,28,28,28,28,28,28
6380eae07571e116566417d2,688272ab1dac605f3ae86fe3,Precision Aluminum Manufacturing #8,HOOKCONTAINER,False,20,20,20,20,20,20,20,20,20,20,20,20,20,20,20,20,20,20,20,20,20,20,20,20,20
6380eae07571e116566417d2,66d743255a0eb51b0a12276b,Precision Contracting,DELIVERLOAD,True,49,49,49,49,49,49,49,49,49,49,49,49,49,49,49,49,49,49,49,49,49,49,49,49,49
6380eae07571e116566417d2,688a8ab7c21fbf1d87b73937,PREMIER MEAT PACKERS INC,DELIVERLOAD,True,165,165,165,165,165,165,165,165,165,165,165,165,165,165,165,165,165,165,165,165,165,165,165,165,165
6380eae07571e116566417d2,6463c25809956115f4af1c43,Premier Yard,RETURNCONTAINER,False,23,23,23,23,23,23,23,23,23,23,23,23,23,23,23,23,23,23,23,23,23,23,23,23,23
6380eae07571e116566417d2,65b7ff7f7f9018ba8b619475,PREMIUM LINE TRANSPORT,DELIVERLOAD,False,17,17,17,17,17,17,17,17,17,17,17,17,17,17,17,17,17,17,17,17,17,17,17,17,17
6380eae07571e116566417d2,65b7ff7f7f9018ba8b619475,PREMIUM LINE TRANSPORT,HOOKCONTAINER,False,17,17,17,17,17,17,17,17,17,17,17,17,17,17,17,17,17,17,17,17,17,17,17,17,17
6380eae07571e116566417d2,673e6afc7fd29dce9f7a831a,PREMIUM LINE TRANSPORT (BRAMPTON),DELIVERLOAD,False,29,29,29,29,29,29,29,29,29,29,29,29,29,29,29,29,29,29,29,29,29,29,29,29,29
6380eae07571e116566417d2,673e6afc7fd29dce9f7a831a,PREMIUM LINE TRANSPORT (BRAMPTON),DELIVERLOAD,True,81,81,81,81,81,81,81,81,81,81,81,81,81,81,81,81,81,81,81,81,81,81,81,81,81
6380eae07571e116566417d2,68a73900fb84ba9590ffcd38,"PREMIUM TRANSPORTATION - HOPS CONNECT CANADA,",DELIVERLOAD,True,72,72,72,72,72,72,72,72,72,72,72,72,72,72,72,72,72,72,72,72,72,72,72,72,72
6380eae07571e116566417d2,6696bdd839ac1e30bc8f78d6,Premium Uniforms,DELIVERLOAD,True,102,102,102,102,102,102,102,102,102,102,102,102,102,102,102,102,102,102,102,102,102,102,102,102,102
6380eae07571e116566417d2,6696be00f4a3f40fbd957f0e,Premium Uniforms,DELIVERLOAD,True,68,68,68,68,68,68,68,68,68,68,68,68,68,68,68,68,68,68,68,68,68,68,68,68,68
6380eae07571e116566417d2,64a5cb1247fb2d16217ebcdf,PRESSURE CONTROL SOLUTIONS LTD.,DELIVERLOAD,True,66,66,66,66,66,66,66,66,66,66,66,66,66,66,66,66,66,66,66,66,66,66,66,66,66
6380eae07571e116566417d2,65e70103c68132b65fafbbc6,PRESTEVE FOODS LTD,DELIVERLOAD,True,172,172,172,172,172,172,172,172,172,172,214,172,172,186,172,172,172,172,172,172,172,172,172,172,172
6380eae07571e116566417d2,67ed7dcf21defed88b41ef56,Prestone Direct Calgary unit 118,DELIVERLOAD,False,20,20,20,20,20,20,20,20,20,20,20,20,20,20,20,20,20,20,20,20,20,20,20,20,20
6380eae07571e116566417d2,67ed7dcf21defed88b41ef56,Prestone Direct Calgary unit 118,DELIVERLOAD,True,40,40,40,40,40,40,40,40,40,40,40,40,40,40,40,40,40,40,40,40,40,40,40,40,40
6380eae07571e116566417d2,67c23e9addb596f057787611,price paper &produce  products,DELIVERLOAD,True,17,17,17,17,17,17,17,17,17,17,17,17,17,17,17,17,17,17,17,17,17,17,17,17,17
6380eae07571e116566417d2,688ab21f9560ea6b23b8a073,PRIMCO PWL LTD,HOOKCONTAINER,False,6,6,6,6,6,6,6,6,6,6,6,6,6,6,6,6,6,6,6,6,6,6,6,6,6
6380eae07571e116566417d2,67ec22b65379d6f0cd3b08db,Prime Food and Spices,DELIVERLOAD,False,39,39,39,39,39,39,39,39,39,39,39,39,39,39,39,39,39,39,39,39,39,39,39,39,39
6380eae07571e116566417d2,67ec22b65379d6f0cd3b08db,Prime Food and Spices,DELIVERLOAD,True,66,66,66,66,66,66,66,66,66,66,66,66,66,66,66,66,66,66,66,66,66,66,66,66,66
6380eae07571e116566417d2,67ec22b65379d6f0cd3b08db,Prime Food and Spices,HOOKCONTAINER,False,11,11,11,11,11,11,11,11,11,11,11,11,11,11,11,11,11,11,11,11,11,11,11,11,11
6380eae07571e116566417d2,649089c1832f611653a75c9c,PRIME FOODS #140,DELIVERLOAD,True,36,36,36,36,36,36,36,36,36,36,36,36,36,36,36,36,36,36,36,36,36,36,36,36,36
6380eae07571e116566417d2,68b2103e775099e94c54ece6,PRIME MOVERS RIGGING CALGARY,DELIVERLOAD,False,13,13,13,13,13,13,13,13,13,13,13,13,13,13,13,13,13,13,13,13,13,13,13,13,13
6380eae07571e116566417d2,677ee28a6afe2351fb26c442,Prime Movers Rigging & Industrial Services Inc.,DELIVERLOAD,False,54,54,54,54,54,54,54,54,54,54,54,54,54,54,54,54,54,54,54,54,54,54,54,54,54
6380eae07571e116566417d2,638e468cdeced515f58e1725,Primo International,DELIVERLOAD,False,29,29,29,29,29,29,29,29,29,29,29,29,29,29,29,29,29,29,29,29,29,29,29,29,29
6380eae07571e116566417d2,638e468cdeced515f58e1725,Primo International,DELIVERLOAD,True,93,93,93,93,93,93,93,93,93,93,93,93,93,93,93,93,93,93,93,93,93,93,93,93,93
6380eae07571e116566417d2,638e468cdeced515f58e1725,Primo International,HOOKCONTAINER,False,7,7,7,7,7,7,7,7,7,7,7,7,7,7,7,7,7,7,7,7,7,7,7,7,7
6380eae07571e116566417d2,639117de8e2a95165f79bdf4,Princess Auto Calgary Dc Wareh,DELIVERLOAD,False,29,29,29,29,29,29,29,29,29,29,29,29,29,29,29,29,29,29,29,29,29,29,29,29,29
6380eae07571e116566417d2,639117de8e2a95165f79bdf4,Princess Auto Calgary Dc Wareh,HOOKCONTAINER,False,27,27,27,27,27,27,27,27,27,27,27,27,27,27,27,27,27,27,27,27,42,27,27,27,27
6380eae07571e116566417d2,67eafd0bddfd89b6ca3f6a56,Princess Auto Kelowna,DELIVERLOAD,True,162,162,162,162,162,162,162,162,162,162,162,162,162,162,162,162,162,162,162,162,162,162,162,162,162
6380eae07571e116566417d2,679101e157a44894f99f4d3e,PRINCESS AUTO LTD - MILTON DISTRIBUTION,DELIVERLOAD,False,13,13,13,13,13,13,13,15,13,13,13,13,13,13,13,13,13,13,13,13,13,13,13,13,13
6380eae07571e116566417d2,679101e157a44894f99f4d3e,PRINCESS AUTO LTD - MILTON DISTRIBUTION,DELIVERLOAD,True,25,25,25,25,25,25,25,25,98,28,37,25,16,25,35,25,25,25,25,25,25,25,25,25,25
6380eae07571e116566417d2,679101e157a44894f99f4d3e,PRINCESS AUTO LTD - MILTON DISTRIBUTION,HOOKCONTAINER,False,29,29,20,29,29,29,29,29,29,29,29,29,4,29,29,29,29,29,29,29,29,29,29,29,29
6380eae07571e116566417d2,679101e157a44894f99f4d3e,PRINCESS AUTO LTD - MILTON DISTRIBUTION,PULLCONTAINER,False,3,3,3,3,3,3,3,3,3,3,3,3,3,3,3,3,3,3,3,3,3,3,3,3,3
6380eae07571e116566417d2,661c0b19a633deb31a3cfaf7,"PRINCESS AUTO LTD - MILTON, ON",DELIVERLOAD,False,29,29,29,29,29,29,29,29,29,29,29,29,29,29,29,29,29,29,29,29,29,29,29,29,29
6380eae07571e116566417d2,661c0b19a633deb31a3cfaf7,"PRINCESS AUTO LTD - MILTON, ON",DELIVERLOAD,True,4,4,4,4,4,4,4,4,4,4,4,4,4,4,4,4,4,4,4,4,4,4,4,4,4
6380eae07571e116566417d2,68af7dd8f9f216847c480973,PRINCE TIRES LTD,DELIVERLOAD,False,80,80,80,80,80,80,80,80,80,80,80,80,80,80,80,80,80,80,80,80,80,80,80,80,80
6380eae07571e116566417d2,6660c5fea5ef96fc40fbab0b,Proactive Caledon 3PL Whse XFR,DELIVERLOAD,True,66,66,66,66,66,66,66,66,66,66,66,66,66,66,66,66,66,66,66,66,66,66,66,66,66
6380eae07571e116566417d2,6660c5fea5ef96fc40fbab0b,Proactive Caledon 3PL Whse XFR,HOOKCONTAINER,False,20,20,20,20,20,20,20,20,20,20,20,20,20,20,20,20,20,20,20,20,20,20,20,20,20
6380eae07571e116566417d2,65dd199c45269d30c2c82864,PRODUITS REPLAST,DELIVERLOAD,True,66,66,66,66,66,66,66,66,66,66,66,66,66,66,66,66,66,66,66,66,66,66,66,66,66
6380eae07571e116566417d2,638e2f925c1f1916101ff116,Pro-formance Warehouse Calgary,DELIVERLOAD,False,13,13,13,13,13,13,13,13,13,13,13,13,13,13,13,13,13,7,24,25,13,13,13,13,13
6380eae07571e116566417d2,638e2f925c1f1916101ff116,Pro-formance Warehouse Calgary,DELIVERLOAD,True,166,166,166,166,166,166,166,166,166,166,166,166,166,166,166,166,166,166,166,166,166,166,166,166,166
6380eae07571e116566417d2,638e2f925c1f1916101ff116,Pro-formance Warehouse Calgary,HOOKCONTAINER,False,20,20,20,20,20,20,20,20,20,20,20,20,20,20,20,20,8,14,35,24,45,20,20,20,20
6380eae07571e116566417d2,638e2f925c1f1916101ff116,Pro-formance Warehouse Calgary,LIFTON,False,32,32,32,32,32,32,32,32,32,32,32,32,32,32,32,32,32,32,32,32,32,32,32,32,32
6380eae07571e116566417d2,638e2f925c1f1916101ff116,Pro-formance Warehouse Calgary,PULLCONTAINER,False,9,9,9,9,9,9,9,9,9,9,9,9,9,9,9,9,9,9,9,9,9,9,9,9,9
6380eae07571e116566417d2,638e2f925c1f1916101ff116,Pro-formance Warehouse Calgary,RETURNCONTAINER,False,15,15,15,15,15,15,15,15,15,15,15,15,15,15,15,15,15,15,15,15,15,15,15,15,15
6380eae07571e116566417d2,64189ef493077c162759fba5,Pro-formance Warehouse Edmonton,DELIVERLOAD,False,16,16,16,16,16,16,16,16,16,16,16,16,16,17,11,22,96,16,19,9,19,16,16,16,16
6380eae07571e116566417d2,64189ef493077c162759fba5,Pro-formance Warehouse Edmonton,DELIVERLOAD,True,41,41,41,41,41,41,41,41,41,41,41,41,4,41,41,41,38,24,54,41,41,41,41,41,41
6380eae07571e116566417d2,64189ef493077c162759fba5,Pro-formance Warehouse Edmonton,HOOKCONTAINER,False,21,21,21,21,21,21,21,21,21,21,21,21,21,21,21,15,42,32,21,21,21,21,21,21,21
6380eae07571e116566417d2,638e49c27510cb164789d8e9,Prolube Garage,DELIVERLOAD,False,29,29,29,29,29,29,29,29,29,29,29,29,29,29,29,29,29,29,29,29,29,29,29,29,29
6380eae07571e116566417d2,67d352e59ca3c3f36d40be3b,Promise Robotics Inc,DELIVERLOAD,False,12,12,12,12,12,12,12,12,12,12,12,12,12,12,12,12,12,12,12,12,12,12,12,12,12
6380eae07571e116566417d2,67d352e59ca3c3f36d40be3b,Promise Robotics Inc,HOOKCONTAINER,False,8,8,8,8,8,8,8,8,8,8,8,8,8,8,8,8,8,8,8,8,8,8,8,8,8
6380eae07571e116566417d2,652989a8158e20168ae3861b,ProNorth Industrial Park Inc,RETURNCONTAINER,False,6,6,6,6,6,6,6,6,6,6,6,6,6,6,6,6,6,6,6,6,6,6,6,6,6
6380eae07571e116566417d2,65a0919404dbed163bd4ca37,"PRO-PLY CUSTOM PLYWOOD INC - INGERSOL, ON",DELIVERLOAD,True,81,81,81,81,81,81,81,81,81,81,81,81,81,81,81,81,81,81,81,81,81,81,81,81,81
6380eae07571e116566417d2,67afd02a7e0a62f3e3f6fc96,PROSCAFF ENTERPRISES INC.,DELIVERLOAD,False,29,29,29,29,29,29,29,29,29,29,29,29,29,29,29,29,29,29,29,29,29,29,29,29,29
6380eae07571e116566417d2,67afd02a7e0a62f3e3f6fc96,PROSCAFF ENTERPRISES INC.,HOOKCONTAINER,False,40,40,40,40,40,40,40,40,40,40,40,40,40,40,40,40,40,40,40,40,40,40,40,40,40
6380eae07571e116566417d2,685ea63845b2e5ccc07e556e,PROSOL,DELIVERLOAD,True,90,90,90,90,90,90,90,90,90,90,90,90,90,90,90,90,90,90,90,90,90,90,90,90,90
6380eae07571e116566417d2,64b5b00d3a8cfa15ff6d80ba,PROSOL INC.,DELIVERLOAD,False,33,33,33,33,33,33,33,33,33,33,33,33,33,33,33,33,33,33,33,33,33,33,33,33,33
6380eae07571e116566417d2,64b5b00d3a8cfa15ff6d80ba,PROSOL INC.,HOOKCONTAINER,False,12,12,12,12,12,12,12,12,12,12,12,12,12,12,12,12,12,12,12,12,12,12,12,12,12
6380eae07571e116566417d2,64b5b00d65bda914373cdae7,PROSOL INC.,DELIVERLOAD,False,14,14,14,14,14,14,14,14,14,14,14,14,14,14,14,14,14,14,14,14,14,14,14,14,14
6380eae07571e116566417d2,64b5b00d65bda914373cdae7,PROSOL INC.,HOOKCONTAINER,False,86,86,86,86,86,86,86,86,86,86,86,86,86,86,86,86,86,86,86,86,86,86,86,86,86
6380eae07571e116566417d2,64419a0317c13415f1781ec7,"PROTECH DIAMOND TOOLS INC UNIT 105,",DELIVERLOAD,True,58,58,58,58,58,58,58,58,58,58,58,58,58,58,58,58,58,58,58,58,58,58,58,58,58
6380eae07571e116566417d2,638e663fe50c1016291a03bb,Prowest EDM,DELIVERLOAD,True,15,15,15,15,15,15,15,15,15,15,15,15,15,15,15,15,15,15,15,15,15,15,15,15,15
6380eae07571e116566417d2,651c41e056b58d1626045e64,PROWEST SHIPPING & PACKAGING,HOOKCONTAINER,False,45,45,45,45,45,45,45,45,45,45,45,45,45,45,45,45,45,45,45,45,45,45,45,45,45
6380eae07571e116566417d2,638e24a55c1f1916101fef1f,PROWEST SHIPPING & PACKAGING LTD.,DELIVERLOAD,False,16,16,16,16,16,16,16,16,16,36,21,13,19,16,9,13,17,19,16,16,16,16,16,16,16
6380eae07571e116566417d2,638e24a55c1f1916101fef1f,PROWEST SHIPPING & PACKAGING LTD.,DELIVERLOAD,True,48,48,48,48,48,48,48,48,48,48,48,48,49,48,48,48,48,48,48,48,48,48,48,48,48
6380eae07571e116566417d2,638e24a55c1f1916101fef1f,PROWEST SHIPPING & PACKAGING LTD.,HOOKCONTAINER,False,17,17,17,17,17,17,17,17,17,17,36,5,34,19,21,24,14,16,15,20,17,17,17,17,17
6380eae07571e116566417d2,638ec5876df97715f0f3a714,P & R TRADING,DELIVERLOAD,False,29,29,29,29,29,29,29,29,29,29,29,29,29,29,29,29,29,29,29,29,29,29,29,29,29
6380eae07571e116566417d2,638ec5876df97715f0f3a714,P & R TRADING,DELIVERLOAD,True,158,158,158,158,158,158,158,158,158,158,158,158,158,158,158,158,158,158,158,158,158,158,158,158,158
6380eae07571e116566417d2,68768dd60ddd08b730bd1948,P & R TRADING - Three Hills,DELIVERLOAD,False,71,71,71,71,71,71,71,71,71,71,71,71,71,71,71,71,71,71,71,71,71,71,71,71,71
6380eae07571e116566417d2,68768dd60ddd08b730bd1948,P & R TRADING - Three Hills,DELIVERLOAD,True,66,66,66,66,66,66,66,66,66,66,66,66,66,66,66,66,66,66,66,66,66,66,66,66,66
6380eae07571e116566417d2,662a74bb0f3ca35bf0c93730,PTI,DELIVERLOAD,True,111,111,111,111,111,111,111,111,111,111,111,111,111,111,111,111,111,111,111,111,111,111,111,111,111
6380eae07571e116566417d2,687fe164d74630e148e8da77,PTM industries,DELIVERLOAD,False,29,29,29,29,29,29,29,29,29,29,29,29,29,29,29,29,29,29,29,29,29,29,29,29,29
6380eae07571e116566417d2,6393c2fa6d10ed163914ebda,PUBLIC STORAGE CALGARY,DELIVERLOAD,False,19,19,19,19,19,19,19,19,19,19,19,19,19,19,19,19,19,19,19,19,19,19,19,19,19
6380eae07571e116566417d2,6393c2fa6d10ed163914ebda,PUBLIC STORAGE CALGARY,HOOKCONTAINER,False,24,24,24,24,24,24,24,24,24,24,24,24,24,24,24,24,24,24,24,24,24,24,24,24,24
6380eae07571e116566417d2,638e663fe50c1016291a03ac,Punjab Furnitures And Decor,HOOKCONTAINER,False,20,20,20,20,20,20,20,20,20,20,20,20,20,20,20,20,20,20,20,20,20,20,20,20,20
6380eae07571e116566417d2,6696f2305fb120a26ff5ad40,Punjab Furnitures and Decor  #1145,HOOKCONTAINER,False,20,20,20,20,20,20,20,20,20,20,20,20,20,20,20,20,20,20,20,20,20,20,20,20,20
6380eae07571e116566417d2,688b9bb6c369d3eb310170ab,Punjabi Chulha #165,DELIVERLOAD,False,47,47,47,47,47,47,47,47,47,47,47,47,47,47,47,47,47,47,47,47,47,47,47,47,47
6380eae07571e116566417d2,688b9bb6c369d3eb310170ab,Punjabi Chulha #165,HOOKCONTAINER,False,13,13,13,13,13,13,13,13,13,13,13,13,13,13,13,13,13,13,13,13,13,13,13,13,13
6380eae07571e116566417d2,67d479d30ae566aaa2d8d67d,Punjab Milk Foods,DELIVERLOAD,True,22,22,22,22,22,22,22,22,22,22,22,22,22,22,22,22,22,22,22,22,22,22,22,22,22
6380eae07571e116566417d2,66bbd9c30d5e78bdd52401a4,PUNJAB MILK FOODS -- CAMPBELL HEIGHTS,DELIVERLOAD,True,105,105,105,105,105,105,105,105,105,105,105,105,105,105,105,105,105,105,105,105,105,105,105,105,105
6380eae07571e116566417d2,684c85d63b34ef66023c9a1d,Puratos,DELIVERLOAD,True,60,60,60,60,60,60,60,60,60,60,60,60,60,60,60,60,60,60,60,60,60,60,60,60,60
6380eae07571e116566417d2,640286de3f2e4915df49fd68,PURE CARE INC.,DELIVERLOAD,False,10,10,10,10,10,10,10,10,10,10,10,10,10,10,10,10,10,10,10,10,10,10,10,10,10
6380eae07571e116566417d2,68135d06aa33e28c68b8aa24,PURITY LIFE HEALTH PRODUCTS,DELIVERLOAD,True,82,82,82,82,82,82,82,82,82,82,82,82,82,82,82,82,82,82,82,82,82,82,82,82,82
6380eae07571e116566417d2,68125d4901d43bbfcccad6df,Purolator,DELIVERLOAD,False,39,39,39,39,39,39,39,39,39,39,39,39,39,39,39,39,39,39,39,39,39,39,39,39,39
6380eae07571e116566417d2,68125d4901d43bbfcccad6df,Purolator,DELIVERLOAD,True,33,33,33,33,33,33,33,33,33,33,33,33,33,33,33,33,33,33,33,33,33,33,33,33,33
6380eae07571e116566417d2,68125d4901d43bbfcccad6df,Purolator,HOOKCONTAINER,False,46,46,46,46,46,46,46,46,46,46,46,46,46,46,46,46,46,46,46,46,46,46,46,46,46
6380eae07571e116566417d2,65f8b4a44b9e85c19895fecd,"PURPLE SPRINGS - AGASSIZ, BC",DELIVERLOAD,True,66,66,66,66,66,66,66,66,66,66,66,66,66,66,66,66,66,66,66,66,66,66,66,66,66
6380eae07571e116566417d2,662310fe1de5091d33da69a2,"PURPLE SPRINGS - HARRISON MILLS, BC",DELIVERLOAD,True,50,50,50,50,50,50,50,50,50,50,50,50,50,50,50,50,50,50,50,50,50,50,50,50,50
6380eae07571e116566417d2,67f6acdee587d8f950863c58,QRC Logistics (1978) Ltd,DELIVERLOAD,True,72,72,72,72,72,72,72,72,72,72,72,72,72,72,72,72,72,72,72,72,72,72,72,72,72
6380eae07571e116566417d2,683f4154b96b16f73514e1ef,Quadra,DELIVERLOAD,True,66,66,66,66,66,66,66,66,66,66,66,66,66,66,66,66,66,66,66,66,66,66,66,66,66
6380eae07571e116566417d2,65c54f0cbc41ae957dee5567,QUALIFOODS INC,DELIVERLOAD,True,5,5,5,5,5,5,5,5,5,5,5,5,5,5,5,5,5,5,5,5,5,5,5,5,5
6380eae07571e116566417d2,638ec3336df97715f0f3a4d9,QUALITY WIRELINE & CABLE INC,DELIVERLOAD,True,125,125,125,125,125,125,125,125,125,125,125,125,125,125,125,125,125,125,125,125,125,125,125,125,125
6380eae07571e116566417d2,67f80fd95974a7144d79b7f4,QUANTUM LIFT CORP,DELIVERLOAD,True,67,67,67,67,67,67,67,67,67,67,67,67,67,67,67,67,67,67,67,67,67,67,67,67,67
6380eae07571e116566417d2,64124504f3a66216054d443d,QUANTUM TECHNICAL SERVICES LTD.,DELIVERLOAD,False,24,24,24,24,24,24,24,24,24,24,24,24,24,24,24,24,24,24,24,24,24,24,24,24,24
6380eae07571e116566417d2,64124504f3a66216054d443d,QUANTUM TECHNICAL SERVICES LTD.,DELIVERLOAD,True,85,85,85,85,85,85,85,85,85,85,85,85,85,85,85,85,85,85,85,85,85,85,85,85,85
6380eae07571e116566417d2,6567acc16f0d5816136dcc5c,Quebec Wild,DELIVERLOAD,True,108,108,108,108,108,108,108,108,108,108,108,108,108,108,8,108,108,108,108,108,108,108,108,108,108
6380eae07571e116566417d2,67c606bcaf7143cbff5777ea,QUEST INDUSTRIAL,DELIVERLOAD,False,78,78,78,78,78,78,78,78,78,78,78,78,78,78,78,78,78,78,78,78,78,78,78,78,78
6380eae07571e116566417d2,67c606bcaf7143cbff5777ea,QUEST INDUSTRIAL,HOOKCONTAINER,False,9,9,9,9,9,9,9,9,9,9,9,9,9,9,9,9,9,9,9,9,9,9,9,9,9
6380eae07571e116566417d2,65b7ff5a60b382b26a8ed25f,RADA INDUSTRIES 181,DELIVERLOAD,True,117,117,117,117,117,117,117,117,117,117,117,117,117,117,117,117,117,117,117,117,117,117,117,117,117
6380eae07571e116566417d2,6745e5843886fb9c6d2f8c5b,RADIANT,DELIVERLOAD,True,6,6,6,6,6,6,6,6,6,6,6,6,6,6,6,6,6,6,6,6,6,6,6,6,6
6380eae07571e116566417d2,680013a5f1de79d42545e14e,RADIANT DISTRIBUTION (BC),DELIVERLOAD,True,92,92,92,92,92,92,92,92,92,92,92,92,92,92,92,92,92,92,92,92,92,92,92,92,92
6380eae07571e116566417d2,6882a3e57b6d0087eb953ef2,Radiant Global Logistics,DELIVERLOAD,True,37,37,37,37,37,37,37,37,37,37,37,37,37,37,37,37,37,37,37,37,37,37,37,37,37
6380eae07571e116566417d2,68a799a540628862cbed7ba4,Radiant Global Logistics,DELIVERLOAD,True,66,66,66,66,66,66,66,66,66,66,66,66,66,66,66,66,66,66,66,66,66,66,66,66,66
6380eae07571e116566417d2,6876c879af0fb1ea8c15357a,RANA #284009 TWP 250,HOOKCONTAINER,False,9,9,9,9,9,9,9,9,9,9,9,9,9,9,9,9,9,9,9,9,9,9,9,9,9
6380eae07571e116566417d2,642760bfd1bf8b16065ae18f,Ranger Tire,DELIVERLOAD,False,18,18,18,18,18,18,18,18,18,18,18,18,18,18,18,18,18,18,18,18,18,18,18,18,18
6380eae07571e116566417d2,642760bfd1bf8b16065ae18f,Ranger Tire,HOOKCONTAINER,False,14,14,14,14,14,14,14,14,14,14,14,14,14,14,14,14,14,14,14,14,14,14,14,14,14
6380eae07571e116566417d2,67e6d02f2a5b64d75fc897de,"Ranvic Group inc,",DELIVERLOAD,False,69,69,69,69,69,69,69,69,69,69,69,69,69,69,69,69,69,69,69,69,69,69,69,69,69
6380eae07571e116566417d2,638e78f8683f83165d3f13af,"Raymond Containers, Montreal, QC",DELIVERLOAD,True,66,66,66,66,66,66,66,66,66,66,66,66,66,66,66,66,66,66,66,66,66,66,66,66,66
6380eae07571e116566417d2,68b99be16150b90c8046f845,RAYMONT VANCOUVER,RETURNCONTAINER,False,84,84,84,84,84,84,84,84,84,84,84,84,84,84,84,84,84,84,84,84,84,84,84,84,84
6380eae07571e116566417d2,68c9af49aaece3fec4cbc31a,Raynard Automotive Supply,DELIVERLOAD,True,66,66,66,66,66,66,66,66,66,66,66,66,66,66,66,66,66,66,66,66,66,66,66,66,66
6380eae07571e116566417d2,681241dbae6f0c81edf70005,razir yard,HOOKCONTAINER,False,15,15,15,15,15,15,15,19,15,15,15,15,15,15,15,15,15,15,15,15,15,15,15,15,15
6380eae07571e116566417d2,6717eb919e6383407de92f34,Razir (Yard),DELIVERLOAD,False,20,20,20,20,20,20,20,20,20,20,20,20,20,20,20,13,20,20,13,20,20,20,20,20,20
6380eae07571e116566417d2,6717eb919e6383407de92f34,Razir (Yard),DELIVERLOAD,True,21,21,21,21,21,21,21,21,21,21,21,11,33,20,29,40,21,32,13,6,56,21,21,21,21
6380eae07571e116566417d2,6717eb919e6383407de92f34,Razir (Yard),HOOKCONTAINER,False,17,17,17,17,17,28,13,12,27,17,9,19,17,17,17,17,17,17,17,17,17,17,17,17,17
6380eae07571e116566417d2,6717eb919e6383407de92f34,Razir (Yard),PULLCONTAINER,False,9,9,9,9,9,9,9,5,9,9,9,9,9,9,9,9,16,9,9,9,9,9,9,9,9
6380eae07571e116566417d2,6717eb919e6383407de92f34,Razir (Yard),RETURNCONTAINER,False,35,35,35,35,35,35,35,35,35,35,35,35,35,35,24,35,35,35,35,35,35,35,35,35,35
6380eae07571e116566417d2,67ffef79af6b3ae7c5138e33,RB WILLOIAMS INDUSTRIAL,DELIVERLOAD,False,66,66,66,66,66,66,66,66,66,66,66,66,66,66,66,66,66,66,66,66,66,66,66,66,66
6380eae07571e116566417d2,68559ffdbe8dbb7ffc1006bc,RDI,DELIVERLOAD,False,29,29,29,29,29,29,29,29,29,29,29,29,29,29,29,29,29,29,29,29,29,29,29,29,29
6380eae07571e116566417d2,638e4e3805db79164b424553,Recochem,DELIVERLOAD,False,51,51,51,51,51,51,51,51,51,51,51,51,51,51,51,51,51,51,51,51,51,51,51,51,51
6380eae07571e116566417d2,638e4e3805db79164b424553,Recochem,DELIVERLOAD,True,87,87,87,87,87,87,87,87,87,87,87,87,87,87,87,87,87,87,87,87,87,87,87,87,87
6380eae07571e116566417d2,67b771fa6a948c25daa58bfe,Recochem inc.,DELIVERLOAD,True,41,41,41,41,41,41,41,41,41,41,41,41,41,41,41,41,41,41,41,41,41,41,41,41,41
6380eae07571e116566417d2,638e4e3805db79164b424551,Recochem Inc.,DELIVERLOAD,False,59,59,59,59,59,59,59,59,59,59,59,59,59,59,59,59,59,59,59,59,59,59,59,59,59
6380eae07571e116566417d2,638e4e3805db79164b424551,Recochem Inc.,DELIVERLOAD,True,151,151,151,151,151,151,151,151,151,151,151,151,151,151,151,151,151,151,151,151,151,151,151,151,151
6380eae07571e116566417d2,66a7cee5c1365063653c5c0d,Recochem Inc.,DELIVERLOAD,True,94,94,94,94,94,94,94,94,94,94,94,94,94,94,97,94,94,94,94,94,94,94,94,94,94
6380eae07571e116566417d2,67c881ac75ded5a077d2f5aa,"RED APPLE STORE - BRAMPTON, ON",DELIVERLOAD,True,8,8,8,8,8,8,8,8,8,8,8,8,8,8,8,8,8,8,8,8,8,8,8,8,8
6380eae07571e116566417d2,67d1f90effe894bdc50c668d,RED DEER IRONWORKS INC.,DELIVERLOAD,True,180,180,180,180,180,180,180,180,180,180,180,180,180,180,180,180,180,180,180,180,180,180,180,180,180
6380eae07571e116566417d2,652acb194df0c31630221f0e,Redfern Enterprises Ltd #101,DELIVERLOAD,False,47,47,47,47,47,47,47,47,47,47,47,47,47,47,47,47,47,47,47,47,47,47,47,47,47
6380eae07571e116566417d2,638e99746df97715f0f39f8d,Redpath Sugar Ltd,DELIVERLOAD,True,102,102,102,102,102,102,102,102,102,102,102,102,102,102,102,102,102,102,102,102,102,102,102,102,102
6380eae07571e116566417d2,63ff84134c344d15f936f36f,Reflex Manufacturing Ltd.,DELIVERLOAD,False,57,57,57,57,57,57,57,57,57,57,57,57,57,57,57,57,57,57,57,57,57,57,57,57,57
6380eae07571e116566417d2,63ff84134c344d15f936f36f,Reflex Manufacturing Ltd.,DELIVERLOAD,True,66,66,66,66,66,66,66,66,66,66,66,66,66,66,66,66,66,66,66,66,66,66,66,66,66
6380eae07571e116566417d2,638e2fd4b91dc3160b914f9f,Refresco Beverages Calgary,DELIVERLOAD,False,47,47,47,47,47,47,47,47,47,47,47,47,47,47,47,47,47,47,47,47,47,47,47,47,47
6380eae07571e116566417d2,638ebd397510cb164789e570,REFRIGERATIVE SUPPLY S BURNABY,DELIVERLOAD,True,66,66,66,66,66,66,66,66,66,66,66,66,66,66,66,66,66,66,66,66,66,66,66,66,66
6380eae07571e116566417d2,6887de93354cc96b1f41cff7,Regal Auctions,DELIVERLOAD,False,55,55,55,55,55,55,55,55,55,55,55,55,55,55,55,55,55,55,55,55,55,55,55,55,55
6380eae07571e116566417d2,6887de93354cc96b1f41cff7,Regal Auctions,HOOKCONTAINER,False,10,10,10,10,10,10,10,10,10,10,10,10,10,10,10,10,10,10,10,10,10,10,10,10,10
6380eae07571e116566417d2,660d75e34b31c6fbde3d38f8,REGAL SHELF & MIRROR LTD BAY A,DELIVERLOAD,False,20,20,20,20,20,20,20,20,20,20,20,20,20,20,20,20,20,20,20,20,20,20,20,20,20
6380eae07571e116566417d2,660d75e34b31c6fbde3d38f8,REGAL SHELF & MIRROR LTD BAY A,HOOKCONTAINER,False,19,19,19,19,19,19,19,19,19,19,19,19,19,19,19,19,19,19,19,19,19,19,19,19,19
6380eae07571e116566417d2,64221eb43044f815dd7abfd9,REGAL SHELF & MIRROR LTD (FOR CAN-C,HOOKCONTAINER,False,12,12,12,12,12,12,12,12,12,12,12,12,12,12,12,12,12,12,12,12,12,12,12,12,12
6380eae07571e116566417d2,67c35b5dac4967253e7f5411,Reliance Industrial Products,DELIVERLOAD,False,85,85,85,85,85,85,85,85,85,85,85,85,85,85,85,85,85,85,85,85,85,85,85,85,85
6380eae07571e116566417d2,652079c3aed7b21600ec20c4,Renn Mill Center,DELIVERLOAD,True,66,66,66,66,66,66,66,66,66,66,66,66,66,66,66,66,66,66,66,66,66,66,66,66,66
6380eae07571e116566417d2,6439c1cd923434147f7e7ecc,RENN MILL CENTER INC,DELIVERLOAD,True,66,66,66,66,66,66,66,66,66,66,66,66,66,66,66,66,66,66,66,66,66,66,66,66,66
6380eae07571e116566417d2,67f97c0f5edec72f7db7bcbe,RENSO TECHNOLOGY (CANADA) COPORATION,DELIVERLOAD,True,3,3,3,3,3,3,3,3,3,3,3,3,3,3,3,3,3,3,3,3,3,3,3,3,3
6380eae07571e116566417d2,638e6247499bdc16072431be,Reside Furnishings,DELIVERLOAD,False,25,25,25,25,25,25,25,25,25,25,25,25,25,25,25,25,25,25,25,25,25,25,25,25,25
6380eae07571e116566417d2,638e6247499bdc16072431be,Reside Furnishings,DELIVERLOAD,True,105,105,105,105,105,105,105,105,105,105,105,105,105,105,105,105,105,105,105,105,105,105,105,105,105
6380eae07571e116566417d2,638e6247499bdc16072431be,Reside Furnishings,HOOKCONTAINER,False,17,17,17,17,17,17,17,17,17,17,17,17,17,17,17,17,17,17,17,17,17,17,17,17,17
6380eae07571e116566417d2,688a2a501f3c43256fb1735b,Residential Address,DELIVERLOAD,False,3,3,3,3,3,3,3,3,3,3,3,3,3,3,3,3,3,3,3,3,3,3,3,3,3
6380eae07571e116566417d2,68c3157f3bd08eb39ff3e6f6,RESIDENTIAL DELIVERY 2040,DELIVERLOAD,False,28,28,28,28,28,28,28,28,28,28,28,28,28,28,28,28,28,28,28,28,28,28,28,28,28
6380eae07571e116566417d2,68c3157f3bd08eb39ff3e6f6,RESIDENTIAL DELIVERY 2040,HOOKCONTAINER,False,28,28,28,28,28,28,28,28,28,28,28,28,28,28,28,28,28,28,28,28,28,28,28,28,28
6380eae07571e116566417d2,689259e95aa72929e349b8f1,RESIDENTIAL HOUSE,DELIVERLOAD,False,29,29,29,29,29,29,29,29,29,29,29,29,29,29,29,29,29,29,29,29,29,29,29,29,29
6380eae07571e116566417d2,65dd0b3c9e53bbaf8e6fe6ee,REUVEN INTERNATIONAL CDNCB,DELIVERLOAD,True,145,145,145,145,145,145,145,145,145,145,6,145,145,145,145,145,145,145,149,21,145,145,145,266,145
6380eae07571e116566417d2,6733d15353d7a608a8fb197e,Revolution Sustainable Solutions,DELIVERLOAD,True,66,66,66,66,66,66,66,66,66,66,66,66,66,66,66,66,66,66,66,66,66,66,66,66,66
6380eae07571e116566417d2,638e6b9034262115e3bed0db,Revolve Industries Inc,DELIVERLOAD,False,44,44,44,44,44,44,44,44,44,44,44,44,44,44,44,44,44,44,44,44,44,44,44,44,44
6380eae07571e116566417d2,638e6b9034262115e3bed0db,Revolve Industries Inc,HOOKCONTAINER,False,14,14,14,14,14,14,14,14,14,14,14,14,14,14,14,14,14,14,14,14,14,14,14,14,14
6380eae07571e116566417d2,6887860a407966eba5e09d94,Rexel Wire & Cable Centre,DELIVERLOAD,True,66,66,66,66,66,66,66,66,66,66,66,66,66,66,66,66,66,66,66,66,66,66,66,66,66
6380eae07571e116566417d2,65c52713f16d84362bf14305,RGR Produce Sales Inc.,DELIVERLOAD,True,3,3,3,3,3,3,3,3,3,3,3,3,3,3,3,3,3,3,3,3,3,3,3,3,3
6380eae07571e116566417d2,66c77395ef4e82b44ac7f10d,Rhino paper,DELIVERLOAD,True,7,7,7,7,7,7,7,7,7,7,7,7,7,7,74,7,7,7,7,7,7,7,7,7,7
6380eae07571e116566417d2,6393c2fa6d10ed163914ea73,Richardson Oilseed Limited,DELIVERLOAD,True,25,25,25,25,25,25,25,25,25,25,25,25,25,25,25,25,25,25,25,25,25,25,25,25,25
6380eae07571e116566417d2,67e813d40c1617c31d3d42c1,RICHARDSON PIONEER BEISEKER,DELIVERLOAD,False,29,29,29,29,29,29,29,29,29,29,29,29,29,29,29,29,29,29,29,29,29,29,29,29,29
6380eae07571e116566417d2,65774c4b4636e315ece9d5d2,Richelieu Calgary,DELIVERLOAD,False,8,8,8,8,8,8,8,8,8,8,8,8,8,8,8,8,8,8,8,8,8,8,8,8,8
6380eae07571e116566417d2,65774c4b4636e315ece9d5d2,Richelieu Calgary,DELIVERLOAD,True,41,41,41,41,41,41,41,41,41,41,41,41,41,41,41,41,41,41,41,41,41,41,41,41,41
6380eae07571e116566417d2,65774c4b4636e315ece9d5d2,Richelieu Calgary,HOOKCONTAINER,False,15,15,15,15,15,15,15,15,15,15,15,15,15,15,15,15,15,15,15,15,15,15,15,15,15
6380eae07571e116566417d2,6765898a08ff104cd864cfb3,RICHMOND BUILDING SUPPLIES,DELIVERLOAD,True,167,167,167,167,167,167,167,167,167,167,167,167,167,167,167,167,167,167,167,167,167,167,167,167,167
6380eae07571e116566417d2,67587ff3332256d6542f30bc,"Richmond Portside - RICHMOND, BC",DELIVERLOAD,True,10,10,10,10,10,10,10,10,10,10,10,10,10,10,10,10,10,10,10,10,10,10,10,10,10
6380eae07571e116566417d2,638e774c7510cb164789df0e,RITCHIE BRO AUCTIONEERS NISKU,RETURNCONTAINER,False,17,17,17,17,17,17,17,17,17,17,17,17,17,17,17,17,17,17,17,17,17,17,17,17,17
6380eae07571e116566417d2,6425f6e1b2a33b1632766179,RITCHIE BROS,DELIVERLOAD,True,31,31,31,31,31,31,31,31,31,31,31,31,31,31,31,31,31,31,31,31,31,31,31,31,31
6380eae07571e116566417d2,6425f6e1b2a33b1632766179,RITCHIE BROS,RETURNCONTAINER,False,24,24,24,24,24,24,24,24,24,24,24,24,24,24,24,24,24,24,24,24,24,24,24,24,24
6380eae07571e116566417d2,638f5669648f7a162c61a8e1,RITCHIE BROS AUCTIONEERS.,DELIVERLOAD,False,29,29,29,29,29,29,29,29,29,29,29,29,29,29,29,29,29,29,29,29,29,29,29,29,29
6380eae07571e116566417d2,638f5669648f7a162c61a8e1,RITCHIE BROS AUCTIONEERS.,DELIVERLOAD,True,121,121,121,121,121,121,121,121,121,121,121,121,121,121,121,121,121,121,121,121,121,121,121,121,121
6380eae07571e116566417d2,678985e510adc4836ea3160f,"RITCHIE BROS. AUCTIONEERS C/O SHANGHAI TIECHI INDUSTRIES CO.,LTD",DELIVERLOAD,True,128,128,128,128,128,128,128,128,128,128,128,128,128,128,128,128,128,128,128,128,128,128,128,128,128
6380eae07571e116566417d2,638e77d47c780a16503cb03a,Ritchie Brothers Auctioners,DELIVERLOAD,False,43,43,43,43,43,43,43,43,43,43,43,43,43,43,43,43,43,43,43,43,43,43,43,43,43
6380eae07571e116566417d2,638e77d47c780a16503cb03a,Ritchie Brothers Auctioners,DELIVERLOAD,True,107,107,107,107,107,107,107,107,107,107,107,107,107,107,107,107,107,107,107,107,107,107,107,107,107
6380eae07571e116566417d2,638e77d47c780a16503cb03a,Ritchie Brothers Auctioners,HOOKCONTAINER,False,20,20,20,20,20,20,20,20,20,20,20,20,20,20,20,20,20,20,20,20,20,20,20,20,20
6380eae07571e116566417d2,688263ff0525b69f7cda8021,RITEWAY PACKAGING SUPPLIES & SERVICES INC,HOOKCONTAINER,False,20,20,20,20,20,20,20,20,20,20,20,20,20,20,20,20,20,20,20,20,20,20,20,20,20
6380eae07571e116566417d2,66464614c72826f2ba372c0b,RJAMES MANAGEMENT GROUP LTD,DELIVERLOAD,True,73,73,73,73,73,73,73,73,73,73,73,73,73,73,73,73,73,73,73,73,73,73,73,73,73
6380eae07571e116566417d2,64b86c20d40ecd15e46b979d,Rjames western star,DELIVERLOAD,False,29,29,29,29,29,29,29,29,29,29,29,29,29,29,29,29,29,29,29,29,29,29,29,29,29
6380eae07571e116566417d2,64b86c20d40ecd15e46b979d,Rjames western star,DELIVERLOAD,True,66,66,66,66,66,66,66,66,66,66,66,66,66,66,66,66,66,66,66,66,66,66,66,66,66
6380eae07571e116566417d2,64b86c20d40ecd15e46b979d,Rjames western star,HOOKCONTAINER,False,60,60,60,60,60,60,60,60,60,60,60,60,60,60,60,60,60,60,60,60,60,60,60,60,60
6380eae07571e116566417d2,638e9e3166512f16196c8929,R-land Windows and Doors Inc.,DELIVERLOAD,True,66,66,66,66,66,66,66,66,66,66,66,66,66,66,66,66,66,66,66,66,66,66,66,66,66
6380eae07571e116566417d2,648a034f7a1e091628c18b14,R LAND WINDOWS & DOORS,DELIVERLOAD,True,154,154,154,154,154,154,154,154,154,154,154,154,154,154,154,154,154,154,154,154,154,154,154,154,154
6380eae07571e116566417d2,6862f1a22f2878d7d07d7ef3,ROADWAY LOGISTICS,DELIVERLOAD,False,19,19,19,19,19,19,19,19,19,19,19,19,19,19,19,19,19,19,19,19,19,19,19,19,19
6380eae07571e116566417d2,638e51a4deced515f58e195b,ROAD WAY LOGISTICS - Calgary,DELIVERLOAD,False,12,12,12,12,12,12,12,12,12,12,12,12,12,12,12,12,12,12,12,12,12,12,12,12,12
6380eae07571e116566417d2,638e51a4deced515f58e195b,ROAD WAY LOGISTICS - Calgary,DELIVERLOAD,True,92,92,92,92,92,92,92,92,92,92,92,92,92,92,92,92,92,92,92,92,92,92,92,92,92
6380eae07571e116566417d2,638e4f33d07518161966a835,Robert Boucherville QC,DELIVERLOAD,True,50,50,50,50,50,50,50,50,50,50,50,50,50,50,50,50,50,50,50,50,50,50,50,50,50
6380eae07571e116566417d2,664fc33076c83a4e22524cd7,"Robertson Electric Wholesale - Surrey, BC",DELIVERLOAD,True,23,23,23,23,23,23,23,23,23,23,23,23,23,23,23,23,23,23,23,23,23,23,23,23,23
6380eae07571e116566417d2,679425db51a8349d0129f2a6,ROBYN GERRARD WETASKIWIN COOP ASSN LTD,DELIVERLOAD,True,66,66,66,66,66,66,66,66,66,66,66,66,66,66,66,66,66,66,66,66,66,66,66,66,66
6380eae07571e116566417d2,681a4696675e105304745edd,Rochester Aluminum,DELIVERLOAD,False,29,29,29,29,29,29,29,29,29,29,29,29,29,29,29,29,29,29,29,29,29,29,29,29,29
6380eae07571e116566417d2,6633d8c652f7e30a481c97f9,Rockbusters Oilfield Performance,DELIVERLOAD,True,154,154,154,154,154,154,154,154,154,154,154,154,154,154,154,154,154,154,154,154,154,154,154,154,154
6380eae07571e116566417d2,654ab6ee655f29156d696a3c,ROCK SOLID EQUIPMENT INC,DELIVERLOAD,True,59,59,59,59,59,59,59,59,59,59,59,59,59,59,59,59,59,59,59,59,59,59,59,59,59
6380eae07571e116566417d2,673bbbc820a4bac832dc9e54,Rolf C. Hagen Inc,DELIVERLOAD,False,33,33,33,33,33,33,33,33,33,33,66,74,33,33,23,30,25,18,33,33,33,33,33,33,33
6380eae07571e116566417d2,673bbbc820a4bac832dc9e54,Rolf C. Hagen Inc,DELIVERLOAD,True,82,82,82,82,82,82,82,82,82,82,82,82,82,82,82,82,82,82,41,82,82,82,82,82,82
6380eae07571e116566417d2,673bbbc820a4bac832dc9e54,Rolf C. Hagen Inc,HOOKCONTAINER,False,13,13,13,13,13,13,13,13,13,13,9,13,13,13,13,13,32,36,13,16,13,13,13,13,13
6380eae07571e116566417d2,67802cfba24e03a2551b53e0,ROLLS RIGHT CALGARY,DELIVERLOAD,False,5,5,5,5,5,5,5,5,5,5,5,5,5,5,5,5,5,5,5,5,5,5,5,5,5
6380eae07571e116566417d2,678fcd99707e30dde19bdc54,ROLLS RIGHT - East Broadway,DELIVERLOAD,True,72,72,72,72,72,72,72,72,72,72,72,72,72,72,72,72,72,72,72,72,72,72,72,72,72
6380eae07571e116566417d2,67ec8c3f9327659d64f92583,"RONA - Brossard, QC",DELIVERLOAD,True,10,10,10,10,10,10,10,10,10,10,10,10,10,10,10,10,10,10,10,10,10,10,10,10,10
6380eae07571e116566417d2,67ead482b0c2fb95bbaf4d74,"RONA - Cowansville, QC",DELIVERLOAD,True,66,66,66,66,66,66,66,66,66,66,66,66,66,66,66,66,66,66,66,66,66,66,66,66,66
6380eae07571e116566417d2,63d1af5e0003b615ec674eca,Rona High Plains,DELIVERLOAD,False,29,29,29,29,29,29,29,29,29,29,29,29,29,29,29,29,29,29,29,29,29,29,29,29,29
6380eae07571e116566417d2,63d1af5e0003b615ec674eca,Rona High Plains,DELIVERLOAD,True,169,169,169,169,169,169,169,169,169,169,169,169,169,169,169,169,169,169,169,169,169,169,169,169,169
6380eae07571e116566417d2,63d1af5e0003b615ec674eca,Rona High Plains,HOOKCONTAINER,False,50,50,50,50,50,50,50,50,50,50,50,50,50,50,50,50,50,50,50,50,50,50,50,50,50
6380eae07571e116566417d2,65830013724a24166721ea4c,RONA INC,DELIVERLOAD,False,29,29,29,29,29,29,29,29,29,29,29,29,29,29,29,29,29,29,29,29,29,29,29,29,29
6380eae07571e116566417d2,65830013724a24166721ea4c,RONA INC,DELIVERLOAD,True,69,69,69,69,69,69,69,69,69,69,69,69,69,69,69,69,69,69,69,69,69,69,69,69,69
6380eae07571e116566417d2,64c044a809c74f15b4c40315,"RONA Inc., Halton Hills DC, ON",DELIVERLOAD,True,39,39,39,39,39,39,39,39,39,39,39,39,39,39,39,39,39,39,39,39,39,39,39,39,39
6380eae07571e116566417d2,67eb40f9dd09d6188148fe6e,"RONA - Laval, QC",DELIVERLOAD,True,66,66,66,66,66,66,66,66,66,66,66,66,66,66,66,66,66,66,66,66,66,66,66,66,66
6380eae07571e116566417d2,686d8d003e5b6131eae32a24,RONALD FICTORIE,DELIVERLOAD,True,56,56,56,56,56,56,56,56,56,56,56,56,56,56,56,56,56,56,56,56,56,56,56,56,56
6380eae07571e116566417d2,67ec8c9472c85a8332476e59,RONA - Saint-Jean Sur Richelieu QC,DELIVERLOAD,True,98,98,98,98,98,98,98,98,98,98,98,98,98,98,98,98,98,98,98,98,98,98,98,98,98
6380eae07571e116566417d2,67ead4b34f098528c6cf64ad,"RONA - Sherbrooke, QC",DELIVERLOAD,True,108,108,108,108,108,108,108,108,108,108,108,108,108,108,108,108,108,108,108,108,108,108,108,108,108
6380eae07571e116566417d2,67ec8c68a5270b08995d6583,RONA - St-Jean-sur-Richelieu QC,DELIVERLOAD,True,5,5,5,5,5,5,5,5,5,5,5,5,5,5,5,5,5,5,5,5,5,5,5,5,5
6380eae07571e116566417d2,67eb40aa8c9105ffd776727a,"Rona - St-Jerome, QC",DELIVERLOAD,True,177,177,177,177,177,177,177,177,177,177,177,177,177,177,177,177,177,177,177,177,177,177,177,177,177
6380eae07571e116566417d2,6758a68eb806020643bd2fef,Ronco Disposable Products Ltd. C/O IMPERIAL DADE,DELIVERLOAD,False,11,11,11,11,11,11,11,11,11,11,11,11,11,11,11,11,11,11,11,11,11,11,11,11,11
6380eae07571e116566417d2,67f6ab459f6e20133f53f9ee,Ronco Disposable Products Ltd.C/O Mikhaiel Logistics,DELIVERLOAD,False,40,40,40,40,40,40,40,40,40,40,40,40,40,40,40,40,40,40,40,40,40,40,40,40,40
6380eae07571e116566417d2,67f6ab459f6e20133f53f9ee,Ronco Disposable Products Ltd.C/O Mikhaiel Logistics,HOOKCONTAINER,False,5,5,5,5,5,5,5,5,5,5,5,5,5,5,5,5,5,5,5,5,5,5,5,5,5
6380eae07571e116566417d2,65bacf42ff98dfdeb117a6b6,Rosalind farming,DELIVERLOAD,True,66,66,66,66,66,66,66,66,66,66,66,66,66,66,66,66,66,66,66,66,66,66,66,66,66
6380eae07571e116566417d2,638e649a0f71ac1600f4f7fb,Rosedale Calgary,DELIVERLOAD,False,44,44,44,44,44,44,44,44,44,124,44,44,44,44,44,44,44,44,44,44,44,44,44,44,44
6380eae07571e116566417d2,638e649a0f71ac1600f4f7fb,Rosedale Calgary,DELIVERLOAD,True,45,45,45,45,45,45,45,45,45,45,45,45,45,45,45,45,45,45,45,45,45,45,45,45,45
6380eae07571e116566417d2,638e649a0f71ac1600f4f7fb,Rosedale Calgary,HOOKCONTAINER,False,59,59,59,59,59,59,59,59,59,59,59,59,59,59,59,59,59,59,59,59,59,59,59,59,59
6380eae07571e116566417d2,67c0d96d7095ada493e58bfd,Rosedale Calgary Terminal,DELIVERLOAD,False,19,19,19,19,19,19,19,19,28,16,22,6,10,6,19,13,19,19,19,19,19,19,19,19,19
6380eae07571e116566417d2,67c0d96d7095ada493e58bfd,Rosedale Calgary Terminal,DELIVERLOAD,True,31,31,31,31,31,31,31,31,31,49,31,31,31,31,31,31,31,31,31,31,31,31,31,31,31
6380eae07571e116566417d2,67c0d96d7095ada493e58bfd,Rosedale Calgary Terminal,HOOKCONTAINER,False,11,11,11,11,11,11,11,11,11,11,5,17,11,11,16,5,14,8,12,3,11,11,11,11,11
6380eae07571e116566417d2,638e49c27510cb164789d8f9,Rosedale Edmonton,DELIVERLOAD,False,30,30,30,30,30,30,30,30,30,30,30,30,30,30,30,30,30,30,30,30,30,30,30,30,30
6380eae07571e116566417d2,638e49c27510cb164789d8f9,Rosedale Edmonton,DELIVERLOAD,True,30,30,30,30,30,30,30,30,30,30,30,30,30,30,30,30,30,30,30,30,30,30,30,30,30
6380eae07571e116566417d2,638e49c27510cb164789d8f9,Rosedale Edmonton,HOOKCONTAINER,False,11,11,11,11,11,11,11,11,11,11,11,11,11,11,11,11,11,11,11,11,11,11,11,11,11
6380eae07571e116566417d2,675726292d3ade667733797a,Rosedale Group,DELIVERLOAD,False,28,28,28,28,28,28,28,28,28,28,28,28,28,28,28,28,28,28,28,28,28,28,28,28,28
6380eae07571e116566417d2,675726292d3ade667733797a,Rosedale Group,DELIVERLOAD,True,42,42,42,42,42,42,42,42,42,42,42,42,42,42,42,42,42,42,42,42,42,42,42,42,42
6380eae07571e116566417d2,67be135d01731a45e99ab214,Rosedale Group,DELIVERLOAD,True,122,122,122,122,122,122,122,122,122,122,122,122,122,122,122,122,122,122,122,122,122,122,122,122,122
6380eae07571e116566417d2,674f853d856592607841191d,ROSEDALE GROUP,DELIVERLOAD,True,110,110,110,110,110,110,110,110,110,110,110,110,110,110,110,110,110,110,110,110,110,110,110,110,110
6380eae07571e116566417d2,67f7f45c08b4b6d9a1bdb33e,Rosedale Mississauga,DELIVERLOAD,False,12,12,12,12,12,12,12,12,12,12,12,12,12,12,12,12,12,12,12,12,12,12,12,12,12
6380eae07571e116566417d2,67f7f45c08b4b6d9a1bdb33e,Rosedale Mississauga,DELIVERLOAD,True,6,6,6,6,6,6,6,6,6,6,6,6,6,6,6,6,6,6,6,6,6,6,6,6,6
6380eae07571e116566417d2,67f7f45c08b4b6d9a1bdb33e,Rosedale Mississauga,HOOKCONTAINER,False,14,14,14,14,14,14,14,14,14,14,14,14,14,14,14,14,14,14,14,14,14,14,14,14,14
6380eae07571e116566417d2,67d41eee58d5c29a7100e92c,Rosedale vancouver,DELIVERLOAD,True,49,49,49,49,49,49,49,49,49,49,49,49,49,49,49,49,49,49,49,49,49,49,49,49,49
6380eae07571e116566417d2,64a4a6786744a71629de4871,Rosedale Whse - Delta (GO RESILIENT),DELIVERLOAD,False,20,20,20,20,20,20,20,20,20,20,20,20,20,20,20,20,20,20,20,20,20,20,20,20,20
6380eae07571e116566417d2,64a4a6786744a71629de4871,Rosedale Whse - Delta (GO RESILIENT),DELIVERLOAD,True,66,66,66,66,66,66,66,66,66,66,66,66,66,66,66,66,66,66,66,66,66,66,66,66,66
6380eae07571e116566417d2,64a4a6786744a71629de4871,Rosedale Whse - Delta (GO RESILIENT),HOOKCONTAINER,False,16,16,16,16,16,16,16,16,16,16,16,16,16,16,16,16,16,16,16,16,16,16,16,16,16
6380eae07571e116566417d2,64a4a6786744a71629de4871,Rosedale Whse - Delta (GO RESILIENT),PULLCONTAINER,False,20,20,20,20,20,20,20,20,20,20,20,20,20,20,20,20,20,20,20,20,20,20,20,20,20
6380eae07571e116566417d2,67db218166206c6b942abcb6,"ROSEHILL AUCTION - Fort Erie, ON",DELIVERLOAD,True,112,112,112,112,112,112,112,112,112,112,112,112,112,112,112,112,112,112,112,112,112,112,112,112,112
6380eae07571e116566417d2,67c789700ed7b841a2e9dca4,"Rosehill Liquidation - Burlington, ON",DELIVERLOAD,True,31,31,31,31,31,31,31,31,31,31,31,31,31,31,31,31,31,31,31,31,31,31,31,31,31
6380eae07571e116566417d2,67c768f8b1edafc2a7fd7f9b,Rosenau Acropolis Warehouse,DELIVERLOAD,False,34,34,34,34,34,34,34,34,34,34,46,34,18,34,34,34,34,34,34,34,34,34,34,34,34
6380eae07571e116566417d2,67c768f8b1edafc2a7fd7f9b,Rosenau Acropolis Warehouse,DELIVERLOAD,True,32,32,32,32,32,32,32,32,32,32,32,32,32,32,32,32,32,32,32,32,32,32,32,32,32
6380eae07571e116566417d2,65a81c7ec098cf161dc10cf0,ROSE PACKING COMPANY CSMS,DELIVERLOAD,True,119,119,119,119,119,119,354,66,126,127,98,186,153,7,119,119,119,119,119,119,119,119,119,119,119
6380eae07571e116566417d2,65a81c7ec098cf161dc10cf0,ROSE PACKING COMPANY CSMS,PULLCONTAINER,False,29,29,29,29,29,29,29,29,29,29,29,29,29,29,29,29,29,29,29,29,29,29,29,29,29
6380eae07571e116566417d2,65a81c940ff28a1666188000,Rosina,DELIVERLOAD,True,107,107,107,107,107,107,107,107,6,7,6,315,107,107,232,107,107,107,107,107,107,107,107,107,107
6380eae07571e116566417d2,67faf3737c7e173083298544,ROSINA (CONFEDERATION FREEZERS),DELIVERLOAD,False,7,7,7,7,7,7,7,7,7,7,7,7,7,7,7,7,7,7,7,7,7,7,7,7,7
6380eae07571e116566417d2,67faf3737c7e173083298544,ROSINA (CONFEDERATION FREEZERS),DELIVERLOAD,True,56,56,56,56,56,56,202,56,70,56,10,56,56,99,56,56,56,56,56,56,56,56,56,56,56
6380eae07571e116566417d2,67e861b7f4277c73957939ec,Rossdown Farm (Fraser Highway),DELIVERLOAD,True,62,62,62,62,62,62,62,62,62,62,62,62,62,62,62,62,62,62,62,62,62,62,62,62,62
6380eae07571e116566417d2,64625bcbc6a9f6160fc219ef,"ROUTINE INC BAY 1,",DELIVERLOAD,False,77,77,77,77,77,77,77,77,77,77,77,77,77,77,77,77,77,77,77,77,77,77,77,77,77
6380eae07571e116566417d2,68800c82be81c003dc507106,ROYAL COLUMBIAN HOSPITAL,DELIVERLOAD,True,66,66,66,66,66,66,66,66,66,66,66,66,66,66,66,66,66,66,66,66,66,66,66,66,66
6380eae07571e116566417d2,64429a9a51890b15d31e28d3,Royal Furniture Ltd.#8,DELIVERLOAD,False,37,37,37,37,37,37,37,37,37,37,37,37,37,37,37,37,37,37,37,37,37,37,37,37,37
6380eae07571e116566417d2,64429a9a51890b15d31e28d3,Royal Furniture Ltd.#8,HOOKCONTAINER,False,63,63,63,63,63,63,63,63,63,63,63,63,63,63,63,63,63,63,63,63,63,63,63,63,63
6380eae07571e116566417d2,67cf7b42db9ebbb70bb4baa6,Royal Truck Repair Ltd - Richmond,DELIVERLOAD,True,65,65,65,65,65,65,65,65,65,65,65,65,65,65,65,65,65,65,65,65,65,65,65,65,65
6380eae07571e116566417d2,68473497dcd286340efdb66f,Roys Woodshop,DELIVERLOAD,False,20,20,20,20,20,20,20,20,20,20,20,20,20,20,20,20,20,20,20,20,20,20,20,20,20
6380eae07571e116566417d2,67378128fb2c813bbcd2e1ac,Roys Wood shop,DELIVERLOAD,False,63,63,63,63,63,63,63,63,63,63,63,63,63,63,63,63,63,63,63,63,63,63,63,63,63
6380eae07571e116566417d2,685d773fdc9fe56defc33d10,RSC40 ROCKY VIEW RSC CONVENTIONAL,DELIVERLOAD,True,66,66,66,66,66,66,66,66,66,66,66,66,66,66,66,66,66,66,66,66,66,66,66,66,66
6380eae07571e116566417d2,66c7919a42273703c05808d6,RSS Products #19,DELIVERLOAD,False,4,4,4,4,4,4,4,4,4,4,4,4,4,4,4,4,4,4,4,4,4,4,4,4,4
6380eae07571e116566417d2,66c7919a42273703c05808d6,RSS Products #19,HOOKCONTAINER,False,16,16,16,16,16,16,16,16,16,16,16,16,16,16,16,16,16,16,16,16,16,16,16,16,16
6380eae07571e116566417d2,6679779d531044b681459ed4,RYDER/PEPSI,HOOKCONTAINER,False,20,20,20,20,20,20,20,20,20,20,20,20,20,20,20,20,20,20,20,20,20,20,20,20,20
6380eae07571e116566417d2,638e6a94013f4f1652ee9539,Ryley AB,DELIVERLOAD,True,31,31,31,31,31,31,31,31,31,31,31,31,31,31,31,31,31,31,31,31,31,31,31,31,31
6380eae07571e116566417d2,646bcc1e48dcd1164cf3140a,RYMAR SYNTHETIC GRASS LTD.,DELIVERLOAD,False,90,90,90,90,90,90,90,90,90,90,90,90,90,90,90,90,90,90,90,90,90,90,90,90,90
6380eae07571e116566417d2,646bcc1e48dcd1164cf3140a,RYMAR SYNTHETIC GRASS LTD.,DELIVERLOAD,True,112,112,112,112,112,112,112,112,112,112,112,112,112,112,112,112,112,112,112,112,112,112,112,112,112
6380eae07571e116566417d2,68557ed9e14515f4e972d2d1,SABRE LTD,DELIVERLOAD,True,31,31,31,31,31,31,31,31,31,31,31,31,31,31,31,31,31,31,31,31,31,31,31,31,31
6380eae07571e116566417d2,6578d1b2c0142b15fb4e9a10,Sabre LTD. - Calgary,DELIVERLOAD,True,127,127,127,127,127,127,127,127,127,127,127,127,127,127,127,127,127,127,127,127,127,127,127,127,127
6380eae07571e116566417d2,6842f6f700dcb42db33c9c2d,SAE INC,DELIVERLOAD,True,17,17,17,17,17,17,17,17,17,17,17,17,17,17,17,17,17,17,17,17,17,17,17,17,17
6380eae07571e116566417d2,68b75ebdead176fc3d70dd6e,SAFAVIEH HOME FURNISHINGS,DELIVERLOAD,True,7,7,7,7,7,7,7,7,7,7,7,7,7,7,7,7,7,7,7,7,7,7,7,7,7
6380eae07571e116566417d2,66e1ef98b947e0928b589ad7,SAFETY EXPRESS LTD #101,DELIVERLOAD,False,29,29,29,29,29,29,29,29,29,29,29,29,29,29,29,29,29,29,29,29,29,29,29,29,29
6380eae07571e116566417d2,66e1ef98b947e0928b589ad7,SAFETY EXPRESS LTD #101,HOOKCONTAINER,False,24,24,24,24,24,24,24,24,24,24,24,24,24,24,24,24,24,24,24,24,24,24,24,24,24
6380eae07571e116566417d2,681545c60bed4b543808b921,SAFEWAY EDMONTON,DELIVERLOAD,True,66,66,66,66,66,66,66,66,66,66,66,66,66,66,66,66,66,66,66,66,66,66,66,66,66
6380eae07571e116566417d2,65f8b4f4c6ad60dae26bfdb9,SAFEX VAUGHAN - BOLTON,DELIVERLOAD,True,51,51,51,51,51,51,51,51,51,51,51,51,51,51,51,51,51,51,51,51,51,51,51,51,51
6380eae07571e116566417d2,6744fe527266be9159fe25a8,SAGE MEADOWS MARKET,HOOKCONTAINER,False,9,9,9,9,9,9,9,9,9,9,9,9,9,9,9,9,9,9,9,9,9,9,9,9,9
6380eae07571e116566417d2,679bb686b618ce129ba97492,SAGE MEADOWS MARKET,HOOKCONTAINER,False,12,12,12,12,12,12,12,12,12,12,12,12,12,12,12,12,12,12,12,12,12,12,12,12,12
6380eae07571e116566417d2,638e55986df97715f0f3952c,sagiper,DELIVERLOAD,False,29,29,29,29,29,29,29,29,29,29,29,29,29,29,29,29,29,29,29,29,29,29,29,29,29
6380eae07571e116566417d2,638e55986df97715f0f3952c,sagiper,HOOKCONTAINER,False,14,14,14,14,14,14,14,14,14,14,14,14,14,14,14,14,14,14,14,14,14,14,14,14,14
6380eae07571e116566417d2,646510565cc6e91633d2101a,"Saint Davids Cold Storage - Niagara-on-the-Lake, ON",DELIVERLOAD,True,4,4,4,4,4,4,4,4,4,4,4,4,4,4,4,4,4,4,4,4,4,4,4,4,4
6380eae07571e116566417d2,67abbd158c3562338adbfa73,Samar Group Canada Inc,DELIVERLOAD,False,40,40,40,40,40,40,40,40,40,40,40,40,40,40,40,40,40,40,40,40,40,40,40,40,40
6380eae07571e116566417d2,67abbd158c3562338adbfa73,Samar Group Canada Inc,HOOKCONTAINER,False,28,28,28,28,28,28,28,28,28,28,28,28,28,28,28,28,28,28,28,28,28,28,28,28,28
6380eae07571e116566417d2,64f764e15bda67683cff880e,SAMROK,HOOKCONTAINER,False,4,4,4,4,4,4,4,4,4,4,4,4,4,4,4,4,4,4,4,4,4,4,4,4,4
6380eae07571e116566417d2,67cf25593fab0e2127074b1f,SANDSTONE PAPER,DELIVERLOAD,False,44,44,44,44,44,44,44,44,44,44,44,44,44,44,44,44,44,44,44,44,44,44,44,44,44
6380eae07571e116566417d2,67cf25593fab0e2127074b1f,SANDSTONE PAPER,HOOKCONTAINER,False,17,17,17,17,17,17,17,17,17,17,17,17,17,17,17,17,17,17,17,17,17,17,17,17,17
6380eae07571e116566417d2,67d1e9ebd7a0540b99bad87b,"Sandy Shore Farms - Port Burwll, ON",DELIVERLOAD,True,7,7,7,7,7,7,7,7,7,7,7,7,7,7,7,7,7,7,7,7,7,7,7,7,7
6380eae07571e116566417d2,638e688334262115e3becfb8,Sandy's Nisku,DELIVERLOAD,True,138,138,138,138,138,138,138,138,138,138,138,138,138,138,138,138,138,138,138,138,138,138,138,138,138
6380eae07571e116566417d2,67c0e09347972206db46a104,Saporito Plant - ON,DELIVERLOAD,True,131,131,131,131,131,131,131,131,131,131,131,131,131,131,131,131,131,131,131,131,131,131,131,131,131
6380eae07571e116566417d2,64a5c92e26be6a1651a9653c,SAPUTO,DELIVERLOAD,True,135,135,135,135,135,135,135,135,135,135,135,135,135,135,135,135,135,135,135,135,135,135,135,135,135
6380eae07571e116566417d2,6660ee1d6bf6d30a33628021,SAPUTO,DELIVERLOAD,True,66,66,66,66,66,66,66,66,66,66,66,66,66,66,66,66,66,66,66,66,66,66,66,66,66
6380eae07571e116566417d2,68c31b3d747240909de72d17,Saputo Dairy Products,DELIVERLOAD,True,151,151,151,151,151,151,151,151,151,151,151,151,151,151,151,151,151,151,151,151,151,151,151,151,151
6380eae07571e116566417d2,638e6672a5295f15ea3e4b6e,Saputo Dairy Products Canada GP,DELIVERLOAD,False,29,29,29,29,29,29,29,29,29,29,29,29,29,29,29,29,29,29,29,29,29,29,29,29,29
6380eae07571e116566417d2,638e6672a5295f15ea3e4b6e,Saputo Dairy Products Canada GP,DELIVERLOAD,True,72,72,72,72,72,72,72,72,72,72,72,138,78,72,36,109,130,117,31,6,72,72,72,72,72
6380eae07571e116566417d2,684c6b92e35710323f8fa95f,Saturn Logistics,DELIVERLOAD,False,29,29,29,29,29,29,29,29,29,29,29,29,29,29,29,29,29,29,29,29,29,29,29,29,29
6380eae07571e116566417d2,684c6b92e35710323f8fa95f,Saturn Logistics,DELIVERLOAD,True,5,5,5,5,5,5,84,5,5,5,5,5,5,5,5,101,5,171,5,5,5,5,5,5,5
6380eae07571e116566417d2,638ea0bedeced515f58e2220,Save On Foods - Acheson,DELIVERLOAD,True,48,48,48,48,48,48,48,48,48,48,48,48,48,48,48,48,48,48,48,48,48,48,48,48,48
6380eae07571e116566417d2,64af0dc76869ad15f9c7c9fc,Savers (Direct Right Cartage) - Calgary AB,DELIVERLOAD,False,26,26,26,26,26,26,26,26,26,26,26,26,26,26,26,26,26,26,26,26,26,26,26,26,26
6380eae07571e116566417d2,64af0dc76869ad15f9c7c9fc,Savers (Direct Right Cartage) - Calgary AB,HOOKCONTAINER,False,65,65,65,65,65,65,65,65,65,65,65,29,65,65,65,65,46,65,36,65,65,65,65,65,65
6380eae07571e116566417d2,65b2836ec2601f167eed81bb,Say When,DELIVERLOAD,True,124,124,124,124,124,124,124,124,124,124,124,124,124,124,124,124,124,124,124,124,124,124,124,124,124
6380eae07571e116566417d2,667b121fa74ec71797980ef2,Say When Beverages,DELIVERLOAD,True,49,49,49,49,49,49,49,49,49,49,49,49,49,49,49,49,49,49,49,49,49,49,49,49,49
6380eae07571e116566417d2,654a8bd606548c158cd68d9d,SAY WHEN BEVERAGES,DELIVERLOAD,True,137,137,137,137,137,137,137,137,137,144,122,110,49,137,137,137,137,137,137,137,137,137,137,137,137
6380eae07571e116566417d2,6862ae28acde73e74b888503,Scale -DAI Truck Sales,DELIVERLOAD,True,66,66,66,66,66,66,66,66,66,66,66,66,66,66,66,66,66,66,66,66,66,66,66,66,66
6380eae07571e116566417d2,65b8065d1a5b8c67d64ec136,scale klarity wash,DELIVERLOAD,True,163,163,163,163,163,163,163,163,163,163,163,163,163,163,163,163,163,163,163,163,163,163,163,163,163
6380eae07571e116566417d2,65b8065d1a5b8c67d64ec136,scale klarity wash,PULLCONTAINER,False,8,8,8,8,8,8,8,8,8,8,8,8,8,8,8,8,8,8,8,8,8,8,8,8,8
6380eae07571e116566417d2,68152c71eebe38ca489e0851,Schenk Architectural #3,DELIVERLOAD,True,135,135,135,135,135,135,135,135,135,135,135,135,135,135,135,135,135,135,135,135,135,135,135,135,135
6380eae07571e116566417d2,6463ca71d4520416515680c4,SCHOOL START INC Wolfgang Haas,DELIVERLOAD,False,46,46,46,46,46,46,46,46,46,46,46,46,46,46,46,46,46,46,46,46,46,46,46,46,46
6380eae07571e116566417d2,6463ca71d4520416515680c4,SCHOOL START INC Wolfgang Haas,HOOKCONTAINER,False,15,15,15,15,15,15,15,15,15,15,15,15,15,15,15,15,15,15,15,15,15,15,15,15,15
6380eae07571e116566417d2,6748fd1224435a1d1dcb7474,Scott Springfield,DELIVERLOAD,False,14,14,14,14,14,14,14,14,14,14,14,14,14,14,14,14,14,14,14,14,14,14,14,14,14
6380eae07571e116566417d2,6748fd1224435a1d1dcb7474,Scott Springfield,DELIVERLOAD,True,66,66,66,66,66,66,66,66,66,66,66,66,66,66,66,66,66,66,66,66,66,66,66,66,66
6380eae07571e116566417d2,6776e3615b3435fdc557bc3c,Scott Springfield Mfg. Inc.,DELIVERLOAD,False,51,51,51,51,51,51,51,51,51,51,51,51,51,51,51,51,51,51,51,51,51,51,51,51,51
6380eae07571e116566417d2,66a28658ad1178eda7658322,SCOTTY PERKINS ZEHR WAREHOUSE,DELIVERLOAD,True,49,49,49,49,49,49,49,49,49,49,49,49,49,49,49,49,49,49,49,49,49,49,49,49,49
6380eae07571e116566417d2,680be281a3946fdddd07d5a3,SCP DISTRIBUTORS CANADA,DELIVERLOAD,True,100,100,100,100,100,100,100,100,100,100,100,100,100,100,100,100,100,100,100,100,100,100,100,100,100
6380eae07571e116566417d2,67e19b1141a7f0987559a603,SCRI (Shanked Computer Recycling) Acheson AB,DELIVERLOAD,True,66,66,66,66,66,66,66,66,66,66,66,66,66,66,66,66,66,66,66,66,66,66,66,66,66
6380eae07571e116566417d2,667c4854137e04df7b46e41b,SDR - CALGARY WAREHOUSE,HOOKCONTAINER,False,37,37,37,37,37,37,37,37,37,37,37,37,37,37,37,37,37,37,37,37,37,37,37,37,37
6380eae07571e116566417d2,638e4f91683f83165d3f0e32,SDR Distribution Services,DELIVERLOAD,False,13,13,13,13,13,13,13,13,13,13,19,13,11,13,13,13,13,13,13,13,13,13,13,13,13
6380eae07571e116566417d2,638e4f91683f83165d3f0e32,SDR Distribution Services,HOOKCONTAINER,False,16,16,16,16,16,16,16,16,16,16,16,16,16,16,16,16,16,16,16,16,16,16,16,16,16
6380eae07571e116566417d2,638e774c7510cb164789df0a,SEABOX DEPOT,RETURNCONTAINER,False,36,36,36,36,36,36,36,36,36,36,36,36,36,36,36,36,36,36,36,36,36,36,36,36,36
6380eae07571e116566417d2,6868025c76ac15f0bcd49474,Sea-Can Containers,RETURNCONTAINER,False,21,21,21,21,21,21,21,21,21,21,21,21,21,21,21,21,21,21,21,21,21,21,21,21,21
6380eae07571e116566417d2,638e774c7510cb164789df08,SEA-CAN CONTAINERS,RETURNCONTAINER,False,16,16,16,16,16,16,16,16,16,16,16,16,16,16,16,16,16,16,16,16,16,16,16,16,16
6380eae07571e116566417d2,66bb8e8847706802014add31,SEALWELD WAREHOUSE,DELIVERLOAD,False,5,5,5,5,5,5,5,5,5,5,5,5,5,5,5,5,5,5,5,5,5,5,5,5,5
6380eae07571e116566417d2,66bb8e8847706802014add31,SEALWELD WAREHOUSE,HOOKCONTAINER,False,26,26,26,26,26,26,26,26,26,26,26,26,26,26,26,26,26,26,26,26,26,26,26,26,26
6380eae07571e116566417d2,6393c2fa6d10ed163914ea7e,Sealy Canada Ltd.,DELIVERLOAD,True,36,36,36,36,36,36,36,36,36,36,36,36,36,36,36,36,36,36,36,36,36,36,36,36,36
6380eae07571e116566417d2,682c9b0e38e8c15ed67951b0,SEAPORT  - Etobicoke,DELIVERLOAD,True,11,11,11,11,11,11,11,11,11,11,11,11,11,11,11,11,11,11,11,11,11,11,11,11,11
6380eae07571e116566417d2,638f5669648f7a162c61a9d5,SEAPORT ETOBICOKE,DELIVERLOAD,True,126,126,126,126,126,126,126,126,162,126,126,126,126,126,126,126,126,126,126,126,126,126,126,126,126
6380eae07571e116566417d2,638f5669648f7a162c61a9d5,SEAPORT ETOBICOKE,PULLCONTAINER,False,29,29,29,29,29,29,29,29,29,29,29,29,29,29,29,29,29,29,29,29,29,29,29,29,29
6380eae07571e116566417d2,67dee9b7a33ee7679fde8af1,"Seaspan Surrey,",DELIVERLOAD,True,8,8,8,8,8,8,8,8,8,8,8,8,8,8,8,8,8,8,8,8,8,8,8,8,8
6380eae07571e116566417d2,639117de8e2a95165f79be1c,Secure Energy,DELIVERLOAD,True,143,143,143,143,143,143,143,143,143,143,143,143,143,143,143,143,143,143,143,143,143,143,143,143,143
6380eae07571e116566417d2,63f551e876e6cc16044e04dc,Secure Energy,DELIVERLOAD,False,58,58,58,58,58,58,58,58,58,58,58,58,58,58,58,58,58,58,58,58,58,58,58,58,58
6380eae07571e116566417d2,63f551e876e6cc16044e04dc,Secure Energy,DELIVERLOAD,True,33,33,33,33,33,33,33,33,33,33,33,33,33,33,33,33,33,33,33,33,33,33,33,33,33
6380eae07571e116566417d2,638ebe88d1dccf15f7bc1665,SECURE ENERGY RED DEER,DELIVERLOAD,False,48,48,48,48,48,48,48,48,48,48,48,48,48,48,48,48,48,48,48,48,48,48,48,48,48
6380eae07571e116566417d2,638ebe88d1dccf15f7bc1665,SECURE ENERGY RED DEER,DELIVERLOAD,True,39,39,39,39,39,39,39,39,39,39,39,39,39,39,39,39,39,39,39,39,39,39,39,39,39
6380eae07571e116566417d2,6849a561e699bfece039a985,Secure Metal Recycling,DELIVERLOAD,False,29,29,29,29,29,29,29,29,29,29,29,29,29,29,29,29,29,29,29,29,29,29,29,29,29
6380eae07571e116566417d2,6849a561e699bfece039a985,Secure Metal Recycling,DELIVERLOAD,True,5,5,5,5,5,5,5,5,5,5,5,5,5,5,5,5,5,5,5,5,5,5,5,5,5
6380eae07571e116566417d2,6849a561e699bfece039a985,Secure Metal Recycling,HOOKCONTAINER,False,70,70,70,70,70,70,70,70,70,70,70,70,70,70,70,70,70,70,70,70,70,70,70,70,70
6380eae07571e116566417d2,638e3bc71de55a15fc740ef6,Secure Rite Mobile Storage,RETURNCONTAINER,False,9,9,9,9,9,9,9,9,9,9,9,9,9,9,9,9,9,9,9,9,9,9,9,9,9
6380eae07571e116566417d2,680fdef6c775d4b9c683b9d1,"SECURE Specialty Chemicals  5304 BLINDMAN DRIVE RED DEER COUNTY, AB T4S 2M4",DELIVERLOAD,False,29,29,29,29,29,29,29,29,29,29,29,29,29,29,29,29,29,29,29,29,29,29,29,29,29
6380eae07571e116566417d2,680fdef6c775d4b9c683b9d1,"SECURE Specialty Chemicals  5304 BLINDMAN DRIVE RED DEER COUNTY, AB T4S 2M4",DELIVERLOAD,True,35,35,35,35,35,35,35,35,35,35,35,35,35,35,35,35,35,35,35,35,35,35,35,35,35
6380eae07571e116566417d2,65ba94c803cb0f0867c130a2,SEENERGY FOODS LIMITED,DELIVERLOAD,True,100,100,100,100,100,100,100,100,100,11,100,100,100,100,100,100,100,100,100,100,100,100,100,100,100
6380eae07571e116566417d2,688be50ddc391939711b6c87,Sentinel Storage,DELIVERLOAD,False,18,18,18,18,18,18,18,18,18,18,18,18,18,18,18,18,18,18,18,18,18,18,18,18,18
6380eae07571e116566417d2,671938e42ca4a13f68623a36,SEWS Canada LTD -CCS1,DELIVERLOAD,False,10,10,10,10,10,10,10,10,10,10,10,10,10,10,10,10,10,10,10,10,10,10,10,10,10
6380eae07571e116566417d2,66faf93d44a929b895dfef4f,"SEWS Canada LTD CCS2 - BRAMPTON, ON",DELIVERLOAD,False,29,29,29,29,29,29,29,29,29,29,29,29,29,29,29,29,29,29,29,29,29,29,29,29,29
6380eae07571e116566417d2,66faf93d44a929b895dfef4f,"SEWS Canada LTD CCS2 - BRAMPTON, ON",DELIVERLOAD,True,3,3,3,3,3,3,3,3,3,3,3,3,3,3,3,3,3,3,3,3,3,3,3,3,3
6380eae07571e116566417d2,67880024800c1659aa495df2,SE YARD (CALGARY),CHASSISPICK,False,29,29,29,29,29,29,29,29,29,29,29,29,29,29,29,29,29,9,29,29,29,29,29,29,29
6380eae07571e116566417d2,67880024800c1659aa495df2,SE YARD (CALGARY),DELIVERLOAD,False,20,20,20,20,20,20,20,20,20,20,20,20,20,6,18,20,20,20,20,80,20,20,20,20,20
6380eae07571e116566417d2,67880024800c1659aa495df2,SE YARD (CALGARY),DELIVERLOAD,True,24,24,24,24,24,24,24,24,24,24,24,24,24,24,3,24,59,29,24,24,24,24,24,24,24
6380eae07571e116566417d2,67880024800c1659aa495df2,SE YARD (CALGARY),HOOKCONTAINER,False,19,4,19,19,126,48,10,14,13,18,19,26,22,38,24,57,36,35,21,53,14,34,17,8,7
6380eae07571e116566417d2,67880024800c1659aa495df2,SE YARD (CALGARY),LIFTON,False,20,20,20,20,20,20,20,20,20,20,20,20,20,20,20,20,20,20,36,20,20,20,20,20,20
6380eae07571e116566417d2,67880024800c1659aa495df2,SE YARD (CALGARY),PULLCONTAINER,False,14,14,14,14,14,14,14,83,17,17,32,93,3,14,52,14,2,7,14,14,3,14,14,14,14
6380eae07571e116566417d2,67880024800c1659aa495df2,SE YARD (CALGARY),RETURNCONTAINER,False,14,188,14,14,14,14,14,14,12,9,44,14,4,40,14,10,58,25,8,12,19,10,14,14,9
6380eae07571e116566417d2,6398b22a5b26d7160d65c161,SE Yard Pro-formance Calgary,CHASSISPICK,False,20,20,20,20,20,20,20,20,20,20,20,20,20,20,20,20,20,20,20,20,20,20,20,20,20
6380eae07571e116566417d2,6398b22a5b26d7160d65c161,SE Yard Pro-formance Calgary,DELIVERLOAD,False,70,70,70,70,70,70,70,70,70,70,70,70,70,70,70,70,70,70,70,70,70,70,70,70,70
6380eae07571e116566417d2,6398b22a5b26d7160d65c161,SE Yard Pro-formance Calgary,DELIVERLOAD,True,24,24,24,24,24,24,24,24,24,24,24,24,24,24,24,24,24,24,102,24,24,24,24,24,24
6380eae07571e116566417d2,6398b22a5b26d7160d65c161,SE Yard Pro-formance Calgary,HOOKCONTAINER,False,17,144,21,7,16,4,14,17,16,13,25,16,16,28,23,43,26,45,11,8,13,9,12,67,31
6380eae07571e116566417d2,6398b22a5b26d7160d65c161,SE Yard Pro-formance Calgary,LIFTON,False,28,28,28,28,28,28,28,28,28,28,28,28,28,28,28,28,28,28,28,28,28,28,28,28,28
6380eae07571e116566417d2,6398b22a5b26d7160d65c161,SE Yard Pro-formance Calgary,PULLCONTAINER,False,15,15,15,15,15,15,15,15,15,2,15,10,15,15,6,15,17,15,15,15,15,15,15,15,15
6380eae07571e116566417d2,6398b22a5b26d7160d65c161,SE Yard Pro-formance Calgary,RETURNCONTAINER,False,20,20,20,20,20,20,20,20,20,20,20,20,20,20,11,20,20,20,20,20,48,20,20,20,20
6380eae07571e116566417d2,685d76cefef7221f9e118aa2,S&F FOOD IMPORTERS,DELIVERLOAD,True,86,86,86,86,86,86,86,86,86,86,86,86,86,86,86,86,86,86,86,86,86,86,86,86,86
6380eae07571e116566417d2,6765a3dc3412f9fdc9b0d5c9,SHAH TRADING,DELIVERLOAD,True,66,66,66,66,66,66,66,66,66,66,66,66,66,66,66,66,66,66,66,66,66,66,66,66,66
6380eae07571e116566417d2,65f32adb654a06c0aa7c2c2b,Shah Trading Co,DELIVERLOAD,True,66,66,66,66,66,66,66,66,66,66,66,66,66,66,66,66,66,66,66,66,66,66,66,66,66
6380eae07571e116566417d2,65f32adb654a06c0aa7c2c2b,Shah Trading Co,PULLCONTAINER,False,3,3,3,3,3,3,3,3,3,3,3,3,3,3,3,3,3,3,3,3,3,3,3,3,3
6380eae07571e116566417d2,675b705d7ffdf9fc66614cfe,SHAH TRADING COMPANY LTD.,DELIVERLOAD,True,8,8,8,8,8,8,8,8,8,8,8,8,8,8,8,8,8,8,8,8,8,8,8,8,8
6380eae07571e116566417d2,675b705d7ffdf9fc66614cfe,SHAH TRADING COMPANY LTD.,PULLCONTAINER,False,29,29,29,29,29,29,29,29,29,29,29,29,29,29,29,29,29,29,29,29,29,29,29,29,29
6380eae07571e116566417d2,64dbe499d918a015fde45eac,SHARKNINJA OPERATIN (Methym WH),DELIVERLOAD,True,92,92,92,92,92,92,92,92,196,92,92,92,92,92,92,92,92,92,92,92,92,92,92,92,92
6380eae07571e116566417d2,638e46b50f71ac1600f4f2d3,Shaw's Enterprises Ltd.,DELIVERLOAD,True,65,65,65,65,65,65,65,65,65,65,65,65,65,65,65,65,65,65,65,65,65,65,65,65,65
6380eae07571e116566417d2,6417afae57281a15c7fd59a4,shearforce,DELIVERLOAD,True,66,66,66,66,66,66,66,66,66,66,66,66,66,66,66,66,66,66,66,66,66,66,66,66,66
6380eae07571e116566417d2,638ec5876df97715f0f3a74c,SHELTER,DELIVERLOAD,False,15,15,15,15,15,15,15,15,15,15,15,15,15,15,15,15,15,15,15,15,15,15,15,15,15
6380eae07571e116566417d2,638ec5876df97715f0f3a74c,SHELTER,DELIVERLOAD,True,66,66,66,66,66,66,66,66,66,66,66,66,66,66,66,66,66,66,66,66,66,66,66,66,66
6380eae07571e116566417d2,638ec5876df97715f0f3a74c,SHELTER,HOOKCONTAINER,False,2,2,2,2,2,2,2,2,2,2,2,2,2,2,2,2,2,2,2,2,2,2,2,2,2
6380eae07571e116566417d2,674614fc2d6cfcbdf17b8c5b,SHERWAY LOGISTICS,DELIVERLOAD,True,97,97,97,97,97,97,97,97,210,67,97,97,97,97,97,97,97,97,97,97,97,97,97,97,97
6380eae07571e116566417d2,64a859cd1cbce916666938e3,"Sherway Warehouse - Cloverleaf, ON",DELIVERLOAD,True,101,101,101,101,101,101,101,101,101,101,101,101,55,101,101,101,101,101,101,101,101,101,101,101,101
6380eae07571e116566417d2,66ad24adcdffbc4a2fa86433,"ShipTop - Woodbridge, ON",DELIVERLOAD,False,7,7,7,7,7,7,7,7,7,7,7,7,7,7,7,7,7,7,7,7,7,7,7,7,7
6380eae07571e116566417d2,67e99bfa01a63604a637925b,Shipwise c/o Pacific Coast Warehousing,DELIVERLOAD,True,67,67,67,67,67,67,67,67,67,67,67,67,67,67,67,67,67,67,67,67,67,67,67,67,67
6380eae07571e116566417d2,65ef4188f102b03b4fbac725,SHUTTLE 14 C/O CSS WAREHOUSE,DELIVERLOAD,True,53,53,53,53,53,53,53,53,53,53,53,53,53,53,53,53,53,53,53,53,53,53,53,53,53
6380eae07571e116566417d2,67991c05f8a07dabded2a28e,"Sial - Laval, QC",DELIVERLOAD,True,92,92,92,92,92,92,92,92,92,92,92,92,92,92,92,92,92,92,92,92,92,92,92,92,92
6380eae07571e116566417d2,67f98920ed1699d34035a178,"SIDBENCH - Markham, ON",DELIVERLOAD,True,80,80,80,80,80,80,80,80,80,80,80,80,80,80,80,80,80,80,80,80,80,80,80,80,80
6380eae07571e116566417d2,6801328d2829fa83b81552a1,Sidhu and Sons - Deroche BC,DELIVERLOAD,True,66,66,66,66,66,66,66,66,66,66,66,66,66,66,66,66,66,66,66,66,66,66,66,66,66
6380eae07571e116566417d2,67b8c3d50e4770c1fb194f57,SIERRA SUPPLY CHAIN,DELIVERLOAD,True,44,44,44,44,44,44,44,44,44,44,44,44,44,71,44,44,44,44,44,44,44,44,44,44,44
6380eae07571e116566417d2,68bf19a1db7fe5dc0f619cbb,Signode Packaging Group Canada ULC,DELIVERLOAD,False,52,52,52,52,52,52,52,52,52,52,52,52,52,52,52,52,52,52,52,52,52,52,52,52,52
6380eae07571e116566417d2,684322a0d52986ab89683ce0,Silent-Aire PS1 Unit 300 3280,DELIVERLOAD,True,112,112,112,112,112,112,112,112,112,112,112,112,112,112,112,112,112,112,112,112,112,112,112,112,112
6380eae07571e116566417d2,638e511cd07518161966a992,Silver Hills Bakery,DELIVERLOAD,True,110,110,110,110,110,110,110,110,110,110,110,154,110,325,110,110,110,110,110,110,110,110,110,110,110
6380eae07571e116566417d2,638e511cd07518161966a992,Silver Hills Bakery,HOOKCONTAINER,False,44,44,44,44,44,44,44,44,44,44,44,44,44,44,44,44,44,44,44,44,44,44,44,44,44
6380eae07571e116566417d2,638e511cd07518161966a992,Silver Hills Bakery,PULLCONTAINER,False,29,29,29,29,29,29,29,29,29,29,29,29,29,29,29,29,29,29,29,29,29,29,29,29,29
6380eae07571e116566417d2,663bf5663c1570d8c4064791,SIMPLY RAW DOG FEED LTD,DELIVERLOAD,True,122,122,122,122,122,122,122,122,122,122,122,122,122,122,122,122,122,122,122,122,122,122,122,122,122
6380eae07571e116566417d2,6877befb81ef75c641033081,Singh Wash,DELIVERLOAD,True,66,66,66,66,66,66,66,66,66,66,66,66,66,66,66,66,66,66,66,66,66,66,66,66,66
6380eae07571e116566417d2,6543cc433856d515d17c307f,Sinke farms / T.A.V Adrian Sinke,DELIVERLOAD,False,29,29,29,29,29,29,29,29,29,29,29,29,29,29,29,29,29,29,29,29,29,29,29,29,29
6380eae07571e116566417d2,681bc0058dec455972173e79,Sirius Instrumentation & Controls Inc,DELIVERLOAD,True,47,47,47,47,47,47,47,47,47,47,47,47,47,47,47,47,47,47,47,47,47,47,47,47,47
6380eae07571e116566417d2,6822561fde267b0b8d2f9d81,SISU WELLNESS,HOOKCONTAINER,False,14,14,14,14,14,14,14,14,14,14,14,14,14,14,14,14,14,14,14,14,14,14,14,14,14
6380eae07571e116566417d2,67cdc752db38c2d293b55173,SKECHERS CANADA,DELIVERLOAD,True,52,52,52,52,52,52,52,52,52,52,52,250,52,52,52,52,52,52,52,52,52,52,52,52,52
6380eae07571e116566417d2,65c5459c746d1d832bd2945b,SKECHERS USA CANADA INC.,DELIVERLOAD,True,69,69,69,69,69,69,69,69,69,69,69,69,69,69,69,69,69,69,69,69,69,69,69,69,69
6380eae07571e116566417d2,6744a50b24a4a2ba30dcd66d,SKOTIDAKIS GOAT FARM,DELIVERLOAD,True,110,110,110,110,110,110,110,110,110,110,110,110,110,110,110,110,110,110,110,110,110,110,110,110,110
6380eae07571e116566417d2,68224fae1586f4599a66993b,Skyline Concrete Services Ltd,DELIVERLOAD,False,16,16,16,16,16,16,16,16,16,16,16,16,16,16,16,16,16,16,16,16,16,16,16,16,16
6380eae07571e116566417d2,68224fae1586f4599a66993b,Skyline Concrete Services Ltd,HOOKCONTAINER,False,5,5,5,5,5,5,5,5,5,5,5,5,5,5,5,5,5,5,5,5,5,5,5,5,5
6380eae07571e116566417d2,68b077b7daccae6bccdfec0e,Sky Titan Glass,DELIVERLOAD,False,28,28,28,28,28,28,28,28,28,28,28,28,28,28,28,28,28,28,28,28,28,28,28,28,28
6380eae07571e116566417d2,68b077b7daccae6bccdfec0e,Sky Titan Glass,DELIVERLOAD,True,39,39,39,39,39,39,39,39,39,39,39,39,39,39,39,39,39,39,39,39,39,39,39,39,39
6380eae07571e116566417d2,67577e318d974a60dd354893,Sky Titan Glass Distributors Ltd,DELIVERLOAD,False,22,22,22,22,22,22,22,22,22,22,22,22,22,22,22,22,22,22,22,22,22,22,22,22,22
6380eae07571e116566417d2,67577e318d974a60dd354893,Sky Titan Glass Distributors Ltd,HOOKCONTAINER,False,12,12,12,12,12,12,12,12,12,12,12,12,12,12,12,12,12,102,12,12,12,12,12,12,12
6380eae07571e116566417d2,67896a91b166babe220bb86e,Sky vision Lumber,DELIVERLOAD,False,55,55,55,55,55,55,55,55,55,55,55,55,55,55,55,55,55,55,55,55,55,55,55,55,55
6380eae07571e116566417d2,67896a91b166babe220bb86e,Sky vision Lumber,HOOKCONTAINER,False,36,36,36,36,36,36,36,36,36,36,36,36,36,36,36,36,36,36,36,36,36,36,36,36,36
6380eae07571e116566417d2,6453eb593148111638c66e29,SLEEK INDUSTRIES INC,DELIVERLOAD,False,56,56,56,56,56,56,56,56,56,56,56,56,56,56,56,56,56,56,56,56,56,56,56,56,56
6380eae07571e116566417d2,641a19d752ba04160e948088,SL OPERATIONS CANADA LTD,DELIVERLOAD,False,37,37,37,37,37,37,37,37,37,37,37,37,37,37,37,37,37,37,37,37,37,37,37,37,37
6380eae07571e116566417d2,641a19d752ba04160e948088,SL OPERATIONS CANADA LTD,DELIVERLOAD,True,54,54,54,54,54,54,54,54,54,54,54,54,54,54,54,54,54,54,54,54,54,54,54,54,54
6380eae07571e116566417d2,641a19d752ba04160e948088,SL OPERATIONS CANADA LTD,HOOKCONTAINER,False,37,37,37,37,37,37,37,37,37,37,37,37,37,37,37,37,37,37,37,37,37,37,37,37,37
6380eae07571e116566417d2,68bc4bd1d1543a282e56aca4,Smartgates,DELIVERLOAD,False,29,29,29,29,29,29,29,29,29,29,29,29,29,29,29,29,29,29,29,29,29,29,29,29,29
6380eae07571e116566417d2,65ce3c93ec5bd1250a681483,SNOWCAP ENTERPRISES LTD.,DELIVERLOAD,True,59,59,59,59,59,59,59,59,59,59,59,59,59,59,9,59,59,59,59,59,59,59,59,59,59
6380eae07571e116566417d2,675778371b583fd536fcf5e6,Snowcrest Packers - Cloverdale Cold Storage,DELIVERLOAD,True,88,88,88,88,88,88,88,88,88,88,88,88,88,88,88,88,88,88,88,88,88,88,88,88,88
6380eae07571e116566417d2,6434499734649f162b3d06fb,SOBEYS 0050,DELIVERLOAD,False,29,29,29,29,29,29,29,29,29,29,29,29,29,29,29,29,29,29,29,29,29,29,29,29,29
6380eae07571e116566417d2,6434499734649f162b3d06fb,SOBEYS 0050,DELIVERLOAD,True,66,66,66,66,66,66,66,66,66,66,66,66,66,66,66,66,66,66,66,66,66,66,66,66,66
6380eae07571e116566417d2,638e511cd07518161966a98e,SOBEYS CALGARY,DELIVERLOAD,False,29,29,29,29,29,29,29,29,29,29,29,29,29,29,29,29,29,29,29,29,29,29,29,29,29
6380eae07571e116566417d2,638e511cd07518161966a98e,SOBEYS CALGARY,DELIVERLOAD,True,94,94,94,94,94,94,94,94,94,94,94,94,94,94,94,94,94,94,94,94,94,3,94,94,94
6380eae07571e116566417d2,638e511cd07518161966a98a,Sobeys Calgary AB,DELIVERLOAD,True,164,164,164,164,164,164,164,164,164,164,164,164,164,164,164,164,164,164,164,164,164,171,164,164,164
6380eae07571e116566417d2,638e55986df97715f0f39552,Sobeys Campbell Height,DELIVERLOAD,True,116,116,116,116,116,116,116,116,116,116,116,116,116,116,116,116,116,116,116,189,116,116,116,116,116
6380eae07571e116566417d2,67d985acf5a1a3c790a7881f,Sobey's RCS,DELIVERLOAD,True,43,43,43,43,60,43,43,43,43,43,43,43,43,43,43,43,43,43,43,43,43,43,43,43,43
6380eae07571e116566417d2,641ddfb91b957615fbe6a904,SOBEYS ROCKY VIEW WHSE,DELIVERLOAD,False,54,54,54,54,54,54,54,54,54,54,54,54,54,54,54,54,54,54,54,54,54,54,54,54,54
6380eae07571e116566417d2,641ddfb91b957615fbe6a904,SOBEYS ROCKY VIEW WHSE,DELIVERLOAD,True,49,49,49,49,49,49,49,49,49,49,49,49,49,49,49,49,49,49,49,49,49,49,49,49,49
6380eae07571e116566417d2,638e55986df97715f0f394fb,Sobey's/Safeway Wpg,DELIVERLOAD,True,72,72,72,72,72,72,72,72,72,72,72,72,72,72,72,72,72,72,72,72,72,72,72,72,72
6380eae07571e116566417d2,6797f8b207df3e56b86b365e,Sobeys (Surrey BC),DELIVERLOAD,True,66,66,66,66,66,66,66,66,66,66,66,66,66,66,66,66,66,66,66,66,66,66,66,66,66
6380eae07571e116566417d2,638e54dae2c64116395bb9bd,Sobeys West Edm,DELIVERLOAD,True,6,6,6,6,6,6,6,6,5,6,6,6,6,6,6,6,6,6,6,6,6,6,6,6,6
6380eae07571e116566417d2,638e4e3805db79164b42458c,Sofina Foods Calgary,DELIVERLOAD,False,13,13,13,13,13,13,13,13,13,13,13,13,13,13,13,13,13,13,13,13,13,13,13,13,13
6380eae07571e116566417d2,68bc3a4e6b6de69dcc6ad781,Sofina Foods (Conestoga CS),PULLCONTAINER,False,45,45,45,45,45,45,45,45,45,45,45,45,45,45,45,45,45,45,45,45,45,45,45,45,45
6380eae07571e116566417d2,665e07ca617806cf4c7c2fb7,Sofina Foods (Conestoga CS) MISSISSAUGA,DELIVERLOAD,True,66,66,66,66,66,66,66,4,66,153,138,66,66,66,66,66,66,66,66,66,66,66,66,66,66
6380eae07571e116566417d2,66953ce5a1338b1a7dce95a2,Sofina Foods Inc,DELIVERLOAD,True,66,66,66,66,66,66,66,66,66,66,66,66,66,66,66,66,66,66,66,66,66,66,66,66,66
6380eae07571e116566417d2,65ba876dfb048921d1224204,Sofina/Pinty Delicious/Janes Family,DELIVERLOAD,True,2,2,2,2,2,2,2,2,2,2,2,2,2,2,2,2,2,2,2,2,2,2,2,2,2
6380eae07571e116566417d2,67cb2e4911d927fc8ee11297,SOFTMOC DISTRIBUTIONS CENTRE,DELIVERLOAD,True,66,66,66,66,66,66,66,66,66,66,66,66,66,66,66,66,66,66,66,66,66,66,66,66,66
6380eae07571e116566417d2,67c8c9af5b125b91b8c8ca55,SOKIL GROUP,DELIVERLOAD,True,46,46,46,46,46,46,46,46,46,46,46,46,46,46,46,46,46,46,46,46,46,46,46,46,46
6380eae07571e116566417d2,638f5669648f7a162c61a93c,Soleterra D'italia Ltd,DELIVERLOAD,True,45,45,45,45,45,45,45,45,45,45,45,45,45,45,45,45,45,45,45,45,45,45,45,45,45
6380eae07571e116566417d2,66fbfbaf107f8dd55020c981,SOLEX GESTION DE DOCUMENTS INC.,DELIVERLOAD,False,27,27,27,27,27,27,27,27,27,27,27,27,27,27,27,27,27,27,27,27,27,27,27,27,27
6380eae07571e116566417d2,66fbfbaf107f8dd55020c981,SOLEX GESTION DE DOCUMENTS INC.,HOOKCONTAINER,False,51,51,51,51,51,51,51,51,51,51,51,51,51,51,51,51,51,51,51,51,51,51,51,51,51
6380eae07571e116566417d2,65ba805a1b34302a9529a998,SONORA FOODS LIMITED,DELIVERLOAD,True,73,73,73,73,73,73,73,73,149,41,129,127,63,218,24,5,47,73,73,3,101,2,73,73,73
6380eae07571e116566417d2,67d5d7fc876343c1b54a35e4,SONORA FOODS LIMITED,DELIVERLOAD,True,9,9,9,9,9,9,9,9,9,9,9,9,9,9,9,9,9,9,9,9,9,9,9,9,9
6380eae07571e116566417d2,638e77d47c780a16503cb029,Source office furniture,DELIVERLOAD,False,14,14,14,14,14,14,14,14,14,33,12,13,14,14,34,14,14,10,8,14,14,14,14,14,14
6380eae07571e116566417d2,638e77d47c780a16503cb029,Source office furniture,DELIVERLOAD,True,7,7,7,7,7,7,7,7,7,7,7,7,7,7,7,7,7,7,7,7,7,7,7,7,7
6380eae07571e116566417d2,638e77d47c780a16503cb029,Source office furniture,HOOKCONTAINER,False,15,15,15,15,15,15,15,15,15,15,15,15,15,15,12,46,15,4,12,27,15,15,15,15,15
6380eae07571e116566417d2,6883cc132dc0edeeaee7ce3b,SOUTH CITY TRUCK,DELIVERLOAD,False,23,23,23,23,23,23,23,23,23,23,23,23,23,23,23,23,23,23,23,23,23,23,23,23,23
6380eae07571e116566417d2,6883cc132dc0edeeaee7ce3b,SOUTH CITY TRUCK,HOOKCONTAINER,False,76,76,76,76,76,76,76,76,76,76,76,76,76,76,76,76,76,76,76,76,76,76,76,76,76
6380eae07571e116566417d2,64875219d40b9616723473a5,"South Edmonton Scrap Metal, Edmonton, AB",DELIVERLOAD,False,62,62,62,62,62,62,62,62,62,62,62,62,62,62,62,62,62,62,62,62,62,62,62,62,62
6380eae07571e116566417d2,64875219d40b9616723473a5,"South Edmonton Scrap Metal, Edmonton, AB",HOOKCONTAINER,False,33,33,33,33,33,33,33,33,33,33,33,33,33,33,33,33,33,33,33,33,33,33,33,33,33
6380eae07571e116566417d2,6798f2f4eabbe359270cae31,Space Haven,DELIVERLOAD,False,29,29,29,29,29,29,29,29,29,29,29,29,29,29,29,29,29,29,29,29,29,29,29,29,29
6380eae07571e116566417d2,6798f2f4eabbe359270cae31,Space Haven,HOOKCONTAINER,False,16,16,16,16,16,16,16,16,16,16,16,16,16,16,16,16,16,16,16,16,16,16,16,16,16
6380eae07571e116566417d2,68adc1fdebe28049ea3f5e99,Sparkle Solutions,DELIVERLOAD,True,11,11,11,11,11,11,11,11,11,11,11,11,11,11,11,11,11,11,11,11,11,11,11,11,11
6380eae07571e116566417d2,66e067decd89d4cf7138aa8d,Sparkle Solutions Service,DELIVERLOAD,True,68,68,68,68,68,68,68,68,68,68,68,68,68,68,68,68,68,68,68,68,68,68,68,68,68
6380eae07571e116566417d2,665a0902f2183ec175618aa0,Spark's Eggs Inc.,DELIVERLOAD,False,29,29,29,29,29,29,29,29,29,29,29,29,29,29,29,29,29,29,29,29,29,29,29,29,29
6380eae07571e116566417d2,665a0902f2183ec175618aa0,Spark's Eggs Inc.,HOOKCONTAINER,False,29,29,29,29,29,29,29,29,29,29,29,29,29,29,29,29,29,29,29,29,29,29,29,29,29
6380eae07571e116566417d2,6705dc4f2daffd1820e9cac4,"SPAR-Marathon - Calgary, AB",DELIVERLOAD,True,68,68,68,68,68,68,68,68,68,68,68,68,68,68,68,68,68,68,68,68,68,68,68,68,68
6380eae07571e116566417d2,65cfd977365b16b55e31c839,SPAR-MARATHON (EDMONTON),DELIVERLOAD,True,11,11,11,11,11,11,11,11,11,11,11,11,11,11,11,11,11,11,11,11,11,11,11,11,11
6380eae07571e116566417d2,67f92ec23ab68cac521a0458,SPAR MARATHON (WINNIPEG),DELIVERLOAD,True,78,78,78,78,78,78,78,78,78,78,78,78,78,78,78,78,78,78,78,78,78,78,78,78,78
6380eae07571e116566417d2,67265fa8a378c8e1ce57eaae,Spartan Controls Ltd.,DELIVERLOAD,False,43,43,43,43,43,43,43,43,43,43,43,43,43,43,43,43,43,43,43,43,43,43,43,43,43
6380eae07571e116566417d2,67265fa8a378c8e1ce57eaae,Spartan Controls Ltd.,DELIVERLOAD,True,31,31,31,31,31,31,31,31,31,31,31,31,31,31,31,31,31,31,31,31,31,31,31,31,31
6380eae07571e116566417d2,645965097b84c816090b08ca,SPECTRUM ALBERTA LTD,DELIVERLOAD,True,75,75,75,75,75,75,75,75,75,75,75,75,75,75,75,75,75,75,75,75,75,75,75,75,75
6380eae07571e116566417d2,66a7e6af8769b944e74d21b1,Spectrum Caledon DWD,DELIVERLOAD,False,30,30,30,30,15,30,30,30,43,28,23,6,142,34,33,30,309,30,13,76,3,30,30,30,30
6380eae07571e116566417d2,66a7e6af8769b944e74d21b1,Spectrum Caledon DWD,DELIVERLOAD,True,42,42,42,42,42,42,42,42,42,42,42,42,42,42,42,42,42,42,42,42,42,42,42,42,42
6380eae07571e116566417d2,66a7e6af8769b944e74d21b1,Spectrum Caledon DWD,HOOKCONTAINER,False,31,33,64,34,31,31,31,26,13,60,24,78,16,32,40,22,72,29,34,31,25,31,31,31,31
6380eae07571e116566417d2,66a7e6af8769b944e74d21b1,Spectrum Caledon DWD,PULLCONTAINER,False,2,2,2,2,2,2,2,2,2,2,2,2,2,2,2,2,2,2,2,2,2,2,2,2,2
6380eae07571e116566417d2,638e46b50f71ac1600f4f2f3,Speedee Burnaby  BC,HOOKCONTAINER,False,12,12,12,12,12,12,12,12,12,12,12,12,12,12,12,12,12,12,12,12,12,12,12,12,12
6380eae07571e116566417d2,67eb7a0430ebc7a7d90feb15,Speedee/Pemberton c/o SureCold Surrey,HOOKCONTAINER,False,6,6,6,6,6,6,6,6,6,6,6,6,6,6,6,6,6,6,6,6,6,6,6,6,6
6380eae07571e116566417d2,67eaecb6df419bb8153e9e90,Speedee/Pemberton c/o SureCold Surrey 102,DELIVERLOAD,False,7,7,7,7,7,7,7,7,7,7,7,7,7,7,7,7,7,7,7,7,7,7,7,7,7
6380eae07571e116566417d2,67eaecb6df419bb8153e9e90,Speedee/Pemberton c/o SureCold Surrey 102,HOOKCONTAINER,False,69,69,69,69,69,69,69,69,69,69,69,27,69,69,69,69,69,69,69,69,69,69,69,69,69
6380eae07571e116566417d2,64a51bb20f20ff15da0944aa,SPEEDEE TRANSPORT,HOOKCONTAINER,False,16,16,16,16,16,16,16,16,16,16,16,16,16,16,16,16,16,16,16,16,16,16,16,16,16
6380eae07571e116566417d2,638e55986df97715f0f3953f,Spf Canada Groupe QC,DELIVERLOAD,True,76,76,76,76,76,76,76,76,76,133,111,76,76,76,76,76,76,76,76,76,76,76,76,76,76
6380eae07571e116566417d2,66b6a0612405762619e96640,SPICERS,DELIVERLOAD,True,66,66,66,66,66,66,66,66,66,66,66,66,66,66,66,66,66,66,66,66,66,66,66,66,66
6380eae07571e116566417d2,6765f66f2a966dc228f71ffb,SPICERS CANADA ULC,DELIVERLOAD,False,29,29,29,29,29,29,29,29,29,29,29,29,29,29,29,29,29,29,29,29,29,29,29,29,29
6380eae07571e116566417d2,6765f66f2a966dc228f71ffb,SPICERS CANADA ULC,DELIVERLOAD,True,41,41,41,41,41,41,41,41,41,41,41,41,41,41,41,41,41,41,41,41,41,41,41,41,41
6380eae07571e116566417d2,663bc031436b1b5082912a6f,SPICERS PAPER calgary,DELIVERLOAD,False,29,29,29,29,29,29,29,29,29,29,29,29,29,29,29,29,29,29,29,29,29,29,29,29,29
6380eae07571e116566417d2,663bc031436b1b5082912a6f,SPICERS PAPER calgary,DELIVERLOAD,True,110,110,110,110,110,110,110,110,110,110,110,110,110,110,110,110,110,110,110,110,110,110,110,110,110
6380eae07571e116566417d2,67cf460bfa056eb8a0383bac,SPON HARDWARE INC,DELIVERLOAD,False,68,68,68,68,68,68,68,68,68,68,68,68,68,68,68,68,68,68,68,68,68,68,68,68,68
6380eae07571e116566417d2,67cf460bfa056eb8a0383bac,SPON HARDWARE INC,HOOKCONTAINER,False,14,14,14,14,14,14,14,14,14,14,14,14,14,14,14,14,14,14,14,14,14,14,14,14,14
6380eae07571e116566417d2,67d86b97a4e54bff5e01005b,Sport Chek 272 - Richmond Centre,DELIVERLOAD,True,66,66,66,66,66,66,66,66,66,66,66,66,66,66,66,66,66,66,66,66,66,66,66,66,66
6380eae07571e116566417d2,64a7099c10a05e169c9abf19,SPRINGWALL SLEEP PRODUCTS #3,DELIVERLOAD,False,26,26,26,26,26,26,26,26,26,26,26,26,26,26,26,26,26,26,26,26,26,26,26,26,26
6380eae07571e116566417d2,64a7099c10a05e169c9abf19,SPRINGWALL SLEEP PRODUCTS #3,HOOKCONTAINER,False,51,51,51,51,51,51,51,51,51,51,51,51,51,51,51,51,51,51,51,51,51,51,51,51,51
6380eae07571e116566417d2,66589ea00df7d4f3d643e515,Spyhill Landfill,DELIVERLOAD,True,66,66,66,66,66,66,66,66,66,66,66,66,66,66,66,66,66,66,66,66,66,66,66,66,66
6380eae07571e116566417d2,67fd14295a472772cbc081ab,S&R main yard,DELIVERLOAD,False,29,29,29,29,29,29,29,29,29,29,29,29,29,29,29,29,29,29,29,29,29,29,29,29,29
6380eae07571e116566417d2,67fd14295a472772cbc081ab,S&R main yard,DELIVERLOAD,True,6,6,6,6,6,6,6,6,6,6,6,6,6,6,6,6,6,6,6,6,6,6,6,6,6
6380eae07571e116566417d2,67fd14295a472772cbc081ab,S&R main yard,PULLCONTAINER,False,5,5,5,5,5,5,5,5,5,5,5,5,5,5,5,5,5,5,5,5,5,5,5,5,5
6380eae07571e116566417d2,67fd14295a472772cbc081ab,S&R main yard,RETURNCONTAINER,False,7,7,7,7,7,7,7,7,7,7,7,7,7,7,7,7,7,7,7,7,7,7,7,7,7
6380eae07571e116566417d2,68b8965318079901db8da5cb,S&R Restaurant Supplies Inc,HOOKCONTAINER,False,82,82,82,82,82,82,82,82,82,82,82,82,82,82,82,82,82,82,82,82,82,82,82,82,82
6380eae07571e116566417d2,638e69935d19cf15e2624690,S&R Yard,DELIVERLOAD,True,160,160,160,160,160,160,160,160,160,160,160,160,160,160,160,160,160,160,160,160,160,160,160,160,160
6380eae07571e116566417d2,638e69935d19cf15e2624690,S&R Yard,PULLCONTAINER,False,67,67,67,67,67,67,67,67,67,67,67,67,67,67,67,67,67,67,67,67,67,67,67,67,67
6380eae07571e116566417d2,6443199c96a73415e340f7f1,SSI LIFT CDA (2019) LTD.,DELIVERLOAD,False,13,13,13,13,13,13,13,13,13,13,13,13,13,13,13,13,13,13,13,13,13,13,13,13,13
6380eae07571e116566417d2,6443199c96a73415e340f7f1,SSI LIFT CDA (2019) LTD.,DELIVERLOAD,True,32,32,32,32,32,32,32,32,32,32,32,32,32,32,32,32,32,32,32,32,32,32,32,32,32
6380eae07571e116566417d2,6443199c96a73415e340f7f1,SSI LIFT CDA (2019) LTD.,HOOKCONTAINER,False,55,55,55,55,55,55,55,55,55,55,55,55,55,55,55,55,55,55,55,55,55,55,55,55,55
6380eae07571e116566417d2,66049dd4fd4d46cb23f2a1d5,STAGE Windows & Doors,DELIVERLOAD,False,12,12,12,12,12,12,12,12,12,12,12,12,12,12,12,12,12,12,12,12,12,12,12,12,12
6380eae07571e116566417d2,66049dd4fd4d46cb23f2a1d5,STAGE Windows & Doors,HOOKCONTAINER,False,11,11,11,11,11,11,11,11,11,11,11,11,11,11,11,11,11,286,11,11,11,11,11,11,11
6380eae07571e116566417d2,65df5933318788e9b8d651e0,STANLEY BLACK,DELIVERLOAD,True,66,66,66,66,66,66,66,66,66,66,66,66,66,66,66,66,66,66,66,66,66,66,66,66,66
6380eae07571e116566417d2,680c03036d77c6f2644666c8,Stantec Cable,DELIVERLOAD,True,5,5,5,5,5,5,5,5,5,5,5,5,5,5,5,5,5,5,5,5,5,5,5,5,5
6380eae07571e116566417d2,678005e905b0fac6274b37aa,"Starline - Abbotsford, BC",DELIVERLOAD,True,66,66,66,66,66,66,66,66,66,66,66,66,66,66,66,66,66,66,66,66,66,66,66,66,66
6380eae07571e116566417d2,638e4e4ac53a0215e5d07c3c,Star Marketing Ltd,DELIVERLOAD,True,92,92,92,92,92,92,92,92,92,92,92,92,92,92,92,92,92,92,92,92,92,92,92,92,92
6380eae07571e116566417d2,6856d1fbb4fc895ae398648e,STARTEC COMPRESSION & PROCESS LTD,HOOKCONTAINER,False,20,20,20,20,20,20,20,20,20,20,20,20,20,20,20,20,20,20,20,20,20,20,20,20,20
6380eae07571e116566417d2,68128ffe328cadb51ec4f60c,STATS GROUP INTERNATIONAL INC.,DELIVERLOAD,False,29,29,29,29,29,29,29,29,29,29,29,29,29,29,29,29,29,29,29,29,29,29,29,29,29
6380eae07571e116566417d2,68128ffe328cadb51ec4f60c,STATS GROUP INTERNATIONAL INC.,HOOKCONTAINER,False,6,6,6,6,6,6,6,6,6,6,6,6,6,6,6,6,6,6,6,6,6,6,6,6,6
6380eae07571e116566417d2,664e3b5da343c42494e3b8a8,STELLA-JONES,DELIVERLOAD,True,41,41,41,41,41,41,41,41,79,41,41,41,41,41,41,41,41,41,41,41,41,41,41,41,41
6380eae07571e116566417d2,681ccd88540878c7995a22a1,Stella Jones Gormley,DELIVERLOAD,True,14,14,14,14,14,14,14,14,14,14,14,14,14,14,14,14,14,14,14,14,14,14,14,14,14
6380eae07571e116566417d2,66a16344c8726444bff49b47,STELLA-JONES (GORMLEY),DELIVERLOAD,True,7,7,7,7,7,7,7,7,33,7,7,7,7,7,7,7,7,7,7,7,7,7,7,7,7
6380eae07571e116566417d2,669018dfea7f77e47cf875d8,STELLA-JONES INC-PETERBOROUGH,DELIVERLOAD,True,12,12,12,12,12,12,12,12,12,12,12,12,12,12,12,12,12,12,12,12,12,12,12,12,12
6380eae07571e116566417d2,638e80321de55a15fc7419c8,St. Helens Meat Packing,DELIVERLOAD,True,71,71,71,71,71,71,71,71,71,71,71,71,71,71,71,71,71,71,71,71,71,71,71,71,71
6380eae07571e116566417d2,6393c2fa6d10ed163914eaef,Stihl limited,DELIVERLOAD,False,61,61,61,61,61,61,61,61,61,61,61,61,61,61,61,61,61,61,61,61,61,61,61,61,61
6380eae07571e116566417d2,6393c2fa6d10ed163914eaef,Stihl limited,DELIVERLOAD,True,50,50,50,50,50,50,50,50,50,50,50,50,50,50,50,61,50,50,50,50,50,50,50,50,50
6380eae07571e116566417d2,6393c2fa6d10ed163914eaef,Stihl limited,HOOKCONTAINER,False,44,44,44,44,44,44,44,44,44,44,44,44,44,44,44,44,44,44,44,44,44,44,44,44,44
6380eae07571e116566417d2,664b58eb6df40d7f1f676614,STO CANADA Basalite LTD,DELIVERLOAD,True,33,33,33,33,33,33,33,33,33,33,33,33,33,33,33,33,33,33,33,33,33,33,33,33,33
6380eae07571e116566417d2,66317f5cae59debe0561e440,"STO Canada Ltd - Etobicoke, ON",DELIVERLOAD,True,77,77,77,77,77,77,77,77,77,77,77,77,77,77,77,77,77,77,77,77,77,77,77,77,77
6380eae07571e116566417d2,638e6b9034262115e3bed09c,Stony Plain Seed Cleaning Association,DELIVERLOAD,True,66,66,66,66,66,66,66,66,66,66,66,66,66,66,66,66,66,66,66,66,66,66,66,66,66
6380eae07571e116566417d2,640b9a81d1d9901610cc0478,STONY PLAIN SEED CLEANING ASSOCIATION LTD,DELIVERLOAD,True,65,65,65,65,65,65,65,65,65,65,65,65,65,65,65,65,65,65,65,65,65,65,65,65,65
6380eae07571e116566417d2,656fa7a9b9a84f1674cb774c,Stop #1 (Pick) WESTROCK COMPANY OF CANADA,DELIVERLOAD,True,66,66,66,66,66,66,66,66,66,66,66,66,66,66,66,66,66,66,66,66,66,66,66,66,66
6380eae07571e116566417d2,654544709c7180153f175915,Storagemart,DELIVERLOAD,False,57,57,57,57,57,57,57,57,57,57,57,57,57,57,57,57,57,57,57,57,57,57,57,57,57
6380eae07571e116566417d2,654544709c7180153f175915,Storagemart,HOOKCONTAINER,False,24,24,24,24,24,24,24,24,24,24,24,24,24,24,24,24,24,24,24,24,24,24,24,24,24
6380eae07571e116566417d2,6557a90ac0d16f165e3eed14,Stores Tp 105 Log Sp Sqn Rlc Craig Stock,DELIVERLOAD,True,66,66,66,66,66,66,66,66,66,66,66,66,66,66,66,66,66,66,66,66,66,66,66,66,66
6380eae07571e116566417d2,67bf6e05414ece458323ae4f,STRATHMORE SEED,DELIVERLOAD,False,89,89,89,89,89,89,89,89,89,89,89,89,89,89,89,89,89,89,89,89,89,89,89,89,89
6380eae07571e116566417d2,67bf6e05414ece458323ae4f,STRATHMORE SEED,DELIVERLOAD,True,106,106,106,106,106,106,106,106,106,106,106,106,106,106,106,106,106,106,106,106,106,106,106,106,106
6380eae07571e116566417d2,638e2fd4b91dc3160b914f22,STREAM FLO INDUSTRIES LIMITED,DELIVERLOAD,False,76,76,76,76,76,76,76,76,76,76,76,75,76,76,76,76,76,76,76,76,76,76,76,76,76
6380eae07571e116566417d2,638e2fd4b91dc3160b914f22,STREAM FLO INDUSTRIES LIMITED,DELIVERLOAD,True,76,76,76,76,76,76,76,76,76,104,76,94,91,64,76,76,76,76,76,76,76,76,76,76,76
6380eae07571e116566417d2,67c347aa503961451f5e50d3,Stream-Flo Industries Ltd.,DELIVERLOAD,True,98,98,98,98,98,98,98,98,98,98,98,98,98,98,98,98,98,98,98,98,98,98,98,98,98
6380eae07571e116566417d2,6491c24e9f102f166bb819db,STREET TURN,PULLCONTAINER,False,29,29,29,29,29,29,29,29,29,29,29,29,29,29,29,29,29,29,29,29,29,29,29,29,29
6380eae07571e116566417d2,649cb87a2ed3de162f077f00,Street Turn EDM,HOOKCONTAINER,False,20,20,20,20,20,20,20,20,20,20,20,20,20,20,20,20,20,20,20,20,20,20,20,20,20
6380eae07571e116566417d2,6758f62d29d199ae91e3832c,"STRYDER DISTRIBUTION - CALGARY, AB",DELIVERLOAD,False,7,7,7,7,7,7,7,7,7,7,7,7,7,7,7,7,7,7,7,7,7,7,7,7,7
6380eae07571e116566417d2,6758f62d29d199ae91e3832c,"STRYDER DISTRIBUTION - CALGARY, AB",DELIVERLOAD,True,66,66,66,66,66,66,66,66,66,66,66,66,66,66,66,66,66,66,66,66,66,66,66,66,66
6380eae07571e116566417d2,638e49c27510cb164789d8e2,Stryder - Richmond BC,DELIVERLOAD,True,66,66,66,66,66,66,66,66,66,66,66,66,66,66,66,66,66,66,66,66,66,66,66,66,66
6380eae07571e116566417d2,657b340d86dc81164d50fb3b,STRYDER ROCKYVIEW,DELIVERLOAD,False,31,31,31,31,31,31,31,31,31,37,31,31,31,31,31,13,31,31,31,31,31,31,31,31,31
6380eae07571e116566417d2,657b340d86dc81164d50fb3b,STRYDER ROCKYVIEW,DELIVERLOAD,True,36,36,36,36,36,36,36,36,36,36,36,36,36,36,36,36,36,36,36,36,36,36,36,36,36
6380eae07571e116566417d2,657b340d86dc81164d50fb3b,STRYDER ROCKYVIEW,HOOKCONTAINER,False,12,12,12,12,12,12,12,12,12,12,12,12,12,12,12,12,12,12,12,12,12,12,12,12,12
6380eae07571e116566417d2,68c066f7ec471ee5bee134e0,STUMPCRAFT INC,DELIVERLOAD,True,48,48,48,48,48,48,48,48,48,48,48,48,48,48,48,48,48,48,48,48,48,48,48,48,48
6380eae07571e116566417d2,638e581444d310163242c221,STURDY LADDER,DELIVERLOAD,False,62,62,62,62,62,62,62,62,62,62,62,62,62,62,62,62,62,62,62,62,62,62,62,62,62
6380eae07571e116566417d2,638e581444d310163242c221,STURDY LADDER,DELIVERLOAD,True,123,123,123,123,123,123,123,123,123,123,123,123,123,123,123,123,123,123,123,123,123,123,123,123,123
6380eae07571e116566417d2,638e9e3166512f16196c8936,SUBZERO COLD LOGISTICS,DELIVERLOAD,True,27,27,27,27,27,27,27,27,27,27,27,27,27,27,27,27,27,27,27,27,27,27,27,27,27
6380eae07571e116566417d2,68068211827ef7f308fe9345,SUBZERO LOGISTICS,DELIVERLOAD,True,60,60,60,60,60,60,60,60,60,60,60,60,60,60,60,60,60,60,60,60,60,60,60,60,60
6380eae07571e116566417d2,68c19e99c59b6351be01061b,SUGBA RESTAURANT C/O HUSSEIN GIRNARY (BEC LIMITED),HOOKCONTAINER,False,50,50,50,50,50,50,50,50,50,50,50,50,50,50,50,50,50,50,50,50,50,50,50,50,50
6380eae07571e116566417d2,638e511cd07518161966a95b,Summer Fresh Salads Inc,DELIVERLOAD,True,52,52,52,52,52,52,52,52,52,52,52,52,52,84,52,52,52,52,52,52,52,52,52,52,52
6380eae07571e116566417d2,6791761f98b8e6a4e1ab1595,Summit Valve & Control,DELIVERLOAD,True,114,114,114,114,114,114,114,114,114,114,114,114,114,114,114,114,114,114,114,114,114,114,114,114,114
6380eae07571e116566417d2,67e446b91554da535126a92c,SUNBAKE PITA BAKERY,DELIVERLOAD,False,29,29,29,29,29,29,29,29,29,29,29,29,29,29,29,29,29,29,29,29,29,29,29,29,29
6380eae07571e116566417d2,67d87224f7e4fcf56c1147cf,"SUN BRIDGE IMPORT EXPORT INC - RICHMOND, BC UNIT#11-11191",DELIVERLOAD,False,25,25,25,25,25,25,25,25,25,25,25,25,25,25,25,25,25,25,25,25,25,25,25,25,25
6380eae07571e116566417d2,67d87224f7e4fcf56c1147cf,"SUN BRIDGE IMPORT EXPORT INC - RICHMOND, BC UNIT#11-11191",HOOKCONTAINER,False,13,13,13,13,13,13,13,13,13,13,13,13,13,13,13,13,13,13,13,13,13,13,13,13,13
6380eae07571e116566417d2,6894b811826067ce0156d2ee,SUN-BRITE CANNING LTD,DELIVERLOAD,True,66,66,66,66,66,66,66,66,66,66,66,66,66,66,66,66,66,66,66,66,66,66,66,66,66
6380eae07571e116566417d2,688272580525b69f7cddf136,Suncoast Built,DELIVERLOAD,False,11,11,11,11,11,11,11,11,11,11,11,11,11,11,11,11,11,11,11,11,11,11,11,11,11
6380eae07571e116566417d2,688272580525b69f7cddf136,Suncoast Built,HOOKCONTAINER,False,12,12,12,12,12,12,12,12,12,12,12,12,12,12,12,12,12,12,12,12,12,12,12,12,12
6380eae07571e116566417d2,6466ec6ed8262516109d14e3,Sunco Foods Inc. Burnaby BC,DELIVERLOAD,True,74,74,74,74,74,74,74,74,74,74,74,74,74,74,74,74,74,74,74,74,74,74,74,74,74
6380eae07571e116566417d2,638ec1476df97715f0f3a270,"SUNCO FOODS INC. Burnaby, BC",DELIVERLOAD,True,95,95,95,95,95,95,95,95,95,95,95,95,95,95,183,95,77,183,95,95,95,95,95,95,95
6380eae07571e116566417d2,67f04b571ab10561db690617,Suncor Edmonton,DELIVERLOAD,True,98,98,98,98,98,98,98,98,98,98,98,98,98,98,98,98,98,98,98,98,98,98,98,98,98
6380eae07571e116566417d2,679bcb740626eacfe010380e,Sunder building supplies Ltd,DELIVERLOAD,True,37,37,37,37,37,37,37,37,37,37,37,37,37,37,37,37,37,37,37,37,37,37,37,37,37
6380eae07571e116566417d2,68704192fff7257465834a99,Sunder building supplies Ltd,DELIVERLOAD,False,29,29,29,29,29,29,29,29,29,29,29,29,29,29,29,29,29,29,29,29,29,29,29,29,29
6380eae07571e116566417d2,689652fc2461a936b6c8fa46,Sundog Distributing INc,DELIVERLOAD,True,62,62,62,62,62,62,62,62,62,62,62,62,62,62,62,62,62,62,62,62,62,62,62,62,62
6380eae07571e116566417d2,638e6993e2c64116395bbd36,SUNFREIGHT CARGO INTL EDM,DELIVERLOAD,False,33,33,33,33,33,33,33,33,33,33,33,33,33,33,33,33,33,33,33,33,33,33,33,33,33
6380eae07571e116566417d2,638e6993e2c64116395bbd36,SUNFREIGHT CARGO INTL EDM,HOOKCONTAINER,False,21,21,21,21,21,21,21,21,21,21,21,21,21,21,21,21,21,21,21,21,21,21,21,21,21
6380eae07571e116566417d2,638e2fd4b91dc3160b914f45,Sunny Boy Foods Ltd,DELIVERLOAD,True,31,31,31,31,31,31,31,31,31,31,31,31,31,31,31,31,31,31,31,31,31,31,31,31,31
6380eae07571e116566417d2,67e5a8a1090a9095b75b0e91,SUN PARLOUR GROWER SUPPLY,DELIVERLOAD,True,4,4,4,4,4,4,4,4,4,4,4,4,4,4,4,4,4,4,4,4,4,4,4,4,4
6380eae07571e116566417d2,65c40d39115d4a54e5fef11a,SUPERIOR DECOR,HOOKCONTAINER,False,50,50,50,50,50,50,50,50,50,50,50,50,50,50,50,50,50,50,50,50,50,50,50,50,50
6380eae07571e116566417d2,67d19f1ae6937390b0f01584,SUPERIOR NORTH AMERICA,DELIVERLOAD,True,33,33,33,33,33,33,33,33,33,33,33,33,33,33,33,33,33,33,33,33,33,33,33,33,33
6380eae07571e116566417d2,67105afa0531c6c6ac4cc645,"SUPER PUFF ORDEN - Mississauga, ON",DELIVERLOAD,True,66,66,66,66,66,66,66,66,66,66,66,66,66,66,66,66,66,66,66,66,66,66,66,66,66
6380eae07571e116566417d2,67d987daa22f43b00dc49331,Superpufft Snacks,DELIVERLOAD,True,66,66,66,66,66,66,66,66,66,66,66,66,66,66,66,66,66,66,66,66,66,66,66,66,66
6380eae07571e116566417d2,647fad71ef9c751635017e99,Supply & Apply Warehouse,DELIVERLOAD,False,22,22,22,22,22,22,22,22,22,22,22,22,22,22,22,22,22,22,22,22,22,22,22,22,22
6380eae07571e116566417d2,647fad71ef9c751635017e99,Supply & Apply Warehouse,HOOKCONTAINER,False,44,44,44,44,44,44,44,44,44,44,44,44,44,44,44,44,44,44,44,44,44,44,44,44,44
6380eae07571e116566417d2,638e3bc71de55a15fc740f15,Supreme International,DELIVERLOAD,True,66,66,66,66,66,66,66,66,66,66,66,66,66,66,66,66,66,66,66,66,66,66,66,66,66
6380eae07571e116566417d2,655d2b6b5a90e716241d52e7,Supreme Shipping Container Ltd,DELIVERLOAD,True,66,66,66,66,66,66,66,66,66,66,66,66,66,66,66,66,66,66,66,66,66,66,66,66,66
6380eae07571e116566417d2,655d2b6b5a90e716241d52e7,Supreme Shipping Container Ltd,RETURNCONTAINER,False,21,21,21,21,21,21,21,21,21,21,21,21,21,21,21,21,21,21,21,21,21,21,21,21,21
6380eae07571e116566417d2,66425e66a90812a45d6275e4,SURELINE MFG INC,DELIVERLOAD,True,33,33,33,33,33,33,33,33,33,33,33,33,33,33,33,33,33,33,33,33,33,33,33,33,33
6380eae07571e116566417d2,6462642599ad6319d6310c7c,SURPLEC,DELIVERLOAD,True,89,89,89,89,89,89,89,89,89,89,89,89,89,89,89,89,89,89,89,89,89,89,89,89,89
6380eae07571e116566417d2,672126a655e3d9db69d3bc95,Surplus Furniture,DELIVERLOAD,False,29,29,29,29,29,29,29,29,29,29,29,29,29,29,29,29,29,29,29,29,29,29,29,29,29
6380eae07571e116566417d2,638ec5876df97715f0f3a722,SURPLUS FURNITURE & WAREHOUSE,DELIVERLOAD,False,23,23,23,23,23,23,23,23,23,23,23,23,23,23,23,23,23,23,23,23,23,23,23,23,23
6380eae07571e116566417d2,638ec5876df97715f0f3a722,SURPLUS FURNITURE & WAREHOUSE,DELIVERLOAD,True,78,78,78,78,78,78,78,78,78,78,78,78,78,78,78,78,78,78,78,78,78,78,78,78,78
6380eae07571e116566417d2,638ec5876df97715f0f3a722,SURPLUS FURNITURE & WAREHOUSE,HOOKCONTAINER,False,12,12,12,12,12,12,12,12,12,12,12,12,12,12,12,12,12,12,12,12,12,12,12,12,12
6380eae07571e116566417d2,68c31fca155580a01c319115,Surrey - Advance Lumber,PULLCONTAINER,False,6,6,6,6,6,6,6,6,6,6,6,6,6,6,6,6,6,6,6,6,6,6,6,6,6
6380eae07571e116566417d2,6491c532819e671622bc81c9,sweet grass,DELIVERLOAD,False,23,23,23,23,23,23,23,23,23,23,21,6,23,23,23,23,23,23,23,23,23,23,23,23,23
6380eae07571e116566417d2,6491c532819e671622bc81c9,sweet grass,DELIVERLOAD,True,33,33,33,33,33,33,33,33,33,33,33,8,33,33,111,33,33,33,33,33,33,33,33,33,33
6380eae07571e116566417d2,64b048ece0e2e71663c98dd1,"Sweet Grass Contracting - Linden, AB",DELIVERLOAD,True,89,89,89,89,89,89,89,89,89,89,89,88,143,84,89,84,89,89,89,89,89,89,89,89,89
6380eae07571e116566417d2,65b96e365eb0b1e0d216ef92,SWIFT OIL FIELD SUPPLY,DELIVERLOAD,False,20,20,20,20,20,20,20,20,20,20,20,20,20,20,20,20,20,20,20,20,20,20,20,20,20
6380eae07571e116566417d2,65b96e365eb0b1e0d216ef92,SWIFT OIL FIELD SUPPLY,HOOKCONTAINER,False,34,34,34,34,34,34,34,34,34,34,34,34,34,34,34,34,34,34,34,34,34,34,34,34,34
6380eae07571e116566417d2,64b81625de2e951626717a46,Switch X,HOOKCONTAINER,False,86,86,86,86,86,86,86,86,86,86,86,86,86,86,86,86,86,86,86,86,86,86,86,86,86
6380eae07571e116566417d2,679be67ae45e01aecf72dc0e,Sylvite Agri-Services,DELIVERLOAD,True,7,7,7,7,7,7,7,7,7,7,7,7,7,7,7,7,7,7,7,7,7,7,7,7,7
6380eae07571e116566417d2,660c4c9589501d50da0ce805,Sysco Calgary,DELIVERLOAD,True,174,174,174,174,174,174,174,174,174,174,174,174,174,174,174,174,174,174,174,174,174,174,174,174,174
6380eae07571e116566417d2,67af66a4f189bcf24c9432c6,Sysco Calgary 360081,DELIVERLOAD,True,2,2,2,2,2,2,2,2,2,2,2,2,2,2,2,2,2,2,2,2,2,2,2,2,2
6380eae07571e116566417d2,6614506d92e869221f579913,sysco calgary new dc,DELIVERLOAD,True,66,66,66,66,66,66,66,66,66,66,66,66,66,66,66,66,66,66,66,66,66,66,66,66,66
6380eae07571e116566417d2,638e2fd4b91dc3160b914f5a,SYSCO CALGARY RDC,DELIVERLOAD,False,29,29,29,29,29,29,29,29,29,29,29,29,29,29,29,29,29,29,29,29,29,29,29,29,29
6380eae07571e116566417d2,638e2fd4b91dc3160b914f5a,SYSCO CALGARY RDC,DELIVERLOAD,True,108,108,108,108,108,108,108,180,113,113,89,42,106,106,108,41,108,108,108,108,108,108,108,108,108
6380eae07571e116566417d2,661d6ea9a688e41a85bb027f,SYSCO CENTRAL ONTARIO,DELIVERLOAD,True,130,130,130,130,130,130,130,130,130,291,130,7,130,130,172,130,130,130,130,130,130,130,130,130,130
6380eae07571e116566417d2,638e9e3166512f16196c8930,Sysco Edmonton,DELIVERLOAD,True,6,6,6,6,6,6,6,6,6,6,6,6,6,6,6,6,6,6,6,6,6,6,6,6,6
6380eae07571e116566417d2,6577744b67cf0e15f3b14ca4,SYSCO EDMONTON,DELIVERLOAD,True,66,66,66,66,66,66,66,66,66,66,66,66,66,66,66,66,66,66,66,66,66,66,66,66,66
6380eae07571e116566417d2,638e56ce0f71ac1600f4f5e0,Sysco Fine Meats Toronto,DELIVERLOAD,True,36,36,36,36,36,36,36,36,36,271,24,6,36,90,121,36,8,164,36,85,36,36,36,36,36
6380eae07571e116566417d2,638e56ce0f71ac1600f4f5e0,Sysco Fine Meats Toronto,PULLCONTAINER,False,29,29,29,29,29,29,29,29,29,29,29,29,29,29,29,29,29,29,29,29,29,29,29,29,29
6380eae07571e116566417d2,685da411c012376437658bbc,SYSCO GUEST SUPPLY CANADA INC.,DELIVERLOAD,False,47,47,47,47,47,47,47,47,47,47,47,47,47,47,47,47,47,47,47,47,47,47,47,47,47
6380eae07571e116566417d2,685da411c012376437658bbc,SYSCO GUEST SUPPLY CANADA INC.,HOOKCONTAINER,False,66,66,66,66,66,66,66,66,66,66,66,66,66,66,66,66,66,66,66,66,66,66,66,66,66
6380eae07571e116566417d2,65ba90c903cb0f0867c029e6,SYSCO MILTON,DELIVERLOAD,False,61,61,61,61,61,61,61,61,61,61,61,61,61,61,61,61,61,61,61,61,61,61,61,61,61
6380eae07571e116566417d2,65ba90c903cb0f0867c029e6,SYSCO MILTON,DELIVERLOAD,True,54,54,54,54,54,54,54,105,54,24,54,10,158,55,26,23,54,54,54,54,54,54,54,54,54
6380eae07571e116566417d2,67d5d4b8bf2aca068098b398,SYSCO MILTON INC,DELIVERLOAD,True,29,29,29,29,29,29,29,29,29,14,29,29,29,29,23,29,29,103,29,29,29,97,29,29,29
6380eae07571e116566417d2,6495c30500737f166d810a18,Sysco Port Coquitlam,DELIVERLOAD,True,39,39,39,39,39,39,39,39,39,32,39,39,39,39,39,39,39,39,39,39,39,39,39,39,39
6380eae07571e116566417d2,6495c30500737f166d810a18,Sysco Port Coquitlam,HOOKCONTAINER,False,9,9,9,9,9,9,9,9,9,9,9,9,9,9,9,9,9,9,9,9,9,9,9,9,9
6380eae07571e116566417d2,65c1629b8ff5cc3f451c0f9a,Sysco Southwest,DELIVERLOAD,False,76,76,76,76,76,76,76,76,76,76,76,76,76,76,76,76,76,76,76,76,76,76,76,76,76
6380eae07571e116566417d2,65c1629b8ff5cc3f451c0f9a,Sysco Southwest,DELIVERLOAD,True,118,118,118,118,118,118,118,200,230,158,168,88,114,12,9,68,118,118,120,118,118,118,118,118,118
6380eae07571e116566417d2,67d5d4665896be099d04dfd9,SYSCO SOUTHWEST ONTARIO,DELIVERLOAD,True,50,50,50,50,50,50,50,50,50,50,50,50,50,50,50,50,50,50,50,50,50,50,50,50,50
6380eae07571e116566417d2,65a6b3afb976fe165813bf3b,Sysco Toronto,DELIVERLOAD,False,28,28,28,28,28,28,28,28,28,28,28,28,28,28,28,28,28,28,28,28,28,28,28,28,28
6380eae07571e116566417d2,65c14894b69cad8daf5b06e7,SYSCO TORONTO,DELIVERLOAD,False,40,40,40,40,40,40,40,40,40,40,40,40,40,40,40,40,40,40,40,40,40,40,40,40,40
6380eae07571e116566417d2,65c14894b69cad8daf5b06e7,SYSCO TORONTO,DELIVERLOAD,True,67,67,67,67,67,164,73,63,18,12,136,62,58,81,67,25,67,67,67,67,67,67,67,67,67
6380eae07571e116566417d2,67d5d7cc7b3780829f70ed0e,SYSCO TORONTO,PULLCONTAINER,False,29,29,29,29,29,29,29,29,29,29,29,29,29,29,29,29,29,29,29,29,29,29,29,29,29
6380eae07571e116566417d2,65b44b5128125015eab6d917,SYSCO Victoria,DELIVERLOAD,False,17,17,17,17,17,17,17,17,17,17,17,17,17,17,17,17,17,17,17,17,17,17,17,17,17
6380eae07571e116566417d2,65b44b5128125015eab6d917,SYSCO Victoria,DELIVERLOAD,True,66,66,66,66,66,66,66,66,66,66,66,66,66,66,66,66,66,66,66,66,66,66,66,66,66
6380eae07571e116566417d2,67ffbfbdaa193e6850c7c63d,SYSCO WEST - WINNIPEG,DELIVERLOAD,True,6,6,6,6,6,6,6,6,6,6,6,6,6,6,6,6,6,6,6,6,6,6,6,6,6
6380eae07571e116566417d2,638e78f8683f83165d3f138c,Sysco Winnipeg,DELIVERLOAD,False,24,24,24,24,24,24,24,24,24,24,24,24,24,24,24,24,24,24,24,24,24,24,24,24,24
6380eae07571e116566417d2,638e78f8683f83165d3f138c,Sysco Winnipeg,DELIVERLOAD,True,20,20,20,20,23,23,18,20,9,22,22,23,2,20,20,20,20,20,20,20,20,20,20,20,20
6380eae07571e116566417d2,638e78f8683f83165d3f138c,Sysco Winnipeg,HOOKCONTAINER,False,17,17,17,17,17,17,17,17,17,17,17,17,17,17,17,17,17,17,17,17,17,17,17,17,17
6380eae07571e116566417d2,638e78f8683f83165d3f138c,Sysco Winnipeg,PULLCONTAINER,False,29,29,29,29,29,29,29,29,29,29,29,29,29,29,29,29,29,29,29,29,29,29,29,29,29
6380eae07571e116566417d2,638e49c27510cb164789d92e,Taiga Building Products,DELIVERLOAD,False,29,29,29,29,29,29,29,29,29,29,29,29,29,29,29,29,29,29,29,29,29,29,29,29,29
6380eae07571e116566417d2,638e49c27510cb164789d92e,Taiga Building Products,DELIVERLOAD,True,66,66,66,66,66,66,66,66,66,66,66,66,66,66,66,66,66,66,66,66,66,66,66,66,66
6380eae07571e116566417d2,638e49c27510cb164789d92e,Taiga Building Products,HOOKCONTAINER,False,37,37,37,37,37,37,37,37,37,37,37,37,37,37,37,37,37,37,37,37,37,37,37,37,37
6380eae07571e116566417d2,67c08d9b412d1b9d8fea7e16,Taiga Building Products,DELIVERLOAD,True,76,76,76,76,76,76,76,76,76,76,76,76,76,76,76,76,76,76,76,76,76,76,76,76,76
6380eae07571e116566417d2,67a0f62c0359c6c6829667a7,TAIGA BUILDING PRODUCTS - 5782 B HIGHWAY 64 MONETVILLE ON,DELIVERLOAD,True,5,5,5,5,5,5,5,5,5,5,5,5,5,5,5,5,5,5,5,5,5,5,5,5,5
6380eae07571e116566417d2,639117de8e2a95165f79bdf9,Taiga Building Products Calgary,DELIVERLOAD,True,107,107,107,107,107,107,107,107,107,107,107,107,107,107,107,107,107,107,107,107,107,107,107,107,107
6380eae07571e116566417d2,675211d30f49c34cafff935d,Taiga Building Products -  Saint-Augustin-de-Desmaures,DELIVERLOAD,True,140,140,140,140,140,140,140,140,140,140,140,140,140,140,140,140,140,140,140,140,140,140,140,140,140
6380eae07571e116566417d2,66e4b695da101c845dcaf061,TAIGA EDMONTON,DELIVERLOAD,False,57,57,57,57,57,57,57,57,57,57,57,57,57,57,57,57,57,57,57,57,57,57,57,57,57
6380eae07571e116566417d2,66e4b695da101c845dcaf061,TAIGA EDMONTON,DELIVERLOAD,True,45,45,45,45,45,45,45,45,45,45,45,45,45,45,45,45,45,45,45,45,45,45,45,45,45
6380eae07571e116566417d2,65f0c9ab2e74381728ad4b34,TAI NGUYEN 791878 ALTA LFD,DELIVERLOAD,False,32,32,32,32,32,32,32,32,32,32,32,32,32,32,32,32,32,32,32,32,32,32,32,32,32
6380eae07571e116566417d2,68c44ff4cf42d59419ba66e0,Talet Equipment,DELIVERLOAD,False,29,29,29,29,29,29,29,29,29,29,29,29,29,29,29,29,29,29,29,29,29,29,29,29,29
6380eae07571e116566417d2,680a648c59105702a89c5e7d,Tama Canada,DELIVERLOAD,True,82,82,82,82,82,82,82,82,82,82,82,82,82,82,82,82,82,82,82,82,82,82,82,82,82
6380eae07571e116566417d2,680a6b8c27aef85a779c9ff1,TAMA CANADA,DELIVERLOAD,True,32,32,32,32,32,32,32,32,32,32,32,32,32,32,32,32,32,32,32,32,32,32,32,32,32
6380eae07571e116566417d2,67d0884d4c73d4f0ad7c98a2,Tama Canada C/O Porter Warehousing,DELIVERLOAD,True,71,71,71,71,71,71,71,71,71,71,71,71,71,71,71,71,71,71,71,71,71,71,71,71,71
6380eae07571e116566417d2,66abeb2951e3a8499866d900,Tarkett Sports Canada Inc,DELIVERLOAD,False,3,3,3,3,3,3,3,3,3,3,3,3,3,3,3,3,3,3,3,3,3,3,3,3,3
6380eae07571e116566417d2,66abeb2951e3a8499866d900,Tarkett Sports Canada Inc,DELIVERLOAD,True,64,64,64,64,64,64,64,64,64,64,64,64,64,64,64,64,64,64,64,64,64,64,64,64,64
6380eae07571e116566417d2,6393c2fa6d10ed163914eaae,TAS Calgary,DELIVERLOAD,False,31,31,31,31,31,31,31,31,31,31,31,31,31,31,31,31,31,31,31,31,31,31,31,31,31
6380eae07571e116566417d2,6393c2fa6d10ed163914eaae,TAS Calgary,DELIVERLOAD,True,39,39,39,39,39,39,39,39,39,39,39,39,39,39,39,39,39,39,39,39,39,39,39,39,39
6380eae07571e116566417d2,6393c2fa6d10ed163914eaae,TAS Calgary,HOOKCONTAINER,False,20,20,20,20,20,20,20,20,20,20,20,20,20,20,20,20,20,20,20,20,20,20,20,20,20
6380eae07571e116566417d2,659dbdf92e21310dff94ee55,TAS CALGARY - -,DELIVERLOAD,False,43,43,43,43,43,43,43,43,43,43,43,43,43,43,43,43,43,43,43,43,43,43,43,43,43
6380eae07571e116566417d2,659dbdf92e21310dff94ee55,TAS CALGARY - -,DELIVERLOAD,True,145,145,145,145,145,145,145,145,145,145,145,145,145,145,145,145,145,145,145,145,145,145,145,145,145
6380eae07571e116566417d2,659dbdf92e21310dff94ee55,TAS CALGARY - -,HOOKCONTAINER,False,23,23,23,23,23,23,23,23,23,23,23,23,23,23,23,23,23,23,23,23,23,23,23,23,23
6380eae07571e116566417d2,638e581444d310163242c1e3,TAS REFRIGERATED,DELIVERLOAD,True,66,66,66,66,66,66,66,66,66,66,66,66,66,66,66,66,66,66,66,66,66,66,66,66,66
6380eae07571e116566417d2,68c889cef83cf6b33875ed90,TAS VANCOUVER,HOOKCONTAINER,False,20,20,20,20,20,20,20,20,20,20,20,20,20,20,20,20,20,20,20,20,20,20,20,20,20
6380eae07571e116566417d2,6808235bee417961d5e8e7e2,TBS INTERNATIONAL LOGISTICS INC,DELIVERLOAD,True,68,68,68,68,68,68,68,68,68,68,68,68,68,68,68,68,68,68,68,68,68,68,68,68,68
6380eae07571e116566417d2,638ea0bedeced515f58e221f,"Tcl Supply Chain, Inc",DELIVERLOAD,True,84,84,84,84,84,84,84,84,84,84,84,84,84,84,84,84,84,84,84,84,84,84,84,84,84
6380eae07571e116566417d2,65027453c1cd6516089da632,"TCL SUPPLY CHAIN, INC.",DELIVERLOAD,False,10,10,10,10,10,10,10,10,10,10,10,10,10,10,4,10,20,10,10,10,10,10,10,10,10
6380eae07571e116566417d2,65027453c1cd6516089da632,"TCL SUPPLY CHAIN, INC.",DELIVERLOAD,True,26,26,26,26,26,26,26,26,26,26,26,26,26,26,41,26,31,26,35,30,26,26,26,26,26
6380eae07571e116566417d2,65027453c1cd6516089da632,"TCL SUPPLY CHAIN, INC.",HOOKCONTAINER,False,37,37,37,37,37,37,37,37,37,27,37,37,37,37,37,37,37,37,37,37,37,37,37,37,37
6380eae07571e116566417d2,679d55d650fe1fdeb99b37e5,TCS ALBERTA INC,DELIVERLOAD,True,152,152,152,152,152,152,152,152,152,152,152,152,152,152,152,152,152,152,152,152,152,152,152,152,152
6380eae07571e116566417d2,638e47d11de55a15fc7411a6,TCS EDM,DELIVERLOAD,True,168,168,168,168,168,168,168,168,168,168,168,168,168,168,168,168,168,168,168,168,168,168,168,168,168
6380eae07571e116566417d2,638e774c7510cb164789df1d,TDK - New Westminster,PULLCONTAINER,False,54,54,54,54,54,54,54,54,54,54,54,54,54,54,54,54,54,54,56,54,54,54,54,54,54
6380eae07571e116566417d2,641a06a357ae5d163219d882,TDL CALGARY DISTRIBUTION CTR.,DELIVERLOAD,False,29,29,29,29,29,29,29,29,29,29,29,29,29,29,29,29,29,29,29,29,29,29,29,29,29
6380eae07571e116566417d2,641a06a357ae5d163219d882,TDL CALGARY DISTRIBUTION CTR.,DELIVERLOAD,True,59,59,59,59,59,59,59,59,59,59,59,59,59,59,59,59,59,59,59,59,59,59,59,59,59
6380eae07571e116566417d2,680bac106eb6d663e77401e4,TDL GROUP LTD,DELIVERLOAD,False,29,29,29,29,29,29,29,29,29,29,29,29,29,29,29,29,29,29,29,29,29,29,29,29,29
6380eae07571e116566417d2,6577719ffdec7c163cb3ddc5,TDL Langley Distribution Centre,DELIVERLOAD,False,16,16,16,16,16,16,16,16,16,16,16,16,16,16,16,16,16,16,16,16,16,16,16,16,16
6380eae07571e116566417d2,6577719ffdec7c163cb3ddc5,TDL Langley Distribution Centre,DELIVERLOAD,True,76,76,76,76,76,76,76,76,76,76,76,76,76,76,76,52,6,76,76,76,76,76,76,76,76
6380eae07571e116566417d2,647e58a46dadf014a7557840,TD SYNNEX Canada ulc,DELIVERLOAD,False,29,29,29,29,29,29,29,29,29,29,29,29,29,29,29,29,29,29,29,29,29,29,29,29,29
6380eae07571e116566417d2,647e58a46dadf014a7557840,TD SYNNEX Canada ulc,DELIVERLOAD,True,44,44,44,44,44,44,44,44,44,44,44,44,44,44,44,44,44,44,44,44,44,44,44,44,44
6380eae07571e116566417d2,6859c4bf8efef7ec9d3062f3,TECHTOP CALGARY  #104,DELIVERLOAD,False,37,37,37,37,37,37,37,37,37,37,37,37,37,37,37,37,37,37,37,37,37,37,37,37,37
6380eae07571e116566417d2,6859c4bf8efef7ec9d3062f3,TECHTOP CALGARY  #104,DELIVERLOAD,True,64,64,64,64,64,64,64,64,64,64,64,64,64,64,64,64,64,64,64,64,64,64,64,64,64
6380eae07571e116566417d2,67dc714205d067d87afaf1e3,TECHTOP CANADA INC,DELIVERLOAD,False,24,24,24,24,24,24,24,24,24,24,24,24,24,24,24,24,24,24,24,24,24,24,24,24,24
6380eae07571e116566417d2,67dc714205d067d87afaf1e3,TECHTOP CANADA INC,DELIVERLOAD,True,75,75,75,75,75,75,75,75,75,75,75,75,75,75,75,75,75,75,75,75,75,75,75,75,75
6380eae07571e116566417d2,67dc714205d067d87afaf1e3,TECHTOP CANADA INC,HOOKCONTAINER,False,12,12,12,12,12,12,12,12,12,12,12,12,12,12,12,12,12,12,12,12,12,12,12,12,12
6380eae07571e116566417d2,668c3f2023c7e28a538025cd,TEMPAID,DELIVERLOAD,True,144,144,144,144,144,144,144,144,144,144,144,144,144,144,144,144,144,144,144,144,144,144,144,144,144
6380eae07571e116566417d2,64c044bd5d45165827b0d3cb,TENAQUIP NIS LIMITED EDM,DELIVERLOAD,True,48,48,48,48,48,48,48,48,48,48,48,48,48,48,48,48,48,48,48,48,48,48,48,48,48
6380eae07571e116566417d2,683471b41d4a1f10655e6e6e,TERRA INTERNATIONAL FOOD INC,DELIVERLOAD,True,60,60,60,60,60,60,60,60,60,60,60,60,60,60,60,60,60,60,60,60,60,60,60,60,60
6380eae07571e116566417d2,685418ad9f4061bb0893930d,TFI  Calgary,DELIVERLOAD,True,120,120,120,120,120,120,120,120,120,120,120,120,120,120,120,120,120,120,120,120,120,120,120,120,120
6380eae07571e116566417d2,638ec3336df97715f0f3a4e3,TFI FOODS LTD.,DELIVERLOAD,True,42,42,42,42,42,42,42,42,42,42,42,42,42,42,42,42,42,42,42,42,42,42,42,42,42
6380eae07571e116566417d2,64ca8330f03d9e15e06a0676,"TFI FOODS LTD - SCARBOROUGH, ON",DELIVERLOAD,True,66,66,66,66,66,66,66,66,66,66,66,66,66,66,66,66,66,66,66,66,66,66,66,66,66
6380eae07571e116566417d2,6479edcfeb4317163766b076,TFI Toronto - Toronto ON,DELIVERLOAD,True,168,168,168,168,168,168,168,168,168,168,168,168,168,168,168,168,168,168,168,168,168,168,168,168,168
6380eae07571e116566417d2,638e46b50f71ac1600f4f2e5,Tf Truckload,DELIVERLOAD,False,32,32,32,32,32,32,32,32,32,32,32,32,32,32,32,32,32,32,32,32,32,32,32,32,32
6380eae07571e116566417d2,638e46b50f71ac1600f4f2e5,Tf Truckload,HOOKCONTAINER,False,53,53,53,53,53,53,53,53,53,53,53,53,53,53,53,53,53,53,53,53,53,53,53,53,53
6380eae07571e116566417d2,681bbfe3462fefa18033b8c3,THE BETTER LINE,DELIVERLOAD,True,120,120,120,120,120,120,120,120,120,120,120,120,120,120,120,120,120,120,120,120,120,120,120,120,120
6380eae07571e116566417d2,65b1690b3e1da81681023dcd,THE BOLT SUPPLY HOUSE,DELIVERLOAD,False,46,46,46,46,46,46,46,46,46,46,46,93,46,46,46,46,46,46,46,46,46,46,46,46,46
6380eae07571e116566417d2,65b1690b3e1da81681023dcd,THE BOLT SUPPLY HOUSE,DELIVERLOAD,True,60,60,60,60,60,60,60,60,60,60,60,60,60,60,60,60,60,60,60,60,60,60,60,60,60
6380eae07571e116566417d2,65b1690b3e1da81681023dcd,THE BOLT SUPPLY HOUSE,HOOKCONTAINER,False,43,43,43,43,43,43,43,43,43,43,43,43,43,43,43,43,43,43,43,43,43,43,43,43,43
6380eae07571e116566417d2,65b935cb135b9545b5f8ae7a,The Bolt Supply House Ltd.,DELIVERLOAD,False,73,73,73,73,73,73,73,73,73,73,73,73,73,73,73,73,73,73,73,73,73,73,73,73,73
6380eae07571e116566417d2,65b935cb135b9545b5f8ae7a,The Bolt Supply House Ltd.,DELIVERLOAD,True,31,31,31,31,31,31,31,31,31,31,31,31,31,31,31,31,31,31,31,31,31,31,31,31,31
6380eae07571e116566417d2,65b935cb135b9545b5f8ae7a,The Bolt Supply House Ltd.,HOOKCONTAINER,False,20,20,20,20,20,20,20,20,20,20,20,20,20,20,20,20,20,20,20,20,20,20,20,20,20
6380eae07571e116566417d2,66e5ea5f0fafda4a67c720b1,The Bolt Supply House Ltd.,DELIVERLOAD,False,8,8,8,8,8,8,8,8,8,8,8,8,8,8,8,8,8,8,8,8,8,8,8,8,8
6380eae07571e116566417d2,66e5ea5f0fafda4a67c720b1,The Bolt Supply House Ltd.,HOOKCONTAINER,False,20,20,20,20,20,20,20,20,20,20,20,20,20,20,20,20,20,20,20,20,20,20,20,20,20
6380eae07571e116566417d2,66bbca9c4f540ab34cc7a3da,The Bolt Supply House Ltd #20,DELIVERLOAD,False,29,29,29,29,29,29,29,29,29,29,29,29,29,29,29,29,29,29,29,29,29,29,29,29,29
6380eae07571e116566417d2,654c1a09b9eb44155b418918,The Brick Calgary Distribution Centre,DELIVERLOAD,False,21,21,21,21,21,21,21,21,21,21,21,21,21,21,21,21,21,21,21,21,21,21,21,21,21
6380eae07571e116566417d2,65fafc3bf92388840bd95587,"The Brick Distribution Centre - ANJOU, QC",DELIVERLOAD,False,9,9,9,9,9,9,9,9,9,9,9,9,9,9,9,9,9,9,9,9,9,9,9,9,9
6380eae07571e116566417d2,66abb2444f84f5379e66536b,THE BRICK - WAREHOUSE,DELIVERLOAD,False,36,36,36,36,36,36,36,36,36,36,36,36,36,36,36,36,36,36,36,36,36,36,36,36,36
6380eae07571e116566417d2,66abb2444f84f5379e66536b,THE BRICK - WAREHOUSE,DELIVERLOAD,True,112,112,112,112,112,112,112,112,112,112,112,112,112,112,112,112,112,112,112,112,112,112,112,112,112
6380eae07571e116566417d2,6585fe6aca4166166db111c1,THE BRICK WAREHOUSE (MISSISSAUGA),DELIVERLOAD,False,32,32,32,32,32,52,32,32,4,71,2,277,32,39,32,32,32,32,32,32,32,32,32,32,32
6380eae07571e116566417d2,6585fe6aca4166166db111c1,THE BRICK WAREHOUSE (MISSISSAUGA),DELIVERLOAD,True,52,52,52,52,52,52,52,52,52,52,52,52,52,52,52,52,52,52,52,52,52,52,52,52,52
6380eae07571e116566417d2,6585fe6aca4166166db111c1,THE BRICK WAREHOUSE (MISSISSAUGA),HOOKCONTAINER,False,18,18,18,18,18,18,18,35,18,18,18,18,18,2,18,26,18,18,18,18,18,18,18,18,18
6380eae07571e116566417d2,68b21087fc22e095a5af3e6b,The Glass Guild Ltd,DELIVERLOAD,False,39,39,39,39,39,39,39,39,39,39,39,39,39,39,39,39,39,39,39,39,39,39,39,39,39
6380eae07571e116566417d2,638e7afb1de55a15fc741843,THE HILLMAN GROUP CANADA ULC,DELIVERLOAD,False,29,29,29,29,29,29,29,29,29,29,29,29,29,29,29,29,29,29,29,29,29,29,29,29,29
6380eae07571e116566417d2,638e7afb1de55a15fc741843,THE HILLMAN GROUP CANADA ULC,DELIVERLOAD,True,64,64,64,64,64,64,64,64,64,64,64,64,64,64,64,64,64,64,64,64,64,64,64,64,64
6380eae07571e116566417d2,66046dc540535b5a36324364,THE ICE CREAM DEPOT,DELIVERLOAD,False,53,53,53,53,53,53,53,53,53,53,53,53,53,53,53,53,53,53,53,53,53,53,53,53,53
6380eae07571e116566417d2,65a81d540e847d163ef87c85,THE MEAT FACTORY CDNCB,DELIVERLOAD,True,94,94,94,94,94,94,137,94,94,94,191,94,112,29,40,298,60,125,168,94,94,132,94,94,83
6380eae07571e116566417d2,65a81d540e847d163ef87c85,THE MEAT FACTORY CDNCB,HOOKCONTAINER,False,52,52,52,52,52,52,52,52,52,52,52,52,52,52,52,52,52,52,52,52,52,52,52,52,52
6380eae07571e116566417d2,68bc3e0a5f870fa17d92de8f,THE MEAT FACTORY CDNCB,PULLCONTAINER,False,41,41,41,41,41,41,41,41,41,41,41,41,41,41,41,41,41,41,41,41,41,41,41,41,41
6380eae07571e116566417d2,65a81177d4c2f516528b8057,THE ORIGINAL CAKERIE LTD.,DELIVERLOAD,False,29,29,29,29,29,29,29,29,29,29,29,29,29,29,29,29,29,29,29,29,29,29,29,29,29
6380eae07571e116566417d2,65a81177d4c2f516528b8057,THE ORIGINAL CAKERIE LTD.,DELIVERLOAD,True,100,100,100,100,100,100,100,100,100,100,100,100,100,100,100,100,100,100,100,100,100,100,100,100,100
6380eae07571e116566417d2,670446319bb5f924831151e6,The Pipe Store # 100,DELIVERLOAD,False,29,29,29,29,29,29,29,29,29,29,29,29,29,29,29,29,29,29,29,29,29,29,29,29,29
6380eae07571e116566417d2,638e49c27510cb164789d8eb,THERMO KING CALGARY,DELIVERLOAD,False,10,10,10,10,10,10,10,10,10,10,10,10,10,10,10,10,10,10,10,10,10,10,10,10,10
6380eae07571e116566417d2,638e49c27510cb164789d8eb,THERMO KING CALGARY,HOOKCONTAINER,False,12,12,12,12,12,12,12,12,12,12,12,12,12,12,12,12,12,12,12,12,12,12,12,12,12
6380eae07571e116566417d2,65e5e607cdf67fdd9b4501e3,THERMON CANADA,DELIVERLOAD,True,101,101,101,101,101,101,101,101,101,101,101,101,101,101,101,101,101,101,101,101,101,101,101,101,101
6380eae07571e116566417d2,6661c6eb5e6208efc31cf6a9,Thermoproof MFG Limited,DELIVERLOAD,True,8,8,8,8,8,8,8,8,8,8,8,8,8,8,8,8,8,8,8,8,8,8,8,8,8
6380eae07571e116566417d2,67af67805bd8f753a35d4887,The Stevens Company,DELIVERLOAD,False,70,70,70,70,70,70,70,70,70,70,70,70,70,70,70,70,70,70,70,70,70,70,70,70,70
6380eae07571e116566417d2,65f5f22374edae42371c5d5b,The Stevens Company Unit # 1,DELIVERLOAD,False,2,2,2,2,2,2,2,2,2,2,2,2,2,2,2,2,2,2,2,2,2,2,2,2,2
6380eae07571e116566417d2,65f5f22374edae42371c5d5b,The Stevens Company Unit # 1,DELIVERLOAD,True,53,53,53,53,53,53,53,53,53,53,53,53,53,53,53,53,53,53,53,53,53,53,53,53,53
6380eae07571e116566417d2,65f5f22374edae42371c5d5b,The Stevens Company Unit # 1,HOOKCONTAINER,False,32,32,32,32,32,32,32,32,32,32,32,32,32,32,32,32,32,32,32,32,32,32,32,32,32
6380eae07571e116566417d2,638e4316a4795315f27bedff,The storehouse(Delta Warehouse),DELIVERLOAD,True,45,45,45,45,45,45,45,45,45,45,45,12,148,45,45,45,45,45,45,45,45,45,45,45,45
6380eae07571e116566417d2,677c5579fe5b5ae942fd6c5c,The Straw Boss - Mount Elgin ON,DELIVERLOAD,True,4,4,4,4,4,4,4,4,4,4,4,4,4,4,4,4,4,4,4,4,4,4,4,4,4
6380eae07571e116566417d2,664b5937e6c110279c2a24cf,THE STUCCO STORE INC,DELIVERLOAD,True,66,66,66,66,66,66,66,66,66,66,66,66,66,66,66,66,66,66,66,66,66,66,66,66,66
6380eae07571e116566417d2,68b6f8d4132cf488b0c9904d,The TDL Group Corp,HOOKCONTAINER,False,61,61,61,61,61,61,61,61,61,61,61,61,61,61,61,61,61,61,61,61,61,61,61,61,61
6380eae07571e116566417d2,67f6b32ad2f86f67388d8ef4,THE TREADMILL FACTORY - MARKHAM,DELIVERLOAD,False,7,7,7,7,7,7,7,7,7,7,7,7,7,7,7,7,7,7,7,7,7,7,7,7,7
6380eae07571e116566417d2,67f6b32ad2f86f67388d8ef4,THE TREADMILL FACTORY - MARKHAM,HOOKCONTAINER,False,29,29,29,29,29,29,29,29,29,29,29,29,29,29,29,29,29,29,29,29,29,29,29,29,29
6380eae07571e116566417d2,669011515f783a3f1b31a168,The Window Factory,DELIVERLOAD,True,54,54,54,54,54,54,54,54,54,54,54,54,54,54,54,54,54,54,54,54,54,54,54,54,54
6380eae07571e116566417d2,683e11b4a4bfd34be5e18ace,The Window factory LTD,DELIVERLOAD,True,66,66,66,66,66,66,66,66,66,66,66,66,66,66,66,66,66,66,66,66,66,66,66,66,66
6380eae07571e116566417d2,6643c6f5005dfcc5c761467b,THOMSON TERMINALS (ON),DELIVERLOAD,True,137,137,137,137,137,137,137,137,137,137,137,137,137,137,137,137,250,115,199,137,137,137,137,137,137
6380eae07571e116566417d2,6419c7d3dd34ce15c827e8c5,Thread Co,DELIVERLOAD,False,54,54,54,54,54,54,54,54,54,54,54,54,54,54,54,54,54,54,54,54,54,54,54,54,54
6380eae07571e116566417d2,6419c7d3dd34ce15c827e8c5,Thread Co,DELIVERLOAD,True,54,54,54,54,54,54,54,54,54,54,54,54,54,54,54,54,54,54,54,54,54,54,54,54,54
6380eae07571e116566417d2,6419c7d3dd34ce15c827e8c5,Thread Co,HOOKCONTAINER,False,38,38,38,38,38,38,38,38,38,38,38,38,38,38,38,38,38,38,38,38,38,38,38,38,38
6380eae07571e116566417d2,683dd4fef7c4de313111c0ee,THRUSTER ENERGY CORP. DBA TEC,DELIVERLOAD,False,29,29,29,29,29,29,29,29,29,29,29,29,29,29,29,29,29,29,29,29,29,29,29,29,29
6380eae07571e116566417d2,6849aaedd02d69f39f65f0ff,TIAN XIANG INTERNATIONAL #113,DELIVERLOAD,False,41,41,41,41,41,41,41,41,41,41,41,41,41,41,41,41,41,41,41,41,41,41,41,41,41
6380eae07571e116566417d2,6849aaedd02d69f39f65f0ff,TIAN XIANG INTERNATIONAL #113,HOOKCONTAINER,False,4,4,4,4,4,4,4,4,4,4,4,4,4,4,4,4,4,4,4,4,4,4,4,4,4
6380eae07571e116566417d2,67893de33cd0e49ec16f8e64,TIFFANY GATE,DELIVERLOAD,False,29,29,29,29,29,29,29,29,29,29,29,29,29,29,29,29,29,29,29,29,29,29,29,29,29
6380eae07571e116566417d2,67893de33cd0e49ec16f8e64,TIFFANY GATE,DELIVERLOAD,True,66,66,66,66,66,66,66,66,66,66,66,66,66,66,66,66,66,66,66,66,66,66,66,66,66
6380eae07571e116566417d2,65a97c079c9fb3161b540f93,TILLSONBURG CUSTOM FOOD CSMS,DELIVERLOAD,True,66,66,66,66,66,66,66,66,66,66,66,66,66,66,66,66,66,66,66,66,66,66,66,66,66
6380eae07571e116566417d2,638e649a0f71ac1600f4f80f,TILLSONBURG CUSTOM FOODS,DELIVERLOAD,True,170,170,170,170,170,170,316,90,170,129,170,170,170,170,170,170,77,170,170,170,170,170,170,170,170
6380eae07571e116566417d2,638e649a0f71ac1600f4f80f,TILLSONBURG CUSTOM FOODS,PULLCONTAINER,False,29,29,29,29,29,29,29,29,29,29,29,29,29,29,29,29,29,29,29,29,29,29,29,29,29
6380eae07571e116566417d2,6818d8530c4daec9afa1ceb5,TimberStone Distribution Winnipeg,DELIVERLOAD,True,66,66,66,66,66,66,66,66,66,66,66,66,66,66,66,66,66,66,66,66,66,66,66,66,66
6380eae07571e116566417d2,638e54dae2c64116395bb9ac,TIMBERSTONE EDMONTON,DELIVERLOAD,True,61,61,61,61,61,61,61,61,61,61,61,61,69,61,61,61,61,61,61,61,61,61,61,61,61
6380eae07571e116566417d2,66ad257cb04358532a547aa7,TimberTown Building Centre,DELIVERLOAD,False,38,38,38,38,38,38,38,38,38,38,38,38,38,38,38,38,38,38,38,38,38,38,38,38,38
6380eae07571e116566417d2,66ad257cb04358532a547aa7,TimberTown Building Centre,DELIVERLOAD,True,73,73,73,73,73,73,73,73,73,73,73,73,73,73,73,73,73,73,73,73,73,73,73,73,73
6380eae07571e116566417d2,638e542c487e0815fe50f11f,Tiras Dairies Inc.,DELIVERLOAD,False,65,65,65,65,65,65,65,65,65,65,65,65,65,65,65,65,65,65,65,65,65,65,65,65,65
6380eae07571e116566417d2,638e542c487e0815fe50f11f,Tiras Dairies Inc.,DELIVERLOAD,True,148,148,148,148,148,148,148,148,148,148,148,148,148,148,148,148,148,148,148,148,148,148,148,148,148
6380eae07571e116566417d2,6813ae87c89e442a848b99a3,Tire Capital,DELIVERLOAD,False,29,29,29,29,29,29,29,29,29,29,29,29,29,29,29,29,29,29,29,29,29,29,29,29,29
6380eae07571e116566417d2,6813ae87c89e442a848b99a3,Tire Capital,DELIVERLOAD,True,115,115,115,115,115,115,115,115,115,115,115,115,115,115,115,115,115,115,115,115,115,115,115,115,115
6380eae07571e116566417d2,68191c4f739b382d54dec515,Tirecraft Edmonton Truck Center Inc,DELIVERLOAD,False,29,29,29,29,29,29,29,29,29,29,29,29,29,29,29,29,29,29,29,29,29,29,29,29,29
6380eae07571e116566417d2,68191c4f739b382d54dec515,Tirecraft Edmonton Truck Center Inc,HOOKCONTAINER,False,58,58,58,58,58,58,58,58,58,58,58,58,58,58,58,58,58,58,58,58,58,58,58,58,58
6380eae07571e116566417d2,686bd67c426b8ec6bdcebfb6,tire king,HOOKCONTAINER,False,7,7,7,7,7,7,7,7,7,7,7,7,7,7,7,7,7,7,7,7,7,7,7,7,7
6380eae07571e116566417d2,63f6491fa9ba391639e56158,TITAN ENVIRONMENTAL,DELIVERLOAD,False,18,18,18,18,18,18,18,18,18,18,18,18,18,18,18,18,18,18,18,18,18,18,18,18,18
6380eae07571e116566417d2,63f6491fa9ba391639e56158,TITAN ENVIRONMENTAL,DELIVERLOAD,True,101,101,101,101,101,101,101,101,101,101,101,101,101,101,101,101,101,101,101,101,101,101,101,101,101
6380eae07571e116566417d2,63f6491fa9ba391639e56158,TITAN ENVIRONMENTAL,HOOKCONTAINER,False,11,11,11,11,11,11,11,11,11,11,11,11,11,11,11,11,6,11,11,11,11,11,11,11,11
6380eae07571e116566417d2,67afafe235ed1dc103ca685f,TITAN ENVIRONMENTAL CONTAINMENT,DELIVERLOAD,False,33,33,33,33,33,33,33,33,33,33,33,33,33,33,33,33,33,33,33,33,33,33,33,33,33
6380eae07571e116566417d2,67afafe235ed1dc103ca685f,TITAN ENVIRONMENTAL CONTAINMENT,DELIVERLOAD,True,52,52,52,52,52,52,52,52,52,52,52,52,52,52,52,52,52,52,52,52,52,52,52,52,52
6380eae07571e116566417d2,67afafe235ed1dc103ca685f,TITAN ENVIRONMENTAL CONTAINMENT,HOOKCONTAINER,False,20,20,20,20,20,20,20,20,20,20,20,20,20,20,20,20,20,20,20,20,20,20,20,20,20
6380eae07571e116566417d2,638e69935d19cf15e2624657,Titan Supply,DELIVERLOAD,False,19,19,19,19,19,19,19,19,19,19,19,19,19,19,19,19,19,19,19,19,19,19,19,19,19
6380eae07571e116566417d2,638e69935d19cf15e2624657,Titan Supply,DELIVERLOAD,True,35,35,35,35,35,35,35,35,35,35,35,35,35,35,35,35,35,35,35,35,35,35,35,35,35
6380eae07571e116566417d2,67cf15191484b77c32b7716d,TJX,DELIVERLOAD,False,7,7,7,7,7,7,7,7,7,7,7,7,7,7,7,7,7,7,7,7,7,7,7,7,7
6380eae07571e116566417d2,67cf15191484b77c32b7716d,TJX,HOOKCONTAINER,False,41,41,41,41,41,41,41,41,41,41,41,41,41,41,41,41,41,41,41,41,41,41,41,41,41
6380eae07571e116566417d2,66b3c36993f952e6ecfc5865,TJX Balzac,DELIVERLOAD,False,23,23,23,23,23,23,23,23,23,23,14,76,23,15,23,6,32,41,89,30,13,8,14,23,23
6380eae07571e116566417d2,66b3c36993f952e6ecfc5865,TJX Balzac,DELIVERLOAD,True,30,30,30,30,30,30,30,30,30,30,30,30,30,30,30,30,30,30,30,30,30,30,30,30,30
6380eae07571e116566417d2,66b3c36993f952e6ecfc5865,TJX Balzac,HOOKCONTAINER,False,36,36,36,36,36,36,36,36,36,36,55,53,37,36,42,47,60,16,40,33,31,31,36,36,36
6380eae07571e116566417d2,645bdec17d7f7a16467554f0,T-LANE,DELIVERLOAD,False,9,9,9,9,9,9,9,9,9,9,9,9,9,9,9,9,9,9,9,9,9,9,9,9,9
6380eae07571e116566417d2,645bdec17d7f7a16467554f0,T-LANE,HOOKCONTAINER,False,6,6,6,6,6,6,6,6,6,6,6,6,6,6,6,6,6,6,6,6,6,6,6,6,6
6380eae07571e116566417d2,67d305e3543a325724ca94f7,TLT TRansport,DELIVERLOAD,False,74,74,74,74,74,74,74,74,74,74,74,74,74,74,74,74,74,74,74,74,74,74,74,74,74
6380eae07571e116566417d2,688bcfae629f4a9b4b5178e8,TM SALES GROUP LTD,DELIVERLOAD,True,66,66,66,66,66,66,66,66,66,66,66,66,66,66,66,66,66,66,66,66,66,66,66,66,66
6380eae07571e116566417d2,67853b54a3a41aa987d5c18c,TMS FULFILMENT TURN-KEY,DELIVERLOAD,True,142,142,142,142,142,142,142,142,142,142,142,142,142,142,142,142,142,142,142,142,142,142,142,142,142
6380eae07571e116566417d2,67853b54a3a41aa987d5c18c,TMS FULFILMENT TURN-KEY,PULLCONTAINER,False,9,9,9,9,9,9,9,9,9,9,9,9,9,9,9,9,9,9,9,9,9,9,9,9,9
6380eae07571e116566417d2,67d5db3bbf2aca0680995a50,TNT FOODS INTL FROZEN,DELIVERLOAD,True,15,15,15,15,15,15,15,15,15,10,82,15,15,15,15,15,15,15,15,15,15,15,15,15,15
6380eae07571e116566417d2,67d5db3bbf2aca0680995a50,TNT FOODS INTL FROZEN,PULLCONTAINER,False,7,7,7,7,7,7,7,7,7,7,7,7,7,7,7,7,7,7,7,7,7,7,7,7,7
6380eae07571e116566417d2,66aa668f84a3f47958a9b086,TNT FOODS INTL FROZEN *2,DELIVERLOAD,True,52,52,52,52,52,52,52,14,69,3,136,6,46,224,64,52,52,242,52,52,52,52,52,52,52
6380eae07571e116566417d2,66aa668f84a3f47958a9b086,TNT FOODS INTL FROZEN *2,PULLCONTAINER,False,36,36,36,36,36,36,36,36,36,36,36,36,36,36,36,36,36,36,36,36,36,36,36,36,36
6380eae07571e116566417d2,676dd86df8a01f53c8736d77,TOL Calgary,DELIVERLOAD,False,3,3,3,3,3,3,3,3,3,3,3,3,3,3,3,3,3,3,3,3,3,3,3,3,3
6380eae07571e116566417d2,676dd86df8a01f53c8736d77,TOL Calgary,DELIVERLOAD,True,47,47,47,47,47,47,47,47,47,47,47,47,47,47,47,47,47,47,47,47,47,47,47,47,47
6380eae07571e116566417d2,643cc23b228e4c15eacd77dc,TOLKO ATHABASCA DIVISION,DELIVERLOAD,False,29,29,29,29,29,29,29,29,29,29,29,29,29,29,29,29,29,29,29,29,29,29,29,29,29
6380eae07571e116566417d2,643cc23b228e4c15eacd77dc,TOLKO ATHABASCA DIVISION,DELIVERLOAD,True,107,107,107,107,107,107,107,107,107,107,107,107,107,107,107,107,107,107,107,107,107,107,107,107,107
6380eae07571e116566417d2,688118b9e20e7de5782c3347,Topmade Enterprises Ltd,DELIVERLOAD,True,57,57,57,57,57,57,57,57,57,57,57,57,57,57,57,57,57,57,57,57,57,57,57,57,57
6380eae07571e116566417d2,68489a685915cd60d668520e,Top Quality Auto Glass,DELIVERLOAD,False,3,3,3,3,3,3,3,3,3,3,3,3,3,3,3,3,3,3,3,3,3,3,3,3,3
6380eae07571e116566417d2,68489a685915cd60d668520e,Top Quality Auto Glass,HOOKCONTAINER,False,6,6,6,6,6,6,6,6,6,6,6,6,6,6,6,6,6,6,6,6,6,6,6,6,6
6380eae07571e116566417d2,652744e2dc1f3610751d59e5,"Top Shelf Storage - Burlington, ON",DELIVERLOAD,True,144,144,144,144,144,144,144,144,144,144,144,144,144,144,144,144,144,144,144,144,144,144,144,144,144
6380eae07571e116566417d2,638e6672a5295f15ea3e4b69,Topshelf warehouse,DELIVERLOAD,True,66,66,66,66,66,66,66,66,66,66,66,66,66,66,66,66,66,66,66,66,66,66,66,66,66
6380eae07571e116566417d2,638e55986df97715f0f39525,Torlys Inc,DELIVERLOAD,False,29,29,29,29,29,29,29,29,29,29,29,29,29,29,29,29,29,29,29,29,29,29,29,29,29
6380eae07571e116566417d2,638e55986df97715f0f39525,Torlys Inc,DELIVERLOAD,True,81,81,81,81,81,81,81,81,81,81,81,85,81,81,67,74,81,81,81,81,81,81,81,81,81
6380eae07571e116566417d2,6894e0152e5c8fb8ec18aa3c,Tornado Global Hydrovacs Ltd,DELIVERLOAD,False,77,77,77,77,77,77,77,77,77,77,77,77,77,77,77,77,77,77,77,77,77,77,77,77,77
6380eae07571e116566417d2,6894e0152e5c8fb8ec18aa3c,Tornado Global Hydrovacs Ltd,DELIVERLOAD,True,96,96,96,96,96,96,96,96,96,96,96,96,96,96,96,96,96,96,96,96,96,96,96,96,96
6380eae07571e116566417d2,662e5c55f91d400caf3a2326,TORONTO YARD,DELIVERLOAD,True,178,178,178,178,178,178,178,178,178,178,178,178,178,178,178,178,178,178,178,178,178,178,178,178,178
6380eae07571e116566417d2,662e5c55f91d400caf3a2326,TORONTO YARD,DROPCONTAINER,False,22,22,22,22,22,22,22,22,22,22,22,22,22,22,22,22,22,22,22,22,22,22,22,22,22
6380eae07571e116566417d2,662e5c55f91d400caf3a2326,TORONTO YARD,HOOKCONTAINER,False,31,25,89,116,73,19,31,21,9,21,7,7,104,22,81,12,233,106,114,68,106,10,145,164,41
6380eae07571e116566417d2,662e5c55f91d400caf3a2326,TORONTO YARD,PULLCONTAINER,False,43,43,97,52,82,10,25,29,71,89,19,64,23,43,26,64,64,9,117,30,54,6,43,160,265
6380eae07571e116566417d2,662e5c55f91d400caf3a2326,TORONTO YARD,RETURNCONTAINER,False,37,37,37,25,26,29,37,94,73,60,55,37,82,89,26,15,37,163,37,37,37,31,37,37,37
6380eae07571e116566417d2,689a62462cc9b2f75f7b0d59,Torque tech truck & trailer repair,DELIVERLOAD,True,3,3,3,3,3,3,3,3,3,3,3,3,3,3,3,3,3,3,3,3,3,3,3,3,3
6380eae07571e116566417d2,689a62462cc9b2f75f7b0d59,Torque tech truck & trailer repair,HOOKCONTAINER,False,58,58,58,58,58,58,58,58,58,58,58,58,58,58,58,58,58,58,58,58,58,58,58,58,58
6380eae07571e116566417d2,6855a92c22f83de94130959f,Total Tires,DELIVERLOAD,False,13,13,13,13,13,13,13,13,13,13,13,13,13,13,13,13,13,13,13,13,13,13,13,13,13
6380eae07571e116566417d2,638e2fd4b91dc3160b914f74,total tires distributors inc,HOOKCONTAINER,False,33,33,33,33,33,33,33,33,33,33,33,33,33,33,33,33,33,33,33,33,33,33,33,33,33
6380eae07571e116566417d2,66d776f5dc4a09ce574116aa,Toyo Tire Canada Inc.,DELIVERLOAD,False,12,12,12,12,12,12,12,12,12,12,12,12,12,12,12,12,12,12,12,12,12,12,12,12,12
6380eae07571e116566417d2,66d776f5dc4a09ce574116aa,Toyo Tire Canada Inc.,HOOKCONTAINER,False,11,11,11,11,11,11,11,11,11,11,11,11,11,11,11,11,9,10,101,7,11,11,11,11,11
6380eae07571e116566417d2,66eb3fffdcd73b74fbfe59bf,Toyo Tires Canada,DELIVERLOAD,False,24,24,24,24,24,24,24,24,24,24,24,24,24,24,24,24,24,24,24,24,24,24,24,24,24
6380eae07571e116566417d2,66eb3fffdcd73b74fbfe59bf,Toyo Tires Canada,DELIVERLOAD,True,3,3,3,3,3,3,3,3,3,3,3,3,3,3,3,3,3,3,3,3,3,3,3,3,3
6380eae07571e116566417d2,66eb3fffdcd73b74fbfe59bf,Toyo Tires Canada,HOOKCONTAINER,False,11,11,11,11,11,11,11,11,11,11,11,11,11,11,11,11,11,11,11,11,11,11,11,11,11
6380eae07571e116566417d2,67322dd2b0cd90d2ec0dfc07,Toyo Tires Saint-Laurent,DELIVERLOAD,False,29,29,29,29,29,29,29,29,29,29,29,29,29,29,29,29,29,29,29,29,29,29,29,29,29
6380eae07571e116566417d2,67322dd2b0cd90d2ec0dfc07,Toyo Tires Saint-Laurent,DELIVERLOAD,True,68,68,68,68,68,68,68,68,68,68,68,68,68,68,68,68,68,68,68,68,68,68,68,68,68
6380eae07571e116566417d2,688d0cb666d47257c3110340,TOYS R US 3521,DELIVERLOAD,False,15,15,15,15,15,15,15,15,15,15,15,15,15,15,15,15,15,15,15,15,15,15,15,15,15
6380eae07571e116566417d2,65cbf611db01a33ca2149019,TradeSpace Storage Facility,DELIVERLOAD,False,18,18,18,18,18,18,18,18,18,18,18,18,18,18,18,18,18,18,18,18,18,18,18,18,18
6380eae07571e116566417d2,65cbf611db01a33ca2149019,TradeSpace Storage Facility,HOOKCONTAINER,False,12,12,12,12,12,12,12,12,12,12,12,12,12,12,12,12,12,12,12,12,12,12,12,12,12
6380eae07571e116566417d2,687173e7449b56783d0fac1c,Trades Pro Supply,DELIVERLOAD,True,66,66,66,66,66,66,66,66,66,66,66,66,66,66,66,66,66,66,66,66,66,66,66,66,66
6380eae07571e116566417d2,6780342a00948c328f704c7b,Traeger c/o MTE Logistix,DELIVERLOAD,False,41,41,41,41,41,41,41,41,41,103,47,40,41,41,23,32,41,41,41,41,41,41,41,41,41
6380eae07571e116566417d2,6780342a00948c328f704c7b,Traeger c/o MTE Logistix,DELIVERLOAD,True,84,84,84,84,84,84,84,84,84,84,84,84,84,84,84,84,84,84,84,84,84,84,84,84,84
6380eae07571e116566417d2,6780342a00948c328f704c7b,Traeger c/o MTE Logistix,HOOKCONTAINER,False,14,14,14,14,14,14,14,14,14,14,14,14,14,14,14,4,14,14,7,14,14,14,14,14,14
6380eae07571e116566417d2,638e4316a4795315f27bee1f,Trail Appliances Ltd.,DELIVERLOAD,False,59,59,59,59,59,59,59,59,59,59,59,59,59,59,59,59,59,59,59,59,59,59,59,59,59
6380eae07571e116566417d2,64de76be7a760d15f7a2e287,TRAIL APPLIANCES LTD,DELIVERLOAD,False,71,71,71,71,71,71,71,71,71,71,71,71,71,71,71,71,71,71,71,71,71,71,71,71,71
6380eae07571e116566417d2,65c3cf8abe0d623c61b8ac98,TRAIL - CALGARY WHSE,DELIVERLOAD,False,63,63,63,63,63,63,63,63,63,63,59,75,74,63,63,63,63,63,63,63,63,63,63,63,63
6380eae07571e116566417d2,65c3cf8abe0d623c61b8ac98,TRAIL - CALGARY WHSE,DELIVERLOAD,True,80,80,80,80,80,80,80,80,80,80,80,80,7,80,80,80,80,80,80,80,80,80,80,80,80
6380eae07571e116566417d2,65c3cf8abe0d623c61b8ac98,TRAIL - CALGARY WHSE,HOOKCONTAINER,False,89,89,89,89,89,89,89,89,89,89,89,89,89,89,89,89,89,89,89,89,89,89,89,89,89
6380eae07571e116566417d2,6626c1f0f88d91d2f47cc9ed,TRAIL - CALGARY WHSE,DELIVERLOAD,False,76,76,76,76,76,76,76,76,59,76,76,76,76,76,76,76,76,76,76,76,76,76,76,76,76
6380eae07571e116566417d2,6626c1f0f88d91d2f47cc9ed,TRAIL - CALGARY WHSE,DELIVERLOAD,True,71,71,71,71,71,71,71,71,71,71,71,71,71,71,71,71,71,71,71,71,71,71,71,71,71
6380eae07571e116566417d2,664289f1fc7c70f2f09bbc4c,TRAIL - CALGARY WHSE,DELIVERLOAD,False,27,27,27,27,27,27,27,27,27,27,27,27,27,27,27,27,27,27,27,27,27,27,27,27,27
6380eae07571e116566417d2,664289f1fc7c70f2f09bbc4c,TRAIL - CALGARY WHSE,DELIVERLOAD,True,35,35,35,35,35,35,35,35,35,35,35,35,35,35,35,35,35,35,35,35,35,35,35,35,35
6380eae07571e116566417d2,664fb40e9ebdfd2ae09ae966,TRAIL - CALGARY WHSE,DELIVERLOAD,False,83,83,83,83,83,83,83,83,83,83,83,83,83,83,83,83,83,83,83,83,83,83,83,83,83
6380eae07571e116566417d2,664fb40e9ebdfd2ae09ae966,TRAIL - CALGARY WHSE,DELIVERLOAD,True,129,129,129,129,129,129,129,129,129,129,129,129,129,129,129,129,129,129,129,129,129,129,129,129,129
6380eae07571e116566417d2,6581e0f52a9687162edbae55,TRAIL - CALGARY WHSE Unit 110,DELIVERLOAD,False,57,57,57,57,57,57,57,57,57,57,57,57,57,57,57,57,57,57,57,57,57,57,57,57,57
6380eae07571e116566417d2,6581e0f52a9687162edbae55,TRAIL - CALGARY WHSE Unit 110,DELIVERLOAD,True,37,37,37,37,37,37,37,37,37,37,37,37,37,37,37,37,37,37,37,37,37,37,37,37,37
6380eae07571e116566417d2,658b1d87d3e6254dbb70152c,TRAIL EDMONTON,DELIVERLOAD,False,86,86,86,86,86,86,86,102,86,86,86,86,86,86,86,86,86,86,86,86,86,86,86,86,86
6380eae07571e116566417d2,658b1d87d3e6254dbb70152c,TRAIL EDMONTON,DELIVERLOAD,True,127,127,127,127,127,127,127,171,127,127,127,127,127,127,127,127,127,127,127,127,127,127,127,127,127
6380eae07571e116566417d2,6712e731e249a0d30eb39402,TRAIL EDMONTON,DELIVERLOAD,False,60,60,60,60,60,60,60,60,60,60,67,60,60,60,60,60,60,60,60,60,60,60,60,60,60
6380eae07571e116566417d2,6712e731e249a0d30eb39402,TRAIL EDMONTON,DELIVERLOAD,True,80,80,80,80,80,80,80,80,80,80,80,80,47,80,80,80,80,80,80,80,80,80,80,80,80
6380eae07571e116566417d2,66fad51ae2897f070dcd1495,Transco Freightway,DELIVERLOAD,True,125,125,125,125,125,125,125,125,125,125,125,125,125,125,125,125,173,125,125,125,125,125,125,125,125
6380eae07571e116566417d2,641b78175ce96b160d6b7d56,transfeeder rolling hills,DELIVERLOAD,False,29,29,29,29,29,29,29,29,29,29,29,29,29,29,29,29,29,29,29,29,29,29,29,29,29
6380eae07571e116566417d2,641b78175ce96b160d6b7d56,transfeeder rolling hills,DELIVERLOAD,True,66,66,66,66,66,66,66,66,66,66,66,66,66,66,66,66,66,66,66,66,66,66,66,66,66
6380eae07571e116566417d2,683f38772d3b5845cf444858,Transglobal Logistics,DELIVERLOAD,True,45,45,45,45,45,45,45,45,45,45,45,45,45,45,45,45,45,45,45,45,45,45,45,45,45
6380eae07571e116566417d2,658b3957eda9404d9aeb3a51,TRANSOURCE,DELIVERLOAD,True,37,37,37,37,37,37,37,37,37,37,37,37,37,37,37,37,37,37,37,37,37,37,37,37,37
6380eae07571e116566417d2,658b3957eda9404d9aeb3a51,TRANSOURCE,HOOKCONTAINER,False,83,83,83,83,83,83,83,83,83,83,83,83,83,83,83,83,83,83,83,83,83,83,83,83,83
6380eae07571e116566417d2,658b3957eda9404d9aeb3a51,TRANSOURCE,PULLCONTAINER,False,16,16,16,16,16,16,16,16,16,16,16,16,16,16,16,16,16,16,16,16,16,16,16,16,16
6380eae07571e116566417d2,6734dbd2f98c900a255264c1,Transource Bolton,DELIVERLOAD,True,51,51,51,51,51,51,51,51,51,51,51,51,51,51,51,51,51,51,51,51,51,51,51,51,51
6380eae07571e116566417d2,6734dbd2f98c900a255264c1,Transource Bolton,HOOKCONTAINER,False,20,20,20,20,20,20,20,20,20,20,20,20,20,20,20,20,20,20,20,20,20,20,20,20,20
6380eae07571e116566417d2,65ea1cc615f9983a7c87b469,TRANSOURCE CALGARY WAREHOUSE NEW,DELIVERLOAD,False,19,19,19,19,19,19,19,19,19,19,19,19,19,6,19,19,19,19,19,19,19,19,19,19,19
6380eae07571e116566417d2,65ea1cc615f9983a7c87b469,TRANSOURCE CALGARY WAREHOUSE NEW,DELIVERLOAD,True,80,80,80,80,80,80,80,80,80,80,80,80,80,80,80,80,80,80,80,80,80,80,80,80,80
6380eae07571e116566417d2,65ea1cc615f9983a7c87b469,TRANSOURCE CALGARY WAREHOUSE NEW,HOOKCONTAINER,False,16,16,16,16,16,16,16,16,16,16,16,16,16,16,16,16,16,16,16,16,16,16,16,16,16
6380eae07571e116566417d2,65847e0fec58c2225a48b5d6,"Transource, Delta, BC",DELIVERLOAD,False,53,53,53,53,53,53,53,53,53,53,53,53,53,53,53,53,53,53,53,53,53,53,53,53,53
6380eae07571e116566417d2,65847e0fec58c2225a48b5d6,"Transource, Delta, BC",DELIVERLOAD,True,174,174,174,174,174,174,174,174,174,174,174,174,174,174,174,174,174,174,223,174,174,174,174,174,174
6380eae07571e116566417d2,65847e0fec58c2225a48b5d6,"Transource, Delta, BC",HOOKCONTAINER,False,16,16,16,16,16,16,16,16,16,16,16,16,16,16,16,16,16,16,16,16,16,16,16,16,16
6380eae07571e116566417d2,65847e0fec58c2225a48b5d6,"Transource, Delta, BC",PULLCONTAINER,False,87,87,87,87,87,87,87,87,87,87,87,87,87,87,87,87,87,87,87,87,87,87,87,87,87
6380eae07571e116566417d2,6733907eb0cca71a4882d6a6,Transource Montreal Warehouse,DELIVERLOAD,True,118,118,118,118,118,118,118,118,118,118,118,118,118,118,118,118,118,118,118,118,118,118,118,118,118
6380eae07571e116566417d2,65e8d66916328e35be855bfc,"Transource Ontario Warehouse,",DELIVERLOAD,False,3,3,3,3,3,3,3,3,3,3,3,3,3,3,3,3,3,3,21,3,3,3,3,3,3
6380eae07571e116566417d2,65e8d66916328e35be855bfc,"Transource Ontario Warehouse,",DELIVERLOAD,True,51,51,51,51,51,51,51,51,51,51,51,51,51,51,51,51,51,51,44,51,51,51,51,51,51
6380eae07571e116566417d2,65e8d66916328e35be855bfc,"Transource Ontario Warehouse,",HOOKCONTAINER,False,35,35,35,35,35,35,35,35,35,35,35,35,35,35,35,32,35,35,35,35,35,35,35,35,35
6380eae07571e116566417d2,682644519caa4c5ade737904,Transource _ Sealy Edmonton,DELIVERLOAD,False,14,14,14,14,14,14,14,14,14,14,14,14,14,14,14,14,14,14,14,14,14,14,14,14,14
6380eae07571e116566417d2,682644519caa4c5ade737904,Transource _ Sealy Edmonton,DELIVERLOAD,True,94,94,94,94,94,94,94,94,94,94,94,94,94,94,94,94,94,94,94,94,94,94,94,94,94
6380eae07571e116566417d2,638e56439a8a2f15f94014a1,Transource Warehouse,DELIVERLOAD,True,3,3,3,3,3,3,3,3,3,3,3,3,3,3,3,3,3,3,3,3,3,3,3,3,3
6380eae07571e116566417d2,683a15a4a609ac97c12bf633,TranSource yard - Calgary,DELIVERLOAD,True,134,134,134,134,134,134,134,134,134,134,134,134,134,134,134,134,134,134,134,134,134,134,134,134,134
6380eae07571e116566417d2,6604657cf3d78c9f26d049e9,Transource Yard - Delta BC,DELIVERLOAD,True,3,3,3,3,3,3,3,3,3,3,3,3,3,3,3,3,3,3,3,3,3,3,3,3,3
6380eae07571e116566417d2,67c629e0eabf8996939baf98,Transpac Supply Chain Ltd.,DELIVERLOAD,False,4,4,4,4,4,4,4,4,4,4,4,4,4,4,4,4,4,4,4,4,4,4,4,4,4
6380eae07571e116566417d2,65dcb8b545269d30c2adb9d4,"TransPlus - Mississauga, ON",DELIVERLOAD,True,61,61,61,61,61,61,61,61,61,61,61,61,61,61,61,61,61,61,61,61,61,61,61,61,61
6380eae07571e116566417d2,687156239c0a868bc26acf7e,TRANSPO INDUSTRIES INC,DELIVERLOAD,True,66,66,66,66,66,66,66,66,66,66,66,66,66,66,66,66,66,66,66,66,66,66,66,66,66
6380eae07571e116566417d2,687fbd53d5188aa38ace3f6d,Trans Ram - Laval,DELIVERLOAD,True,9,9,9,9,9,9,9,9,9,9,9,9,9,9,9,9,9,9,9,9,9,9,9,9,9
6380eae07571e116566417d2,65e8d5a996dc8cdff2afb19f,TRANSSOURCE CALGARY (YARD),DELIVERLOAD,False,30,30,30,30,30,30,30,30,30,30,30,30,30,30,30,30,30,30,30,30,30,30,30,30,30
6380eae07571e116566417d2,65e8d5a996dc8cdff2afb19f,TRANSSOURCE CALGARY (YARD),HOOKCONTAINER,False,20,20,20,20,20,20,20,20,20,20,20,20,20,20,20,20,20,20,20,20,20,20,20,20,20
6380eae07571e116566417d2,63f5621276e6cc16044e0902,TreeCo,DELIVERLOAD,True,49,49,49,49,49,49,49,49,49,49,49,49,49,49,49,49,49,49,49,49,49,49,49,49,49
6380eae07571e116566417d2,677c52f0956cd974a6e3fd3c,Treeco Calgary,DELIVERLOAD,False,18,18,18,18,18,18,18,18,18,18,18,18,18,18,18,18,18,18,18,18,18,18,18,18,18
6380eae07571e116566417d2,677c52f0956cd974a6e3fd3c,Treeco Calgary,DELIVERLOAD,True,162,162,162,162,162,162,162,162,162,162,162,162,162,162,162,162,162,162,162,162,162,162,162,162,162
6380eae07571e116566417d2,677c52f0956cd974a6e3fd3c,Treeco Calgary,HOOKCONTAINER,False,13,13,13,13,13,13,13,13,13,13,13,13,13,13,13,13,13,13,13,13,13,13,13,13,13
6380eae07571e116566417d2,638e4316a4795315f27bedf9,Tree of Life Canada,DELIVERLOAD,True,76,76,76,76,76,76,76,76,76,76,76,76,76,76,76,76,76,76,76,76,76,76,76,76,76
6380eae07571e116566417d2,67f532547e5ea6369fdabd91,Tremco CPG - Coaldale,DELIVERLOAD,True,84,84,84,84,84,84,84,84,84,84,84,84,84,84,84,84,84,84,84,84,84,84,84,84,84
6380eae07571e116566417d2,67dadb14d763bb7d7f695a57,Trenton Cold Storage,DELIVERLOAD,True,159,159,159,159,159,159,159,159,159,159,159,159,159,159,159,159,159,159,159,159,159,159,159,159,159
6380eae07571e116566417d2,67db421b2d9761d27eb2d6bd,Trenton Cold Storage 354 Tate Rd,DELIVERLOAD,True,7,7,7,7,7,7,7,7,7,7,7,7,7,7,7,7,7,7,7,7,7,7,7,7,7
6380eae07571e116566417d2,638e47d11de55a15fc7411a3,TRENTON COLD STORAGE  (EDM),DELIVERLOAD,True,66,66,66,66,66,66,66,66,66,66,66,66,66,66,66,66,66,66,66,66,66,66,66,66,66
6380eae07571e116566417d2,638e47d11de55a15fc7411a3,TRENTON COLD STORAGE  (EDM),HOOKCONTAINER,False,20,20,20,20,20,20,20,20,20,20,20,20,20,20,20,20,20,20,20,20,20,20,20,20,20
6380eae07571e116566417d2,6605d6328edd79c9671e39e2,Trenton Cold Storage - Fraser Glenburie,DELIVERLOAD,True,60,60,60,60,60,60,60,60,60,170,60,60,60,9,60,60,60,60,60,60,60,60,60,60,60
6380eae07571e116566417d2,638e4b62c53a0215e5d07a8f,Trenton Cold Storage Tcs Calgary,DELIVERLOAD,False,29,29,29,29,29,29,29,29,29,29,29,29,29,29,29,29,29,29,29,29,29,29,29,29,29
6380eae07571e116566417d2,638e4b62c53a0215e5d07a8f,Trenton Cold Storage Tcs Calgary,DELIVERLOAD,True,113,113,113,113,113,113,113,113,113,113,113,113,113,113,113,113,113,113,113,113,113,113,113,113,113
6380eae07571e116566417d2,638e4b62c53a0215e5d07a8f,Trenton Cold Storage Tcs Calgary,HOOKCONTAINER,False,3,3,3,3,3,3,3,3,3,3,3,3,3,3,3,3,3,3,3,3,3,3,3,3,3
6380eae07571e116566417d2,638e542c487e0815fe50f110,Trenton Cold Storage Toronto,DELIVERLOAD,True,171,171,171,171,171,171,171,171,171,171,171,171,171,171,171,171,171,171,171,171,171,171,171,171,171
6380eae07571e116566417d2,66f436dd4dc0cf574edff483,"Trenton Storage - Edmonton, AB",DELIVERLOAD,True,123,123,123,123,123,123,123,123,123,123,123,123,123,123,123,123,123,123,123,123,123,123,123,123,123
6380eae07571e116566417d2,6686f3e6a2fb02124a2071a6,TRESCO INDUSTRIES,DELIVERLOAD,False,60,60,60,60,60,60,60,60,60,60,60,60,60,60,60,60,60,60,60,60,60,60,60,60,60
6380eae07571e116566417d2,643ec88b714e7b162640fdac,TREVJ ENTERPRISES LTD.,DELIVERLOAD,False,29,29,29,29,29,29,29,29,29,29,29,29,29,29,29,29,29,29,29,29,29,29,29,29,29
6380eae07571e116566417d2,643ec88b714e7b162640fdac,TREVJ ENTERPRISES LTD.,HOOKCONTAINER,False,20,20,20,20,20,20,20,20,20,20,20,20,20,20,20,20,20,20,20,20,20,20,20,20,20
6380eae07571e116566417d2,638e99746df97715f0f39fa5,Triangle Enterprises ltd.,DELIVERLOAD,False,83,83,83,83,83,83,83,83,83,83,83,83,83,83,83,83,83,83,83,83,83,83,83,83,83
6380eae07571e116566417d2,638e99746df97715f0f39fa5,Triangle Enterprises ltd.,HOOKCONTAINER,False,49,49,49,49,49,49,49,49,49,49,49,49,49,49,49,49,49,49,49,49,49,49,49,49,49
6380eae07571e116566417d2,682e3ef910c1966cbd8b1e80,TriCity Warehousing,DELIVERLOAD,True,100,100,100,100,100,100,100,100,100,100,100,100,100,100,100,100,100,100,100,100,100,100,100,100,100
6380eae07571e116566417d2,669ec800ed43ab92ad7b8f57,Tricorbraun,DELIVERLOAD,True,70,70,70,70,70,70,70,70,70,70,70,70,60,70,70,70,70,70,70,70,70,70,70,70,70
6380eae07571e116566417d2,68af1aabe261081056316f17,Triforest Calgary,DELIVERLOAD,True,26,26,26,26,26,26,26,26,26,26,26,26,26,26,26,26,26,26,26,26,26,26,26,26,26
6380eae07571e116566417d2,68b0a2f83bf6772a84d00014,TRIFOREST EDMONTON,DELIVERLOAD,True,118,118,118,118,118,118,118,118,118,118,118,118,118,118,118,118,118,118,118,118,118,118,118,118,118
6380eae07571e116566417d2,685ad0af4735d9e16aadd4fb,Trinetra Metals Ltd,HOOKCONTAINER,False,25,25,25,25,25,25,25,25,25,25,25,25,25,25,25,25,25,25,25,25,25,25,25,25,25
6380eae07571e116566417d2,641cb87b2e4ce415aacecd83,Tri-Pat Holdings Ltd,DELIVERLOAD,False,29,29,29,29,29,29,29,29,29,29,29,29,29,29,29,29,29,29,29,29,29,29,29,29,29
6380eae07571e116566417d2,638ec1476df97715f0f3a242,TRIPLE M NON FERROUS WHSE,DELIVERLOAD,False,29,29,29,29,29,29,29,29,29,29,29,29,29,29,29,29,29,29,29,29,29,29,29,29,29
6380eae07571e116566417d2,638ec1476df97715f0f3a242,TRIPLE M NON FERROUS WHSE,HOOKCONTAINER,False,5,5,5,5,5,5,5,5,5,5,5,5,5,5,5,5,5,5,5,5,5,5,5,5,5
6380eae07571e116566417d2,64a8290d40882f1637924fe7,Trivee Transport,DELIVERLOAD,False,22,22,22,22,22,22,22,22,22,22,22,22,22,22,22,22,22,22,22,22,22,22,22,22,22
6380eae07571e116566417d2,64a8290d40882f1637924fe7,Trivee Transport,HOOKCONTAINER,False,34,34,34,34,34,34,34,34,34,34,34,34,34,34,34,34,34,34,34,34,34,34,34,34,34
6380eae07571e116566417d2,638e2fd4b91dc3160b914fc8,TROJAN INDUSTRIES INC.,DELIVERLOAD,False,64,64,64,64,64,64,64,64,64,64,64,64,64,64,64,64,64,64,64,64,64,64,64,64,64
6380eae07571e116566417d2,638e2fd4b91dc3160b914fc8,TROJAN INDUSTRIES INC.,DELIVERLOAD,True,59,59,59,59,59,59,59,59,59,59,59,59,59,59,59,59,59,59,59,59,59,59,59,59,59
6380eae07571e116566417d2,6393c2fa6d10ed163914eb9d,Tropical Forest Products,DELIVERLOAD,True,19,19,19,19,19,19,19,19,19,19,19,19,19,19,19,19,19,19,19,19,19,19,19,19,19
6380eae07571e116566417d2,641a0ae915462c15e6d9df08,Trouw Nutrition,DELIVERLOAD,False,6,6,6,6,6,6,6,6,6,6,6,6,6,6,6,6,6,6,6,6,6,6,6,6,6
6380eae07571e116566417d2,6834d57b690b95f6ddce65e6,"TRU EARTH ENVIRONMENTAL PRODUCTS - BURNABY, BC",DELIVERLOAD,True,66,66,66,66,66,66,66,66,66,66,66,66,66,66,66,66,66,66,66,66,66,66,66,66,66
6380eae07571e116566417d2,68374de83bddb20d6205c617,TRUE POSSESSIONS LTD,DELIVERLOAD,False,25,25,25,25,25,25,25,25,25,25,25,25,25,25,25,25,25,25,25,25,25,25,25,25,25
6380eae07571e116566417d2,68374de83bddb20d6205c617,TRUE POSSESSIONS LTD,HOOKCONTAINER,False,65,65,65,65,65,65,65,65,65,65,65,65,65,65,65,65,65,65,65,65,65,65,65,65,65
6380eae07571e116566417d2,66bb763d514167ee34a64bf0,Trusty Truckers warehouse,HOOKCONTAINER,False,15,15,15,15,15,15,15,15,15,15,15,15,15,15,15,15,15,15,15,15,15,15,15,15,15
6380eae07571e116566417d2,66bb763d514167ee34a64bf0,Trusty Truckers warehouse,PULLCONTAINER,False,50,50,50,50,50,50,50,50,50,50,50,50,50,50,50,50,50,50,50,50,50,50,50,50,50
6380eae07571e116566417d2,685f17aab522857299ee46f0,TS BRANDS LLC,DELIVERLOAD,True,68,68,68,68,68,68,68,68,68,68,68,68,68,68,68,68,68,68,68,68,68,68,68,68,68
6380eae07571e116566417d2,65d5273aaa1b9a61599eda56,TSC MS CANADA LTD - CW INDUSTRIAL,DELIVERLOAD,False,75,75,75,75,75,75,75,75,75,75,75,75,75,75,75,75,75,75,75,75,75,75,75,75,75
6380eae07571e116566417d2,689249245f23dc69283ed676,TST-CF Express,DELIVERLOAD,False,9,9,9,9,9,9,9,9,9,9,9,9,9,9,9,9,9,9,9,9,9,9,9,9,9
6380eae07571e116566417d2,685d8daeac08015834c0cc99,Tsunami water solutions,DELIVERLOAD,True,66,66,66,66,66,66,66,66,66,66,66,66,66,66,66,66,66,66,66,66,66,66,66,66,66
6380eae07571e116566417d2,65736bdddf7fdc163d291448,T&T DC (East Coast),DELIVERLOAD,False,29,29,29,29,29,29,29,29,29,29,29,29,29,29,29,29,29,29,29,29,29,29,29,29,29
6380eae07571e116566417d2,67eaee0cfb6b6d7adb4fde02,T & T - ON Warehouse Unit 1&2,DELIVERLOAD,False,19,19,19,19,19,19,19,19,19,19,19,19,8,19,19,19,19,19,19,19,19,19,19,19,19
6380eae07571e116566417d2,67d4a0610e34738c1ad233d0,TURNING POINT BREWERY,DELIVERLOAD,True,66,66,66,66,66,66,66,66,66,66,66,66,66,66,66,66,66,66,66,66,66,66,66,66,66
6380eae07571e116566417d2,670ac315ef65b46ceff9b111,TVC COMMUNICATIONS CANADA #130,DELIVERLOAD,False,75,75,75,75,75,75,75,75,75,75,75,75,75,75,75,75,75,75,75,75,75,75,75,75,75
6380eae07571e116566417d2,670ac315ef65b46ceff9b111,TVC COMMUNICATIONS CANADA #130,DELIVERLOAD,True,95,95,95,95,95,95,95,95,95,95,95,95,95,95,95,95,95,95,95,95,95,95,95,95,95
6380eae07571e116566417d2,638e6a94013f4f1652ee954b,Twa Panel Systems Inc.,DELIVERLOAD,False,32,32,32,32,32,32,32,32,32,32,32,32,32,32,32,32,32,32,32,32,32,32,32,32,32
6380eae07571e116566417d2,638e6a94013f4f1652ee954b,Twa Panel Systems Inc.,DELIVERLOAD,True,92,92,92,92,92,92,92,92,92,92,92,92,92,92,92,92,92,92,92,92,92,92,92,92,92
6380eae07571e116566417d2,642224f13315a415fd6a6ff7,Twelve Oaks Floors Inc,DELIVERLOAD,False,18,18,18,18,18,18,18,18,18,18,14,14,18,18,18,18,18,18,18,18,18,18,18,18,18
6380eae07571e116566417d2,642224f13315a415fd6a6ff7,Twelve Oaks Floors Inc,DELIVERLOAD,True,38,38,38,38,38,38,38,38,38,38,38,38,38,38,38,38,38,38,38,38,38,38,38,38,38
6380eae07571e116566417d2,642224f13315a415fd6a6ff7,Twelve Oaks Floors Inc,HOOKCONTAINER,False,17,17,17,17,17,17,17,17,17,17,17,17,17,17,17,7,64,15,13,9,17,17,17,17,17
6380eae07571e116566417d2,638f5669648f7a162c61a9de,Twi Foods Inc.,DELIVERLOAD,True,47,47,47,47,47,47,47,47,47,47,47,47,47,47,47,47,47,47,47,47,47,47,47,47,47
6380eae07571e116566417d2,67ec31b517a47391a0df298e,TYSON FOODS INC,DELIVERLOAD,True,175,175,175,175,175,175,175,175,175,175,175,175,175,175,175,175,175,175,175,175,175,175,175,175,175
6380eae07571e116566417d2,661e9dd25e00f92c4863e88d,TYSON FOODS new WH,DELIVERLOAD,True,114,114,114,114,114,114,114,114,114,114,114,114,114,114,114,114,114,114,114,15,114,114,114,114,114
6380eae07571e116566417d2,638e46b50f71ac1600f4f2c1,ULTRA DEPOT - Monteal,DELIVERLOAD,False,13,13,13,13,13,13,13,13,13,13,13,13,13,13,13,13,13,13,13,13,13,13,13,13,13
6380eae07571e116566417d2,638e46b50f71ac1600f4f2c1,ULTRA DEPOT - Monteal,DELIVERLOAD,True,66,66,66,66,66,66,66,66,66,66,66,66,66,66,66,66,66,66,66,66,66,66,66,66,66
6380eae07571e116566417d2,663171c0c512d949d12f0fbb,ULTRA SEAT CORPORATION,DELIVERLOAD,False,9,9,9,9,9,9,9,9,9,9,9,9,9,9,9,9,9,9,9,9,9,9,9,9,9
6380eae07571e116566417d2,639117de8e2a95165f79bdfa,Umac 2,DELIVERLOAD,False,18,18,18,18,18,18,18,18,18,18,18,18,18,18,18,18,18,18,18,18,18,18,18,18,18
6380eae07571e116566417d2,639117de8e2a95165f79bdfa,Umac 2,HOOKCONTAINER,False,88,88,88,88,88,88,88,88,88,88,88,88,88,88,88,88,88,88,88,88,88,88,88,88,88
6380eae07571e116566417d2,638e560044d310163242c136,Umicore Canada Inc,DELIVERLOAD,False,60,60,60,60,60,60,60,60,60,60,60,60,60,60,60,60,60,60,60,60,60,60,60,60,60
6380eae07571e116566417d2,638e560044d310163242c136,Umicore Canada Inc,DELIVERLOAD,True,47,47,47,47,47,47,47,47,47,47,47,47,47,47,47,47,47,47,47,47,47,47,47,47,47
6380eae07571e116566417d2,638e6672a5295f15ea3e4b74,Uncle Wieners Wholesale,RETURNCONTAINER,False,23,23,23,23,23,23,23,23,23,23,23,23,23,23,23,23,23,23,23,23,23,23,23,23,23
6380eae07571e116566417d2,67dd84699254076b5d61123d,UNFI CANADA GROCERY WEST,DELIVERLOAD,True,85,85,85,85,85,85,85,85,85,85,85,85,85,85,85,85,85,85,85,85,85,85,85,85,85
6380eae07571e116566417d2,68a737c2040726f149c827cc,UNILEVER FOODS,DELIVERLOAD,False,40,40,40,40,40,40,40,40,40,40,40,40,40,40,40,40,40,40,40,40,40,40,40,40,40
6380eae07571e116566417d2,68a737c2040726f149c827cc,UNILEVER FOODS,HOOKCONTAINER,False,54,54,54,54,54,54,54,54,54,54,54,54,54,54,54,54,54,54,54,54,54,54,54,54,54
6380eae07571e116566417d2,6887ef3b1779a73129234b8f,Unione food group #130,DELIVERLOAD,False,45,45,45,45,45,45,45,45,45,45,45,45,45,45,45,45,45,45,45,45,45,45,45,45,45
6380eae07571e116566417d2,6887ef3b1779a73129234b8f,Unione food group #130,HOOKCONTAINER,False,20,20,20,20,20,20,20,20,20,20,20,20,20,20,20,20,20,20,20,20,20,20,20,20,20
6380eae07571e116566417d2,6419da359f7e5515e5cd2a21,Uniquem Inc.,DELIVERLOAD,False,61,61,61,61,61,61,61,61,61,61,59,61,61,61,61,61,61,61,61,61,61,61,61,61,61
6380eae07571e116566417d2,6419da359f7e5515e5cd2a21,Uniquem Inc.,DELIVERLOAD,True,66,66,66,66,66,66,66,66,66,66,66,66,66,66,66,66,66,66,66,66,66,66,66,66,66
6380eae07571e116566417d2,6419da359f7e5515e5cd2a21,Uniquem Inc.,HOOKCONTAINER,False,64,64,64,64,64,64,64,64,64,64,64,64,64,64,64,64,64,64,64,64,64,64,64,64,64
6380eae07571e116566417d2,683f54c632a2c1d6110d2d3c,"Unit 102, 13137 82A Ave",DELIVERLOAD,False,29,29,29,29,29,29,29,29,29,29,29,29,29,29,29,29,29,29,29,29,29,29,29,29,29
6380eae07571e116566417d2,683f54c632a2c1d6110d2d3c,"Unit 102, 13137 82A Ave",DELIVERLOAD,True,60,60,60,60,60,60,60,60,60,60,60,60,60,60,60,60,60,60,60,60,60,60,60,60,60
6380eae07571e116566417d2,683f54c632a2c1d6110d2d3c,"Unit 102, 13137 82A Ave",HOOKCONTAINER,False,20,20,20,20,20,20,20,20,20,20,20,20,20,20,20,20,20,20,20,20,20,20,20,20,20
6380eae07571e116566417d2,6810fab273aaba27941ba6f0,"Unit 10, 225 42 Ave SE",DELIVERLOAD,True,45,45,45,45,45,45,45,45,45,45,45,45,45,45,45,45,45,45,45,45,45,45,45,45,45
6380eae07571e116566417d2,67f95cf24bba543c301a88bd,"Unit 142, 10300",DELIVERLOAD,False,10,10,10,10,10,10,10,10,10,10,10,10,10,10,10,10,10,10,10,10,10,10,10,10,10
6380eae07571e116566417d2,67f95cf24bba543c301a88bd,"Unit 142, 10300",DELIVERLOAD,True,66,66,66,66,66,66,66,66,66,66,66,66,66,66,66,66,66,66,66,66,66,66,66,66,66
6380eae07571e116566417d2,67f95cf24bba543c301a88bd,"Unit 142, 10300",HOOKCONTAINER,False,13,13,13,13,13,13,13,13,13,13,14,13,13,13,13,13,13,27,13,13,13,13,13,13,13
6380eae07571e116566417d2,68483dd91f033b0322334425,"Unit#207 19365 22 Ave, Surrey",DELIVERLOAD,True,35,35,35,35,35,35,35,35,35,35,35,35,35,35,35,35,35,35,35,35,35,35,35,35,35
6380eae07571e116566417d2,642b35ed7d8a1916327cdd00,United Rentals,RETURNCONTAINER,False,9,9,9,9,9,9,9,9,9,9,9,9,9,9,9,9,9,9,9,9,9,9,9,9,9
6380eae07571e116566417d2,643ed7dfcc50e2161b12ab26,United Rentals (AJ4),RETURNCONTAINER,False,7,7,7,7,7,7,7,7,7,7,7,7,7,7,7,7,7,7,7,7,7,7,7,7,7
6380eae07571e116566417d2,681e7719599d1b00aeac2f2f,UNITED SPORT AND CYCLE SDC GATEWAY,DELIVERLOAD,True,51,51,51,51,51,51,51,51,51,51,51,51,51,51,51,51,51,51,51,51,51,51,51,51,51
6380eae07571e116566417d2,67d491200ae566aaa2db799b,UNITRAY SYSTEMS,DELIVERLOAD,False,50,50,50,50,50,50,50,50,50,50,50,50,50,50,50,50,50,50,50,50,50,50,50,50,50
6380eae07571e116566417d2,6393c2fa6d10ed163914eae8,UNIVAR CANADA EDM,DELIVERLOAD,False,35,35,35,35,35,35,35,35,35,35,35,35,35,35,35,35,35,35,35,35,35,35,35,35,35
6380eae07571e116566417d2,6393c2fa6d10ed163914eae8,UNIVAR CANADA EDM,DELIVERLOAD,True,86,86,86,86,86,86,86,86,86,86,86,86,86,86,63,86,86,86,86,86,86,86,86,86,86
6380eae07571e116566417d2,658233ea823d7315c68b7daa,UNIVAR CANADA LTD,DELIVERLOAD,False,49,49,49,49,49,49,49,49,49,49,49,49,59,49,49,49,49,49,49,49,49,49,49,49,49
6380eae07571e116566417d2,658233ea823d7315c68b7daa,UNIVAR CANADA LTD,DELIVERLOAD,True,52,52,52,52,52,52,52,52,52,52,52,52,52,83,52,52,52,52,52,52,52,52,52,52,52
6380eae07571e116566417d2,638e7a31d3329815fe29ec51,Univar Edmonton,DELIVERLOAD,False,52,52,52,52,52,52,52,52,52,91,48,52,52,52,52,52,52,52,52,52,52,52,52,52,52
6380eae07571e116566417d2,638e7a31d3329815fe29ec51,Univar Edmonton,DELIVERLOAD,True,55,55,55,55,55,55,55,55,55,53,55,166,40,55,50,55,55,55,55,55,55,55,55,55,55
6380eae07571e116566417d2,67784093f2518efc9eee98d2,Univar (sturgeon),DELIVERLOAD,False,29,29,29,29,29,29,29,29,29,29,29,29,29,29,29,29,29,29,29,29,29,29,29,29,29
6380eae07571e116566417d2,638f5669648f7a162c61a9e0,Univar Weston,DELIVERLOAD,True,10,10,10,10,10,10,10,10,10,10,10,10,10,10,10,10,10,10,10,10,10,10,10,10,10
6380eae07571e116566417d2,678827b8deebbddb50aa1a3c,Universal Autobody supples,DELIVERLOAD,False,15,15,15,15,15,15,15,15,15,15,15,15,15,15,15,15,15,15,15,15,15,15,15,15,15
6380eae07571e116566417d2,66ce34a1b66782f40c90b334,UoSTOREoIT - Red Deer North,DELIVERLOAD,True,66,66,66,66,66,66,66,66,66,66,66,66,66,66,66,66,66,66,66,66,66,66,66,66,66
6380eae07571e116566417d2,681cd35b5991fa3057ed75c7,Upper Canada Calgary,HOOKCONTAINER,False,5,5,5,5,5,5,5,5,5,5,5,5,5,5,5,5,5,5,5,5,5,5,5,5,5
6380eae07571e116566417d2,638e2fd4b91dc3160b914f9d,Ups Scs,DELIVERLOAD,True,65,65,65,65,65,65,65,65,65,65,65,65,65,65,65,65,65,65,65,65,65,65,65,65,65
6380eae07571e116566417d2,67ace98db1956f8ff828a1ea,U Quality 22866 Dewdney Truck Rd,DELIVERLOAD,True,70,70,70,70,70,70,70,70,70,70,70,70,70,70,70,70,70,70,70,70,70,70,70,70,70
6380eae07571e116566417d2,67084a1bd312645928789769,Urban Barn - Mississauga,DELIVERLOAD,False,29,29,29,29,29,29,29,29,29,29,29,29,29,29,29,29,29,29,29,29,29,29,29,29,29
6380eae07571e116566417d2,67084a1bd312645928789769,Urban Barn - Mississauga,DELIVERLOAD,True,142,142,142,142,142,142,142,142,142,142,142,142,142,142,142,142,142,142,142,142,142,142,142,142,142
6380eae07571e116566417d2,65a5636a6b2f4b16290ea6c7,URBAN DESIGN,DELIVERLOAD,True,65,65,65,65,65,65,65,65,65,65,65,65,65,65,65,65,65,65,65,65,65,65,65,65,65
6380eae07571e116566417d2,638e6b9034262115e3bed0f2,V2 CONCEPTS EQUIPMENT INC/WR MEADOWS,DELIVERLOAD,False,29,29,29,29,29,29,29,29,29,29,29,29,29,29,29,29,29,29,29,29,29,29,29,29,29
6380eae07571e116566417d2,67a54e7a42949b976dabb54f,Valleyfield plant,DELIVERLOAD,False,84,84,84,84,84,84,84,84,84,84,84,84,84,84,84,84,84,84,84,84,84,84,84,84,84
6380eae07571e116566417d2,67a54e7a42949b976dabb54f,Valleyfield plant,DELIVERLOAD,True,5,5,5,5,5,5,5,5,5,5,5,5,5,5,5,5,5,5,5,5,5,5,5,5,5
6380eae07571e116566417d2,662ceab9da70ac6647fc91d4,Valley Select,DELIVERLOAD,True,86,86,86,86,86,86,86,86,86,86,86,86,86,86,86,86,86,86,86,86,86,86,86,86,86
6380eae07571e116566417d2,66e32ffad0aada65d5b5cf31,VALLEY SELECT FOODS,DELIVERLOAD,True,22,22,22,22,22,22,22,22,22,22,22,22,22,22,22,22,22,22,22,22,22,22,22,22,22
6380eae07571e116566417d2,65f0eaf001c9a638f2591746,"VALLEY SELECT FOODS - ABBOTSFORD, BC",DELIVERLOAD,True,91,91,91,91,91,91,91,91,91,91,91,91,70,72,90,91,91,91,91,91,91,91,91,91,91
6380eae07571e116566417d2,68b0c2557fd5b0e6460de604,VALLEYS WELDING DR #116,DELIVERLOAD,False,33,33,33,33,33,33,33,33,33,33,33,33,33,33,33,33,33,33,33,33,33,33,33,33,33
6380eae07571e116566417d2,67f05be860167107e801ada7,VAMOOSE ELECTRIC CYCLE LTD,DELIVERLOAD,False,29,29,29,29,29,29,29,29,29,29,29,29,29,29,29,29,29,29,29,29,29,29,29,29,29
6380eae07571e116566417d2,638e49c27510cb164789d90c,Vancouver Bc Plant,DELIVERLOAD,False,29,29,29,29,29,29,29,29,29,29,29,29,29,29,29,29,29,29,29,29,29,29,29,29,29
6380eae07571e116566417d2,681fdcfe5be89d55e314469d,Vancouver terminal,DELIVERLOAD,False,9,9,9,9,9,9,9,9,9,9,9,9,9,9,9,9,9,9,9,9,9,9,9,9,9
6380eae07571e116566417d2,681fdcfe5be89d55e314469d,Vancouver terminal,HOOKCONTAINER,False,73,73,73,73,73,73,73,73,73,73,73,73,73,73,73,73,73,73,73,73,73,73,73,73,73
6380eae07571e116566417d2,67e555c40af7a58afeaae1c0,VANCOUVER TERMINAL,DELIVERLOAD,False,9,9,9,9,9,9,9,9,9,17,9,9,9,9,9,9,9,9,9,9,9,9,9,9,9
6380eae07571e116566417d2,67e555c40af7a58afeaae1c0,VANCOUVER TERMINAL,HOOKCONTAINER,False,17,17,17,17,17,17,17,17,17,17,17,17,17,17,17,17,17,17,17,17,17,17,17,17,17
6380eae07571e116566417d2,6764976001a9a28640eb83e6,Van Gogh Design Furniture Ltd,DELIVERLOAD,False,14,14,14,14,14,14,14,14,14,14,14,14,14,14,243,14,14,14,14,14,14,14,14,14,14
6380eae07571e116566417d2,6764976001a9a28640eb83e6,Van Gogh Design Furniture Ltd,HOOKCONTAINER,False,25,25,25,25,25,25,25,25,25,25,25,25,25,25,19,31,25,26,25,25,25,25,25,25,25
6380eae07571e116566417d2,6764976001a9a28640eb83e6,Van Gogh Design Furniture Ltd,PULLCONTAINER,False,17,17,17,17,17,17,17,17,17,17,17,17,17,17,17,17,17,17,17,17,17,17,17,17,17
6380eae07571e116566417d2,681d328dab6f4c2f57b29807,Van Gogh Designs,HOOKCONTAINER,False,90,90,90,90,90,90,90,90,90,90,90,90,90,90,90,90,126,90,90,90,90,90,90,90,90
6380eae07571e116566417d2,681d328dab6f4c2f57b29807,Van Gogh Designs,PULLCONTAINER,False,12,12,12,12,12,12,12,12,12,12,12,12,12,12,12,12,12,12,12,12,12,12,12,12,12
6380eae07571e116566417d2,687173363e35b8567a6e3f54,Vanguard Refrigerated Trailer Co,DELIVERLOAD,False,53,53,53,53,53,53,53,53,53,53,53,53,53,53,53,53,53,53,53,53,53,53,53,53,53
6380eae07571e116566417d2,687173363e35b8567a6e3f54,Vanguard Refrigerated Trailer Co,DELIVERLOAD,True,58,58,58,58,58,58,58,58,58,58,58,58,58,58,58,58,58,58,58,58,58,58,58,58,58
6380eae07571e116566417d2,638e774c7510cb164789df17,VANTERM,DROPCONTAINER,False,16,16,16,16,16,16,16,16,16,16,16,16,16,16,16,16,16,16,16,16,16,16,16,16,16
6380eae07571e116566417d2,638e774c7510cb164789df17,VANTERM,PULLCONTAINER,False,35,35,35,35,35,35,35,35,35,35,35,35,35,35,75,35,35,35,35,35,35,35,35,35,35
6380eae07571e116566417d2,638e774c7510cb164789df17,VANTERM,RETURNCONTAINER,False,32,32,32,32,32,32,32,32,32,32,53,30,32,266,35,32,26,19,15,32,32,32,32,32,32
6380eae07571e116566417d2,67d9a6647462d1e68132993f,VANTIVE #7149,DELIVERLOAD,False,29,29,29,29,29,29,29,29,29,29,29,29,29,29,29,29,29,29,29,29,29,29,29,29,29
6380eae07571e116566417d2,6466e882b1c5d7164386b0df,"VARENNES DRY VARENNES, QC",DELIVERLOAD,True,17,17,17,17,17,17,17,17,17,17,17,17,17,17,17,17,17,17,17,17,17,17,17,17,17
6380eae07571e116566417d2,638e4f91683f83165d3f0e35,Variperm,DELIVERLOAD,False,43,43,43,43,43,43,43,43,43,43,43,43,43,43,43,43,43,43,43,43,43,43,43,43,43
6380eae07571e116566417d2,68c06f42e0c4c5cbe9d5b822,VARIPERM CANADA LTD,DELIVERLOAD,True,8,8,8,8,8,8,8,8,8,8,8,8,8,8,8,8,8,8,8,8,8,8,8,8,8
6380eae07571e116566417d2,689fa08288e2e9f72f2312fd,VARIPERM CANADA LTD #10,DELIVERLOAD,True,38,38,38,38,38,38,38,38,38,38,38,38,38,38,38,38,38,38,38,38,38,38,38,38,38
6380eae07571e116566417d2,65048a683f0570161e8036d7,VARIPERM ENERGY SERVICES,DELIVERLOAD,False,29,29,29,29,29,29,29,29,29,29,29,29,29,29,29,29,29,29,29,29,29,29,29,29,29
6380eae07571e116566417d2,682e3edc80c73d774a6630ec,VAS Canada,DELIVERLOAD,True,66,66,66,66,66,66,66,66,66,66,66,66,66,66,66,66,66,66,66,66,66,66,66,66,66
6380eae07571e116566417d2,67658e71e7fb09b3a23539e1,VA TRANSPORT,DELIVERLOAD,False,44,44,44,44,44,44,44,44,44,36,44,44,44,44,44,44,44,44,44,44,44,44,44,44,44
6380eae07571e116566417d2,67658e71e7fb09b3a23539e1,VA TRANSPORT,HOOKCONTAINER,False,16,16,16,16,16,16,16,16,16,16,16,16,16,16,16,16,16,16,16,16,16,16,16,16,16
6380eae07571e116566417d2,653c19733465031607afa848,VAUGHAN DRY,DELIVERLOAD,True,66,66,66,66,66,66,66,66,66,66,66,66,66,66,66,66,66,66,66,66,66,66,66,66,66
6380eae07571e116566417d2,67b73eefdaeb75f420b4e47c,VAUGHAN DRY,DELIVERLOAD,True,35,35,35,35,35,35,35,35,35,35,35,35,35,35,35,35,35,35,35,35,35,35,35,35,35
6380eae07571e116566417d2,648106111efbea165db9eee4,"Vaughan Dry, ON",DELIVERLOAD,True,61,61,61,61,61,61,61,61,61,61,61,61,61,61,61,61,61,61,61,61,61,61,61,61,61
6380eae07571e116566417d2,685440cfcbf6a92923cec036,VB Block Storage,DELIVERLOAD,True,164,164,164,164,164,164,164,164,164,164,164,164,164,164,164,164,164,164,164,164,164,164,164,164,164
6380eae07571e116566417d2,6813ae3d20f4217cb7f62510,Veolia Eau Technologies Canada Inc,DELIVERLOAD,False,29,29,29,29,29,29,29,29,29,29,29,29,29,29,29,29,29,29,29,29,29,29,29,29,29
6380eae07571e116566417d2,647106051d7a08160e0be590,Veolia (previously SUEZ,DELIVERLOAD,False,29,29,29,29,29,29,29,29,29,29,29,29,29,29,29,29,29,29,29,29,29,29,29,29,29
6380eae07571e116566417d2,647106051d7a08160e0be590,Veolia (previously SUEZ,DELIVERLOAD,True,78,78,78,78,78,78,78,78,78,78,146,139,56,99,72,63,43,78,78,78,78,78,78,78,78
6380eae07571e116566417d2,647106051d7a08160e0be590,Veolia (previously SUEZ,HOOKCONTAINER,False,31,31,31,31,31,31,31,31,31,31,31,31,31,31,31,31,31,31,31,31,31,31,31,31,31
6380eae07571e116566417d2,664f6b9f8bf3ba71138d6c4d,VEOLIA WATER TECHNOLOGIES & SOLUTIONS,DELIVERLOAD,True,44,44,44,44,44,44,44,44,44,44,44,44,44,44,44,44,44,44,44,44,44,44,44,44,44
6380eae07571e116566417d2,67b63993521c38804913ab03,"VEREBURN MEDICAL 2017 LTD 105-10 King Edward Street,",DELIVERLOAD,True,111,111,111,111,111,111,111,111,111,111,111,111,111,111,111,111,111,111,111,111,111,111,111,111,111
6380eae07571e116566417d2,679909d8cf67732e96f4848a,Verka Brampton - #2,DELIVERLOAD,True,99,99,99,99,99,99,99,99,99,99,99,99,99,99,99,99,99,99,99,99,99,99,99,99,99
6380eae07571e116566417d2,64e8b80571b694162bb12645,Versacold 316 Aviva Park Drive,DELIVERLOAD,True,93,93,93,93,93,93,93,93,93,93,93,93,93,93,93,93,93,93,93,93,93,93,93,93,93
6380eae07571e116566417d2,638e564b5d19cf15e262410b,Versacold 3925,DELIVERLOAD,True,66,66,66,66,66,66,66,66,66,66,66,66,66,66,66,66,66,66,66,66,66,66,66,66,66
6380eae07571e116566417d2,6491b19324c0e41659f31223,VERSACOLD BRANDON CALGARY,DELIVERLOAD,False,27,27,27,27,27,27,27,27,27,27,27,27,27,27,27,27,27,27,27,27,27,27,27,27,27
6380eae07571e116566417d2,6491b19324c0e41659f31223,VERSACOLD BRANDON CALGARY,DELIVERLOAD,True,66,66,66,66,66,66,66,66,66,66,66,66,66,66,66,66,66,66,66,66,66,66,66,66,66
6380eae07571e116566417d2,6491b19324c0e41659f31223,VERSACOLD BRANDON CALGARY,HOOKCONTAINER,False,67,67,67,67,67,67,67,67,67,67,67,67,67,67,67,67,67,67,144,67,67,67,67,67,67
6380eae07571e116566417d2,689649fa47faf5df04771612,Versacold Cold Storage,DELIVERLOAD,True,132,132,132,132,132,132,132,132,132,132,132,132,132,132,132,132,132,132,132,132,132,132,132,132,132
6380eae07571e116566417d2,677d7aa38485db8e4603bb45,"Versacold - Dawson Facility, DOORS 32-35, winnipeg MB",DELIVERLOAD,True,28,28,28,28,28,28,28,28,5,28,28,28,28,28,28,28,28,28,28,28,28,28,28,28,28
6380eae07571e116566417d2,676ee3a4ae7991414174a060,Versacold Delta,DELIVERLOAD,True,11,11,11,11,11,11,11,11,11,11,11,11,11,11,11,11,11,11,11,11,11,11,11,11,11
6380eae07571e116566417d2,638f5669648f7a162c61a8ed,Versa cold Delta 836 Cliveden,DELIVERLOAD,True,62,62,62,62,62,62,62,62,62,62,62,62,62,343,62,62,62,62,62,62,62,62,62,62,62
6380eae07571e116566417d2,6427134472835a15b0af0775,"VersaCold Great Plains,",DELIVERLOAD,False,47,47,47,47,47,47,47,47,48,38,64,45,47,47,47,47,47,47,47,47,47,47,47,47,47
6380eae07571e116566417d2,6427134472835a15b0af0775,"VersaCold Great Plains,",DELIVERLOAD,True,82,82,82,82,82,82,82,82,82,82,82,82,82,82,82,82,82,82,82,82,82,82,82,82,82
6380eae07571e116566417d2,638e6b9034262115e3bed115,VERSACOLD GREAT PLAINS,DELIVERLOAD,False,71,71,71,71,71,71,71,84,94,71,68,51,71,71,71,71,71,71,71,71,71,71,71,71,71
6380eae07571e116566417d2,638e6b9034262115e3bed115,VERSACOLD GREAT PLAINS,DELIVERLOAD,True,46,46,46,46,46,46,46,57,46,36,46,61,46,46,46,46,46,46,46,46,46,46,46,46,46
6380eae07571e116566417d2,638e6b9034262115e3bed115,VERSACOLD GREAT PLAINS,HOOKCONTAINER,False,54,54,54,54,54,54,54,54,54,54,54,54,54,54,54,54,54,54,54,54,54,54,54,54,54
6380eae07571e116566417d2,6393c2fa6d10ed163914eb92,VERSACOLD LETHBRIDGE,DELIVERLOAD,False,63,63,63,63,63,63,63,63,63,63,63,63,63,63,63,63,63,63,63,63,63,63,63,63,63
6380eae07571e116566417d2,6393c2fa6d10ed163914eb92,VERSACOLD LETHBRIDGE,DELIVERLOAD,True,66,66,66,66,66,66,66,66,66,66,66,66,66,66,66,66,66,66,66,66,66,66,66,66,66
6380eae07571e116566417d2,675b6965857b7cf707e34cbc,Versacold Logistics,DELIVERLOAD,True,51,51,51,51,51,51,51,51,51,51,51,51,51,51,51,51,51,51,51,51,51,51,51,51,51
6380eae07571e116566417d2,638e649a0f71ac1600f4f815,VERSACOLD LOGISTICS WINNIPEG,DELIVERLOAD,True,169,169,169,169,169,169,169,169,169,169,169,169,169,169,169,169,169,169,169,169,169,169,169,169,169
6380eae07571e116566417d2,638e649a0f71ac1600f4f815,VERSACOLD LOGISTICS WINNIPEG,HOOKCONTAINER,False,36,36,36,36,36,36,36,36,36,36,36,36,36,36,36,36,36,36,36,36,36,36,36,36,36
6380eae07571e116566417d2,638e649a0f71ac1600f4f7e3,Versacold Surrey BC,DELIVERLOAD,False,29,29,29,29,29,29,29,29,29,29,29,29,29,29,29,29,29,29,29,29,29,29,29,29,29
6380eae07571e116566417d2,638e649a0f71ac1600f4f7e3,Versacold Surrey BC,DELIVERLOAD,True,102,102,102,102,102,102,102,102,102,102,102,102,102,102,102,102,320,102,85,102,102,102,102,102,102
6380eae07571e116566417d2,68a49c1fe6ec875e69b21469,VIAU FOOD PRODUCTS INC,DELIVERLOAD,False,5,5,5,5,5,5,5,5,5,5,5,5,5,5,5,5,5,5,5,5,5,5,5,5,5
6380eae07571e116566417d2,680a9f646f2534f59dcaef13,Vic's Tractor Service Ltd,HOOKCONTAINER,False,53,53,53,53,53,53,53,53,53,53,53,53,53,53,53,53,53,53,53,53,53,53,53,53,53
6380eae07571e116566417d2,67e48624438e98859168fc30,"Vista Rialing Systems Inc - Maple Ridge, BC",DELIVERLOAD,True,66,66,66,66,66,66,66,66,66,66,66,66,66,66,66,66,66,66,66,66,66,66,66,66,66
6380eae07571e116566417d2,6818c7852b81f3b8ac5efcec,VITA FARMS LTD,DELIVERLOAD,True,65,65,65,65,65,65,65,65,65,65,65,65,65,65,65,65,65,65,65,65,65,65,65,65,65
6380eae07571e116566417d2,641cc05a8e718216276186da,VITERRA,DELIVERLOAD,False,29,29,29,29,29,29,29,29,29,29,29,29,29,29,29,29,29,29,29,29,29,29,29,29,29
6380eae07571e116566417d2,641cc05a8e718216276186da,VITERRA,DELIVERLOAD,True,122,122,122,122,122,122,122,122,122,122,122,122,189,122,122,122,122,122,122,122,122,122,122,122,122
6380eae07571e116566417d2,638e4b62c53a0215e5d07ae7,"Viterra, Bow Island, AB",DELIVERLOAD,False,29,29,29,29,29,29,29,29,29,29,29,29,29,29,29,29,29,29,29,29,29,29,29,29,29
6380eae07571e116566417d2,638e4b62c53a0215e5d07ae7,"Viterra, Bow Island, AB",DELIVERLOAD,True,132,132,132,132,132,132,132,132,132,87,263,194,74,158,52,132,132,132,132,132,132,132,132,132,132
6380eae07571e116566417d2,638e2fd4b91dc3160b914f7c,Viterra Camrose,DELIVERLOAD,False,29,29,29,29,29,29,29,29,29,29,29,29,29,29,29,29,29,29,29,29,29,29,29,29,29
6380eae07571e116566417d2,638e2fd4b91dc3160b914f7c,Viterra Camrose,DELIVERLOAD,True,153,153,153,153,153,153,153,153,153,153,153,153,153,153,153,153,153,153,153,153,153,153,153,153,153
6380eae07571e116566417d2,64bad42436993c1624aa8925,Viterra Taber Bean Plant,DELIVERLOAD,True,124,124,124,124,124,124,124,124,124,124,71,195,259,153,124,124,124,124,124,124,124,124,124,124,124
6380eae07571e116566417d2,64542e18daaf8e1655568af8,VITRO FLAT GLASS CANADA INC.,DELIVERLOAD,False,40,40,40,40,40,40,40,40,40,40,48,40,40,40,40,40,40,40,40,40,40,40,40,40,40
6380eae07571e116566417d2,64542e18daaf8e1655568af8,VITRO FLAT GLASS CANADA INC.,HOOKCONTAINER,False,17,17,17,17,17,17,17,17,17,17,17,17,17,17,17,17,17,17,17,17,17,17,17,17,17
6380eae07571e116566417d2,67d99deba4a8b2a23c9dd4c4,VIVID 1 CONCEPTS LTD,DELIVERLOAD,False,36,36,36,36,36,36,36,36,36,36,36,36,36,36,36,36,36,36,36,36,36,36,36,36,36
6380eae07571e116566417d2,67d99deba4a8b2a23c9dd4c4,VIVID 1 CONCEPTS LTD,DELIVERLOAD,True,72,72,72,72,72,72,72,72,72,72,72,72,72,72,72,72,72,72,72,72,72,72,72,72,72
6380eae07571e116566417d2,67d99deba4a8b2a23c9dd4c4,VIVID 1 CONCEPTS LTD,HOOKCONTAINER,False,43,43,43,43,43,43,43,43,43,43,43,43,43,43,43,43,43,43,43,43,43,43,43,43,43
6380eae07571e116566417d2,6818c5f1726266e9e013b1a1,ViviGro Sustainable Solutions Ltd.,DELIVERLOAD,False,90,90,90,90,90,90,90,90,90,90,90,90,90,90,90,90,90,90,90,90,90,90,90,90,90
6380eae07571e116566417d2,675748cc8d974a60dd29e67b,VK Delivery,DELIVERLOAD,True,105,105,105,105,105,105,105,105,105,105,105,105,105,105,105,105,105,105,105,105,105,105,105,105,105
6380eae07571e116566417d2,684b4c832a823ec8899f538a,VK DELIVERY,DELIVERLOAD,True,66,66,66,66,66,66,66,66,66,66,66,66,66,66,66,66,66,66,66,66,66,66,66,66,66
6380eae07571e116566417d2,6668af208ed185a823a485eb,VMB truck and trailer wash,DELIVERLOAD,True,84,84,84,84,84,84,84,84,84,84,84,84,84,84,84,84,84,84,84,84,84,84,84,84,84
6380eae07571e116566417d2,689b71c7d73b5a8ecd824da6,VPC GROUP,DELIVERLOAD,False,11,11,11,11,11,11,11,11,11,11,11,11,11,11,11,11,11,11,11,11,11,11,11,11,11
6380eae07571e116566417d2,689b71c7d73b5a8ecd824da6,VPC GROUP,HOOKCONTAINER,False,20,20,20,20,20,20,20,20,20,20,20,20,20,20,20,20,20,20,20,20,20,20,20,20,20
6380eae07571e116566417d2,6818e725fc4ab428e2d178d2,VPC Group Inc,DELIVERLOAD,False,33,33,33,33,33,33,33,33,33,33,33,33,33,33,33,33,33,33,33,33,33,33,33,33,33
6380eae07571e116566417d2,6818e725fc4ab428e2d178d2,VPC Group Inc,HOOKCONTAINER,False,20,20,20,20,20,20,20,20,20,20,20,20,20,20,20,20,20,20,20,20,20,20,20,20,20
6380eae07571e116566417d2,6478f859641e4b165cdede45,VS-CDI SPACES C/O MCINTYRE GRO,DELIVERLOAD,False,29,29,29,29,29,29,29,29,29,29,29,29,29,29,29,29,29,29,29,29,29,29,29,29,29
6380eae07571e116566417d2,66ba41b6044a546c3bfeaf21,"Vulcan, AB",DELIVERLOAD,False,29,29,29,29,29,29,29,29,29,29,29,29,29,29,29,29,29,29,29,29,29,29,29,29,29
6380eae07571e116566417d2,67cf5c0333bf09a4b9187ec3,VULCAN DEALS INC,DELIVERLOAD,False,29,29,29,29,29,29,29,29,29,29,29,29,29,29,29,29,29,29,29,29,29,29,29,29,29
6380eae07571e116566417d2,638e688334262115e3becf98,Wakeford New,DELIVERLOAD,False,14,14,14,14,14,14,14,14,14,14,14,14,14,14,12,16,12,14,14,14,12,14,14,14,14
6380eae07571e116566417d2,638e688334262115e3becf98,Wakeford New,HOOKCONTAINER,False,23,23,23,23,23,23,23,23,12,20,26,11,23,23,23,23,23,23,23,23,23,23,23,23,23
6380eae07571e116566417d2,67b8d36a7e85f071b7f41c05,WALACE & CAREY INC,DELIVERLOAD,False,29,29,29,29,29,29,29,29,29,29,29,29,29,29,29,29,29,29,29,29,29,29,29,29,29
6380eae07571e116566417d2,67b8d36a7e85f071b7f41c05,WALACE & CAREY INC,HOOKCONTAINER,False,24,24,24,24,24,24,24,24,24,24,24,24,24,24,24,24,24,24,24,24,24,24,24,24,24
6380eae07571e116566417d2,665f4a9c32bb6a24122173ce,walbertwindows,DELIVERLOAD,False,14,14,14,14,14,14,14,14,14,14,14,14,14,14,14,14,14,14,14,14,14,14,14,14,14
6380eae07571e116566417d2,665f4a9c32bb6a24122173ce,walbertwindows,HOOKCONTAINER,False,17,17,17,17,17,17,17,17,17,17,17,17,17,17,17,17,17,17,17,17,17,17,17,17,17
6380eae07571e116566417d2,669a95803f8a271e638cb8e4,"Wallace and Carey Inc, Oakville ON",DELIVERLOAD,True,63,63,63,63,63,63,63,63,63,63,63,63,63,63,63,63,63,63,63,63,63,63,63,63,63
6380eae07571e116566417d2,642c81ec989c3e15e28fcec5,walmart calgary,DELIVERLOAD,True,159,159,159,159,159,159,159,159,159,159,159,159,159,159,159,159,159,159,159,159,159,159,159,159,159
6380eae07571e116566417d2,6506250fa6ae6915ee2866cf,WALMART CALGARY DC #07101,DELIVERLOAD,False,29,29,29,29,29,29,29,29,29,29,29,29,29,29,29,29,29,29,29,29,29,29,29,29,29
6380eae07571e116566417d2,6506250fa6ae6915ee2866cf,WALMART CALGARY DC #07101,DELIVERLOAD,True,66,66,66,66,66,66,66,66,66,66,66,66,66,66,66,66,66,66,66,66,66,66,66,66,66
6380eae07571e116566417d2,6792df5064994b39a5d49ac6,WAL-MART CANADA,DELIVERLOAD,True,66,66,66,66,66,66,66,66,66,66,66,66,66,66,66,66,66,66,66,66,66,66,66,66,66
6380eae07571e116566417d2,6442a493f06ff115fd485b68,WALMART Canada DC6080,DELIVERLOAD,True,86,86,86,86,86,86,86,86,86,86,86,86,235,86,86,16,86,86,86,86,86,86,86,86,86
6380eae07571e116566417d2,6442a493f06ff115fd485b68,WALMART Canada DC6080,HOOKCONTAINER,False,8,8,8,8,8,8,8,8,8,8,8,8,8,8,8,8,8,8,8,8,8,8,8,8,8
6380eae07571e116566417d2,659c51bc40b440164e950803,Wal-Mart Canada Logistics ULC (site 2),DELIVERLOAD,False,14,14,14,14,14,14,14,14,14,14,14,14,6,29,14,14,14,14,14,14,14,10,13,14,14
6380eae07571e116566417d2,659c51bc40b440164e950803,Wal-Mart Canada Logistics ULC (site 2),HOOKCONTAINER,False,19,19,19,19,19,19,19,19,19,19,19,19,19,19,19,26,16,29,19,19,19,19,19,19,19
6380eae07571e116566417d2,6794068c0f6269afff6326a4,Walmart care of damco distribution canada Inc,DELIVERLOAD,False,18,18,18,18,18,18,18,18,18,18,18,18,18,18,18,18,9,18,18,18,18,18,18,18,18
6380eae07571e116566417d2,6794068c0f6269afff6326a4,Walmart care of damco distribution canada Inc,DELIVERLOAD,True,15,15,15,15,15,15,15,15,15,12,15,3,15,15,18,5,48,23,24,21,15,15,15,15,15
6380eae07571e116566417d2,6794068c0f6269afff6326a4,Walmart care of damco distribution canada Inc,HOOKCONTAINER,False,12,12,12,12,12,12,12,12,12,12,6,12,31,16,12,11,12,12,12,12,55,12,35,12,12
6380eae07571e116566417d2,6794068c0f6269afff6326a4,Walmart care of damco distribution canada Inc,PULLCONTAINER,False,17,17,17,17,17,17,17,17,17,17,17,17,17,17,17,17,17,17,17,17,17,17,17,17,17
6380eae07571e116566417d2,638e1548f26efb162c5a8d21,Walmart Care Of Damco Distribution Canada Inc.,HOOKCONTAINER,False,44,44,44,44,44,44,44,44,44,44,44,44,44,44,44,44,44,44,44,44,44,44,44,44,44
6380eae07571e116566417d2,67f5511a193b03d08b9bf332,Walmart DC 6004 - Maple ON,DELIVERLOAD,True,10,10,10,10,10,10,10,10,10,10,10,10,10,10,10,10,10,10,10,10,10,10,10,10,10
6380eae07571e116566417d2,638e511cd07518161966a972,Walmart DC6063 Calgary AB,DELIVERLOAD,True,72,72,72,72,72,72,72,72,72,72,72,72,72,72,72,72,72,72,72,72,72,72,72,72,72
6380eae07571e116566417d2,642c80cfbc19f31623a83466,WAL-MART DC6080,DELIVERLOAD,False,14,14,14,14,14,14,14,14,14,14,14,14,14,14,14,14,14,14,14,14,14,14,14,14,14
6380eae07571e116566417d2,642c80cfbc19f31623a83466,WAL-MART DC6080,DELIVERLOAD,True,66,66,66,66,66,66,66,66,66,66,66,66,66,66,66,66,66,66,66,66,66,66,66,66,66
6380eae07571e116566417d2,639117de8e2a95165f79bdfb,Walmart Dc6081,DELIVERLOAD,True,148,148,148,148,148,148,148,148,148,148,148,148,148,148,148,148,148,148,148,148,148,148,148,148,148
6380eae07571e116566417d2,645e664b24e1ff16393e1212,"Walmart DC7088 MISSISSAUGA,  ON",DELIVERLOAD,True,19,19,19,19,19,19,19,19,19,19,19,19,19,19,19,19,19,19,19,19,19,19,19,19,19
6380eae07571e116566417d2,6480e8200755331669cb22c1,Walmart DC 7101,DELIVERLOAD,False,44,44,44,44,44,44,44,44,44,44,44,44,44,44,44,44,44,44,44,44,44,44,44,44,44
6380eae07571e116566417d2,6480e8200755331669cb22c1,Walmart DC 7101,HOOKCONTAINER,False,48,48,48,48,48,48,48,48,48,48,48,48,48,48,48,48,48,48,48,77,48,45,48,48,48
6380eae07571e116566417d2,67eec47d72bc4ee6c3737277,"Walmart DC - Mississauga, ON",DELIVERLOAD,True,66,66,66,66,66,66,66,66,66,66,66,66,66,66,66,66,66,66,66,66,66,66,66,66,66
6380eae07571e116566417d2,68261c0d8ad60e9703207188,"Walmart DC - Mississauga, ON",DELIVERLOAD,True,86,86,86,86,86,86,86,86,86,86,86,86,86,86,86,86,86,86,86,86,86,86,86,86,86
6380eae07571e116566417d2,638e6b9034262115e3bed15d,Walmart Kraft Location,DELIVERLOAD,False,55,55,55,55,55,55,55,55,55,55,55,55,55,55,55,55,55,55,55,55,55,55,55,55,55
6380eae07571e116566417d2,638e6b9034262115e3bed15d,Walmart Kraft Location,HOOKCONTAINER,False,16,16,16,16,16,16,16,16,16,16,16,16,16,16,16,16,16,16,16,16,16,16,16,16,16
6380eae07571e116566417d2,64d4a8600a02bc15dfb84975,"WALMART LOGISITICS 6080 - ROCKY VIEW, AB",DELIVERLOAD,True,66,66,66,66,66,66,66,66,66,66,66,66,66,66,66,66,66,66,66,66,66,66,66,66,66
6380eae07571e116566417d2,64d4a8600a02bc15dfb84975,"WALMART LOGISITICS 6080 - ROCKY VIEW, AB",HOOKCONTAINER,False,20,20,20,20,20,20,20,20,20,20,20,20,20,20,20,20,20,20,20,20,20,20,20,20,20
6380eae07571e116566417d2,66ce3897e57760b025e8277b,WAL-MART LOGISTICS DC 6080R,DELIVERLOAD,True,6,6,6,6,6,6,6,6,6,6,6,6,6,6,6,6,6,6,6,6,6,6,6,6,6
6380eae07571e116566417d2,66aa8ac233b74779fab1ad15,Walmart Logistics  PDC6080,DELIVERLOAD,False,29,29,29,29,29,29,29,29,29,29,29,29,29,29,29,29,29,29,29,29,29,29,29,29,29
6380eae07571e116566417d2,66aa8ac233b74779fab1ad15,Walmart Logistics  PDC6080,DELIVERLOAD,True,66,66,66,66,66,66,66,66,66,66,66,66,66,66,66,66,66,66,66,66,66,66,66,66,66
6380eae07571e116566417d2,67cb3f89b808641524adcf9a,WALMART REGIONAL DC 6072 SURREY BC,DELIVERLOAD,True,66,66,66,66,66,66,66,66,66,66,66,66,66,66,66,66,66,66,66,66,66,66,66,66,66
6380eae07571e116566417d2,65b4035efb4d2d15eac50d1b,Wal-Mart Surrey (194A Street Entrance),DELIVERLOAD,False,22,22,22,22,22,22,22,22,22,22,22,22,22,22,22,22,22,22,22,22,22,22,22,22,22
6380eae07571e116566417d2,65b4035efb4d2d15eac50d1b,Wal-Mart Surrey (194A Street Entrance),DELIVERLOAD,True,164,164,164,164,164,164,164,164,164,164,164,164,164,164,164,164,164,164,164,164,164,164,164,164,164
6380eae07571e116566417d2,68a767586f0d7cd01a8a3ae6,warehouse,DELIVERLOAD,True,66,66,66,66,66,66,66,66,66,66,66,66,66,66,66,66,66,66,66,66,66,66,66,66,66
6380eae07571e116566417d2,6765eef9c055e59f4f400c98,warehouse 5719,DELIVERLOAD,False,28,28,28,28,28,28,28,28,28,28,28,28,28,28,28,28,28,28,28,28,28,28,28,28,28
6380eae07571e116566417d2,6765eef9c055e59f4f400c98,warehouse 5719,HOOKCONTAINER,False,6,6,6,6,6,6,6,6,6,6,6,6,6,6,6,6,6,6,6,6,6,6,6,6,6
6380eae07571e116566417d2,641a23944afd3216030beb51,Warehouse Reloading & Distribution Ltd,DELIVERLOAD,False,65,65,65,65,65,65,65,65,65,65,65,65,65,65,105,65,65,65,65,65,65,65,65,65,65
6380eae07571e116566417d2,641a23944afd3216030beb51,Warehouse Reloading & Distribution Ltd,DELIVERLOAD,True,33,33,33,33,33,33,33,33,33,33,33,33,33,33,33,33,33,33,33,33,33,33,33,33,33
6380eae07571e116566417d2,67ec5d9e520675c943c58200,warehouse unit 52,DELIVERLOAD,False,29,29,29,29,29,29,29,29,29,29,29,29,29,29,29,29,29,29,29,29,29,29,29,29,29
6380eae07571e116566417d2,6619709cda8a6170ea8d0b09,Warren Valve 1,DELIVERLOAD,True,35,35,35,35,35,35,35,35,35,35,35,35,35,35,35,35,35,35,35,35,35,35,35,35,35
6380eae07571e116566417d2,6619a9a59403fa8122053e93,Warren Valve 2,DELIVERLOAD,False,42,42,42,42,42,42,42,42,42,42,42,42,23,42,42,42,42,42,42,42,42,42,42,42,42
6380eae07571e116566417d2,6619a9a59403fa8122053e93,Warren Valve 2,DELIVERLOAD,True,44,44,44,44,44,44,44,44,44,44,44,44,44,44,44,44,44,44,44,44,44,44,44,44,44
6380eae07571e116566417d2,678550cdf657fb173807ecb1,Wasteco,DELIVERLOAD,True,66,66,66,66,66,66,66,66,66,66,66,66,66,66,66,66,66,66,66,66,66,66,66,66,66
6380eae07571e116566417d2,639117de8e2a95165f79bdee,Waste Connections (Calgary),DELIVERLOAD,False,90,90,90,90,90,90,90,90,90,90,90,90,90,90,90,90,90,90,90,90,90,90,90,90,90
6380eae07571e116566417d2,639117de8e2a95165f79bdee,Waste Connections (Calgary),DELIVERLOAD,True,71,71,71,71,71,71,71,71,71,71,66,63,71,68,82,76,76,54,151,71,71,71,71,71,71
6380eae07571e116566417d2,639117de8e2a95165f79bdee,Waste Connections (Calgary),HOOKCONTAINER,False,7,7,7,7,7,7,7,7,7,7,7,7,7,7,7,7,7,7,7,7,7,7,7,7,7
6380eae07571e116566417d2,638e542c487e0815fe50f103,Waste Connections (EDM),DELIVERLOAD,False,29,29,29,29,29,29,29,29,29,29,29,29,29,29,29,29,29,29,29,29,29,29,29,29,29
6380eae07571e116566417d2,638e542c487e0815fe50f103,Waste Connections (EDM),DELIVERLOAD,True,150,150,150,150,150,150,150,150,150,150,150,195,61,78,150,150,150,150,150,150,150,150,150,150,150
6380eae07571e116566417d2,688b932e8bf807ace57c8f2f,Waste Connections (Lethbridge),DELIVERLOAD,True,66,66,66,66,66,66,66,66,66,66,66,66,66,66,66,66,66,66,66,66,66,66,66,66,66
6380eae07571e116566417d2,638e7a31d3329815fe29ec47,WATERBLAST MANUFACTURING,DELIVERLOAD,False,14,14,14,14,14,14,14,14,14,14,14,14,14,14,14,14,14,14,14,14,14,14,14,14,14
6380eae07571e116566417d2,638e49e09a8a2f15f9401252,Wearpro Equipment & Supply Ltd,DELIVERLOAD,False,70,70,70,70,70,70,70,70,70,70,70,70,70,70,70,70,70,70,70,70,70,70,70,70,70
6380eae07571e116566417d2,638e49e09a8a2f15f9401252,Wearpro Equipment & Supply Ltd,DELIVERLOAD,True,55,55,55,55,55,55,55,55,55,55,55,55,55,55,55,62,55,55,55,55,55,55,55,55,55
6380eae07571e116566417d2,67f5a0626cd4540d2cd334c9,Weather Pro Edmonton,DELIVERLOAD,False,31,31,31,31,31,31,31,31,31,31,31,31,31,31,31,31,31,31,31,31,31,31,31,31,31
6380eae07571e116566417d2,638e649a0f71ac1600f4f84a,Weddingstar Inc,DELIVERLOAD,False,29,29,29,29,29,29,29,29,29,29,29,29,29,29,29,29,29,29,29,29,29,29,29,29,29
6380eae07571e116566417d2,638e649a0f71ac1600f4f84a,Weddingstar Inc,DELIVERLOAD,True,112,112,112,112,112,112,112,112,112,112,112,112,112,112,112,112,112,112,112,112,112,112,112,112,112
6380eae07571e116566417d2,649e1684240dc515edb54529,Weir Minerals,DELIVERLOAD,True,66,66,66,66,66,66,66,66,66,66,66,66,66,66,66,66,66,66,66,66,66,66,66,66,66
6380eae07571e116566417d2,66d0fc3cdd4c46e66f363456,WEI WEI,DELIVERLOAD,False,16,16,16,16,16,16,16,16,16,16,16,16,16,16,16,16,16,16,16,16,16,16,16,16,16
6380eae07571e116566417d2,66d0fc3cdd4c46e66f363456,WEI WEI,HOOKCONTAINER,False,17,17,17,17,17,17,17,17,17,17,17,17,17,17,17,17,17,17,17,17,17,17,17,17,17
6380eae07571e116566417d2,688b8f01299fd1e139edacfc,WenPlastics,DELIVERLOAD,False,28,28,28,28,28,28,28,28,28,28,28,28,28,28,28,28,28,28,28,28,28,28,28,28,28
6380eae07571e116566417d2,688b8f01299fd1e139edacfc,WenPlastics,DELIVERLOAD,True,8,8,8,8,8,8,8,8,8,8,8,8,8,8,8,8,8,8,8,8,8,8,8,8,8
6380eae07571e116566417d2,688b8f01299fd1e139edacfc,WenPlastics,PULLCONTAINER,False,65,65,65,65,65,65,65,65,65,65,65,65,65,65,65,65,65,65,65,65,65,65,65,65,65
6380eae07571e116566417d2,638e511cd07518161966a991,Westberry Farms,DELIVERLOAD,True,131,131,131,131,131,131,131,131,131,131,188,131,131,131,131,57,131,131,131,131,131,131,131,131,131
6380eae07571e116566417d2,661dcb96d20fb3ff2fdc5762,WESTBERRY FARMS - ABBOTSFORD BC,DELIVERLOAD,True,137,137,137,137,137,137,137,137,137,137,137,137,137,137,137,137,137,137,137,137,137,137,137,137,137
6380eae07571e116566417d2,6568e5727ed32615e3ee64e0,WESTCO,DELIVERLOAD,True,20,20,20,20,20,20,20,20,20,111,20,20,9,23,3,20,20,20,20,20,20,20,20,20,20
6380eae07571e116566417d2,638e56ce0f71ac1600f4f5c5,West Coast Blueberry Farms,DELIVERLOAD,True,66,66,66,66,66,66,66,66,66,66,66,66,66,66,66,66,66,66,66,66,66,66,66,66,66
6380eae07571e116566417d2,68069f3136af02f4291ff965,WEST COAST REDUCTION,DELIVERLOAD,True,9,9,9,9,9,9,9,9,9,9,9,9,9,9,9,9,9,9,9,9,9,9,9,9,9
6380eae07571e116566417d2,684984ffcd3a1f26397d414b,WESTCO STORAGE,DELIVERLOAD,True,13,13,13,13,13,13,13,13,13,13,13,13,13,13,13,13,13,13,13,13,13,13,13,13,13
6380eae07571e116566417d2,638f5669648f7a162c61a8f5,West Country Dairy Supply Inc,DELIVERLOAD,True,66,66,66,66,66,66,66,66,66,66,66,66,66,66,66,66,66,66,66,66,66,66,66,66,66
6380eae07571e116566417d2,67e2a8a368cf65fc1635f31b,Westdock,DELIVERLOAD,True,66,66,66,66,66,66,66,66,66,66,66,66,66,66,66,66,66,66,66,66,66,66,66,66,66
6380eae07571e116566417d2,66cf83c305421203520366be,West Edmonton Mall North West corner) next to Simons,DELIVERLOAD,True,6,6,6,6,6,6,6,6,6,6,6,6,6,6,6,6,6,6,6,6,6,6,6,6,6
6380eae07571e116566417d2,67a22daae538102c93f8d737,"WESTERN AG SUPPLY 2009 INC 2215,",DELIVERLOAD,True,66,66,66,66,66,66,66,66,66,66,66,66,66,66,66,66,66,66,66,66,66,66,66,66,66
6380eae07571e116566417d2,6760b9b8c528f0e27d021d09,WESTERN CRATING INT'L LTD.,DELIVERLOAD,False,16,16,16,16,16,16,16,16,16,16,16,16,16,16,16,16,16,16,16,16,16,16,16,16,16
6380eae07571e116566417d2,6760b9b8c528f0e27d021d09,WESTERN CRATING INT'L LTD.,DELIVERLOAD,True,66,66,66,66,66,66,66,66,66,66,66,66,66,66,66,66,66,66,66,66,66,66,66,66,66
6380eae07571e116566417d2,6760b9b8c528f0e27d021d09,WESTERN CRATING INT'L LTD.,HOOKCONTAINER,False,20,20,20,20,20,20,20,20,20,20,20,20,20,20,20,20,20,20,20,20,20,20,20,20,20
6380eae07571e116566417d2,638e55986df97715f0f394da,WESTERN DRUG DISTRIBUTION CENTRE,DELIVERLOAD,True,105,105,105,105,105,105,105,105,105,105,105,105,105,105,105,105,105,105,105,105,105,105,105,105,105
6380eae07571e116566417d2,687008ab420918f2783c98f4,WESTERN FIBERGLASS INCORPORATED,DELIVERLOAD,True,150,150,150,150,150,150,150,150,150,150,150,150,150,150,150,150,150,150,150,150,150,150,150,150,150
6380eae07571e116566417d2,643817d30d919e161bb4e2db,Western logistics Calgary AB,DELIVERLOAD,False,14,14,14,14,14,14,14,14,4,9,14,14,14,14,14,14,14,14,14,14,14,14,14,14,14
6380eae07571e116566417d2,643817d30d919e161bb4e2db,Western logistics Calgary AB,DELIVERLOAD,True,39,39,39,39,39,39,39,39,39,33,39,39,39,39,39,39,39,39,39,39,39,39,39,39,39
6380eae07571e116566417d2,643817d30d919e161bb4e2db,Western logistics Calgary AB,HOOKCONTAINER,False,44,44,44,44,44,44,44,44,44,44,44,44,44,44,44,19,44,44,44,31,44,44,44,44,44
6380eae07571e116566417d2,645d42278d2928160e51e6b5,Western Logistics Coquitlam BC,DELIVERLOAD,False,18,18,18,18,18,18,18,18,20,4,18,345,18,18,18,18,18,18,18,18,18,18,18,18,18
6380eae07571e116566417d2,645d42278d2928160e51e6b5,Western Logistics Coquitlam BC,DELIVERLOAD,True,16,16,16,16,16,16,16,16,16,16,16,16,16,16,16,16,16,16,16,16,16,16,16,16,16
6380eae07571e116566417d2,645d42278d2928160e51e6b5,Western Logistics Coquitlam BC,HOOKCONTAINER,False,15,15,15,15,15,15,15,15,15,4,15,17,15,60,15,4,11,22,15,15,15,15,15,15,15
6380eae07571e116566417d2,638e1548f26efb162c5a8d09,Western Logistics Inc,HOOKCONTAINER,False,4,4,4,4,4,4,4,4,4,4,4,4,4,4,4,4,4,4,4,4,4,4,4,4,4
6380eae07571e116566417d2,6466a0a5c7ea9c169b756ff6,Western Logistics INc.,DELIVERLOAD,False,7,7,7,7,7,7,7,7,7,7,7,7,7,7,7,7,79,7,7,7,7,7,7,7,7
6380eae07571e116566417d2,6466a0a5c7ea9c169b756ff6,Western Logistics INc.,DELIVERLOAD,True,28,28,28,28,28,28,28,28,28,28,28,28,28,28,28,28,28,28,28,28,28,28,28,28,28
6380eae07571e116566417d2,6466a0a5c7ea9c169b756ff6,Western Logistics INc.,HOOKCONTAINER,False,54,54,54,54,54,54,54,54,54,54,54,54,54,54,58,54,54,54,29,54,46,54,54,54,54
6380eae07571e116566417d2,645d3e7d0dc605165255d27d,"Western Logistics Mississauaga, ON",DELIVERLOAD,False,31,31,31,31,31,31,31,31,31,31,31,31,27,31,31,31,31,31,31,31,31,31,31,31,31
6380eae07571e116566417d2,645d3e7d0dc605165255d27d,"Western Logistics Mississauaga, ON",DELIVERLOAD,True,66,66,66,66,66,66,66,66,66,66,66,66,66,66,66,66,66,66,66,66,66,66,66,66,66
6380eae07571e116566417d2,645d3e7d0dc605165255d27d,"Western Logistics Mississauaga, ON",HOOKCONTAINER,False,26,26,26,26,26,26,26,26,26,11,19,26,26,18,26,26,216,26,61,65,26,26,26,26,26
6380eae07571e116566417d2,67c09776a9e0629e78f497dd,Western Logistics - Winnipeg,HOOKCONTAINER,False,20,20,20,20,20,20,20,20,20,20,20,20,20,20,20,20,20,20,20,20,20,20,20,20,20
6380eae07571e116566417d2,64d56dcffab81915a9c3af71,WESTERN NOISE CONTROL,DELIVERLOAD,True,66,66,66,66,66,66,66,66,66,66,66,66,66,66,66,66,66,66,66,66,66,66,66,66,66
6380eae07571e116566417d2,638e6a94013f4f1652ee9566,Western Refrigeration,DELIVERLOAD,True,66,66,66,66,66,66,66,66,66,66,66,66,66,66,66,66,66,66,66,66,66,66,66,66,66
6380eae07571e116566417d2,66d8ee089897da87f693e9d5,Western Refrigeration & Beverage Equipment Ltd,DELIVERLOAD,False,81,81,81,81,81,81,81,81,81,81,81,81,81,81,81,81,81,81,81,81,81,81,81,81,81
6380eae07571e116566417d2,66d8ee089897da87f693e9d5,Western Refrigeration & Beverage Equipment Ltd,DELIVERLOAD,True,57,57,57,57,57,57,57,57,57,57,57,57,57,57,57,57,57,57,57,57,57,57,57,57,57
6380eae07571e116566417d2,6856e3c58870f1da7d267a82,WESTERN RELOAD,DELIVERLOAD,False,29,29,29,29,29,29,29,29,29,29,29,29,29,29,29,29,29,29,29,29,29,29,29,29,29
6380eae07571e116566417d2,6856e3c58870f1da7d267a82,WESTERN RELOAD,HOOKCONTAINER,False,29,29,29,29,29,29,29,29,29,29,29,29,29,29,29,29,29,29,29,29,29,29,29,29,29
6380eae07571e116566417d2,638e2fd4b91dc3160b914ecb,Western Reload Glenmore,DELIVERLOAD,False,29,29,29,29,29,29,29,29,29,29,29,29,29,29,29,29,29,29,29,29,29,29,29,29,29
6380eae07571e116566417d2,638e2fd4b91dc3160b914ecb,Western Reload Glenmore,DELIVERLOAD,True,86,86,86,86,86,86,86,86,86,86,86,86,86,86,86,86,86,86,86,86,86,86,86,86,86
6380eae07571e116566417d2,638e2fd4b91dc3160b914ecb,Western Reload Glenmore,HOOKCONTAINER,False,12,12,12,12,12,12,12,12,12,12,12,12,12,12,12,12,12,12,12,12,12,12,12,12,12
6380eae07571e116566417d2,63fe9bdc86cd8b15f8d10dc8,Western WLI-TEDM,DELIVERLOAD,False,15,15,15,15,15,15,15,15,32,3,15,15,15,16,15,15,15,15,15,15,15,15,15,15,15
6380eae07571e116566417d2,63fe9bdc86cd8b15f8d10dc8,Western WLI-TEDM,HOOKCONTAINER,False,27,27,27,27,27,27,27,27,27,27,27,27,27,27,27,27,27,27,27,27,27,27,27,27,27
6380eae07571e116566417d2,65a080acaf5c671636a6e2d0,Westleaf Labs LP,DELIVERLOAD,False,35,35,35,35,35,35,35,35,35,35,35,35,35,35,35,35,35,35,35,35,35,35,35,35,35
6380eae07571e116566417d2,65a080acaf5c671636a6e2d0,Westleaf Labs LP,DELIVERLOAD,True,34,34,34,34,34,34,34,34,34,34,34,34,34,34,34,34,34,34,34,34,34,34,34,34,34
6380eae07571e116566417d2,668eedcb6058572b4b7b4479,Westmark Products LTD,DELIVERLOAD,True,32,32,32,32,32,32,32,32,32,32,32,32,32,32,32,32,32,32,32,32,32,32,32,32,32
6380eae07571e116566417d2,67a27602e9c6e9c87bd85f0e,WESTMET GROUP CANADA LTD.,DELIVERLOAD,False,29,29,29,29,29,29,29,29,29,29,29,29,29,29,29,29,29,29,29,29,29,29,29,29,29
6380eae07571e116566417d2,67a27602e9c6e9c87bd85f0e,WESTMET GROUP CANADA LTD.,DELIVERLOAD,True,59,59,59,59,59,59,59,59,59,59,59,59,59,59,61,59,95,59,59,59,59,59,59,59,59
6380eae07571e116566417d2,651b2e5026295a15f33307f0,West Penetone,DELIVERLOAD,False,37,37,37,37,37,37,37,37,37,37,37,37,37,37,37,37,37,37,37,37,37,37,37,37,37
6380eae07571e116566417d2,64067b585428de15ed270153,WESTQUIP,DELIVERLOAD,True,47,47,47,47,47,47,47,47,47,47,47,47,47,47,47,47,47,47,47,47,47,47,47,47,47
6380eae07571e116566417d2,638f5669648f7a162c61a90d,Westvac Industrial Ltd.,HOOKCONTAINER,False,52,52,52,52,52,52,52,52,52,52,52,52,52,52,52,52,52,52,52,52,52,52,52,52,52
6380eae07571e116566417d2,680fe9998723a83e2ddf08be,Westwinds Wholesale Cash & Carry,DELIVERLOAD,True,22,22,22,22,22,22,22,22,22,22,22,22,22,22,22,22,22,22,22,22,22,22,22,22,22
6380eae07571e116566417d2,668ebd4e5400ea617c59ff43,Westwinds Wholesale Cash carry INC,DELIVERLOAD,False,47,47,47,47,47,47,47,47,47,47,47,47,47,47,47,47,47,47,47,47,47,47,47,47,47
6380eae07571e116566417d2,668ebd4e5400ea617c59ff43,Westwinds Wholesale Cash carry INC,DELIVERLOAD,True,64,64,64,64,64,64,64,64,64,64,64,64,64,64,64,64,64,64,64,64,64,64,64,64,64
6380eae07571e116566417d2,638e2fd4b91dc3160b914f72,WETASKIWIN CO,DELIVERLOAD,False,29,29,29,29,29,29,29,29,29,29,29,29,29,29,29,29,29,29,29,29,29,29,29,29,29
6380eae07571e116566417d2,68acb9d3efbf6c7e117849e8,W FARMS,DELIVERLOAD,False,24,24,24,24,24,24,24,24,24,24,24,24,24,24,24,24,24,24,24,24,24,24,24,24,24
6380eae07571e116566417d2,67a39a54510855cdecd52c87,WG,DELIVERLOAD,True,66,66,66,66,66,66,66,66,66,66,66,66,66,66,66,66,66,66,66,66,66,66,66,66,66
6380eae07571e116566417d2,651330c86e9d5415c165471b,WGI MFG,DELIVERLOAD,True,66,66,66,66,66,66,66,66,66,66,66,66,66,66,66,66,66,66,66,66,66,66,66,66,66
6380eae07571e116566417d2,684c6c94c0c29b5625de7ea6,WG Pro Manufacturing,DELIVERLOAD,True,145,145,145,145,145,145,145,145,145,145,145,145,145,145,145,145,145,145,145,145,145,145,145,145,145
6380eae07571e116566417d2,6882a3b14e3116829f49c41c,WGPro Manufacturing,DELIVERLOAD,True,89,89,89,89,89,89,89,89,89,89,89,89,89,89,89,89,89,89,89,89,89,89,89,89,89
6380eae07571e116566417d2,672ab2e4ea491bf8a073a13b,Whale Brothers Logistics Ltd,DELIVERLOAD,False,31,31,31,31,31,31,31,31,31,31,31,31,31,31,31,31,31,31,31,31,31,31,31,31,31
6380eae07571e116566417d2,672ab2e4ea491bf8a073a13b,Whale Brothers Logistics Ltd,HOOKCONTAINER,False,15,15,15,15,15,15,15,15,15,15,15,15,15,15,15,15,15,15,15,15,15,15,15,15,15
6380eae07571e116566417d2,64a7079617bcd215e5af2aaa,WHIRLPOOL,DELIVERLOAD,False,12,12,12,12,12,12,12,12,12,12,12,12,12,12,12,12,12,12,12,167,12,12,12,12,12
6380eae07571e116566417d2,64a7079617bcd215e5af2aaa,WHIRLPOOL,DELIVERLOAD,True,65,65,65,65,65,65,65,65,65,65,65,65,65,65,65,65,65,65,65,65,65,65,65,65,65
6380eae07571e116566417d2,64a7079617bcd215e5af2aaa,WHIRLPOOL,HOOKCONTAINER,False,27,27,27,27,27,27,27,27,27,27,27,27,27,27,27,29,27,13,61,27,27,27,27,27,27
6380eae07571e116566417d2,66b51cc9183ffee0cd3a5297,White Cap Canada ogden 610,HOOKCONTAINER,False,24,24,24,24,24,24,24,24,24,24,24,24,24,24,24,24,24,24,24,24,24,24,24,24,24
6380eae07571e116566417d2,685f176e0da95112fa39b0bd,WHITE HOUSE DESIGN COMPANY INC,DELIVERLOAD,True,172,172,172,172,172,172,172,172,172,172,172,172,172,172,172,172,172,172,172,172,172,172,172,172,172
6380eae07571e116566417d2,67ddac87a9c4df63dcc73a48,WHITEMUD IRONWORKS LIMITED,DELIVERLOAD,True,107,107,107,107,107,107,107,107,107,107,107,107,107,107,107,107,107,107,107,107,107,107,107,107,107
6380eae07571e116566417d2,638e468cdeced515f58e1752,Whiteridge Inc.,HOOKCONTAINER,False,45,45,45,45,45,45,45,45,45,45,45,45,45,45,45,45,45,45,45,45,45,45,45,45,45
6380eae07571e116566417d2,66913f2bcda0a29341fc0b99,White River Logistics Inc.,PULLCONTAINER,False,23,23,23,23,23,23,23,23,23,23,23,23,23,23,23,23,23,23,23,23,23,23,23,23,23
6380eae07571e116566417d2,66e899a4f3758bcf57ebc15f,Wholesale India Bazaar,DELIVERLOAD,False,12,12,12,12,12,12,12,12,12,12,12,12,12,12,12,12,12,12,12,12,12,12,12,12,12
6380eae07571e116566417d2,67f0145412c5ce9e232a0b28,Wiberg Corp,DELIVERLOAD,False,29,29,29,29,29,29,29,29,29,29,29,29,29,29,29,29,29,29,29,29,29,29,29,29,29
6380eae07571e116566417d2,67f0145412c5ce9e232a0b28,Wiberg Corp,DELIVERLOAD,True,104,104,104,104,104,104,104,104,104,104,104,106,129,104,104,104,104,104,104,104,104,104,104,104,104
6380eae07571e116566417d2,66cc9bc52633aeb3f7429063,Wiberg Corporation,DELIVERLOAD,True,122,122,122,122,122,122,122,122,122,122,122,122,122,122,4,122,122,122,122,122,122,122,122,122,122
6380eae07571e116566417d2,66cc9bc52633aeb3f7429063,Wiberg Corporation,PULLCONTAINER,False,61,61,61,61,61,61,61,61,61,61,61,61,61,61,61,61,61,61,61,61,61,61,61,61,61
6380eae07571e116566417d2,66ccb800ae01fcc36d68e723,Wiberg Vancouver,DELIVERLOAD,True,34,34,34,34,34,34,34,34,34,34,34,34,34,34,34,34,34,34,34,34,34,34,34,34,34
6380eae07571e116566417d2,638ec5876df97715f0f3a6e7,WILBER ELLIS CREMONA,DELIVERLOAD,False,29,29,29,29,29,29,29,29,29,29,30,25,29,32,20,35,35,25,29,29,29,29,29,29,29
6380eae07571e116566417d2,638ec5876df97715f0f3a6e7,WILBER ELLIS CREMONA,DELIVERLOAD,True,37,37,37,37,37,37,37,37,37,37,37,37,37,37,37,37,37,37,37,37,37,37,37,37,37
6380eae07571e116566417d2,638ec5876df97715f0f3a6e7,WILBER ELLIS CREMONA,HOOKCONTAINER,False,53,53,53,53,53,53,53,53,53,53,53,86,23,20,53,63,53,68,22,5,53,53,53,53,53
6380eae07571e116566417d2,6869597e18e9575809dd034d,WILDERNESS VANS,DELIVERLOAD,False,29,29,29,29,29,29,29,29,29,29,29,29,29,29,29,29,29,29,29,29,29,29,29,29,29
6380eae07571e116566417d2,6826729bc00220b7d057939d,Wild Rose Colony,DELIVERLOAD,False,29,29,29,29,29,29,29,29,29,29,29,29,29,29,29,29,29,29,29,29,29,29,29,29,29
6380eae07571e116566417d2,686c30c6da3b081409c43687,WILLIAM BOTHWELL,DELIVERLOAD,True,70,70,70,70,70,70,70,70,70,70,70,70,70,70,70,70,70,70,70,70,70,70,70,70,70
6380eae07571e116566417d2,6787feeaf3b6b24160e11c88,Willow Truck Town Wash,HOOKCONTAINER,False,2,2,2,2,2,2,2,2,2,2,2,2,2,2,2,2,2,2,2,2,2,2,2,2,2
6380eae07571e116566417d2,68754ec108fabcad314fbe13,WILLOW TRUCK WASH (RED DEER),HOOKCONTAINER,False,20,20,20,20,20,20,20,20,20,20,20,20,20,20,20,20,20,20,20,20,20,20,20,20,20
6380eae07571e116566417d2,66772545eccce59a62a67d9a,wilo 8,HOOKCONTAINER,False,10,10,10,10,10,10,10,10,10,10,10,10,10,10,10,10,10,10,10,10,10,10,10,10,10
6380eae07571e116566417d2,638e1548f26efb162c5a8cd1,Wilo Canada Inc,DELIVERLOAD,False,69,69,69,69,69,69,69,69,69,69,69,69,69,69,69,69,69,69,69,69,69,69,69,69,69
6380eae07571e116566417d2,638e1548f26efb162c5a8cd1,Wilo Canada Inc,DELIVERLOAD,True,50,50,50,50,50,50,50,50,50,50,50,50,50,50,50,50,50,50,50,50,50,50,50,50,50
6380eae07571e116566417d2,638e1548f26efb162c5a8cd1,Wilo Canada Inc,HOOKCONTAINER,False,12,12,12,12,12,12,12,12,12,12,12,12,12,12,12,12,12,12,12,12,12,12,12,12,12
6380eae07571e116566417d2,6698125b33747d2306d63f97,WILO - WILCANYYC,DELIVERLOAD,False,29,29,29,29,29,29,29,29,29,29,29,29,29,29,29,29,29,29,29,29,29,29,29,29,29
6380eae07571e116566417d2,688a6f34771836bab9a9e119,WINARIS GLASS INC UNIT O,HOOKCONTAINER,False,39,39,39,39,39,39,39,39,39,39,39,39,39,39,39,39,39,39,39,39,39,39,39,39,39
6380eae07571e116566417d2,68308cec350d9da098fa9f14,Windsor Plywood,DELIVERLOAD,True,74,74,74,74,74,74,74,74,74,74,74,74,74,74,74,74,74,74,74,74,74,74,74,74,74
6380eae07571e116566417d2,64a5a129058dc61601ba2325,"Wingenback at the address Bay F,",DELIVERLOAD,True,79,79,79,79,79,79,79,79,79,79,79,79,79,79,79,79,79,79,79,79,79,79,79,79,79
6380eae07571e116566417d2,647a276984507116295c4029,WINGENBACK LTD,DELIVERLOAD,True,79,79,79,79,79,79,79,79,79,79,79,79,79,79,79,79,79,79,79,79,79,79,79,79,79
6380eae07571e116566417d2,638ebfd51de55a15fc741ede,WING HING LUNG,DELIVERLOAD,False,23,23,23,23,23,23,23,23,23,23,23,23,23,23,23,23,23,23,23,23,23,23,23,23,23
6380eae07571e116566417d2,638ebfd51de55a15fc741ede,WING HING LUNG,HOOKCONTAINER,False,2,2,2,2,2,2,2,2,2,2,2,2,2,2,2,2,2,2,2,2,2,2,2,2,2
6380eae07571e116566417d2,67f972ba495c2bd94d32fd1c,Winnipeg MB Plant,DELIVERLOAD,False,73,73,73,73,73,73,73,73,73,73,73,73,73,73,73,73,73,73,73,73,73,73,73,73,73
6380eae07571e116566417d2,67c1fadc35a6fe48ceebbb01,WINNIPEG TERMINAL,DELIVERLOAD,False,10,10,10,10,10,10,10,10,10,10,10,10,10,10,10,10,10,10,10,10,10,10,10,10,10
6380eae07571e116566417d2,67c1fadc35a6fe48ceebbb01,WINNIPEG TERMINAL,HOOKCONTAINER,False,4,4,4,4,4,4,4,4,4,4,4,4,4,4,4,4,4,4,4,4,4,4,4,4,4
6380eae07571e116566417d2,684c58dbe04e419ef08230b2,WINNIPEG TRANSFER (LACTALIS),DELIVERLOAD,False,2,2,2,2,2,2,2,2,2,2,2,2,2,2,2,2,2,2,2,2,2,2,2,2,2
6380eae07571e116566417d2,65dd19b75acb5326b99f9334,WISHBONE SITE FURNISHINGS,DELIVERLOAD,True,89,89,89,89,89,89,89,89,89,89,89,89,89,89,89,89,89,89,89,89,89,89,89,89,89
6380eae07571e116566417d2,6686e8686ddca3762809bf21,WISMETTAC ASIAN FOODS INC.,DELIVERLOAD,True,92,92,92,92,92,92,92,92,92,92,92,92,92,20,92,92,92,92,92,92,92,92,92,92,92
6380eae07571e116566417d2,6669f9904d5b9ca29195862c,wm Edmonton MRF,DELIVERLOAD,False,85,85,85,85,85,85,85,85,85,85,85,85,85,85,85,85,85,85,85,85,85,85,85,85,85
6380eae07571e116566417d2,6669f9904d5b9ca29195862c,wm Edmonton MRF,DELIVERLOAD,True,84,84,84,84,84,84,84,84,84,93,101,76,66,84,84,84,84,84,84,84,84,84,84,84,84
6380eae07571e116566417d2,6669f9904d5b9ca29195862c,wm Edmonton MRF,HOOKCONTAINER,False,13,13,13,13,13,13,13,13,13,13,13,13,13,13,13,13,13,13,13,13,13,13,13,13,13
6380eae07571e116566417d2,6504eb441e114b1622245ce2,WM RED DEER,DELIVERLOAD,False,29,29,29,29,29,29,29,29,29,29,29,29,29,29,29,29,29,29,29,29,29,29,29,29,29
6380eae07571e116566417d2,6504eb441e114b1622245ce2,WM RED DEER,DELIVERLOAD,True,136,136,136,136,136,136,136,136,136,136,136,136,181,174,72,136,89,136,136,136,136,136,136,136,136
6380eae07571e116566417d2,683607ab533e824243559465,WONDERBRANDS KFC CDNCB,DELIVERLOAD,False,29,29,29,29,29,29,29,29,29,29,29,29,29,29,29,29,29,29,29,29,29,29,29,29,29
6380eae07571e116566417d2,683607ab533e824243559465,WONDERBRANDS KFC CDNCB,DELIVERLOAD,True,13,13,13,13,13,13,13,13,13,109,5,73,6,13,13,13,13,13,13,13,13,13,13,13,13
6380eae07571e116566417d2,683607ab533e824243559465,WONDERBRANDS KFC CDNCB,HOOKCONTAINER,False,2,2,2,2,2,2,2,2,2,2,2,2,2,2,2,2,2,2,2,2,2,2,2,2,2
6380eae07571e116566417d2,66cde4d2afe5442433e59eb0,WOODBRIDGE PALLET LTD,DELIVERLOAD,False,86,86,86,86,86,86,86,86,86,86,86,86,112,56,86,86,86,86,86,86,86,86,86,86,86
6380eae07571e116566417d2,66cde4d2afe5442433e59eb0,WOODBRIDGE PALLET LTD,DELIVERLOAD,True,66,66,66,66,66,66,66,66,66,66,66,66,66,66,66,66,66,66,66,66,66,66,66,66,66
6380eae07571e116566417d2,6464e817de95a01675fa9e0f,"Woodhill Garden Centre, Thornhill, ON",DELIVERLOAD,True,75,75,75,75,75,75,75,75,75,75,75,75,75,75,75,75,75,75,75,75,75,75,75,75,75
6380eae07571e116566417d2,6813864e2bbdf08df3b07743,Woodleaf Meats Inc.,DELIVERLOAD,True,14,14,14,14,14,14,14,14,14,14,14,14,14,14,14,14,14,14,14,14,14,14,14,14,14
6380eae07571e116566417d2,6807d56ae6b45c6754712de0,WPI,DELIVERLOAD,True,62,62,62,62,62,62,62,62,62,62,62,62,62,62,62,62,62,62,62,62,62,62,62,62,62
6380eae07571e116566417d2,6452ae845a594b322c7d8825,WRD 25,DELIVERLOAD,False,46,46,46,46,46,46,46,46,46,46,98,101,46,38,16,17,85,46,46,46,46,46,46,46,46
6380eae07571e116566417d2,6452ae845a594b322c7d8825,WRD 25,DELIVERLOAD,True,39,39,39,39,39,39,39,39,39,39,39,39,39,39,39,39,39,39,30,39,39,39,39,39,39
6380eae07571e116566417d2,6452ae845a594b322c7d8825,WRD 25,HOOKCONTAINER,False,20,20,20,20,20,20,20,20,20,20,20,20,20,20,20,20,20,20,20,20,20,20,20,20,20
6380eae07571e116566417d2,6849d2dd2c7710bf45286e05,WR Meadows,DELIVERLOAD,False,29,29,29,29,29,29,29,29,29,29,29,29,29,29,29,29,29,29,29,29,29,29,29,29,29
6380eae07571e116566417d2,67e1accfebfe92651bacfeea,WTC  group,RETURNCONTAINER,False,58,58,58,58,58,58,58,58,58,58,58,58,58,58,58,58,58,58,58,58,58,58,58,58,58
6380eae07571e116566417d2,657cbd1d333f71166ff3c758,WTC GROUP,DELIVERLOAD,True,148,148,148,148,148,148,148,148,148,148,148,148,148,148,148,148,148,148,148,148,148,148,148,148,148
6380eae07571e116566417d2,65a97efc1333f9163b28a76b,W-TECH TECHNOLOGIES LTD#2,DELIVERLOAD,True,53,53,53,53,53,53,53,53,53,53,53,53,53,53,53,53,53,53,53,53,53,53,53,53,53
6380eae07571e116566417d2,68b9d18ef4e338b946c6ebad,WW BLINDS,DELIVERLOAD,True,66,66,66,66,66,66,66,66,66,66,66,66,66,66,66,66,66,66,66,66,66,66,66,66,66
6380eae07571e116566417d2,641b25d9fcc94d163ba3fe11,WWCB (Rocky View county - KWE Calgary),DELIVERLOAD,False,33,33,33,33,33,33,33,33,33,33,33,33,33,33,3,33,33,33,33,33,33,33,33,33,33
6380eae07571e116566417d2,641b25d9fcc94d163ba3fe11,WWCB (Rocky View county - KWE Calgary),DELIVERLOAD,True,25,25,25,25,25,25,25,25,25,25,25,25,25,25,25,25,25,25,25,25,25,25,25,25,25
6380eae07571e116566417d2,641b25d9fcc94d163ba3fe11,WWCB (Rocky View county - KWE Calgary),HOOKCONTAINER,False,20,20,20,20,20,20,20,20,20,20,20,20,20,20,20,20,20,20,20,20,20,20,20,20,20
6380eae07571e116566417d2,66f1d7fa6ed57d30be56d565,XD MTE Logistics Edmonton,DELIVERLOAD,False,51,51,51,51,51,51,51,51,51,51,51,51,51,51,51,51,51,51,51,51,51,51,51,51,51
6380eae07571e116566417d2,66f1d7fa6ed57d30be56d565,XD MTE Logistics Edmonton,DELIVERLOAD,True,81,81,81,81,81,81,81,81,81,81,81,81,81,81,81,81,81,81,81,81,81,81,81,81,81
6380eae07571e116566417d2,638e682f0f71ac1600f4f9d3,XENALI Inc.,DELIVERLOAD,False,25,25,25,25,25,25,25,25,25,25,25,25,25,25,25,25,25,25,25,25,25,25,25,25,25
6380eae07571e116566417d2,638e682f0f71ac1600f4f9d3,XENALI Inc.,HOOKCONTAINER,False,13,13,13,13,13,13,13,13,13,13,13,13,13,13,13,13,13,13,13,13,13,13,13,13,13
6380eae07571e116566417d2,6899fe1ec992c09a4564f7a0,XTL BRAMPTON,DELIVERLOAD,True,101,101,101,101,101,101,101,101,101,101,101,101,101,101,101,101,101,101,101,101,101,101,101,101,101
6380eae07571e116566417d2,6899fe1ec992c09a4564f7a0,XTL BRAMPTON,PULLCONTAINER,False,29,29,29,29,29,29,29,29,29,29,29,29,29,29,29,29,29,29,29,29,29,29,29,29,29
6380eae07571e116566417d2,652752e737f8751618093b16,"XTL Distribution, Delta BC",DELIVERLOAD,True,66,66,66,66,66,66,66,66,66,66,66,66,66,66,66,66,66,66,66,66,66,66,66,66,66
6380eae07571e116566417d2,638b9a90013f4f1652ee8543,Yard Pro-Formance Edmonton,DELIVERLOAD,False,18,18,18,18,18,18,18,18,18,18,18,18,18,14,7,18,18,9,40,18,18,18,18,18,18
6380eae07571e116566417d2,638b9a90013f4f1652ee8543,Yard Pro-Formance Edmonton,DELIVERLOAD,True,22,22,22,22,22,22,22,22,22,22,22,46,14,47,114,32,19,22,22,22,22,22,22,22,22
6380eae07571e116566417d2,638b9a90013f4f1652ee8543,Yard Pro-Formance Edmonton,HOOKCONTAINER,False,16,16,16,16,16,16,15,16,18,16,18,15,15,13,19,13,13,14,18,6,25,351,16,16,16
6380eae07571e116566417d2,638b9a90013f4f1652ee8543,Yard Pro-Formance Edmonton,PULLCONTAINER,False,38,38,38,38,38,38,38,38,38,38,38,38,38,38,38,38,38,38,38,38,38,38,38,38,38
6380eae07571e116566417d2,638b9a90013f4f1652ee8543,Yard Pro-Formance Edmonton,RETURNCONTAINER,False,21,21,21,21,21,21,21,21,21,21,21,82,7,9,12,28,21,21,21,34,21,21,21,21,21
6380eae07571e116566417d2,638f5669648f7a162c61a9e2,YaYa Foods Corp,DELIVERLOAD,True,129,129,129,129,129,129,129,129,129,129,129,129,129,129,129,129,129,129,129,129,129,129,129,129,129
6380eae07571e116566417d2,6553fd33fd838b1577db305c,Yellow dog,RETURNCONTAINER,False,9,9,9,9,9,9,9,9,9,9,9,9,9,9,9,9,9,9,9,9,9,9,9,9,9
6380eae07571e116566417d2,6380eae17571e1165664183a,YELLOWDOG CALGARY,DELIVERLOAD,False,6,6,6,6,6,6,6,6,6,6,6,6,6,6,6,6,6,6,6,6,6,6,6,6,6
6380eae07571e116566417d2,6380eae17571e1165664183a,YELLOWDOG CALGARY,DELIVERLOAD,True,74,74,74,74,74,74,74,74,74,74,74,74,74,74,74,74,74,74,74,74,74,74,74,74,74
6380eae07571e116566417d2,6380eae17571e1165664183a,YELLOWDOG CALGARY,PULLCONTAINER,False,15,15,15,15,15,15,15,15,56,21,18,17,13,19,14,28,12,16,9,15,15,15,15,15,15
6380eae07571e116566417d2,6380eae17571e1165664183a,YELLOWDOG CALGARY,RETURNCONTAINER,False,20,20,20,20,20,20,20,20,20,28,20,23,18,24,17,15,21,23,18,20,20,20,20,20,20
6380eae07571e116566417d2,6380eae17571e1165664183e,YELLOWDOG EDMONTON,DROPCONTAINER,False,22,22,22,22,22,22,22,22,22,22,22,22,22,22,22,22,22,22,22,22,22,22,22,22,22
6380eae07571e116566417d2,6380eae17571e1165664183e,YELLOWDOG EDMONTON,HOOKCONTAINER,False,14,14,14,14,14,14,14,14,14,14,14,14,14,14,14,14,14,14,14,14,14,14,14,14,14
6380eae07571e116566417d2,6380eae17571e1165664183e,YELLOWDOG EDMONTON,PULLCONTAINER,False,10,10,10,10,10,10,10,10,10,10,17,9,9,30,10,10,9,21,10,10,10,10,10,10,10
6380eae07571e116566417d2,6380eae17571e1165664183e,YELLOWDOG EDMONTON,RETURNCONTAINER,False,14,14,14,14,14,14,14,14,14,10,15,19,46,9,20,13,23,38,22,14,14,14,14,14,14
6380eae07571e116566417d2,67a3e40cae054bac78da1229,yellowhead trail,DELIVERLOAD,True,66,66,66,66,66,66,66,66,66,66,66,66,66,66,66,66,66,66,66,66,66,66,66,66,66
6380eae07571e116566417d2,645ed5811395f7165cd81271,Yellowstone 90 Turbo,DELIVERLOAD,True,66,66,66,66,66,66,66,66,66,66,66,66,66,66,66,66,66,66,66,66,66,66,66,66,66
6380eae07571e116566417d2,6478b702da2ae215fe77bc75,"YELLOWSTONE PIPE, FLANGE & FITTING LTD.",DELIVERLOAD,False,27,27,27,27,27,27,27,27,27,27,27,27,27,27,27,27,27,27,27,27,27,27,27,27,27
6380eae07571e116566417d2,6478b702da2ae215fe77bc75,"YELLOWSTONE PIPE, FLANGE & FITTING LTD.",DELIVERLOAD,True,36,36,36,36,36,36,36,36,36,36,36,36,36,36,36,36,36,36,36,36,36,36,36,36,36
6380eae07571e116566417d2,640bb5ba50967715ecdf20c9,YOKOHAMA TIRE (CANADA) INC,DELIVERLOAD,False,8,8,8,8,8,8,8,8,8,8,8,8,8,8,8,8,8,8,8,8,8,8,8,8,8
6380eae07571e116566417d2,640bb5ba50967715ecdf20c9,YOKOHAMA TIRE (CANADA) INC,HOOKCONTAINER,False,44,44,44,44,44,44,44,44,44,44,44,44,44,44,44,44,44,44,44,44,44,44,44,44,44
6380eae07571e116566417d2,68bf0edfe8cbb8b6588058bc,Yorkshire Farms,DELIVERLOAD,False,63,63,63,63,63,63,63,63,63,63,63,63,63,63,63,63,63,63,63,63,63,63,63,63,63
6380eae07571e116566417d2,638e80bfdeced515f58e1ee8,York Warehouseing,DELIVERLOAD,True,26,26,26,26,26,26,26,26,26,26,26,26,26,26,26,26,26,26,26,26,26,26,26,26,26
6380eae07571e116566417d2,662c0dee4fbb54ddcbd20b82,YOUNG & YOUNG TRADING CO,DELIVERLOAD,True,2,2,2,2,2,2,2,2,2,2,2,2,2,2,2,2,2,2,2,2,2,2,2,2,2
6380eae07571e116566417d2,67d34bdac1b2df282c8c4e36,Yumee Express Inc.,DELIVERLOAD,True,122,122,122,122,122,122,122,122,122,122,122,122,122,122,122,122,122,122,122,122,122,122,122,122,122
6380eae07571e116566417d2,638e4f91683f83165d3f0e1a,YYC Closets and Glass LTD,DELIVERLOAD,False,23,23,23,23,23,23,23,23,23,23,22,23,23,23,23,23,23,23,23,23,23,23,23,23,23
6380eae07571e116566417d2,638e4f91683f83165d3f0e1a,YYC Closets and Glass LTD,HOOKCONTAINER,False,47,47,47,47,47,47,47,47,47,47,47,47,47,47,47,47,68,47,47,47,47,47,47,47,47
6380eae07571e116566417d2,686ec983cf7491ba48dcef74,YYC Electrical,DELIVERLOAD,False,29,29,29,29,29,29,29,29,29,29,29,29,29,29,29,29,29,29,29,29,29,29,29,29,29
6380eae07571e116566417d2,672518f31e3797686acb4aa7,YYC Electric Wholesale LTD,DELIVERLOAD,False,10,10,10,10,10,10,10,10,10,10,10,10,10,10,10,10,10,10,10,10,10,10,10,10,10
6380eae07571e116566417d2,672518f31e3797686acb4aa7,YYC Electric Wholesale LTD,HOOKCONTAINER,False,60,60,60,60,60,60,60,60,60,60,60,60,60,60,60,60,60,60,60,60,60,60,60,60,60
6380eae07571e116566417d2,68892b3e618c3a915a60ef79,YYC Electric Wholesale Ltd  unit 113,HOOKCONTAINER,False,24,24,24,24,24,24,24,24,24,24,24,24,24,24,24,24,24,24,24,24,24,24,24,24,24
6380eae07571e116566417d2,638ebe87d1dccf15f7bc164a,YYC FREIGHT SERVICES,DELIVERLOAD,True,161,161,161,161,161,161,161,161,161,161,161,161,161,161,161,161,161,161,161,161,161,161,161,161,161
6380eae07571e116566417d2,6712911d0f4dae3050821aa7,Z1 LFL EDMONTON DISTRIBUTION CTR,DELIVERLOAD,False,29,29,29,29,29,29,29,29,29,29,29,29,29,29,29,29,29,29,29,29,29,29,29,29,29
6380eae07571e116566417d2,6712911d0f4dae3050821aa7,Z1 LFL EDMONTON DISTRIBUTION CTR,DELIVERLOAD,True,33,33,33,33,33,33,33,33,33,33,33,33,33,33,33,33,33,33,33,33,33,33,33,33,33
6380eae07571e116566417d2,6712911d0f4dae3050821aa7,Z1 LFL EDMONTON DISTRIBUTION CTR,HOOKCONTAINER,False,20,20,20,20,20,20,20,20,20,20,20,20,20,20,20,20,20,20,20,20,20,20,20,20,20
6380eae07571e116566417d2,65de46339cee7d6ced21d441,Z5 LFL CALGARY DISTRIBUTION,DELIVERLOAD,False,16,16,16,16,16,16,16,16,16,16,16,16,16,16,16,16,16,16,16,16,16,16,16,16,16
6380eae07571e116566417d2,65de46339cee7d6ced21d441,Z5 LFL CALGARY DISTRIBUTION,HOOKCONTAINER,False,20,20,20,20,20,20,20,20,20,20,20,20,20,20,20,20,20,20,20,20,20,20,20,20,20
6380eae07571e116566417d2,661abc8336d2c4ed7c2cb492,Z5 LFL CALGARY DISTRIBUTION CTR,DELIVERLOAD,False,48,48,48,48,48,48,48,48,79,58,38,48,48,48,48,48,48,48,48,48,48,48,48,48,48
6380eae07571e116566417d2,661abc8336d2c4ed7c2cb492,Z5 LFL CALGARY DISTRIBUTION CTR,HOOKCONTAINER,False,25,25,25,25,25,25,25,25,25,25,25,25,25,25,25,25,25,25,25,25,25,25,25,25,25
6380eae07571e116566417d2,680c0879394669b39953eff0,Zehr Transport Ltd,DELIVERLOAD,True,79,79,79,79,79,79,79,159,120,8,18,79,79,79,79,79,79,79,79,79,79,79,79,79,79
6380eae07571e116566417d2,67bf94fe442f0f4c3438a305,ZEN LIVING,DELIVERLOAD,True,102,102,102,102,102,102,102,102,102,102,102,102,102,102,102,102,102,102,102,102,102,102,102,102,102
6380eae07571e116566417d2,67c74634fa1b4be9c274a8bf,ZENMAC INDUSTRIES LTD.,DELIVERLOAD,True,66,66,66,66,66,66,66,66,66,66,66,66,66,66,66,66,66,66,66,66,66,66,66,66,66
6380eae07571e116566417d2,67ed87deef2aa73d9950c82a,ZhouDong Logistics c/o CLAW SUR (TALA),DELIVERLOAD,True,25,25,25,25,25,25,25,25,25,25,25,25,25,25,25,25,25,25,25,25,25,25,25,25,25
6380eae07571e116566417d2,68516f86fbad77cbdffed5b6,Zinco Transport Ltd.,DELIVERLOAD,True,43,43,43,43,43,43,43,43,43,43,43,43,43,43,43,43,43,43,43,43,43,43,43,43,43
6380eae07571e116566417d2,64a5d6afed37ba16546467d3,ZS2 Technologies LTD.,DELIVERLOAD,False,78,78,78,78,78,78,78,78,78,78,78,78,78,78,78,78,78,78,78,78,78,78,78,78,78
6380eae07571e116566417d2,64a5d6afed37ba16546467d3,ZS2 Technologies LTD.,DELIVERLOAD,True,92,92,92,92,92,92,92,92,92,92,92,92,92,92,92,92,92,92,92,92,92,92,92,92,92
6380eae07571e116566417d2,6581e114eb6bb115fc52686b,ZS2 Technologies Ltd USD,DELIVERLOAD,False,29,29,29,29,29,29,29,29,29,29,29,29,29,29,29,29,29,29,29,29,29,29,29,29,29
6380eae07571e116566417d2,6581e114eb6bb115fc52686b,ZS2 Technologies Ltd USD,DELIVERLOAD,True,82,82,82,82,82,82,82,82,82,82,82,82,82,82,82,82,82,82,82,82,82,82,82,82,82
